[2026-01-22 09:29:56,859][flwr][INFO] - Starting Flower simulation, config: ServerConfig(num_rounds=40, round_timeout=None)
[2026-01-22 09:30:01,769][flwr][INFO] - Flower VCE: Ray initialized with resources: {'memory': 12089783911.0, 'node:127.0.0.1': 1.0, 'CPU': 10.0, 'object_store_memory': 2147483648.0}
[2026-01-22 09:30:01,770][flwr][INFO] - Initializing global parameters
[2026-01-22 09:30:01,770][flwr][INFO] - Using initial parameters provided by strategy
[2026-01-22 09:30:01,770][flwr][INFO] - Evaluating initial parameters
[2026-01-22 09:30:02,796][flwr][INFO] - initial parameters (loss, other metrics): 4.134466124154859, {'rmse': 24250.156288156166, 'mae': 20810.46875, 'r2': -3.198612761198425, 'mape': 192.60643005371094, 'accuracy_10': 5.667001008987427, 'accuracy_20': 11.384152621030807}
[2026-01-22 09:30:02,796][flwr][INFO] - FL starting
[2026-01-22 09:30:02,797][flwr][DEBUG] - fit_round 1: strategy sampled 4 clients (out of 12)
[2026-01-22 09:30:12,963][flwr][DEBUG] - fit_round 1 received 4 results and 0 failures
[2026-01-22 09:30:12,967][flwr][WARNING] - No fit_metrics_aggregation_fn provided
[2026-01-22 09:30:13,437][flwr][INFO] - fit progress: (1, 0.36500099364111394, {'rmse': 8275.57804627568, 'mae': 4744.294921875, 'r2': 0.5110399445367294, 'mape': 27.337112426757812, 'accuracy_10': 30.04012107849121, 'accuracy_20': 55.265796184539795}, 10.640715583984274)
[2026-01-22 09:30:13,438][flwr][DEBUG] - evaluate_round 1: strategy sampled 4 clients (out of 12)
[2026-01-22 09:30:13,661][flwr][DEBUG] - evaluate_round 1 received 4 results and 0 failures
[2026-01-22 09:30:13,662][flwr][WARNING] - No evaluate_metrics_aggregation_fn provided
[2026-01-22 09:30:13,662][flwr][DEBUG] - fit_round 2: strategy sampled 4 clients (out of 12)
[2026-01-22 09:30:19,243][flwr][DEBUG] - fit_round 2 received 4 results and 0 failures
[2026-01-22 09:30:19,669][flwr][INFO] - fit progress: (2, 0.3040833929805842, {'rmse': 7066.905121762991, 'mae': 3921.461669921875, 'r2': 0.6434378533771327, 'mape': 23.818483352661133, 'accuracy_10': 35.70712208747864, 'accuracy_20': 62.487465143203735}, 16.8727317089797)
[2026-01-22 09:30:19,669][flwr][DEBUG] - evaluate_round 2: strategy sampled 4 clients (out of 12)
[2026-01-22 09:30:19,839][flwr][DEBUG] - evaluate_round 2 received 4 results and 0 failures
[2026-01-22 09:30:19,839][flwr][DEBUG] - fit_round 3: strategy sampled 4 clients (out of 12)
[2026-01-22 09:30:25,322][flwr][DEBUG] - fit_round 3 received 4 results and 0 failures
[2026-01-22 09:30:25,754][flwr][INFO] - fit progress: (3, 0.30839498741636306, {'rmse': 7035.78368058598, 'mae': 3878.736328125, 'r2': 0.6465714190511032, 'mape': 23.977638244628906, 'accuracy_10': 35.75727045536041, 'accuracy_20': 61.7853581905365}, 22.957311875012238)
[2026-01-22 09:30:25,754][flwr][DEBUG] - evaluate_round 3: strategy sampled 4 clients (out of 12)
[2026-01-22 09:30:25,926][flwr][DEBUG] - evaluate_round 3 received 4 results and 0 failures
[2026-01-22 09:30:25,926][flwr][DEBUG] - fit_round 4: strategy sampled 4 clients (out of 12)
[2026-01-22 09:30:31,074][flwr][DEBUG] - fit_round 4 received 4 results and 0 failures
[2026-01-22 09:30:31,501][flwr][INFO] - fit progress: (4, 0.27887777626932925, {'rmse': 6726.420742118352, 'mae': 3677.27783203125, 'r2': 0.6769685694836092, 'mape': 22.542924880981445, 'accuracy_10': 38.86660039424896, 'accuracy_20': 65.34603834152222}, 28.704376959009096)
[2026-01-22 09:30:31,501][flwr][DEBUG] - evaluate_round 4: strategy sampled 4 clients (out of 12)
[2026-01-22 09:30:31,664][flwr][DEBUG] - evaluate_round 4 received 4 results and 0 failures
[2026-01-22 09:30:31,664][flwr][DEBUG] - fit_round 5: strategy sampled 4 clients (out of 12)
[2026-01-22 09:30:37,063][flwr][DEBUG] - fit_round 5 received 4 results and 0 failures
[2026-01-22 09:30:37,492][flwr][INFO] - fit progress: (5, 0.27835783090371424, {'rmse': 6958.637510317662, 'mae': 3721.243896484375, 'r2': 0.6542794843389473, 'mape': 22.329809188842773, 'accuracy_10': 40.67201614379883, 'accuracy_20': 66.34904742240906}, 34.69504137500189)
[2026-01-22 09:30:37,492][flwr][DEBUG] - evaluate_round 5: strategy sampled 4 clients (out of 12)
[2026-01-22 09:30:37,640][flwr][DEBUG] - evaluate_round 5 received 4 results and 0 failures
[2026-01-22 09:30:37,640][flwr][DEBUG] - fit_round 6: strategy sampled 4 clients (out of 12)
[2026-01-22 09:30:41,115][flwr][DEBUG] - fit_round 6 received 4 results and 0 failures
[2026-01-22 09:30:41,549][flwr][INFO] - fit progress: (6, 0.27700713115446307, {'rmse': 7378.304141196675, 'mae': 4075.691650390625, 'r2': 0.6113221124006496, 'mape': 20.596179962158203, 'accuracy_10': 30.992978811264038, 'accuracy_20': 56.619858741760254}, 38.75282829202479)
[2026-01-22 09:30:41,550][flwr][DEBUG] - evaluate_round 6: strategy sampled 4 clients (out of 12)
[2026-01-22 09:30:41,700][flwr][DEBUG] - evaluate_round 6 received 4 results and 0 failures
[2026-01-22 09:30:41,700][flwr][DEBUG] - fit_round 7: strategy sampled 4 clients (out of 12)
[2026-01-22 09:30:45,003][flwr][DEBUG] - fit_round 7 received 4 results and 0 failures
[2026-01-22 09:30:45,431][flwr][INFO] - fit progress: (7, 0.42805069215677927, {'rmse': 8486.282578373171, 'mae': 4703.75927734375, 'r2': 0.4858241432302123, 'mape': 22.4483699798584, 'accuracy_10': 26.479437947273254, 'accuracy_20': 49.74924921989441}, 42.63484908401733)
[2026-01-22 09:30:45,432][flwr][DEBUG] - evaluate_round 7: strategy sampled 4 clients (out of 12)
[2026-01-22 09:30:45,489][flwr][DEBUG] - evaluate_round 7 received 4 results and 0 failures
[2026-01-22 09:30:45,489][flwr][DEBUG] - fit_round 8: strategy sampled 4 clients (out of 12)
[2026-01-22 09:30:48,699][flwr][DEBUG] - fit_round 8 received 4 results and 0 failures
[2026-01-22 09:30:49,133][flwr][INFO] - fit progress: (8, 0.22583328632856445, {'rmse': 6484.621191711973, 'mae': 3484.71533203125, 'r2': 0.6997756278864143, 'mape': 19.904207229614258, 'accuracy_10': 40.72216749191284, 'accuracy_20': 69.10732388496399}, 46.33645370899467)
[2026-01-22 09:30:49,133][flwr][DEBUG] - evaluate_round 8: strategy sampled 4 clients (out of 12)
[2026-01-22 09:30:49,183][flwr][DEBUG] - evaluate_round 8 received 4 results and 0 failures
[2026-01-22 09:30:49,183][flwr][DEBUG] - fit_round 9: strategy sampled 4 clients (out of 12)
[2026-01-22 09:30:54,766][flwr][DEBUG] - fit_round 9 received 4 results and 0 failures
[2026-01-22 09:30:55,202][flwr][INFO] - fit progress: (9, 0.24566639249877203, {'rmse': 6768.843919016009, 'mae': 3604.47509765625, 'r2': 0.6728810395444484, 'mape': 20.674379348754883, 'accuracy_10': 42.82848536968231, 'accuracy_20': 68.80642175674438}, 52.405431459017564)
[2026-01-22 09:30:55,202][flwr][DEBUG] - evaluate_round 9: strategy sampled 4 clients (out of 12)
[2026-01-22 09:30:55,266][flwr][DEBUG] - evaluate_round 9 received 4 results and 0 failures
[2026-01-22 09:30:55,267][flwr][DEBUG] - fit_round 10: strategy sampled 4 clients (out of 12)
[2026-01-22 09:31:00,892][flwr][DEBUG] - fit_round 10 received 4 results and 0 failures
[2026-01-22 09:31:01,354][flwr][INFO] - fit progress: (10, 0.26236025726006046, {'rmse': 6950.355674352212, 'mae': 3767.86181640625, 'r2': 0.6551019239672617, 'mape': 21.455631256103516, 'accuracy_10': 41.97592735290527, 'accuracy_20': 66.34904742240906}, 58.55763445899356)
[2026-01-22 09:31:01,355][flwr][DEBUG] - evaluate_round 10: strategy sampled 4 clients (out of 12)
[2026-01-22 09:31:01,414][flwr][DEBUG] - evaluate_round 10 received 4 results and 0 failures
[2026-01-22 09:31:01,414][flwr][DEBUG] - fit_round 11: strategy sampled 4 clients (out of 12)
[2026-01-22 09:31:06,943][flwr][DEBUG] - fit_round 11 received 4 results and 0 failures
[2026-01-22 09:31:07,372][flwr][INFO] - fit progress: (11, 0.3597783955671603, {'rmse': 8224.294255436147, 'mae': 4159.33447265625, 'r2': 0.5170813075684274, 'mape': 26.24916648864746, 'accuracy_10': 47.7933794260025, 'accuracy_20': 70.8625853061676}, 64.57545408402802)
[2026-01-22 09:31:07,372][flwr][DEBUG] - evaluate_round 11: strategy sampled 4 clients (out of 12)
[2026-01-22 09:31:07,536][flwr][DEBUG] - evaluate_round 11 received 4 results and 0 failures
[2026-01-22 09:31:07,536][flwr][DEBUG] - fit_round 12: strategy sampled 4 clients (out of 12)
[2026-01-22 09:31:10,758][flwr][DEBUG] - fit_round 12 received 4 results and 0 failures
[2026-01-22 09:31:11,186][flwr][INFO] - fit progress: (12, 0.2996537330277346, {'rmse': 7508.0, 'mae': 4265.43359375, 'r2': 0.5975376616867207, 'mape': 21.55172348022461, 'accuracy_10': 31.344032287597656, 'accuracy_20': 56.21865391731262}, 68.38933037500829)
[2026-01-22 09:31:11,186][flwr][DEBUG] - evaluate_round 12: strategy sampled 4 clients (out of 12)
[2026-01-22 09:31:11,247][flwr][DEBUG] - evaluate_round 12 received 4 results and 0 failures
[2026-01-22 09:31:11,247][flwr][DEBUG] - fit_round 13: strategy sampled 4 clients (out of 12)
[2026-01-22 09:31:16,596][flwr][DEBUG] - fit_round 13 received 4 results and 0 failures
[2026-01-22 09:31:17,024][flwr][INFO] - fit progress: (13, 0.2856817148633324, {'rmse': 7206.773203036155, 'mae': 3932.052734375, 'r2': 0.62918403218165, 'mape': 22.41135025024414, 'accuracy_10': 42.02607870101929, 'accuracy_20': 65.89769124984741}, 74.22774275002303)
[2026-01-22 09:31:17,025][flwr][DEBUG] - evaluate_round 13: strategy sampled 4 clients (out of 12)
[2026-01-22 09:31:17,197][flwr][DEBUG] - evaluate_round 13 received 4 results and 0 failures
[2026-01-22 09:31:17,197][flwr][DEBUG] - fit_round 14: strategy sampled 4 clients (out of 12)
[2026-01-22 09:31:20,403][flwr][DEBUG] - fit_round 14 received 4 results and 0 failures
[2026-01-22 09:31:20,828][flwr][INFO] - fit progress: (14, 0.31083851236637045, {'rmse': 7727.295516543935, 'mae': 4346.11376953125, 'r2': 0.5736838619387881, 'mape': 21.583139419555664, 'accuracy_10': 30.39117455482483, 'accuracy_20': 55.21564483642578}, 78.03155862499261)
[2026-01-22 09:31:20,828][flwr][DEBUG] - evaluate_round 14: strategy sampled 4 clients (out of 12)
[2026-01-22 09:31:20,888][flwr][DEBUG] - evaluate_round 14 received 4 results and 0 failures
[2026-01-22 09:31:20,888][flwr][DEBUG] - fit_round 15: strategy sampled 4 clients (out of 12)
[2026-01-22 09:31:26,117][flwr][DEBUG] - fit_round 15 received 4 results and 0 failures
[2026-01-22 09:31:26,548][flwr][INFO] - fit progress: (15, 0.3405805027996047, {'rmse': 8018.431517447786, 'mae': 4028.810791015625, 'r2': 0.5409546717527552, 'mape': 25.113750457763672, 'accuracy_10': 48.49548637866974, 'accuracy_20': 70.91273665428162}, 83.75193966698134)
[2026-01-22 09:31:26,549][flwr][DEBUG] - evaluate_round 15: strategy sampled 4 clients (out of 12)
[2026-01-22 09:31:26,718][flwr][DEBUG] - evaluate_round 15 received 4 results and 0 failures
[2026-01-22 09:31:26,718][flwr][DEBUG] - fit_round 16: strategy sampled 4 clients (out of 12)
[2026-01-22 09:31:32,109][flwr][DEBUG] - fit_round 16 received 4 results and 0 failures
[2026-01-22 09:31:32,539][flwr][INFO] - fit progress: (16, 0.32706031669585134, {'rmse': 7891.003738435307, 'mae': 4479.23779296875, 'r2': 0.555428922842556, 'mape': 22.922969818115234, 'accuracy_10': 32.798394560813904, 'accuracy_20': 56.72016143798828}, 89.74288270901889)
[2026-01-22 09:31:32,540][flwr][DEBUG] - evaluate_round 16: strategy sampled 4 clients (out of 12)
[2026-01-22 09:31:32,594][flwr][DEBUG] - evaluate_round 16 received 4 results and 0 failures
[2026-01-22 09:31:32,594][flwr][DEBUG] - fit_round 17: strategy sampled 4 clients (out of 12)
[2026-01-22 09:31:38,262][flwr][DEBUG] - fit_round 17 received 4 results and 0 failures
[2026-01-22 09:31:38,693][flwr][INFO] - fit progress: (17, 0.36157726494963455, {'rmse': 8352.968813541685, 'mae': 4165.8232421875, 'r2': 0.5018519630961346, 'mape': 25.876224517822266, 'accuracy_10': 48.99699091911316, 'accuracy_20': 70.0100302696228}, 95.89641520899022)
[2026-01-22 09:31:38,694][flwr][DEBUG] - evaluate_round 17: strategy sampled 4 clients (out of 12)
[2026-01-22 09:31:38,748][flwr][DEBUG] - evaluate_round 17 received 4 results and 0 failures
[2026-01-22 09:31:38,748][flwr][DEBUG] - fit_round 18: strategy sampled 4 clients (out of 12)
[2026-01-22 09:31:41,970][flwr][DEBUG] - fit_round 18 received 4 results and 0 failures
[2026-01-22 09:31:42,402][flwr][INFO] - fit progress: (18, 0.32504835593305836, {'rmse': 7888.91805002435, 'mae': 4440.71142578125, 'r2': 0.5556639014032189, 'mape': 22.175016403198242, 'accuracy_10': 31.845536828041077, 'accuracy_20': 56.92076086997986}, 99.6051978340256)
[2026-01-22 09:31:42,402][flwr][DEBUG] - evaluate_round 18: strategy sampled 4 clients (out of 12)
[2026-01-22 09:31:42,453][flwr][DEBUG] - evaluate_round 18 received 4 results and 0 failures
[2026-01-22 09:31:42,453][flwr][DEBUG] - fit_round 19: strategy sampled 4 clients (out of 12)
[2026-01-22 09:31:47,550][flwr][DEBUG] - fit_round 19 received 4 results and 0 failures
[2026-01-22 09:31:47,990][flwr][INFO] - fit progress: (19, 0.298731913799448, {'rmse': 7542.634287833396, 'mae': 3949.436279296875, 'r2': 0.5938159896413495, 'mape': 22.557308197021484, 'accuracy_10': 46.69007062911987, 'accuracy_20': 68.45536828041077}, 105.19325274997391)
[2026-01-22 09:31:47,990][flwr][DEBUG] - evaluate_round 19: strategy sampled 4 clients (out of 12)
[2026-01-22 09:31:48,056][flwr][DEBUG] - evaluate_round 19 received 4 results and 0 failures
[2026-01-22 09:31:48,056][flwr][DEBUG] - fit_round 20: strategy sampled 4 clients (out of 12)
[2026-01-22 09:31:53,721][flwr][DEBUG] - fit_round 20 received 4 results and 0 failures
[2026-01-22 09:31:54,148][flwr][INFO] - fit progress: (20, 0.3212437294012565, {'rmse': 7747.2382175843795, 'mae': 4182.84716796875, 'r2': 0.5714805602832203, 'mape': 23.35810661315918, 'accuracy_10': 43.380141258239746, 'accuracy_20': 66.39919877052307}, 111.3517129169777)
[2026-01-22 09:31:54,148][flwr][DEBUG] - evaluate_round 20: strategy sampled 4 clients (out of 12)
[2026-01-22 09:31:54,222][flwr][DEBUG] - evaluate_round 20 received 4 results and 0 failures
[2026-01-22 09:31:54,223][flwr][DEBUG] - fit_round 21: strategy sampled 4 clients (out of 12)
[2026-01-22 09:31:59,467][flwr][DEBUG] - fit_round 21 received 4 results and 0 failures
[2026-01-22 09:31:59,914][flwr][INFO] - fit progress: (21, 0.5129784455928305, {'rmse': 9444.111392820396, 'mae': 5150.892578125, 'r2': 0.3632060473643566, 'mape': 23.645700454711914, 'accuracy_10': 27.733200788497925, 'accuracy_20': 50.0}, 117.1177212090115)
[2026-01-22 09:31:59,915][flwr][DEBUG] - evaluate_round 21: strategy sampled 4 clients (out of 12)
[2026-01-22 09:31:59,979][flwr][DEBUG] - evaluate_round 21 received 4 results and 0 failures
[2026-01-22 09:31:59,979][flwr][DEBUG] - fit_round 22: strategy sampled 4 clients (out of 12)
[2026-01-22 09:32:05,331][flwr][DEBUG] - fit_round 22 received 4 results and 0 failures
[2026-01-22 09:32:05,761][flwr][INFO] - fit progress: (22, 0.3246059113722986, {'rmse': 7662.640276040628, 'mae': 4117.17724609375, 'r2': 0.5807880989093428, 'mape': 22.887939453125, 'accuracy_10': 45.837512612342834, 'accuracy_20': 66.8004035949707}, 122.96485858398955)
[2026-01-22 09:32:05,762][flwr][DEBUG] - evaluate_round 22: strategy sampled 4 clients (out of 12)
[2026-01-22 09:32:05,824][flwr][DEBUG] - evaluate_round 22 received 4 results and 0 failures
[2026-01-22 09:32:05,824][flwr][DEBUG] - fit_round 23: strategy sampled 4 clients (out of 12)
[2026-01-22 09:32:09,043][flwr][DEBUG] - fit_round 23 received 4 results and 0 failures
[2026-01-22 09:32:09,473][flwr][INFO] - fit progress: (23, 0.33835921946954106, {'rmse': 8126.630790186054, 'mae': 4431.68115234375, 'r2': 0.528482534208725, 'mape': 21.73508644104004, 'accuracy_10': 34.75426137447357, 'accuracy_20': 58.07422399520874}, 126.67657029198017)
[2026-01-22 09:32:09,473][flwr][DEBUG] - evaluate_round 23: strategy sampled 4 clients (out of 12)
[2026-01-22 09:32:09,536][flwr][DEBUG] - evaluate_round 23 received 4 results and 0 failures
[2026-01-22 09:32:09,536][flwr][DEBUG] - fit_round 24: strategy sampled 4 clients (out of 12)
[2026-01-22 09:32:14,708][flwr][DEBUG] - fit_round 24 received 4 results and 0 failures
[2026-01-22 09:32:15,140][flwr][INFO] - fit progress: (24, 0.3568402135384119, {'rmse': 8175.5865844598575, 'mae': 4545.85400390625, 'r2': 0.5227844727715842, 'mape': 22.291725158691406, 'accuracy_10': 33.45035016536713, 'accuracy_20': 57.12136626243591}, 132.3436614589882)
[2026-01-22 09:32:15,140][flwr][DEBUG] - evaluate_round 24: strategy sampled 4 clients (out of 12)
[2026-01-22 09:32:15,202][flwr][DEBUG] - evaluate_round 24 received 4 results and 0 failures
[2026-01-22 09:32:15,202][flwr][DEBUG] - fit_round 25: strategy sampled 4 clients (out of 12)
[2026-01-22 09:32:20,330][flwr][DEBUG] - fit_round 25 received 4 results and 0 failures
[2026-01-22 09:32:20,754][flwr][INFO] - fit progress: (25, 0.30362009687896596, {'rmse': 7487.791129565514, 'mae': 3882.783447265625, 'r2': 0.5997013064937033, 'mape': 21.942838668823242, 'accuracy_10': 50.8525550365448, 'accuracy_20': 69.10732388496399}, 137.95765024999855)
[2026-01-22 09:32:20,754][flwr][DEBUG] - evaluate_round 25: strategy sampled 4 clients (out of 12)
[2026-01-22 09:32:20,807][flwr][DEBUG] - evaluate_round 25 received 4 results and 0 failures
[2026-01-22 09:32:20,807][flwr][DEBUG] - fit_round 26: strategy sampled 4 clients (out of 12)
[2026-01-22 09:32:25,966][flwr][DEBUG] - fit_round 26 received 4 results and 0 failures
[2026-01-22 09:32:26,398][flwr][INFO] - fit progress: (26, 0.35746159728097104, {'rmse': 8275.236310825208, 'mae': 4491.56689453125, 'r2': 0.511080305353041, 'mape': 22.017681121826172, 'accuracy_10': 37.662988901138306, 'accuracy_20': 59.47843790054321}, 143.60105891700368)
[2026-01-22 09:32:26,398][flwr][DEBUG] - evaluate_round 26: strategy sampled 4 clients (out of 12)
[2026-01-22 09:32:26,562][flwr][DEBUG] - evaluate_round 26 received 4 results and 0 failures
[2026-01-22 09:32:26,563][flwr][DEBUG] - fit_round 27: strategy sampled 4 clients (out of 12)
[2026-01-22 09:32:29,823][flwr][DEBUG] - fit_round 27 received 4 results and 0 failures
[2026-01-22 09:32:30,243][flwr][INFO] - fit progress: (27, 0.3679695268392324, {'rmse': 8424.754002343332, 'mae': 4533.8408203125, 'r2': 0.49325299731858696, 'mape': 21.796173095703125, 'accuracy_10': 35.40621995925903, 'accuracy_20': 58.02407264709473}, 147.44686808402184)
[2026-01-22 09:32:30,244][flwr][DEBUG] - evaluate_round 27: strategy sampled 4 clients (out of 12)
[2026-01-22 09:32:30,297][flwr][DEBUG] - evaluate_round 27 received 4 results and 0 failures
[2026-01-22 09:32:30,297][flwr][DEBUG] - fit_round 28: strategy sampled 4 clients (out of 12)
[2026-01-22 09:32:33,499][flwr][DEBUG] - fit_round 28 received 4 results and 0 failures
[2026-01-22 09:32:33,934][flwr][INFO] - fit progress: (28, 0.27635006229939646, {'rmse': 7193.835972553169, 'mae': 3642.960693359375, 'r2': 0.6305141792006165, 'mape': 21.341508865356445, 'accuracy_10': 52.25676894187927, 'accuracy_20': 71.7652976512909}, 151.136944124999)
[2026-01-22 09:32:33,934][flwr][DEBUG] - evaluate_round 28: strategy sampled 4 clients (out of 12)
[2026-01-22 09:32:34,096][flwr][DEBUG] - evaluate_round 28 received 4 results and 0 failures
[2026-01-22 09:32:34,096][flwr][DEBUG] - fit_round 29: strategy sampled 4 clients (out of 12)
[2026-01-22 09:32:39,670][flwr][DEBUG] - fit_round 29 received 4 results and 0 failures
[2026-01-22 09:32:40,124][flwr][INFO] - fit progress: (29, 0.2981295132170709, {'rmse': 7523.834926418841, 'mae': 3904.793701171875, 'r2': 0.5958382249312986, 'mape': 21.35079574584961, 'accuracy_10': 51.15346312522888, 'accuracy_20': 69.90972757339478}, 157.32782320899423)
[2026-01-22 09:32:40,125][flwr][DEBUG] - evaluate_round 29: strategy sampled 4 clients (out of 12)
[2026-01-22 09:32:40,186][flwr][DEBUG] - evaluate_round 29 received 4 results and 0 failures
[2026-01-22 09:32:40,186][flwr][DEBUG] - fit_round 30: strategy sampled 4 clients (out of 12)
[2026-01-22 09:32:45,384][flwr][DEBUG] - fit_round 30 received 4 results and 0 failures
[2026-01-22 09:32:45,810][flwr][INFO] - fit progress: (30, 0.3033113839214998, {'rmse': 7626.830534370093, 'mae': 3865.858642578125, 'r2': 0.5846971436978814, 'mape': 21.51729965209961, 'accuracy_10': 53.510528802871704, 'accuracy_20': 71.31394147872925}, 163.01324254198698)
[2026-01-22 09:32:45,810][flwr][DEBUG] - evaluate_round 30: strategy sampled 4 clients (out of 12)
[2026-01-22 09:32:45,875][flwr][DEBUG] - evaluate_round 30 received 4 results and 0 failures
[2026-01-22 09:32:45,875][flwr][DEBUG] - fit_round 31: strategy sampled 4 clients (out of 12)
[2026-01-22 09:32:51,194][flwr][DEBUG] - fit_round 31 received 4 results and 0 failures
[2026-01-22 09:32:51,617][flwr][INFO] - fit progress: (31, 0.3186548786310698, {'rmse': 7882.592213225292, 'mae': 4066.3486328125, 'r2': 0.5563761994143458, 'mape': 21.916105270385742, 'accuracy_10': 48.79638850688934, 'accuracy_20': 69.4082260131836}, 168.82027879200177)
[2026-01-22 09:32:51,618][flwr][DEBUG] - evaluate_round 31: strategy sampled 4 clients (out of 12)
[2026-01-22 09:32:51,680][flwr][DEBUG] - evaluate_round 31 received 4 results and 0 failures
[2026-01-22 09:32:51,681][flwr][DEBUG] - fit_round 32: strategy sampled 4 clients (out of 12)
[2026-01-22 09:32:56,824][flwr][DEBUG] - fit_round 32 received 4 results and 0 failures
[2026-01-22 09:32:57,287][flwr][INFO] - fit progress: (32, 0.38605001485096657, {'rmse': 8700.039080371997, 'mae': 4570.9150390625, 'r2': 0.4595953030334673, 'mape': 21.837600708007812, 'accuracy_10': 38.91674876213074, 'accuracy_20': 59.92978811264038}, 174.4905581669882)
[2026-01-22 09:32:57,287][flwr][DEBUG] - evaluate_round 32: strategy sampled 4 clients (out of 12)
[2026-01-22 09:32:57,361][flwr][DEBUG] - evaluate_round 32 received 4 results and 0 failures
[2026-01-22 09:32:57,361][flwr][DEBUG] - fit_round 33: strategy sampled 4 clients (out of 12)
[2026-01-22 09:33:02,473][flwr][DEBUG] - fit_round 33 received 4 results and 0 failures
[2026-01-22 09:33:02,920][flwr][INFO] - fit progress: (33, 0.3096363755538985, {'rmse': 7792.6177886509995, 'mae': 3895.722900390625, 'r2': 0.5664457244402812, 'mape': 21.5331974029541, 'accuracy_10': 54.46339249610901, 'accuracy_20': 71.21363878250122}, 180.12295175000327)
[2026-01-22 09:33:02,920][flwr][DEBUG] - evaluate_round 33: strategy sampled 4 clients (out of 12)
[2026-01-22 09:33:02,985][flwr][DEBUG] - evaluate_round 33 received 4 results and 0 failures
[2026-01-22 09:33:02,985][flwr][DEBUG] - fit_round 34: strategy sampled 4 clients (out of 12)
[2026-01-22 09:33:08,415][flwr][DEBUG] - fit_round 34 received 4 results and 0 failures
[2026-01-22 09:33:08,849][flwr][INFO] - fit progress: (34, 0.3968456706616919, {'rmse': 8649.14747243912, 'mae': 4628.5263671875, 'r2': 0.46589909936715646, 'mape': 22.255708694458008, 'accuracy_10': 37.86359131336212, 'accuracy_20': 60.93279719352722}, 186.05253104201984)
[2026-01-22 09:33:08,850][flwr][DEBUG] - evaluate_round 34: strategy sampled 4 clients (out of 12)
[2026-01-22 09:33:08,915][flwr][DEBUG] - evaluate_round 34 received 4 results and 0 failures
[2026-01-22 09:33:08,916][flwr][DEBUG] - fit_round 35: strategy sampled 4 clients (out of 12)
[2026-01-22 09:33:14,166][flwr][DEBUG] - fit_round 35 received 4 results and 0 failures
[2026-01-22 09:33:14,590][flwr][INFO] - fit progress: (35, 0.3494528246185964, {'rmse': 8560.180371931423, 'mae': 4230.69091796875, 'r2': 0.4768303688861283, 'mape': 24.872692108154297, 'accuracy_10': 50.451356172561646, 'accuracy_20': 71.41424417495728}, 191.79346804198576)
[2026-01-22 09:33:14,590][flwr][DEBUG] - evaluate_round 35: strategy sampled 4 clients (out of 12)
[2026-01-22 09:33:14,655][flwr][DEBUG] - evaluate_round 35 received 4 results and 0 failures
[2026-01-22 09:33:14,655][flwr][DEBUG] - fit_round 36: strategy sampled 4 clients (out of 12)
[2026-01-22 09:33:19,743][flwr][DEBUG] - fit_round 36 received 4 results and 0 failures
[2026-01-22 09:33:20,175][flwr][INFO] - fit progress: (36, 0.316197912986862, {'rmse': 7903.362322454918, 'mae': 3851.387451171875, 'r2': 0.5540352720682736, 'mape': 21.664445877075195, 'accuracy_10': 57.47241973876953, 'accuracy_20': 72.31695055961609}, 197.37854387500556)
[2026-01-22 09:33:20,175][flwr][DEBUG] - evaluate_round 36: strategy sampled 4 clients (out of 12)
[2026-01-22 09:33:20,233][flwr][DEBUG] - evaluate_round 36 received 4 results and 0 failures
[2026-01-22 09:33:20,233][flwr][DEBUG] - fit_round 37: strategy sampled 4 clients (out of 12)
[2026-01-22 09:33:25,586][flwr][DEBUG] - fit_round 37 received 4 results and 0 failures
[2026-01-22 09:33:26,016][flwr][INFO] - fit progress: (37, 0.40416948531671176, {'rmse': 8744.378765812926, 'mae': 4657.19287109375, 'r2': 0.4540729108760433, 'mape': 22.351764678955078, 'accuracy_10': 38.06419372558594, 'accuracy_20': 61.233699321746826}, 203.21983279200504)
[2026-01-22 09:33:26,018][flwr][DEBUG] - evaluate_round 37: strategy sampled 4 clients (out of 12)
[2026-01-22 09:33:26,083][flwr][DEBUG] - evaluate_round 37 received 4 results and 0 failures
[2026-01-22 09:33:26,083][flwr][DEBUG] - fit_round 38: strategy sampled 4 clients (out of 12)
[2026-01-22 09:33:31,208][flwr][DEBUG] - fit_round 38 received 4 results and 0 failures
[2026-01-22 09:33:31,636][flwr][INFO] - fit progress: (38, 0.3916300486776989, {'rmse': 8679.455282447165, 'mae': 4568.81787109375, 'r2': 0.4621494152726737, 'mape': 21.944896697998047, 'accuracy_10': 37.71314024925232, 'accuracy_20': 61.18354797363281}, 208.83982116699917)
[2026-01-22 09:33:31,637][flwr][DEBUG] - evaluate_round 38: strategy sampled 4 clients (out of 12)
[2026-01-22 09:33:31,698][flwr][DEBUG] - evaluate_round 38 received 4 results and 0 failures
[2026-01-22 09:33:31,698][flwr][DEBUG] - fit_round 39: strategy sampled 4 clients (out of 12)
[2026-01-22 09:33:36,883][flwr][DEBUG] - fit_round 39 received 4 results and 0 failures
[2026-01-22 09:33:37,312][flwr][INFO] - fit progress: (39, 0.3430866293138343, {'rmse': 8367.951720702025, 'mae': 4206.38232421875, 'r2': 0.5000632397674185, 'mape': 24.78038787841797, 'accuracy_10': 48.89669120311737, 'accuracy_20': 71.66499495506287}, 214.51485704199877)
[2026-01-22 09:33:37,312][flwr][DEBUG] - evaluate_round 39: strategy sampled 4 clients (out of 12)
[2026-01-22 09:33:37,361][flwr][DEBUG] - evaluate_round 39 received 4 results and 0 failures
[2026-01-22 09:33:37,361][flwr][DEBUG] - fit_round 40: strategy sampled 4 clients (out of 12)
[2026-01-22 09:33:42,445][flwr][DEBUG] - fit_round 40 received 4 results and 0 failures
[2026-01-22 09:33:42,874][flwr][INFO] - fit progress: (40, 0.38191255998826673, {'rmse': 8596.296411827596, 'mae': 4495.45263671875, 'r2': 0.47240645970171946, 'mape': 22.214160919189453, 'accuracy_10': 37.71314024925232, 'accuracy_20': 61.03309988975525}, 220.0775980000035)
[2026-01-22 09:33:42,875][flwr][DEBUG] - evaluate_round 40: strategy sampled 4 clients (out of 12)
[2026-01-22 09:33:42,930][flwr][DEBUG] - evaluate_round 40 received 4 results and 0 failures
[2026-01-22 09:33:42,930][flwr][INFO] - FL finished in 220.13335512502817
[2026-01-22 09:33:42,933][flwr][INFO] - app_fit: losses_distributed [(1, 0.22155462288194233), (2, 0.13018236133982153), (3, 0.354522830324954), (4, 0.41088954499990643), (5, 0.41164144205635994), (6, 0.38768484064583053), (7, 0.38231779353557227), (8, 0.318326777766777), (9, 0.30474464772712617), (10, 0.45035699814797403), (11, 0.47292838239151497), (12, 0.18984720897208596), (13, 0.28781825338847167), (14, 0.27565222621803553), (15, 0.45957691938383505), (16, 0.21080996933211368), (17, 0.3630362132773082), (18, 0.20840956380108852), (19, 0.24628052449492221), (20, 0.19866251884885724), (21, 0.4707058227798912), (22, 0.16424867709575905), (23, 0.30711925212807695), (24, 0.25977216624505034), (25, 0.5291427546470179), (26, 0.265994758810848), (27, 0.2734577123944467), (28, 0.46662400968326545), (29, 0.6129730070374676), (30, 0.23853013699798115), (31, 0.43812348244485455), (32, 0.2976276089639767), (33, 0.3142770472293099), (34, 0.1858052380474997), (35, 0.492691388723023), (36, 0.28035348610658395), (37, 0.27728327427433325), (38, 0.3780675971687868), (39, 0.6388374352827668), (40, 0.45283491265885706)]
[2026-01-22 09:33:42,934][flwr][INFO] - app_fit: metrics_distributed_fit {}
[2026-01-22 09:33:42,934][flwr][INFO] - app_fit: metrics_distributed {}
[2026-01-22 09:33:42,934][flwr][INFO] - app_fit: losses_centralized [(0, 4.134466124154859), (1, 0.36500099364111394), (2, 0.3040833929805842), (3, 0.30839498741636306), (4, 0.27887777626932925), (5, 0.27835783090371424), (6, 0.27700713115446307), (7, 0.42805069215677927), (8, 0.22583328632856445), (9, 0.24566639249877203), (10, 0.26236025726006046), (11, 0.3597783955671603), (12, 0.2996537330277346), (13, 0.2856817148633324), (14, 0.31083851236637045), (15, 0.3405805027996047), (16, 0.32706031669585134), (17, 0.36157726494963455), (18, 0.32504835593305836), (19, 0.298731913799448), (20, 0.3212437294012565), (21, 0.5129784455928305), (22, 0.3246059113722986), (23, 0.33835921946954106), (24, 0.3568402135384119), (25, 0.30362009687896596), (26, 0.35746159728097104), (27, 0.3679695268392324), (28, 0.27635006229939646), (29, 0.2981295132170709), (30, 0.3033113839214998), (31, 0.3186548786310698), (32, 0.38605001485096657), (33, 0.3096363755538985), (34, 0.3968456706616919), (35, 0.3494528246185964), (36, 0.316197912986862), (37, 0.40416948531671176), (38, 0.3916300486776989), (39, 0.3430866293138343), (40, 0.38191255998826673)]
[2026-01-22 09:33:42,934][flwr][INFO] - app_fit: metrics_centralized {'rmse': [(0, 24250.156288156166), (1, 8275.57804627568), (2, 7066.905121762991), (3, 7035.78368058598), (4, 6726.420742118352), (5, 6958.637510317662), (6, 7378.304141196675), (7, 8486.282578373171), (8, 6484.621191711973), (9, 6768.843919016009), (10, 6950.355674352212), (11, 8224.294255436147), (12, 7508.0), (13, 7206.773203036155), (14, 7727.295516543935), (15, 8018.431517447786), (16, 7891.003738435307), (17, 8352.968813541685), (18, 7888.91805002435), (19, 7542.634287833396), (20, 7747.2382175843795), (21, 9444.111392820396), (22, 7662.640276040628), (23, 8126.630790186054), (24, 8175.5865844598575), (25, 7487.791129565514), (26, 8275.236310825208), (27, 8424.754002343332), (28, 7193.835972553169), (29, 7523.834926418841), (30, 7626.830534370093), (31, 7882.592213225292), (32, 8700.039080371997), (33, 7792.6177886509995), (34, 8649.14747243912), (35, 8560.180371931423), (36, 7903.362322454918), (37, 8744.378765812926), (38, 8679.455282447165), (39, 8367.951720702025), (40, 8596.296411827596)], 'mae': [(0, 20810.46875), (1, 4744.294921875), (2, 3921.461669921875), (3, 3878.736328125), (4, 3677.27783203125), (5, 3721.243896484375), (6, 4075.691650390625), (7, 4703.75927734375), (8, 3484.71533203125), (9, 3604.47509765625), (10, 3767.86181640625), (11, 4159.33447265625), (12, 4265.43359375), (13, 3932.052734375), (14, 4346.11376953125), (15, 4028.810791015625), (16, 4479.23779296875), (17, 4165.8232421875), (18, 4440.71142578125), (19, 3949.436279296875), (20, 4182.84716796875), (21, 5150.892578125), (22, 4117.17724609375), (23, 4431.68115234375), (24, 4545.85400390625), (25, 3882.783447265625), (26, 4491.56689453125), (27, 4533.8408203125), (28, 3642.960693359375), (29, 3904.793701171875), (30, 3865.858642578125), (31, 4066.3486328125), (32, 4570.9150390625), (33, 3895.722900390625), (34, 4628.5263671875), (35, 4230.69091796875), (36, 3851.387451171875), (37, 4657.19287109375), (38, 4568.81787109375), (39, 4206.38232421875), (40, 4495.45263671875)], 'r2': [(0, -3.198612761198425), (1, 0.5110399445367294), (2, 0.6434378533771327), (3, 0.6465714190511032), (4, 0.6769685694836092), (5, 0.6542794843389473), (6, 0.6113221124006496), (7, 0.4858241432302123), (8, 0.6997756278864143), (9, 0.6728810395444484), (10, 0.6551019239672617), (11, 0.5170813075684274), (12, 0.5975376616867207), (13, 0.62918403218165), (14, 0.5736838619387881), (15, 0.5409546717527552), (16, 0.555428922842556), (17, 0.5018519630961346), (18, 0.5556639014032189), (19, 0.5938159896413495), (20, 0.5714805602832203), (21, 0.3632060473643566), (22, 0.5807880989093428), (23, 0.528482534208725), (24, 0.5227844727715842), (25, 0.5997013064937033), (26, 0.511080305353041), (27, 0.49325299731858696), (28, 0.6305141792006165), (29, 0.5958382249312986), (30, 0.5846971436978814), (31, 0.5563761994143458), (32, 0.4595953030334673), (33, 0.5664457244402812), (34, 0.46589909936715646), (35, 0.4768303688861283), (36, 0.5540352720682736), (37, 0.4540729108760433), (38, 0.4621494152726737), (39, 0.5000632397674185), (40, 0.47240645970171946)], 'mape': [(0, 192.60643005371094), (1, 27.337112426757812), (2, 23.818483352661133), (3, 23.977638244628906), (4, 22.542924880981445), (5, 22.329809188842773), (6, 20.596179962158203), (7, 22.4483699798584), (8, 19.904207229614258), (9, 20.674379348754883), (10, 21.455631256103516), (11, 26.24916648864746), (12, 21.55172348022461), (13, 22.41135025024414), (14, 21.583139419555664), (15, 25.113750457763672), (16, 22.922969818115234), (17, 25.876224517822266), (18, 22.175016403198242), (19, 22.557308197021484), (20, 23.35810661315918), (21, 23.645700454711914), (22, 22.887939453125), (23, 21.73508644104004), (24, 22.291725158691406), (25, 21.942838668823242), (26, 22.017681121826172), (27, 21.796173095703125), (28, 21.341508865356445), (29, 21.35079574584961), (30, 21.51729965209961), (31, 21.916105270385742), (32, 21.837600708007812), (33, 21.5331974029541), (34, 22.255708694458008), (35, 24.872692108154297), (36, 21.664445877075195), (37, 22.351764678955078), (38, 21.944896697998047), (39, 24.78038787841797), (40, 22.214160919189453)], 'accuracy_10': [(0, 5.667001008987427), (1, 30.04012107849121), (2, 35.70712208747864), (3, 35.75727045536041), (4, 38.86660039424896), (5, 40.67201614379883), (6, 30.992978811264038), (7, 26.479437947273254), (8, 40.72216749191284), (9, 42.82848536968231), (10, 41.97592735290527), (11, 47.7933794260025), (12, 31.344032287597656), (13, 42.02607870101929), (14, 30.39117455482483), (15, 48.49548637866974), (16, 32.798394560813904), (17, 48.99699091911316), (18, 31.845536828041077), (19, 46.69007062911987), (20, 43.380141258239746), (21, 27.733200788497925), (22, 45.837512612342834), (23, 34.75426137447357), (24, 33.45035016536713), (25, 50.8525550365448), (26, 37.662988901138306), (27, 35.40621995925903), (28, 52.25676894187927), (29, 51.15346312522888), (30, 53.510528802871704), (31, 48.79638850688934), (32, 38.91674876213074), (33, 54.46339249610901), (34, 37.86359131336212), (35, 50.451356172561646), (36, 57.47241973876953), (37, 38.06419372558594), (38, 37.71314024925232), (39, 48.89669120311737), (40, 37.71314024925232)], 'accuracy_20': [(0, 11.384152621030807), (1, 55.265796184539795), (2, 62.487465143203735), (3, 61.7853581905365), (4, 65.34603834152222), (5, 66.34904742240906), (6, 56.619858741760254), (7, 49.74924921989441), (8, 69.10732388496399), (9, 68.80642175674438), (10, 66.34904742240906), (11, 70.8625853061676), (12, 56.21865391731262), (13, 65.89769124984741), (14, 55.21564483642578), (15, 70.91273665428162), (16, 56.72016143798828), (17, 70.0100302696228), (18, 56.92076086997986), (19, 68.45536828041077), (20, 66.39919877052307), (21, 50.0), (22, 66.8004035949707), (23, 58.07422399520874), (24, 57.12136626243591), (25, 69.10732388496399), (26, 59.47843790054321), (27, 58.02407264709473), (28, 71.7652976512909), (29, 69.90972757339478), (30, 71.31394147872925), (31, 69.4082260131836), (32, 59.92978811264038), (33, 71.21363878250122), (34, 60.93279719352722), (35, 71.41424417495728), (36, 72.31695055961609), (37, 61.233699321746826), (38, 61.18354797363281), (39, 71.66499495506287), (40, 61.03309988975525)]}
[2026-01-22 09:33:43,577][flwr][INFO] - Starting Flower simulation, config: ServerConfig(num_rounds=40, round_timeout=None)
[2026-01-22 09:33:50,281][flwr][INFO] - Flower VCE: Ray initialized with resources: {'memory': 12307841844.0, 'CPU': 10.0, 'node:127.0.0.1': 1.0, 'object_store_memory': 2147483648.0}
[2026-01-22 09:33:50,281][flwr][INFO] - Initializing global parameters
[2026-01-22 09:33:50,281][flwr][INFO] - Using initial parameters provided by strategy
[2026-01-22 09:33:50,281][flwr][INFO] - Evaluating initial parameters
[2026-01-22 09:33:50,714][flwr][INFO] - initial parameters (loss, other metrics): 4.134466124154859, {'rmse': 24250.156288156166, 'mae': 20810.46875, 'r2': -3.198612761198425, 'mape': 192.60643005371094, 'accuracy_10': 5.667001008987427, 'accuracy_20': 11.384152621030807}
[2026-01-22 09:33:50,714][flwr][INFO] - FL starting
[2026-01-22 09:33:50,714][flwr][DEBUG] - fit_round 1: strategy sampled 4 clients (out of 12)
[2026-01-22 09:34:04,006][flwr][DEBUG] - fit_round 1 received 4 results and 0 failures
[2026-01-22 09:34:04,009][flwr][WARNING] - No fit_metrics_aggregation_fn provided
[2026-01-22 09:34:04,439][flwr][INFO] - fit progress: (1, 0.43692409439216046, {'rmse': 9161.831694590335, 'mae': 5112.974609375, 'r2': 0.4007040615887284, 'mape': 31.456911087036133, 'accuracy_10': 31.594783067703247, 'accuracy_20': 59.17752981185913}, 13.72500391700305)
[2026-01-22 09:34:04,439][flwr][DEBUG] - evaluate_round 1: strategy sampled 4 clients (out of 12)
[2026-01-22 09:34:04,623][flwr][DEBUG] - evaluate_round 1 received 4 results and 0 failures
[2026-01-22 09:34:04,624][flwr][WARNING] - No evaluate_metrics_aggregation_fn provided
[2026-01-22 09:34:04,624][flwr][DEBUG] - fit_round 2: strategy sampled 4 clients (out of 12)
[2026-01-22 09:34:10,011][flwr][DEBUG] - fit_round 2 received 4 results and 0 failures
[2026-01-22 09:34:10,444][flwr][INFO] - fit progress: (2, 0.3757293188763239, {'rmse': 7688.89042710325, 'mae': 4286.818359375, 'r2': 0.5779109828116893, 'mape': 22.320634841918945, 'accuracy_10': 24.32296872138977, 'accuracy_20': 49.04714226722717}, 19.729553709039465)
[2026-01-22 09:34:10,444][flwr][DEBUG] - evaluate_round 2: strategy sampled 4 clients (out of 12)
[2026-01-22 09:34:10,604][flwr][DEBUG] - evaluate_round 2 received 4 results and 0 failures
[2026-01-22 09:34:10,605][flwr][DEBUG] - fit_round 3: strategy sampled 4 clients (out of 12)
[2026-01-22 09:34:18,764][flwr][DEBUG] - fit_round 3 received 4 results and 0 failures
[2026-01-22 09:34:19,189][flwr][INFO] - fit progress: (3, 0.2372128334393353, {'rmse': 6285.347723077857, 'mae': 3425.7158203125, 'r2': 0.7179440082842923, 'mape': 20.383548736572266, 'accuracy_10': 36.10832393169403, 'accuracy_20': 64.59378004074097}, 28.474560209026095)
[2026-01-22 09:34:19,189][flwr][DEBUG] - evaluate_round 3: strategy sampled 4 clients (out of 12)
[2026-01-22 09:34:19,349][flwr][DEBUG] - evaluate_round 3 received 4 results and 0 failures
[2026-01-22 09:34:19,350][flwr][DEBUG] - fit_round 4: strategy sampled 4 clients (out of 12)
[2026-01-22 09:34:27,364][flwr][DEBUG] - fit_round 4 received 4 results and 0 failures
[2026-01-22 09:34:27,789][flwr][INFO] - fit progress: (4, 0.3205217406407761, {'rmse': 7259.13961843964, 'mae': 4077.180419921875, 'r2': 0.623775536135954, 'mape': 21.110830307006836, 'accuracy_10': 26.68004035949707, 'accuracy_20': 51.805418729782104}, 37.074570709024556)
[2026-01-22 09:34:27,789][flwr][DEBUG] - evaluate_round 4: strategy sampled 4 clients (out of 12)
[2026-01-22 09:34:27,956][flwr][DEBUG] - evaluate_round 4 received 4 results and 0 failures
[2026-01-22 09:34:27,956][flwr][DEBUG] - fit_round 5: strategy sampled 4 clients (out of 12)
[2026-01-22 09:34:36,514][flwr][DEBUG] - fit_round 5 received 4 results and 0 failures
[2026-01-22 09:34:36,946][flwr][INFO] - fit progress: (5, 0.24119352635253993, {'rmse': 6345.788524683123, 'mae': 3456.70849609375, 'r2': 0.7124933328389915, 'mape': 20.42658805847168, 'accuracy_10': 38.06419372558594, 'accuracy_20': 65.04513621330261}, 46.23195579199819)
[2026-01-22 09:34:36,946][flwr][DEBUG] - evaluate_round 5: strategy sampled 4 clients (out of 12)
[2026-01-22 09:34:37,110][flwr][DEBUG] - evaluate_round 5 received 4 results and 0 failures
[2026-01-22 09:34:37,110][flwr][DEBUG] - fit_round 6: strategy sampled 4 clients (out of 12)
[2026-01-22 09:34:42,376][flwr][DEBUG] - fit_round 6 received 4 results and 0 failures
[2026-01-22 09:34:42,807][flwr][INFO] - fit progress: (6, 0.23734800826941235, {'rmse': 6640.7165276045325, 'mae': 3656.621337890625, 'r2': 0.6851478825002775, 'mape': 19.296768188476562, 'accuracy_10': 31.745237112045288, 'accuracy_20': 60.130393505096436}, 52.09338666702388)
[2026-01-22 09:34:42,808][flwr][DEBUG] - evaluate_round 6: strategy sampled 4 clients (out of 12)
[2026-01-22 09:34:42,971][flwr][DEBUG] - evaluate_round 6 received 4 results and 0 failures
[2026-01-22 09:34:42,971][flwr][DEBUG] - fit_round 7: strategy sampled 4 clients (out of 12)
[2026-01-22 09:34:47,770][flwr][DEBUG] - fit_round 7 received 4 results and 0 failures
[2026-01-22 09:34:48,199][flwr][INFO] - fit progress: (7, 0.21286753090537539, {'rmse': 6206.063486623385, 'mae': 3260.6845703125, 'r2': 0.7250149241157989, 'mape': 19.44818878173828, 'accuracy_10': 41.875627636909485, 'accuracy_20': 69.55867409706116}, 57.48474075004924)
[2026-01-22 09:34:48,200][flwr][DEBUG] - evaluate_round 7: strategy sampled 4 clients (out of 12)
[2026-01-22 09:34:48,363][flwr][DEBUG] - evaluate_round 7 received 4 results and 0 failures
[2026-01-22 09:34:48,363][flwr][DEBUG] - fit_round 8: strategy sampled 4 clients (out of 12)
[2026-01-22 09:34:56,703][flwr][DEBUG] - fit_round 8 received 4 results and 0 failures
[2026-01-22 09:34:57,211][flwr][INFO] - fit progress: (8, 0.2239809659054669, {'rmse': 6424.645359862286, 'mae': 3366.87255859375, 'r2': 0.7053034464617292, 'mape': 19.896556854248047, 'accuracy_10': 41.17352068424225, 'accuracy_20': 69.30792331695557}, 66.49644300004002)
[2026-01-22 09:34:57,211][flwr][DEBUG] - evaluate_round 8: strategy sampled 4 clients (out of 12)
[2026-01-22 09:34:57,479][flwr][DEBUG] - evaluate_round 8 received 4 results and 0 failures
[2026-01-22 09:34:57,480][flwr][DEBUG] - fit_round 9: strategy sampled 4 clients (out of 12)
[2026-01-22 09:35:06,228][flwr][DEBUG] - fit_round 9 received 4 results and 0 failures
[2026-01-22 09:35:06,672][flwr][INFO] - fit progress: (9, 0.22360002985569755, {'rmse': 6443.372098521084, 'mae': 3574.429443359375, 'r2': 0.7035829786704819, 'mape': 19.126373291015625, 'accuracy_10': 33.45035016536713, 'accuracy_20': 63.340020179748535}, 75.95808883401332)
[2026-01-22 09:35:06,673][flwr][DEBUG] - evaluate_round 9: strategy sampled 4 clients (out of 12)
[2026-01-22 09:35:06,749][flwr][DEBUG] - evaluate_round 9 received 4 results and 0 failures
[2026-01-22 09:35:06,749][flwr][DEBUG] - fit_round 10: strategy sampled 4 clients (out of 12)
[2026-01-22 09:35:15,185][flwr][DEBUG] - fit_round 10 received 4 results and 0 failures
[2026-01-22 09:35:15,614][flwr][INFO] - fit progress: (10, 0.21641802488860779, {'rmse': 6306.795065641502, 'mae': 3351.026611328125, 'r2': 0.7160158113497901, 'mape': 19.420991897583008, 'accuracy_10': 41.67502522468567, 'accuracy_20': 68.65596771240234}, 84.8996899590129)
[2026-01-22 09:35:15,614][flwr][DEBUG] - evaluate_round 10: strategy sampled 4 clients (out of 12)
[2026-01-22 09:35:15,812][flwr][DEBUG] - evaluate_round 10 received 4 results and 0 failures
[2026-01-22 09:35:15,812][flwr][DEBUG] - fit_round 11: strategy sampled 4 clients (out of 12)
[2026-01-22 09:35:24,068][flwr][DEBUG] - fit_round 11 received 4 results and 0 failures
[2026-01-22 09:35:24,516][flwr][INFO] - fit progress: (11, 0.22880096675280703, {'rmse': 6663.384125202449, 'mae': 3667.58056640625, 'r2': 0.6829947678772017, 'mape': 19.087818145751953, 'accuracy_10': 34.10230576992035, 'accuracy_20': 62.487465143203735}, 93.80178249999881)
[2026-01-22 09:35:24,517][flwr][DEBUG] - evaluate_round 11: strategy sampled 4 clients (out of 12)
[2026-01-22 09:35:24,697][flwr][DEBUG] - evaluate_round 11 received 4 results and 0 failures
[2026-01-22 09:35:24,697][flwr][DEBUG] - fit_round 12: strategy sampled 4 clients (out of 12)
[2026-01-22 09:35:32,778][flwr][DEBUG] - fit_round 12 received 4 results and 0 failures
[2026-01-22 09:35:33,207][flwr][INFO] - fit progress: (12, 0.2370189478249105, {'rmse': 6605.753855541395, 'mae': 3706.84814453125, 'r2': 0.6884545069069794, 'mape': 19.459835052490234, 'accuracy_10': 30.792376399040222, 'accuracy_20': 61.38415336608887}, 102.49253750004573)
[2026-01-22 09:35:33,208][flwr][DEBUG] - evaluate_round 12: strategy sampled 4 clients (out of 12)
[2026-01-22 09:35:33,274][flwr][DEBUG] - evaluate_round 12 received 4 results and 0 failures
[2026-01-22 09:35:33,275][flwr][DEBUG] - fit_round 13: strategy sampled 4 clients (out of 12)
[2026-01-22 09:35:41,808][flwr][DEBUG] - fit_round 13 received 4 results and 0 failures
[2026-01-22 09:35:42,238][flwr][INFO] - fit progress: (13, 0.2226572132098639, {'rmse': 6409.5825137055535, 'mae': 3412.83740234375, 'r2': 0.706683692517222, 'mape': 19.533464431762695, 'accuracy_10': 40.621864795684814, 'accuracy_20': 68.40521693229675}, 111.5231017920305)
[2026-01-22 09:35:42,238][flwr][DEBUG] - evaluate_round 13: strategy sampled 4 clients (out of 12)
[2026-01-22 09:35:42,305][flwr][DEBUG] - evaluate_round 13 received 4 results and 0 failures
[2026-01-22 09:35:42,306][flwr][DEBUG] - fit_round 14: strategy sampled 4 clients (out of 12)
[2026-01-22 09:35:50,411][flwr][DEBUG] - fit_round 14 received 4 results and 0 failures
[2026-01-22 09:35:50,839][flwr][INFO] - fit progress: (14, 0.21817609329998433, {'rmse': 6433.823746420165, 'mae': 3423.876220703125, 'r2': 0.704460826425259, 'mape': 19.367128372192383, 'accuracy_10': 41.67502522468567, 'accuracy_20': 68.40521693229675}, 120.12375225004507)
[2026-01-22 09:35:50,839][flwr][DEBUG] - evaluate_round 14: strategy sampled 4 clients (out of 12)
[2026-01-22 09:35:51,004][flwr][DEBUG] - evaluate_round 14 received 4 results and 0 failures
[2026-01-22 09:35:51,004][flwr][DEBUG] - fit_round 15: strategy sampled 4 clients (out of 12)
[2026-01-22 09:35:59,517][flwr][DEBUG] - fit_round 15 received 4 results and 0 failures
[2026-01-22 09:35:59,972][flwr][INFO] - fit progress: (15, 0.2298436646565511, {'rmse': 6590.476765758302, 'mae': 3470.1318359375, 'r2': 0.6898938569194982, 'mape': 19.910934448242188, 'accuracy_10': 43.07923913002014, 'accuracy_20': 68.95686984062195}, 129.2571399169974)
[2026-01-22 09:35:59,972][flwr][DEBUG] - evaluate_round 15: strategy sampled 4 clients (out of 12)
[2026-01-22 09:36:00,091][flwr][DEBUG] - evaluate_round 15 received 4 results and 0 failures
[2026-01-22 09:36:00,091][flwr][DEBUG] - fit_round 16: strategy sampled 4 clients (out of 12)
[2026-01-22 09:36:08,689][flwr][DEBUG] - fit_round 16 received 4 results and 0 failures
[2026-01-22 09:36:09,135][flwr][INFO] - fit progress: (16, 0.2674263992917574, {'rmse': 7087.569400012955, 'mae': 3584.215087890625, 'r2': 0.6413495624488597, 'mape': 21.900354385375977, 'accuracy_10': 46.238717436790466, 'accuracy_20': 70.8625853061676}, 138.4204475840088)
[2026-01-22 09:36:09,136][flwr][DEBUG] - evaluate_round 16: strategy sampled 4 clients (out of 12)
[2026-01-22 09:36:09,204][flwr][DEBUG] - evaluate_round 16 received 4 results and 0 failures
[2026-01-22 09:36:09,204][flwr][DEBUG] - fit_round 17: strategy sampled 4 clients (out of 12)
[2026-01-22 09:36:17,239][flwr][DEBUG] - fit_round 17 received 4 results and 0 failures
[2026-01-22 09:36:17,676][flwr][INFO] - fit progress: (17, 0.2550548489916408, {'rmse': 7112.1363878935845, 'mae': 3917.05908203125, 'r2': 0.6388589246329806, 'mape': 19.885162353515625, 'accuracy_10': 35.45636832714081, 'accuracy_20': 60.83250045776367}, 146.96143695904175)
[2026-01-22 09:36:17,677][flwr][DEBUG] - evaluate_round 17: strategy sampled 4 clients (out of 12)
[2026-01-22 09:36:17,753][flwr][DEBUG] - evaluate_round 17 received 4 results and 0 failures
[2026-01-22 09:36:17,753][flwr][DEBUG] - fit_round 18: strategy sampled 4 clients (out of 12)
[2026-01-22 09:36:26,317][flwr][DEBUG] - fit_round 18 received 4 results and 0 failures
[2026-01-22 09:36:26,750][flwr][INFO] - fit progress: (18, 0.2711738102967545, {'rmse': 7194.712780924615, 'mae': 3618.164794921875, 'r2': 0.6304241006636304, 'mape': 21.8618106842041, 'accuracy_10': 47.39217758178711, 'accuracy_20': 70.16048431396484}, 156.03525916702347)
[2026-01-22 09:36:26,750][flwr][DEBUG] - evaluate_round 18: strategy sampled 4 clients (out of 12)
[2026-01-22 09:36:26,814][flwr][DEBUG] - evaluate_round 18 received 4 results and 0 failures
[2026-01-22 09:36:26,814][flwr][DEBUG] - fit_round 19: strategy sampled 4 clients (out of 12)
[2026-01-22 09:36:35,081][flwr][DEBUG] - fit_round 19 received 4 results and 0 failures
[2026-01-22 09:36:35,516][flwr][INFO] - fit progress: (19, 0.26326898856082914, {'rmse': 7076.697252249809, 'mae': 3679.57421875, 'r2': 0.6424490427094873, 'mape': 21.18484878540039, 'accuracy_10': 43.78134310245514, 'accuracy_20': 68.05416345596313}, 164.80079079204006)
[2026-01-22 09:36:35,516][flwr][DEBUG] - evaluate_round 19: strategy sampled 4 clients (out of 12)
[2026-01-22 09:36:35,572][flwr][DEBUG] - evaluate_round 19 received 4 results and 0 failures
[2026-01-22 09:36:35,573][flwr][DEBUG] - fit_round 20: strategy sampled 4 clients (out of 12)
[2026-01-22 09:36:44,064][flwr][DEBUG] - fit_round 20 received 4 results and 0 failures
[2026-01-22 09:36:44,512][flwr][INFO] - fit progress: (20, 0.26057224391157197, {'rmse': 7071.428144300131, 'mae': 3719.194091796875, 'r2': 0.6429812716426078, 'mape': 21.02867889404297, 'accuracy_10': 44.03209686279297, 'accuracy_20': 68.10431480407715}, 173.79685066704405)
[2026-01-22 09:36:44,512][flwr][DEBUG] - evaluate_round 20: strategy sampled 4 clients (out of 12)
[2026-01-22 09:36:44,571][flwr][DEBUG] - evaluate_round 20 received 4 results and 0 failures
[2026-01-22 09:36:44,572][flwr][DEBUG] - fit_round 21: strategy sampled 4 clients (out of 12)
[2026-01-22 09:36:52,711][flwr][DEBUG] - fit_round 21 received 4 results and 0 failures
[2026-01-22 09:36:53,155][flwr][INFO] - fit progress: (21, 0.28481127885184293, {'rmse': 7419.977088913415, 'mae': 4114.04541015625, 'r2': 0.6069191755880887, 'mape': 20.82050132751465, 'accuracy_10': 34.10230576992035, 'accuracy_20': 59.628885984420776}, 182.44005870900583)
[2026-01-22 09:36:53,155][flwr][DEBUG] - evaluate_round 21: strategy sampled 4 clients (out of 12)
[2026-01-22 09:36:53,229][flwr][DEBUG] - evaluate_round 21 received 4 results and 0 failures
[2026-01-22 09:36:53,230][flwr][DEBUG] - fit_round 22: strategy sampled 4 clients (out of 12)
[2026-01-22 09:37:01,524][flwr][DEBUG] - fit_round 22 received 4 results and 0 failures
[2026-01-22 09:37:01,960][flwr][INFO] - fit progress: (22, 0.2717472418559829, {'rmse': 7216.626635762723, 'mae': 3786.399169921875, 'r2': 0.6281693507000607, 'mape': 21.06699562072754, 'accuracy_10': 44.63390111923218, 'accuracy_20': 67.0511543750763}, 191.24487983400468)
[2026-01-22 09:37:01,960][flwr][DEBUG] - evaluate_round 22: strategy sampled 4 clients (out of 12)
[2026-01-22 09:37:02,032][flwr][DEBUG] - evaluate_round 22 received 4 results and 0 failures
[2026-01-22 09:37:02,033][flwr][DEBUG] - fit_round 23: strategy sampled 4 clients (out of 12)
[2026-01-22 09:37:10,149][flwr][DEBUG] - fit_round 23 received 4 results and 0 failures
[2026-01-22 09:37:10,585][flwr][INFO] - fit progress: (23, 0.2735918772256482, {'rmse': 7298.337070867582, 'mae': 3863.31689453125, 'r2': 0.6197015575755258, 'mape': 21.197847366333008, 'accuracy_10': 43.83149445056915, 'accuracy_20': 66.29889607429504}, 199.86962670902722)
[2026-01-22 09:37:10,585][flwr][DEBUG] - evaluate_round 23: strategy sampled 4 clients (out of 12)
[2026-01-22 09:37:10,765][flwr][DEBUG] - evaluate_round 23 received 4 results and 0 failures
[2026-01-22 09:37:10,766][flwr][DEBUG] - fit_round 24: strategy sampled 4 clients (out of 12)
[2026-01-22 09:37:18,936][flwr][DEBUG] - fit_round 24 received 4 results and 0 failures
[2026-01-22 09:37:19,376][flwr][INFO] - fit progress: (24, 0.29962446439708607, {'rmse': 7736.016287469927, 'mae': 4211.337890625, 'r2': 0.5727210687450297, 'mape': 20.87587547302246, 'accuracy_10': 35.70712208747864, 'accuracy_20': 59.628885984420776}, 208.66078745899722)
[2026-01-22 09:37:19,376][flwr][DEBUG] - evaluate_round 24: strategy sampled 4 clients (out of 12)
[2026-01-22 09:37:19,442][flwr][DEBUG] - evaluate_round 24 received 4 results and 0 failures
[2026-01-22 09:37:19,442][flwr][DEBUG] - fit_round 25: strategy sampled 4 clients (out of 12)
[2026-01-22 09:37:27,685][flwr][DEBUG] - fit_round 25 received 4 results and 0 failures
[2026-01-22 09:37:28,116][flwr][INFO] - fit progress: (25, 0.28076574410365124, {'rmse': 7375.085084254961, 'mae': 3848.98681640625, 'r2': 0.6116611901888487, 'mape': 21.211742401123047, 'accuracy_10': 45.93781232833862, 'accuracy_20': 66.85054898262024}, 217.4014160420047)
[2026-01-22 09:37:28,117][flwr][DEBUG] - evaluate_round 25: strategy sampled 4 clients (out of 12)
[2026-01-22 09:37:28,185][flwr][DEBUG] - evaluate_round 25 received 4 results and 0 failures
[2026-01-22 09:37:28,185][flwr][DEBUG] - fit_round 26: strategy sampled 4 clients (out of 12)
[2026-01-22 09:37:36,792][flwr][DEBUG] - fit_round 26 received 4 results and 0 failures
[2026-01-22 09:37:37,223][flwr][INFO] - fit progress: (26, 0.29165981328086843, {'rmse': 7515.011909504868, 'mae': 3954.289306640625, 'r2': 0.5967855601670656, 'mape': 21.457195281982422, 'accuracy_10': 44.68405246734619, 'accuracy_20': 65.59678912162781}, 226.50825020903721)
[2026-01-22 09:37:37,224][flwr][DEBUG] - evaluate_round 26: strategy sampled 4 clients (out of 12)
[2026-01-22 09:37:37,282][flwr][DEBUG] - evaluate_round 26 received 4 results and 0 failures
[2026-01-22 09:37:37,282][flwr][DEBUG] - fit_round 27: strategy sampled 4 clients (out of 12)
[2026-01-22 09:37:45,730][flwr][DEBUG] - fit_round 27 received 4 results and 0 failures
[2026-01-22 09:37:46,160][flwr][INFO] - fit progress: (27, 0.32116069949587944, {'rmse': 7912.311419553707, 'mae': 3951.468994140625, 'r2': 0.5530247557290653, 'mape': 23.61638069152832, 'accuracy_10': 49.24774467945099, 'accuracy_20': 68.05416345596313}, 235.4448643340147)
[2026-01-22 09:37:46,160][flwr][DEBUG] - evaluate_round 27: strategy sampled 4 clients (out of 12)
[2026-01-22 09:37:46,222][flwr][DEBUG] - evaluate_round 27 received 4 results and 0 failures
[2026-01-22 09:37:46,222][flwr][DEBUG] - fit_round 28: strategy sampled 4 clients (out of 12)
[2026-01-22 09:37:54,210][flwr][DEBUG] - fit_round 28 received 4 results and 0 failures
[2026-01-22 09:37:54,638][flwr][INFO] - fit progress: (28, 0.4335977190296533, {'rmse': 8981.736135068766, 'mae': 4766.2099609375, 'r2': 0.42403337604853064, 'mape': 21.683753967285156, 'accuracy_10': 32.29689002037048, 'accuracy_20': 54.36308979988098}, 243.92310391704086)
[2026-01-22 09:37:54,638][flwr][DEBUG] - evaluate_round 28: strategy sampled 4 clients (out of 12)
[2026-01-22 09:37:54,701][flwr][DEBUG] - evaluate_round 28 received 4 results and 0 failures
[2026-01-22 09:37:54,701][flwr][DEBUG] - fit_round 29: strategy sampled 4 clients (out of 12)
[2026-01-22 09:38:03,280][flwr][DEBUG] - fit_round 29 received 4 results and 0 failures
[2026-01-22 09:38:03,728][flwr][INFO] - fit progress: (29, 0.3152188554204395, {'rmse': 7763.245197724982, 'mae': 3870.46044921875, 'r2': 0.5697079402162448, 'mape': 22.494285583496094, 'accuracy_10': 51.75526738166809, 'accuracy_20': 66.64994955062866}, 253.01253070903476)
[2026-01-22 09:38:03,728][flwr][DEBUG] - evaluate_round 29: strategy sampled 4 clients (out of 12)
[2026-01-22 09:38:03,791][flwr][DEBUG] - evaluate_round 29 received 4 results and 0 failures
[2026-01-22 09:38:03,791][flwr][DEBUG] - fit_round 30: strategy sampled 4 clients (out of 12)
[2026-01-22 09:38:11,927][flwr][DEBUG] - fit_round 30 received 4 results and 0 failures
[2026-01-22 09:38:12,364][flwr][INFO] - fit progress: (30, 0.3108271742118158, {'rmse': 7682.908824136858, 'mae': 3928.675537109375, 'r2': 0.5785674620485133, 'mape': 21.813154220581055, 'accuracy_10': 50.050151348114014, 'accuracy_20': 67.10130572319031}, 261.648493625049)
[2026-01-22 09:38:12,365][flwr][DEBUG] - evaluate_round 30: strategy sampled 4 clients (out of 12)
[2026-01-22 09:38:12,426][flwr][DEBUG] - evaluate_round 30 received 4 results and 0 failures
[2026-01-22 09:38:12,426][flwr][DEBUG] - fit_round 31: strategy sampled 4 clients (out of 12)
[2026-01-22 09:38:20,583][flwr][DEBUG] - fit_round 31 received 4 results and 0 failures
[2026-01-22 09:38:21,016][flwr][INFO] - fit progress: (31, 0.3439634454585126, {'rmse': 8188.442831210339, 'mae': 4371.310546875, 'r2': 0.5212824402994303, 'mape': 21.238933563232422, 'accuracy_10': 38.56569826602936, 'accuracy_20': 60.481446981430054}, 270.30065079202177)
[2026-01-22 09:38:21,016][flwr][DEBUG] - evaluate_round 31: strategy sampled 4 clients (out of 12)
[2026-01-22 09:38:21,082][flwr][DEBUG] - evaluate_round 31 received 4 results and 0 failures
[2026-01-22 09:38:21,082][flwr][DEBUG] - fit_round 32: strategy sampled 4 clients (out of 12)
[2026-01-22 09:38:26,211][flwr][DEBUG] - fit_round 32 received 4 results and 0 failures
[2026-01-22 09:38:26,681][flwr][INFO] - fit progress: (32, 0.33272355016220057, {'rmse': 8215.56912209982, 'mae': 4320.22265625, 'r2': 0.518105463282334, 'mape': 20.56008529663086, 'accuracy_10': 36.158475279808044, 'accuracy_20': 61.38415336608887}, 275.96586854202906)
[2026-01-22 09:38:26,681][flwr][DEBUG] - evaluate_round 32: strategy sampled 4 clients (out of 12)
[2026-01-22 09:38:26,741][flwr][DEBUG] - evaluate_round 32 received 4 results and 0 failures
[2026-01-22 09:38:26,743][flwr][DEBUG] - fit_round 33: strategy sampled 4 clients (out of 12)
[2026-01-22 09:38:34,620][flwr][DEBUG] - fit_round 33 received 4 results and 0 failures
[2026-01-22 09:38:35,052][flwr][INFO] - fit progress: (33, 0.27555365320164316, {'rmse': 7382.653994330223, 'mae': 3681.7353515625, 'r2': 0.6108637120828316, 'mape': 20.406564712524414, 'accuracy_10': 51.15346312522888, 'accuracy_20': 69.90972757339478}, 284.3368500000215)
[2026-01-22 09:38:35,053][flwr][DEBUG] - evaluate_round 33: strategy sampled 4 clients (out of 12)
[2026-01-22 09:38:35,120][flwr][DEBUG] - evaluate_round 33 received 4 results and 0 failures
[2026-01-22 09:38:35,120][flwr][DEBUG] - fit_round 34: strategy sampled 4 clients (out of 12)
[2026-01-22 09:38:43,335][flwr][DEBUG] - fit_round 34 received 4 results and 0 failures
[2026-01-22 09:38:43,757][flwr][INFO] - fit progress: (34, 0.28342428268750786, {'rmse': 7516.332616376154, 'mae': 3732.705322265625, 'r2': 0.5966438279981574, 'mape': 20.552989959716797, 'accuracy_10': 52.85857319831848, 'accuracy_20': 69.50852274894714}, 293.0423179590143)
[2026-01-22 09:38:43,758][flwr][DEBUG] - evaluate_round 34: strategy sampled 4 clients (out of 12)
[2026-01-22 09:38:43,822][flwr][DEBUG] - evaluate_round 34 received 4 results and 0 failures
[2026-01-22 09:38:43,822][flwr][DEBUG] - fit_round 35: strategy sampled 4 clients (out of 12)
[2026-01-22 09:38:51,899][flwr][DEBUG] - fit_round 35 received 4 results and 0 failures
[2026-01-22 09:38:52,329][flwr][INFO] - fit progress: (35, 0.28656790012432076, {'rmse': 7539.229138313811, 'mae': 3780.550048828125, 'r2': 0.5941826688308198, 'mape': 20.543346405029297, 'accuracy_10': 51.70511603355408, 'accuracy_20': 69.90972757339478}, 301.61345591704594)
[2026-01-22 09:38:52,329][flwr][DEBUG] - evaluate_round 35: strategy sampled 4 clients (out of 12)
[2026-01-22 09:38:52,384][flwr][DEBUG] - evaluate_round 35 received 4 results and 0 failures
[2026-01-22 09:38:52,384][flwr][DEBUG] - fit_round 36: strategy sampled 4 clients (out of 12)
[2026-01-22 09:39:00,276][flwr][DEBUG] - fit_round 36 received 4 results and 0 failures
[2026-01-22 09:39:00,706][flwr][INFO] - fit progress: (36, 0.27922182051892747, {'rmse': 7484.669665389381, 'mae': 3701.9169921875, 'r2': 0.6000349871960003, 'mape': 20.747051239013672, 'accuracy_10': 51.40421390533447, 'accuracy_20': 70.71213722229004}, 309.9909724590252)
[2026-01-22 09:39:00,706][flwr][DEBUG] - evaluate_round 36: strategy sampled 4 clients (out of 12)
[2026-01-22 09:39:00,773][flwr][DEBUG] - evaluate_round 36 received 4 results and 0 failures
[2026-01-22 09:39:00,774][flwr][DEBUG] - fit_round 37: strategy sampled 4 clients (out of 12)
[2026-01-22 09:39:05,763][flwr][DEBUG] - fit_round 37 received 4 results and 0 failures
[2026-01-22 09:39:06,188][flwr][INFO] - fit progress: (37, 0.2935976336150614, {'rmse': 7958.713463870904, 'mae': 4057.279052734375, 'r2': 0.5477667914488571, 'mape': 19.311811447143555, 'accuracy_10': 41.67502522468567, 'accuracy_20': 65.74724316596985}, 315.47276812500786)
[2026-01-22 09:39:06,188][flwr][DEBUG] - evaluate_round 37: strategy sampled 4 clients (out of 12)
[2026-01-22 09:39:06,245][flwr][DEBUG] - evaluate_round 37 received 4 results and 0 failures
[2026-01-22 09:39:06,246][flwr][DEBUG] - fit_round 38: strategy sampled 4 clients (out of 12)
[2026-01-22 09:39:14,214][flwr][DEBUG] - fit_round 38 received 4 results and 0 failures
[2026-01-22 09:39:14,655][flwr][INFO] - fit progress: (38, 0.25839291697549244, {'rmse': 7407.334473344646, 'mae': 3624.52197265625, 'r2': 0.6082575648958515, 'mape': 19.456584930419922, 'accuracy_10': 50.95285773277283, 'accuracy_20': 72.26679921150208}, 323.93971491703996)
[2026-01-22 09:39:14,655][flwr][DEBUG] - evaluate_round 38: strategy sampled 4 clients (out of 12)
[2026-01-22 09:39:14,727][flwr][DEBUG] - evaluate_round 38 received 4 results and 0 failures
[2026-01-22 09:39:14,727][flwr][DEBUG] - fit_round 39: strategy sampled 4 clients (out of 12)
[2026-01-22 09:39:22,626][flwr][DEBUG] - fit_round 39 received 4 results and 0 failures
[2026-01-22 09:39:23,059][flwr][INFO] - fit progress: (39, 0.25999170931106586, {'rmse': 7428.671752069814, 'mae': 3525.74951171875, 'r2': 0.6059974178463796, 'mape': 19.35831069946289, 'accuracy_10': 55.31594753265381, 'accuracy_20': 73.31995964050293}, 332.34413383400533)
[2026-01-22 09:39:23,060][flwr][DEBUG] - evaluate_round 39: strategy sampled 4 clients (out of 12)
[2026-01-22 09:39:23,114][flwr][DEBUG] - evaluate_round 39 received 4 results and 0 failures
[2026-01-22 09:39:23,115][flwr][DEBUG] - fit_round 40: strategy sampled 4 clients (out of 12)
[2026-01-22 09:39:31,414][flwr][DEBUG] - fit_round 40 received 4 results and 0 failures
[2026-01-22 09:39:31,860][flwr][INFO] - fit progress: (40, 0.3024889501848575, {'rmse': 7882.525991076718, 'mae': 4059.5712890625, 'r2': 0.5563836497394499, 'mape': 19.345788955688477, 'accuracy_10': 42.57773458957672, 'accuracy_20': 67.20160245895386}, 341.14529200003017)
[2026-01-22 09:39:31,861][flwr][DEBUG] - evaluate_round 40: strategy sampled 4 clients (out of 12)
[2026-01-22 09:39:31,946][flwr][DEBUG] - evaluate_round 40 received 4 results and 0 failures
[2026-01-22 09:39:31,946][flwr][INFO] - FL finished in 341.23105000000214
[2026-01-22 09:39:31,946][flwr][INFO] - app_fit: losses_distributed [(1, 0.4963653664873994), (2, 0.40747539390047843), (3, 0.2658825476706286), (4, 0.25742608704863873), (5, 0.24915638899841866), (6, 0.21967803943157196), (7, 0.3363806408362327), (8, 0.25292431706631624), (9, 0.2608660258741743), (10, 0.2149173952639103), (11, 0.4119842149568408), (12, 0.21391174747553438), (13, 0.23265215282289076), (14, 0.15827114664045852), (15, 0.24386865975937658), (16, 0.4450458337596814), (17, 0.18906111854602856), (18, 0.5051997366261347), (19, 0.3323816497688708), (20, 0.2361530493488991), (21, 0.25518366286048183), (22, 0.35484864912746894), (23, 0.1933835401441212), (24, 0.33383640329594966), (25, 0.3175551786214253), (26, 0.3190370787628543), (27, 0.35559756249016106), (28, 0.3294252534856612), (29, 0.6014477390457283), (30, 0.16547333219423596), (31, 0.3568027722408097), (32, 0.4095344581093985), (33, 0.33706556151396244), (34, 0.16830205215391383), (35, 0.4164154747790047), (36, 0.365669131141018), (37, 0.25646910847912374), (38, 0.1495349787324667), (39, 0.5390979940579697), (40, 0.17050103365040536)]
[2026-01-22 09:39:31,947][flwr][INFO] - app_fit: metrics_distributed_fit {}
[2026-01-22 09:39:31,947][flwr][INFO] - app_fit: metrics_distributed {}
[2026-01-22 09:39:31,947][flwr][INFO] - app_fit: losses_centralized [(0, 4.134466124154859), (1, 0.43692409439216046), (2, 0.3757293188763239), (3, 0.2372128334393353), (4, 0.3205217406407761), (5, 0.24119352635253993), (6, 0.23734800826941235), (7, 0.21286753090537539), (8, 0.2239809659054669), (9, 0.22360002985569755), (10, 0.21641802488860779), (11, 0.22880096675280703), (12, 0.2370189478249105), (13, 0.2226572132098639), (14, 0.21817609329998433), (15, 0.2298436646565511), (16, 0.2674263992917574), (17, 0.2550548489916408), (18, 0.2711738102967545), (19, 0.26326898856082914), (20, 0.26057224391157197), (21, 0.28481127885184293), (22, 0.2717472418559829), (23, 0.2735918772256482), (24, 0.29962446439708607), (25, 0.28076574410365124), (26, 0.29165981328086843), (27, 0.32116069949587944), (28, 0.4335977190296533), (29, 0.3152188554204395), (30, 0.3108271742118158), (31, 0.3439634454585126), (32, 0.33272355016220057), (33, 0.27555365320164316), (34, 0.28342428268750786), (35, 0.28656790012432076), (36, 0.27922182051892747), (37, 0.2935976336150614), (38, 0.25839291697549244), (39, 0.25999170931106586), (40, 0.3024889501848575)]
[2026-01-22 09:39:31,947][flwr][INFO] - app_fit: metrics_centralized {'rmse': [(0, 24250.156288156166), (1, 9161.831694590335), (2, 7688.89042710325), (3, 6285.347723077857), (4, 7259.13961843964), (5, 6345.788524683123), (6, 6640.7165276045325), (7, 6206.063486623385), (8, 6424.645359862286), (9, 6443.372098521084), (10, 6306.795065641502), (11, 6663.384125202449), (12, 6605.753855541395), (13, 6409.5825137055535), (14, 6433.823746420165), (15, 6590.476765758302), (16, 7087.569400012955), (17, 7112.1363878935845), (18, 7194.712780924615), (19, 7076.697252249809), (20, 7071.428144300131), (21, 7419.977088913415), (22, 7216.626635762723), (23, 7298.337070867582), (24, 7736.016287469927), (25, 7375.085084254961), (26, 7515.011909504868), (27, 7912.311419553707), (28, 8981.736135068766), (29, 7763.245197724982), (30, 7682.908824136858), (31, 8188.442831210339), (32, 8215.56912209982), (33, 7382.653994330223), (34, 7516.332616376154), (35, 7539.229138313811), (36, 7484.669665389381), (37, 7958.713463870904), (38, 7407.334473344646), (39, 7428.671752069814), (40, 7882.525991076718)], 'mae': [(0, 20810.46875), (1, 5112.974609375), (2, 4286.818359375), (3, 3425.7158203125), (4, 4077.180419921875), (5, 3456.70849609375), (6, 3656.621337890625), (7, 3260.6845703125), (8, 3366.87255859375), (9, 3574.429443359375), (10, 3351.026611328125), (11, 3667.58056640625), (12, 3706.84814453125), (13, 3412.83740234375), (14, 3423.876220703125), (15, 3470.1318359375), (16, 3584.215087890625), (17, 3917.05908203125), (18, 3618.164794921875), (19, 3679.57421875), (20, 3719.194091796875), (21, 4114.04541015625), (22, 3786.399169921875), (23, 3863.31689453125), (24, 4211.337890625), (25, 3848.98681640625), (26, 3954.289306640625), (27, 3951.468994140625), (28, 4766.2099609375), (29, 3870.46044921875), (30, 3928.675537109375), (31, 4371.310546875), (32, 4320.22265625), (33, 3681.7353515625), (34, 3732.705322265625), (35, 3780.550048828125), (36, 3701.9169921875), (37, 4057.279052734375), (38, 3624.52197265625), (39, 3525.74951171875), (40, 4059.5712890625)], 'r2': [(0, -3.198612761198425), (1, 0.4007040615887284), (2, 0.5779109828116893), (3, 0.7179440082842923), (4, 0.623775536135954), (5, 0.7124933328389915), (6, 0.6851478825002775), (7, 0.7250149241157989), (8, 0.7053034464617292), (9, 0.7035829786704819), (10, 0.7160158113497901), (11, 0.6829947678772017), (12, 0.6884545069069794), (13, 0.706683692517222), (14, 0.704460826425259), (15, 0.6898938569194982), (16, 0.6413495624488597), (17, 0.6388589246329806), (18, 0.6304241006636304), (19, 0.6424490427094873), (20, 0.6429812716426078), (21, 0.6069191755880887), (22, 0.6281693507000607), (23, 0.6197015575755258), (24, 0.5727210687450297), (25, 0.6116611901888487), (26, 0.5967855601670656), (27, 0.5530247557290653), (28, 0.42403337604853064), (29, 0.5697079402162448), (30, 0.5785674620485133), (31, 0.5212824402994303), (32, 0.518105463282334), (33, 0.6108637120828316), (34, 0.5966438279981574), (35, 0.5941826688308198), (36, 0.6000349871960003), (37, 0.5477667914488571), (38, 0.6082575648958515), (39, 0.6059974178463796), (40, 0.5563836497394499)], 'mape': [(0, 192.60643005371094), (1, 31.456911087036133), (2, 22.320634841918945), (3, 20.383548736572266), (4, 21.110830307006836), (5, 20.42658805847168), (6, 19.296768188476562), (7, 19.44818878173828), (8, 19.896556854248047), (9, 19.126373291015625), (10, 19.420991897583008), (11, 19.087818145751953), (12, 19.459835052490234), (13, 19.533464431762695), (14, 19.367128372192383), (15, 19.910934448242188), (16, 21.900354385375977), (17, 19.885162353515625), (18, 21.8618106842041), (19, 21.18484878540039), (20, 21.02867889404297), (21, 20.82050132751465), (22, 21.06699562072754), (23, 21.197847366333008), (24, 20.87587547302246), (25, 21.211742401123047), (26, 21.457195281982422), (27, 23.61638069152832), (28, 21.683753967285156), (29, 22.494285583496094), (30, 21.813154220581055), (31, 21.238933563232422), (32, 20.56008529663086), (33, 20.406564712524414), (34, 20.552989959716797), (35, 20.543346405029297), (36, 20.747051239013672), (37, 19.311811447143555), (38, 19.456584930419922), (39, 19.35831069946289), (40, 19.345788955688477)], 'accuracy_10': [(0, 5.667001008987427), (1, 31.594783067703247), (2, 24.32296872138977), (3, 36.10832393169403), (4, 26.68004035949707), (5, 38.06419372558594), (6, 31.745237112045288), (7, 41.875627636909485), (8, 41.17352068424225), (9, 33.45035016536713), (10, 41.67502522468567), (11, 34.10230576992035), (12, 30.792376399040222), (13, 40.621864795684814), (14, 41.67502522468567), (15, 43.07923913002014), (16, 46.238717436790466), (17, 35.45636832714081), (18, 47.39217758178711), (19, 43.78134310245514), (20, 44.03209686279297), (21, 34.10230576992035), (22, 44.63390111923218), (23, 43.83149445056915), (24, 35.70712208747864), (25, 45.93781232833862), (26, 44.68405246734619), (27, 49.24774467945099), (28, 32.29689002037048), (29, 51.75526738166809), (30, 50.050151348114014), (31, 38.56569826602936), (32, 36.158475279808044), (33, 51.15346312522888), (34, 52.85857319831848), (35, 51.70511603355408), (36, 51.40421390533447), (37, 41.67502522468567), (38, 50.95285773277283), (39, 55.31594753265381), (40, 42.57773458957672)], 'accuracy_20': [(0, 11.384152621030807), (1, 59.17752981185913), (2, 49.04714226722717), (3, 64.59378004074097), (4, 51.805418729782104), (5, 65.04513621330261), (6, 60.130393505096436), (7, 69.55867409706116), (8, 69.30792331695557), (9, 63.340020179748535), (10, 68.65596771240234), (11, 62.487465143203735), (12, 61.38415336608887), (13, 68.40521693229675), (14, 68.40521693229675), (15, 68.95686984062195), (16, 70.8625853061676), (17, 60.83250045776367), (18, 70.16048431396484), (19, 68.05416345596313), (20, 68.10431480407715), (21, 59.628885984420776), (22, 67.0511543750763), (23, 66.29889607429504), (24, 59.628885984420776), (25, 66.85054898262024), (26, 65.59678912162781), (27, 68.05416345596313), (28, 54.36308979988098), (29, 66.64994955062866), (30, 67.10130572319031), (31, 60.481446981430054), (32, 61.38415336608887), (33, 69.90972757339478), (34, 69.50852274894714), (35, 69.90972757339478), (36, 70.71213722229004), (37, 65.74724316596985), (38, 72.26679921150208), (39, 73.31995964050293), (40, 67.20160245895386)]}
[2026-01-22 09:39:32,633][flwr][INFO] - Starting Flower simulation, config: ServerConfig(num_rounds=40, round_timeout=None)
[2026-01-22 09:39:40,560][flwr][INFO] - Flower VCE: Ray initialized with resources: {'memory': 12409785549.0, 'node:127.0.0.1': 1.0, 'object_store_memory': 2147483648.0, 'CPU': 10.0}
[2026-01-22 09:39:40,561][flwr][INFO] - Initializing global parameters
[2026-01-22 09:39:40,561][flwr][INFO] - Using initial parameters provided by strategy
[2026-01-22 09:39:40,561][flwr][INFO] - Evaluating initial parameters
[2026-01-22 09:39:40,990][flwr][INFO] - initial parameters (loss, other metrics): 4.134466124154859, {'rmse': 24250.156288156166, 'mae': 20810.46875, 'r2': -3.198612761198425, 'mape': 192.60643005371094, 'accuracy_10': 5.667001008987427, 'accuracy_20': 11.384152621030807}
[2026-01-22 09:39:40,990][flwr][INFO] - FL starting
[2026-01-22 09:39:40,991][flwr][DEBUG] - fit_round 1: strategy sampled 4 clients (out of 12)
[2026-01-22 09:39:51,684][flwr][DEBUG] - fit_round 1 received 4 results and 0 failures
[2026-01-22 09:39:51,687][flwr][WARNING] - No fit_metrics_aggregation_fn provided
[2026-01-22 09:39:52,118][flwr][INFO] - fit progress: (1, 0.33926882030612365, {'rmse': 6846.25094486026, 'mae': 4073.076171875, 'r2': 0.6653565338412539, 'mape': 24.225252151489258, 'accuracy_10': 27.53259837627411, 'accuracy_20': 50.8525550365448}, 11.12723833398195)
[2026-01-22 09:39:52,118][flwr][DEBUG] - evaluate_round 1: strategy sampled 4 clients (out of 12)
[2026-01-22 09:39:52,285][flwr][DEBUG] - evaluate_round 1 received 4 results and 0 failures
[2026-01-22 09:39:52,285][flwr][WARNING] - No evaluate_metrics_aggregation_fn provided
[2026-01-22 09:39:52,286][flwr][DEBUG] - fit_round 2: strategy sampled 4 clients (out of 12)
[2026-01-22 09:39:58,634][flwr][DEBUG] - fit_round 2 received 4 results and 0 failures
[2026-01-22 09:39:59,082][flwr][INFO] - fit progress: (2, 0.25345665016169533, {'rmse': 6299.345362813504, 'mae': 3442.41015625, 'r2': 0.716686311277164, 'mape': 20.9760799407959, 'accuracy_10': 39.769306778907776, 'accuracy_20': 65.74724316596985}, 18.09172204200877)
[2026-01-22 09:39:59,082][flwr][DEBUG] - evaluate_round 2: strategy sampled 4 clients (out of 12)
[2026-01-22 09:39:59,257][flwr][DEBUG] - evaluate_round 2 received 4 results and 0 failures
[2026-01-22 09:39:59,257][flwr][DEBUG] - fit_round 3: strategy sampled 4 clients (out of 12)
[2026-01-22 09:40:05,434][flwr][DEBUG] - fit_round 3 received 4 results and 0 failures
[2026-01-22 09:40:05,872][flwr][INFO] - fit progress: (3, 0.2732224278338814, {'rmse': 6736.95747351874, 'mae': 3591.6845703125, 'r2': 0.6759557359173016, 'mape': 21.73809814453125, 'accuracy_10': 43.32998991012573, 'accuracy_20': 66.39919877052307}, 24.882189667026978)
[2026-01-22 09:40:05,873][flwr][DEBUG] - evaluate_round 3: strategy sampled 4 clients (out of 12)
[2026-01-22 09:40:06,040][flwr][DEBUG] - evaluate_round 3 received 4 results and 0 failures
[2026-01-22 09:40:06,040][flwr][DEBUG] - fit_round 4: strategy sampled 4 clients (out of 12)
[2026-01-22 09:40:12,226][flwr][DEBUG] - fit_round 4 received 4 results and 0 failures
[2026-01-22 09:40:12,662][flwr][INFO] - fit progress: (4, 0.27305749832926207, {'rmse': 6766.613333123151, 'mae': 3893.8642578125, 'r2': 0.6730966003286591, 'mape': 20.919950485229492, 'accuracy_10': 31.544634699821472, 'accuracy_20': 56.870609521865845}, 31.671341124980245)
[2026-01-22 09:40:12,662][flwr][DEBUG] - evaluate_round 4: strategy sampled 4 clients (out of 12)
[2026-01-22 09:40:12,722][flwr][DEBUG] - evaluate_round 4 received 4 results and 0 failures
[2026-01-22 09:40:12,722][flwr][DEBUG] - fit_round 5: strategy sampled 4 clients (out of 12)
[2026-01-22 09:40:18,890][flwr][DEBUG] - fit_round 5 received 4 results and 0 failures
[2026-01-22 09:40:19,324][flwr][INFO] - fit progress: (5, 0.29031778592522905, {'rmse': 6891.863318435733, 'mae': 4002.7080078125, 'r2': 0.6608826429482731, 'mape': 21.555219650268555, 'accuracy_10': 29.78936731815338, 'accuracy_20': 55.416250228881836}, 38.33412050001789)
[2026-01-22 09:40:19,325][flwr][DEBUG] - evaluate_round 5: strategy sampled 4 clients (out of 12)
[2026-01-22 09:40:19,501][flwr][DEBUG] - evaluate_round 5 received 4 results and 0 failures
[2026-01-22 09:40:19,501][flwr][DEBUG] - fit_round 6: strategy sampled 4 clients (out of 12)
[2026-01-22 09:40:23,377][flwr][DEBUG] - fit_round 6 received 4 results and 0 failures
[2026-01-22 09:40:23,837][flwr][INFO] - fit progress: (6, 0.4249843229561177, {'rmse': 8415.947718468788, 'mae': 4637.92822265625, 'r2': 0.49431182344301694, 'mape': 22.152294158935547, 'accuracy_10': 29.38816547393799, 'accuracy_20': 50.50150156021118}, 42.84711991698714)
[2026-01-22 09:40:23,838][flwr][DEBUG] - evaluate_round 6: strategy sampled 4 clients (out of 12)
[2026-01-22 09:40:24,005][flwr][DEBUG] - evaluate_round 6 received 4 results and 0 failures
[2026-01-22 09:40:24,006][flwr][DEBUG] - fit_round 7: strategy sampled 4 clients (out of 12)
[2026-01-22 09:40:30,156][flwr][DEBUG] - fit_round 7 received 4 results and 0 failures
[2026-01-22 09:40:30,629][flwr][INFO] - fit progress: (7, 0.26762691008650075, {'rmse': 6633.39611360576, 'mae': 3686.965087890625, 'r2': 0.6858416720265987, 'mape': 21.456342697143555, 'accuracy_10': 38.515546917915344, 'accuracy_20': 63.79137635231018}, 49.63899362500524)
[2026-01-22 09:40:30,630][flwr][DEBUG] - evaluate_round 7: strategy sampled 4 clients (out of 12)
[2026-01-22 09:40:30,695][flwr][DEBUG] - evaluate_round 7 received 4 results and 0 failures
[2026-01-22 09:40:30,695][flwr][DEBUG] - fit_round 8: strategy sampled 4 clients (out of 12)
[2026-01-22 09:40:36,778][flwr][DEBUG] - fit_round 8 received 4 results and 0 failures
[2026-01-22 09:40:37,211][flwr][INFO] - fit progress: (8, 0.28698025743963723, {'rmse': 6944.557581300626, 'mae': 3813.7666015625, 'r2': 0.6556771242636791, 'mape': 22.4372615814209, 'accuracy_10': 41.92577600479126, 'accuracy_20': 64.29287791252136}, 56.22103416698519)
[2026-01-22 09:40:37,212][flwr][DEBUG] - evaluate_round 8: strategy sampled 4 clients (out of 12)
[2026-01-22 09:40:37,363][flwr][DEBUG] - evaluate_round 8 received 4 results and 0 failures
[2026-01-22 09:40:37,364][flwr][DEBUG] - fit_round 9: strategy sampled 4 clients (out of 12)
[2026-01-22 09:40:43,202][flwr][DEBUG] - fit_round 9 received 4 results and 0 failures
[2026-01-22 09:40:43,642][flwr][INFO] - fit progress: (9, 0.3277595933665005, {'rmse': 7348.359272653998, 'mae': 4345.5595703125, 'r2': 0.6144706080568167, 'mape': 23.244043350219727, 'accuracy_10': 30.341023206710815, 'accuracy_20': 54.663991928100586}, 62.65204879199155)
[2026-01-22 09:40:43,643][flwr][DEBUG] - evaluate_round 9: strategy sampled 4 clients (out of 12)
[2026-01-22 09:40:43,806][flwr][DEBUG] - evaluate_round 9 received 4 results and 0 failures
[2026-01-22 09:40:43,807][flwr][DEBUG] - fit_round 10: strategy sampled 4 clients (out of 12)
[2026-01-22 09:40:49,515][flwr][DEBUG] - fit_round 10 received 4 results and 0 failures
[2026-01-22 09:40:49,952][flwr][INFO] - fit progress: (10, 0.30290640209808034, {'rmse': 7200.457485465768, 'mae': 3952.68115234375, 'r2': 0.6298336770651304, 'mape': 23.465560913085938, 'accuracy_10': 39.769306778907776, 'accuracy_20': 64.59378004074097}, 68.9617788749747)
[2026-01-22 09:40:49,953][flwr][DEBUG] - evaluate_round 10: strategy sampled 4 clients (out of 12)
[2026-01-22 09:40:50,015][flwr][DEBUG] - evaluate_round 10 received 4 results and 0 failures
[2026-01-22 09:40:50,015][flwr][DEBUG] - fit_round 11: strategy sampled 4 clients (out of 12)
[2026-01-22 09:40:55,991][flwr][DEBUG] - fit_round 11 received 4 results and 0 failures
[2026-01-22 09:40:56,425][flwr][INFO] - fit progress: (11, 0.38778557337693487, {'rmse': 8446.15083928768, 'mae': 4327.5556640625, 'r2': 0.49067571280838773, 'mape': 27.743534088134766, 'accuracy_10': 43.229690194129944, 'accuracy_20': 65.99799394607544}, 75.43500291701639)
[2026-01-22 09:40:56,426][flwr][DEBUG] - evaluate_round 11: strategy sampled 4 clients (out of 12)
[2026-01-22 09:40:56,481][flwr][DEBUG] - evaluate_round 11 received 4 results and 0 failures
[2026-01-22 09:40:56,482][flwr][DEBUG] - fit_round 12: strategy sampled 4 clients (out of 12)
[2026-01-22 09:41:02,273][flwr][DEBUG] - fit_round 12 received 4 results and 0 failures
[2026-01-22 09:41:02,705][flwr][INFO] - fit progress: (12, 0.3449638701429817, {'rmse': 7849.784965207646, 'mae': 4528.90087890625, 'r2': 0.5600612358059573, 'mape': 23.418214797973633, 'accuracy_10': 31.945836544036865, 'accuracy_20': 52.908724546432495}, 81.71466416702606)
[2026-01-22 09:41:02,706][flwr][DEBUG] - evaluate_round 12: strategy sampled 4 clients (out of 12)
[2026-01-22 09:41:02,764][flwr][DEBUG] - evaluate_round 12 received 4 results and 0 failures
[2026-01-22 09:41:02,765][flwr][DEBUG] - fit_round 13: strategy sampled 4 clients (out of 12)
[2026-01-22 09:41:08,656][flwr][DEBUG] - fit_round 13 received 4 results and 0 failures
[2026-01-22 09:41:09,090][flwr][INFO] - fit progress: (13, 0.37609148219810684, {'rmse': 7840.875206250894, 'mae': 4661.5927734375, 'r2': 0.5610593447139884, 'mape': 24.338886260986328, 'accuracy_10': 29.88967001438141, 'accuracy_20': 51.85556411743164}, 88.10004258400295)
[2026-01-22 09:41:09,091][flwr][DEBUG] - evaluate_round 13: strategy sampled 4 clients (out of 12)
[2026-01-22 09:41:09,148][flwr][DEBUG] - evaluate_round 13 received 4 results and 0 failures
[2026-01-22 09:41:09,149][flwr][DEBUG] - fit_round 14: strategy sampled 4 clients (out of 12)
[2026-01-22 09:41:15,783][flwr][DEBUG] - fit_round 14 received 4 results and 0 failures
[2026-01-22 09:41:16,273][flwr][INFO] - fit progress: (14, 0.3874029149801107, {'rmse': 7951.752511239268, 'mae': 4483.74462890625, 'r2': 0.5485575231974965, 'mape': 25.610151290893555, 'accuracy_10': 40.67201614379883, 'accuracy_20': 60.481446981430054}, 95.2829138340312)
[2026-01-22 09:41:16,274][flwr][DEBUG] - evaluate_round 14: strategy sampled 4 clients (out of 12)
[2026-01-22 09:41:16,322][flwr][DEBUG] - evaluate_round 14 received 4 results and 0 failures
[2026-01-22 09:41:16,323][flwr][DEBUG] - fit_round 15: strategy sampled 4 clients (out of 12)
[2026-01-22 09:41:22,188][flwr][DEBUG] - fit_round 15 received 4 results and 0 failures
[2026-01-22 09:41:22,627][flwr][INFO] - fit progress: (15, 0.3667990908235939, {'rmse': 7765.1127486985015, 'mae': 4263.66162109375, 'r2': 0.5695008857087277, 'mape': 25.32321548461914, 'accuracy_10': 45.837512612342834, 'accuracy_20': 62.738215923309326}, 101.63652370899217)
[2026-01-22 09:41:22,627][flwr][DEBUG] - evaluate_round 15: strategy sampled 4 clients (out of 12)
[2026-01-22 09:41:22,689][flwr][DEBUG] - evaluate_round 15 received 4 results and 0 failures
[2026-01-22 09:41:22,690][flwr][DEBUG] - fit_round 16: strategy sampled 4 clients (out of 12)
[2026-01-22 09:41:28,436][flwr][DEBUG] - fit_round 16 received 4 results and 0 failures
[2026-01-22 09:41:28,988][flwr][INFO] - fit progress: (16, 0.36008904570173716, {'rmse': 7853.450706536586, 'mae': 4270.673828125, 'r2': 0.5596502359817146, 'mape': 25.151851654052734, 'accuracy_10': 44.232699275016785, 'accuracy_20': 63.28986883163452}, 107.99743562500225)
[2026-01-22 09:41:28,988][flwr][DEBUG] - evaluate_round 16: strategy sampled 4 clients (out of 12)
[2026-01-22 09:41:29,186][flwr][DEBUG] - evaluate_round 16 received 4 results and 0 failures
[2026-01-22 09:41:29,187][flwr][DEBUG] - fit_round 17: strategy sampled 4 clients (out of 12)
[2026-01-22 09:41:35,164][flwr][DEBUG] - fit_round 17 received 4 results and 0 failures
[2026-01-22 09:41:35,607][flwr][INFO] - fit progress: (17, 0.44197894756868106, {'rmse': 8522.905138507644, 'mae': 5019.66455078125, 'r2': 0.4813767097909474, 'mape': 25.608623504638672, 'accuracy_10': 30.441322922706604, 'accuracy_20': 50.65195560455322}, 114.61655133398017)
[2026-01-22 09:41:35,607][flwr][DEBUG] - evaluate_round 17: strategy sampled 4 clients (out of 12)
[2026-01-22 09:41:35,668][flwr][DEBUG] - evaluate_round 17 received 4 results and 0 failures
[2026-01-22 09:41:35,669][flwr][DEBUG] - fit_round 18: strategy sampled 4 clients (out of 12)
[2026-01-22 09:41:41,350][flwr][DEBUG] - fit_round 18 received 4 results and 0 failures
[2026-01-22 09:41:41,784][flwr][INFO] - fit progress: (18, 0.35251053842672014, {'rmse': 7712.633791384108, 'mae': 4281.294921875, 'r2': 0.5753001131745448, 'mape': 24.61949348449707, 'accuracy_10': 43.43028962612152, 'accuracy_20': 62.43731379508972}, 120.79388312500669)
[2026-01-22 09:41:41,785][flwr][DEBUG] - evaluate_round 18: strategy sampled 4 clients (out of 12)
[2026-01-22 09:41:41,843][flwr][DEBUG] - evaluate_round 18 received 4 results and 0 failures
[2026-01-22 09:41:41,844][flwr][DEBUG] - fit_round 19: strategy sampled 4 clients (out of 12)
[2026-01-22 09:41:47,614][flwr][DEBUG] - fit_round 19 received 4 results and 0 failures
[2026-01-22 09:41:48,051][flwr][INFO] - fit progress: (19, 0.4110040654509572, {'rmse': 8424.268751648418, 'mae': 4817.5849609375, 'r2': 0.49331136797589803, 'mape': 24.271818161010742, 'accuracy_10': 32.39719271659851, 'accuracy_20': 51.95586681365967}, 127.06030175002525)
[2026-01-22 09:41:48,051][flwr][DEBUG] - evaluate_round 19: strategy sampled 4 clients (out of 12)
[2026-01-22 09:41:48,107][flwr][DEBUG] - evaluate_round 19 received 4 results and 0 failures
[2026-01-22 09:41:48,107][flwr][DEBUG] - fit_round 20: strategy sampled 4 clients (out of 12)
[2026-01-22 09:41:54,288][flwr][DEBUG] - fit_round 20 received 4 results and 0 failures
[2026-01-22 09:41:54,723][flwr][INFO] - fit progress: (20, 0.3908456824308891, {'rmse': 8075.85091491912, 'mae': 4449.02978515625, 'r2': 0.5343567635693885, 'mape': 25.287464141845703, 'accuracy_10': 44.232699275016785, 'accuracy_20': 62.487465143203735}, 133.73237612500088)
[2026-01-22 09:41:54,723][flwr][DEBUG] - evaluate_round 20: strategy sampled 4 clients (out of 12)
[2026-01-22 09:41:54,781][flwr][DEBUG] - evaluate_round 20 received 4 results and 0 failures
[2026-01-22 09:41:54,781][flwr][DEBUG] - fit_round 21: strategy sampled 4 clients (out of 12)
[2026-01-22 09:42:00,627][flwr][DEBUG] - fit_round 21 received 4 results and 0 failures
[2026-01-22 09:42:01,089][flwr][INFO] - fit progress: (21, 0.3759808471667372, {'rmse': 8053.7248525138975, 'mae': 4269.31298828125, 'r2': 0.5369047747549665, 'mape': 25.060718536376953, 'accuracy_10': 49.197593331336975, 'accuracy_20': 63.69107365608215}, 140.0989947920316)
[2026-01-22 09:42:01,090][flwr][DEBUG] - evaluate_round 21: strategy sampled 4 clients (out of 12)
[2026-01-22 09:42:01,156][flwr][DEBUG] - evaluate_round 21 received 4 results and 0 failures
[2026-01-22 09:42:01,157][flwr][DEBUG] - fit_round 22: strategy sampled 4 clients (out of 12)
[2026-01-22 09:42:06,939][flwr][DEBUG] - fit_round 22 received 4 results and 0 failures
[2026-01-22 09:42:07,377][flwr][INFO] - fit progress: (22, 0.425857571834547, {'rmse': 8504.719630887312, 'mae': 4842.14208984375, 'r2': 0.4835875204355965, 'mape': 24.176311492919922, 'accuracy_10': 32.24674165248871, 'accuracy_20': 53.25977802276611}, 146.38701333402423)
[2026-01-22 09:42:07,378][flwr][DEBUG] - evaluate_round 22: strategy sampled 4 clients (out of 12)
[2026-01-22 09:42:07,434][flwr][DEBUG] - evaluate_round 22 received 4 results and 0 failures
[2026-01-22 09:42:07,434][flwr][DEBUG] - fit_round 23: strategy sampled 4 clients (out of 12)
[2026-01-22 09:42:13,737][flwr][DEBUG] - fit_round 23 received 4 results and 0 failures
[2026-01-22 09:42:14,172][flwr][INFO] - fit progress: (23, 0.4733889755328656, {'rmse': 8734.684424751704, 'mae': 5012.61767578125, 'r2': 0.4552827380777785, 'mape': 25.04952621459961, 'accuracy_10': 32.14643895626068, 'accuracy_20': 51.75526738166809}, 153.1811575840111)
[2026-01-22 09:42:14,172][flwr][DEBUG] - evaluate_round 23: strategy sampled 4 clients (out of 12)
[2026-01-22 09:42:14,230][flwr][DEBUG] - evaluate_round 23 received 4 results and 0 failures
[2026-01-22 09:42:14,231][flwr][DEBUG] - fit_round 24: strategy sampled 4 clients (out of 12)
[2026-01-22 09:42:20,296][flwr][DEBUG] - fit_round 24 received 4 results and 0 failures
[2026-01-22 09:42:20,724][flwr][INFO] - fit progress: (24, 0.4176576789898224, {'rmse': 8641.533660178615, 'mae': 4502.66015625, 'r2': 0.46683901360980806, 'mape': 27.8659610748291, 'accuracy_10': 48.194584250450134, 'accuracy_20': 63.089269399642944}, 159.73352766700555)
[2026-01-22 09:42:20,724][flwr][DEBUG] - evaluate_round 24: strategy sampled 4 clients (out of 12)
[2026-01-22 09:42:20,782][flwr][DEBUG] - evaluate_round 24 received 4 results and 0 failures
[2026-01-22 09:42:20,782][flwr][DEBUG] - fit_round 25: strategy sampled 4 clients (out of 12)
[2026-01-22 09:42:26,685][flwr][DEBUG] - fit_round 25 received 4 results and 0 failures
[2026-01-22 09:42:27,132][flwr][INFO] - fit progress: (25, 0.6036157040682097, {'rmse': 9861.867166008677, 'mae': 5283.96240234375, 'r2': 0.3056234819229301, 'mape': 24.062185287475586, 'accuracy_10': 30.842527747154236, 'accuracy_20': 51.15346312522888}, 166.14140875003068)
[2026-01-22 09:42:27,132][flwr][DEBUG] - evaluate_round 25: strategy sampled 4 clients (out of 12)
[2026-01-22 09:42:27,196][flwr][DEBUG] - evaluate_round 25 received 4 results and 0 failures
[2026-01-22 09:42:27,197][flwr][DEBUG] - fit_round 26: strategy sampled 4 clients (out of 12)
[2026-01-22 09:42:32,988][flwr][DEBUG] - fit_round 26 received 4 results and 0 failures
[2026-01-22 09:42:33,427][flwr][INFO] - fit progress: (26, 0.7094032434726072, {'rmse': 10363.714778012756, 'mae': 5518.2216796875, 'r2': 0.2331549322677452, 'mape': 24.67608070373535, 'accuracy_10': 30.742228031158447, 'accuracy_20': 49.89970028400421}, 172.4366961250198)
[2026-01-22 09:42:33,428][flwr][DEBUG] - evaluate_round 26: strategy sampled 4 clients (out of 12)
[2026-01-22 09:42:33,488][flwr][DEBUG] - evaluate_round 26 received 4 results and 0 failures
[2026-01-22 09:42:33,489][flwr][DEBUG] - fit_round 27: strategy sampled 4 clients (out of 12)
[2026-01-22 09:42:39,241][flwr][DEBUG] - fit_round 27 received 4 results and 0 failures
[2026-01-22 09:42:39,691][flwr][INFO] - fit progress: (27, 0.34333223892878384, {'rmse': 7700.488296205637, 'mae': 4064.101806640625, 'r2': 0.5766366545670258, 'mape': 23.144086837768555, 'accuracy_10': 48.59578609466553, 'accuracy_20': 64.94483351707458}, 178.70008029200835)
[2026-01-22 09:42:39,691][flwr][DEBUG] - evaluate_round 27: strategy sampled 4 clients (out of 12)
[2026-01-22 09:42:39,754][flwr][DEBUG] - evaluate_round 27 received 4 results and 0 failures
[2026-01-22 09:42:39,755][flwr][DEBUG] - fit_round 28: strategy sampled 4 clients (out of 12)
[2026-01-22 09:42:45,707][flwr][DEBUG] - fit_round 28 received 4 results and 0 failures
[2026-01-22 09:42:46,142][flwr][INFO] - fit progress: (28, 0.37921049300144044, {'rmse': 8096.789240186507, 'mae': 4250.73046875, 'r2': 0.531939074409154, 'mape': 23.686283111572266, 'accuracy_10': 50.702106952667236, 'accuracy_20': 63.941824436187744}, 185.15127320901956)
[2026-01-22 09:42:46,142][flwr][DEBUG] - evaluate_round 28: strategy sampled 4 clients (out of 12)
[2026-01-22 09:42:46,198][flwr][DEBUG] - evaluate_round 28 received 4 results and 0 failures
[2026-01-22 09:42:46,198][flwr][DEBUG] - fit_round 29: strategy sampled 4 clients (out of 12)
[2026-01-22 09:42:52,122][flwr][DEBUG] - fit_round 29 received 4 results and 0 failures
[2026-01-22 09:42:52,556][flwr][INFO] - fit progress: (29, 0.3927723285531926, {'rmse': 8187.372228010646, 'mae': 4308.724609375, 'r2': 0.5214075998947802, 'mape': 23.85411262512207, 'accuracy_10': 50.90270638465881, 'accuracy_20': 64.39318060874939}, 191.5653423339827)
[2026-01-22 09:42:52,556][flwr][DEBUG] - evaluate_round 29: strategy sampled 4 clients (out of 12)
[2026-01-22 09:42:52,617][flwr][DEBUG] - evaluate_round 29 received 4 results and 0 failures
[2026-01-22 09:42:52,617][flwr][DEBUG] - fit_round 30: strategy sampled 4 clients (out of 12)
[2026-01-22 09:42:58,617][flwr][DEBUG] - fit_round 30 received 4 results and 0 failures
[2026-01-22 09:42:59,056][flwr][INFO] - fit progress: (30, 0.4059397948601301, {'rmse': 8336.405940211886, 'mae': 4416.1220703125, 'r2': 0.5038255366169986, 'mape': 24.23661231994629, 'accuracy_10': 47.342026233673096, 'accuracy_20': 64.54362869262695}, 198.06568254198646)
[2026-01-22 09:42:59,057][flwr][DEBUG] - evaluate_round 30: strategy sampled 4 clients (out of 12)
[2026-01-22 09:42:59,134][flwr][DEBUG] - evaluate_round 30 received 4 results and 0 failures
[2026-01-22 09:42:59,135][flwr][DEBUG] - fit_round 31: strategy sampled 4 clients (out of 12)
[2026-01-22 09:43:02,787][flwr][DEBUG] - fit_round 31 received 4 results and 0 failures
[2026-01-22 09:43:03,230][flwr][INFO] - fit progress: (31, 0.7143225799293192, {'rmse': 10567.29672148937, 'mae': 5325.6982421875, 'r2': 0.20273167636538647, 'mape': 23.686134338378906, 'accuracy_10': 28.886660933494568, 'accuracy_20': 54.01203632354736}, 202.23938275000546)
[2026-01-22 09:43:03,230][flwr][DEBUG] - evaluate_round 31: strategy sampled 4 clients (out of 12)
[2026-01-22 09:43:03,288][flwr][DEBUG] - evaluate_round 31 received 4 results and 0 failures
[2026-01-22 09:43:03,289][flwr][DEBUG] - fit_round 32: strategy sampled 4 clients (out of 12)
[2026-01-22 09:43:09,056][flwr][DEBUG] - fit_round 32 received 4 results and 0 failures
[2026-01-22 09:43:09,506][flwr][INFO] - fit progress: (32, 0.46911385508932346, {'rmse': 8816.589816930353, 'mae': 4806.0009765625, 'r2': 0.44501918194726386, 'mape': 22.986967086791992, 'accuracy_10': 34.15245711803436, 'accuracy_20': 56.97091221809387}, 208.5159108340158)
[2026-01-22 09:43:09,507][flwr][DEBUG] - evaluate_round 32: strategy sampled 4 clients (out of 12)
[2026-01-22 09:43:09,577][flwr][DEBUG] - evaluate_round 32 received 4 results and 0 failures
[2026-01-22 09:43:09,578][flwr][DEBUG] - fit_round 33: strategy sampled 4 clients (out of 12)
[2026-01-22 09:43:15,263][flwr][DEBUG] - fit_round 33 received 4 results and 0 failures
[2026-01-22 09:43:15,702][flwr][INFO] - fit progress: (33, 0.3794871518162332, {'rmse': 8570.417492747947, 'mae': 4629.3408203125, 'r2': 0.4755783036208111, 'mape': 28.62808609008789, 'accuracy_10': 31.344032287597656, 'accuracy_20': 64.74423408508301}, 214.71116679202532)
[2026-01-22 09:43:15,702][flwr][DEBUG] - evaluate_round 33: strategy sampled 4 clients (out of 12)
[2026-01-22 09:43:15,768][flwr][DEBUG] - evaluate_round 33 received 4 results and 0 failures
[2026-01-22 09:43:15,769][flwr][DEBUG] - fit_round 34: strategy sampled 4 clients (out of 12)
[2026-01-22 09:43:21,484][flwr][DEBUG] - fit_round 34 received 4 results and 0 failures
[2026-01-22 09:43:21,924][flwr][INFO] - fit progress: (34, 0.3868171562223042, {'rmse': 8327.762724765878, 'mae': 4474.7451171875, 'r2': 0.5048538574732861, 'mape': 21.87302017211914, 'accuracy_10': 38.61584663391113, 'accuracy_20': 61.43430471420288}, 220.9333313750103)
[2026-01-22 09:43:21,924][flwr][DEBUG] - evaluate_round 34: strategy sampled 4 clients (out of 12)
[2026-01-22 09:43:21,978][flwr][DEBUG] - evaluate_round 34 received 4 results and 0 failures
[2026-01-22 09:43:21,979][flwr][DEBUG] - fit_round 35: strategy sampled 4 clients (out of 12)
[2026-01-22 09:43:27,811][flwr][DEBUG] - fit_round 35 received 4 results and 0 failures
[2026-01-22 09:43:28,243][flwr][INFO] - fit progress: (35, 0.4072116509662827, {'rmse': 8555.146755024136, 'mae': 4538.66015625, 'r2': 0.47744546068703964, 'mape': 21.89191436767578, 'accuracy_10': 38.21464478969574, 'accuracy_20': 60.83250045776367}, 227.25271595898084)
[2026-01-22 09:43:28,243][flwr][DEBUG] - evaluate_round 35: strategy sampled 4 clients (out of 12)
[2026-01-22 09:43:28,311][flwr][DEBUG] - evaluate_round 35 received 4 results and 0 failures
[2026-01-22 09:43:28,311][flwr][DEBUG] - fit_round 36: strategy sampled 4 clients (out of 12)
[2026-01-22 09:43:31,911][flwr][DEBUG] - fit_round 36 received 4 results and 0 failures
[2026-01-22 09:43:32,343][flwr][INFO] - fit progress: (36, 0.3635053331538691, {'rmse': 8332.457500641693, 'mae': 4381.482421875, 'r2': 0.5042954350743472, 'mape': 21.334474563598633, 'accuracy_10': 35.70712208747864, 'accuracy_20': 60.03009080886841}, 231.3526084999903)
[2026-01-22 09:43:32,343][flwr][DEBUG] - evaluate_round 36: strategy sampled 4 clients (out of 12)
[2026-01-22 09:43:32,394][flwr][DEBUG] - evaluate_round 36 received 4 results and 0 failures
[2026-01-22 09:43:32,395][flwr][DEBUG] - fit_round 37: strategy sampled 4 clients (out of 12)
[2026-01-22 09:43:38,349][flwr][DEBUG] - fit_round 37 received 4 results and 0 failures
[2026-01-22 09:43:38,784][flwr][INFO] - fit progress: (37, 0.41972397403827044, {'rmse': 8730.382809476341, 'mae': 4602.71337890625, 'r2': 0.45581910282129146, 'mape': 21.793855667114258, 'accuracy_10': 38.264793157577515, 'accuracy_20': 61.584752798080444}, 237.79320095898584)
[2026-01-22 09:43:38,784][flwr][DEBUG] - evaluate_round 37: strategy sampled 4 clients (out of 12)
[2026-01-22 09:43:38,847][flwr][DEBUG] - evaluate_round 37 received 4 results and 0 failures
[2026-01-22 09:43:38,847][flwr][DEBUG] - fit_round 38: strategy sampled 4 clients (out of 12)
[2026-01-22 09:43:42,426][flwr][DEBUG] - fit_round 38 received 4 results and 0 failures
[2026-01-22 09:43:42,919][flwr][INFO] - fit progress: (38, 0.3495473730767383, {'rmse': 8371.788339417093, 'mae': 4279.92333984375, 'r2': 0.4996047221216461, 'mape': 20.71152687072754, 'accuracy_10': 36.25877499580383, 'accuracy_20': 61.43430471420288}, 241.9282027920126)
[2026-01-22 09:43:42,919][flwr][DEBUG] - evaluate_round 38: strategy sampled 4 clients (out of 12)
[2026-01-22 09:43:42,983][flwr][DEBUG] - evaluate_round 38 received 4 results and 0 failures
[2026-01-22 09:43:42,983][flwr][DEBUG] - fit_round 39: strategy sampled 4 clients (out of 12)
[2026-01-22 09:43:48,731][flwr][DEBUG] - fit_round 39 received 4 results and 0 failures
[2026-01-22 09:43:49,165][flwr][INFO] - fit progress: (39, 0.27560389703634747, {'rmse': 7405.802859920051, 'mae': 3564.8603515625, 'r2': 0.6084195361368927, 'mape': 19.523109436035156, 'accuracy_10': 56.92076086997986, 'accuracy_20': 73.42026233673096}, 248.17485241702525)
[2026-01-22 09:43:49,166][flwr][DEBUG] - evaluate_round 39: strategy sampled 4 clients (out of 12)
[2026-01-22 09:43:49,225][flwr][DEBUG] - evaluate_round 39 received 4 results and 0 failures
[2026-01-22 09:43:49,225][flwr][DEBUG] - fit_round 40: strategy sampled 4 clients (out of 12)
[2026-01-22 09:43:52,817][flwr][DEBUG] - fit_round 40 received 4 results and 0 failures
[2026-01-22 09:43:53,253][flwr][INFO] - fit progress: (40, 0.33217542323329624, {'rmse': 8215.392869485913, 'mae': 4164.513671875, 'r2': 0.518126142334296, 'mape': 20.0125732421875, 'accuracy_10': 37.913742661476135, 'accuracy_20': 63.28986883163452}, 252.26206087501487)
[2026-01-22 09:43:53,253][flwr][DEBUG] - evaluate_round 40: strategy sampled 4 clients (out of 12)
[2026-01-22 09:43:53,437][flwr][DEBUG] - evaluate_round 40 received 4 results and 0 failures
[2026-01-22 09:43:53,438][flwr][INFO] - FL finished in 252.4470972919953
[2026-01-22 09:43:53,439][flwr][INFO] - app_fit: losses_distributed [(1, 0.31193294734149785), (2, 0.2413761182992815), (3, 0.3935652426271527), (4, 0.22390568660759128), (5, 0.48573800396512856), (6, 0.26253289208461195), (7, 0.192107218390393), (8, 0.37400936389920014), (9, 0.2755622279405178), (10, 0.4368535158513435), (11, 0.3699510666916025), (12, 0.37010432927516), (13, 0.40084754925966265), (14, 0.7060491759120748), (15, 0.4707431537625582), (16, 0.34490918140444493), (17, 0.39272580369984433), (18, 0.40807185863906686), (19, 0.34765821374182043), (20, 0.5956227738442349), (21, 0.4051799071611653), (22, 0.8434669776532635), (23, 0.4946853562842968), (24, 0.4208465641433442), (25, 0.5026832196130374), (26, 0.5819095927247099), (27, 0.20406249176655242), (28, 0.8672073245355764), (29, 0.5864157446595872), (30, 0.5340517850220203), (31, 0.4743474239010864), (32, 0.8070889445125754), (33, 0.36562059366065197), (34, 0.362824978393929), (35, 0.44367628999882275), (36, 0.4047945982752702), (37, 0.40473751637904615), (38, 0.1244138563438796), (39, 0.26082302248483435), (40, 0.44861379362816034)]
[2026-01-22 09:43:53,439][flwr][INFO] - app_fit: metrics_distributed_fit {'scaffold_updates': [(1, 4), (2, 4), (3, 4), (4, 4), (5, 4), (6, 4), (7, 4), (8, 4), (9, 4), (10, 4), (11, 4), (12, 4), (13, 4), (14, 4), (15, 4), (16, 4), (17, 4), (18, 4), (19, 4), (20, 4), (21, 4), (22, 4), (23, 4), (24, 4), (25, 4), (26, 4), (27, 4), (28, 4), (29, 4), (30, 4), (31, 4), (32, 4), (33, 4), (34, 4), (35, 4), (36, 4), (37, 4), (38, 4), (39, 4), (40, 4)], 'avg_control_delta_norm': [(1, 0.001521784467352265), (2, 0.0009247435500904208), (3, 0.0007451203296584395), (4, 0.0007218796816340535), (5, 0.0006518419525042111), (6, 0.0007030550411975348), (7, 0.000767649595076008), (8, 0.0005627646757796494), (9, 0.0006222434258845649), (10, 0.0008106322741218279), (11, 0.0007581526675513839), (12, 0.0007131536796105331), (13, 0.0005485433617184287), (14, 0.00042851298266486303), (15, 0.0007530049756809256), (16, 0.0006806543315699467), (17, 0.000703375368740316), (18, 0.0009682259244175149), (19, 0.0005801310262066306), (20, 0.0005997481138406546), (21, 0.0007452213029846102), (22, 0.0006287785880725339), (23, 0.0005017894133567455), (24, 0.0011749705708863718), (25, 0.0011758761465044706), (26, 0.0005835370903060662), (27, 0.001468005649155033), (28, 0.00046478449173812314), (29, 0.00048010114045664), (30, 0.0004860260869188805), (31, 0.0008224442954559119), (32, 0.0007861202421250669), (33, 0.0017946794810899615), (34, 0.0008592260989747374), (35, 0.0005097026274891051), (36, 0.0008433736186773436), (37, 0.0005110787032935751), (38, 0.0009777314301929571), (39, 0.0008990262143277224), (40, 0.0005814778773316594)]}
[2026-01-22 09:43:53,439][flwr][INFO] - app_fit: metrics_distributed {}
[2026-01-22 09:43:53,439][flwr][INFO] - app_fit: losses_centralized [(0, 4.134466124154859), (1, 0.33926882030612365), (2, 0.25345665016169533), (3, 0.2732224278338814), (4, 0.27305749832926207), (5, 0.29031778592522905), (6, 0.4249843229561177), (7, 0.26762691008650075), (8, 0.28698025743963723), (9, 0.3277595933665005), (10, 0.30290640209808034), (11, 0.38778557337693487), (12, 0.3449638701429817), (13, 0.37609148219810684), (14, 0.3874029149801107), (15, 0.3667990908235939), (16, 0.36008904570173716), (17, 0.44197894756868106), (18, 0.35251053842672014), (19, 0.4110040654509572), (20, 0.3908456824308891), (21, 0.3759808471667372), (22, 0.425857571834547), (23, 0.4733889755328656), (24, 0.4176576789898224), (25, 0.6036157040682097), (26, 0.7094032434726072), (27, 0.34333223892878384), (28, 0.37921049300144044), (29, 0.3927723285531926), (30, 0.4059397948601301), (31, 0.7143225799293192), (32, 0.46911385508932346), (33, 0.3794871518162332), (34, 0.3868171562223042), (35, 0.4072116509662827), (36, 0.3635053331538691), (37, 0.41972397403827044), (38, 0.3495473730767383), (39, 0.27560389703634747), (40, 0.33217542323329624)]
[2026-01-22 09:43:53,440][flwr][INFO] - app_fit: metrics_centralized {'rmse': [(0, 24250.156288156166), (1, 6846.25094486026), (2, 6299.345362813504), (3, 6736.95747351874), (4, 6766.613333123151), (5, 6891.863318435733), (6, 8415.947718468788), (7, 6633.39611360576), (8, 6944.557581300626), (9, 7348.359272653998), (10, 7200.457485465768), (11, 8446.15083928768), (12, 7849.784965207646), (13, 7840.875206250894), (14, 7951.752511239268), (15, 7765.1127486985015), (16, 7853.450706536586), (17, 8522.905138507644), (18, 7712.633791384108), (19, 8424.268751648418), (20, 8075.85091491912), (21, 8053.7248525138975), (22, 8504.719630887312), (23, 8734.684424751704), (24, 8641.533660178615), (25, 9861.867166008677), (26, 10363.714778012756), (27, 7700.488296205637), (28, 8096.789240186507), (29, 8187.372228010646), (30, 8336.405940211886), (31, 10567.29672148937), (32, 8816.589816930353), (33, 8570.417492747947), (34, 8327.762724765878), (35, 8555.146755024136), (36, 8332.457500641693), (37, 8730.382809476341), (38, 8371.788339417093), (39, 7405.802859920051), (40, 8215.392869485913)], 'mae': [(0, 20810.46875), (1, 4073.076171875), (2, 3442.41015625), (3, 3591.6845703125), (4, 3893.8642578125), (5, 4002.7080078125), (6, 4637.92822265625), (7, 3686.965087890625), (8, 3813.7666015625), (9, 4345.5595703125), (10, 3952.68115234375), (11, 4327.5556640625), (12, 4528.90087890625), (13, 4661.5927734375), (14, 4483.74462890625), (15, 4263.66162109375), (16, 4270.673828125), (17, 5019.66455078125), (18, 4281.294921875), (19, 4817.5849609375), (20, 4449.02978515625), (21, 4269.31298828125), (22, 4842.14208984375), (23, 5012.61767578125), (24, 4502.66015625), (25, 5283.96240234375), (26, 5518.2216796875), (27, 4064.101806640625), (28, 4250.73046875), (29, 4308.724609375), (30, 4416.1220703125), (31, 5325.6982421875), (32, 4806.0009765625), (33, 4629.3408203125), (34, 4474.7451171875), (35, 4538.66015625), (36, 4381.482421875), (37, 4602.71337890625), (38, 4279.92333984375), (39, 3564.8603515625), (40, 4164.513671875)], 'r2': [(0, -3.198612761198425), (1, 0.6653565338412539), (2, 0.716686311277164), (3, 0.6759557359173016), (4, 0.6730966003286591), (5, 0.6608826429482731), (6, 0.49431182344301694), (7, 0.6858416720265987), (8, 0.6556771242636791), (9, 0.6144706080568167), (10, 0.6298336770651304), (11, 0.49067571280838773), (12, 0.5600612358059573), (13, 0.5610593447139884), (14, 0.5485575231974965), (15, 0.5695008857087277), (16, 0.5596502359817146), (17, 0.4813767097909474), (18, 0.5753001131745448), (19, 0.49331136797589803), (20, 0.5343567635693885), (21, 0.5369047747549665), (22, 0.4835875204355965), (23, 0.4552827380777785), (24, 0.46683901360980806), (25, 0.3056234819229301), (26, 0.2331549322677452), (27, 0.5766366545670258), (28, 0.531939074409154), (29, 0.5214075998947802), (30, 0.5038255366169986), (31, 0.20273167636538647), (32, 0.44501918194726386), (33, 0.4755783036208111), (34, 0.5048538574732861), (35, 0.47744546068703964), (36, 0.5042954350743472), (37, 0.45581910282129146), (38, 0.4996047221216461), (39, 0.6084195361368927), (40, 0.518126142334296)], 'mape': [(0, 192.60643005371094), (1, 24.225252151489258), (2, 20.9760799407959), (3, 21.73809814453125), (4, 20.919950485229492), (5, 21.555219650268555), (6, 22.152294158935547), (7, 21.456342697143555), (8, 22.4372615814209), (9, 23.244043350219727), (10, 23.465560913085938), (11, 27.743534088134766), (12, 23.418214797973633), (13, 24.338886260986328), (14, 25.610151290893555), (15, 25.32321548461914), (16, 25.151851654052734), (17, 25.608623504638672), (18, 24.61949348449707), (19, 24.271818161010742), (20, 25.287464141845703), (21, 25.060718536376953), (22, 24.176311492919922), (23, 25.04952621459961), (24, 27.8659610748291), (25, 24.062185287475586), (26, 24.67608070373535), (27, 23.144086837768555), (28, 23.686283111572266), (29, 23.85411262512207), (30, 24.23661231994629), (31, 23.686134338378906), (32, 22.986967086791992), (33, 28.62808609008789), (34, 21.87302017211914), (35, 21.89191436767578), (36, 21.334474563598633), (37, 21.793855667114258), (38, 20.71152687072754), (39, 19.523109436035156), (40, 20.0125732421875)], 'accuracy_10': [(0, 5.667001008987427), (1, 27.53259837627411), (2, 39.769306778907776), (3, 43.32998991012573), (4, 31.544634699821472), (5, 29.78936731815338), (6, 29.38816547393799), (7, 38.515546917915344), (8, 41.92577600479126), (9, 30.341023206710815), (10, 39.769306778907776), (11, 43.229690194129944), (12, 31.945836544036865), (13, 29.88967001438141), (14, 40.67201614379883), (15, 45.837512612342834), (16, 44.232699275016785), (17, 30.441322922706604), (18, 43.43028962612152), (19, 32.39719271659851), (20, 44.232699275016785), (21, 49.197593331336975), (22, 32.24674165248871), (23, 32.14643895626068), (24, 48.194584250450134), (25, 30.842527747154236), (26, 30.742228031158447), (27, 48.59578609466553), (28, 50.702106952667236), (29, 50.90270638465881), (30, 47.342026233673096), (31, 28.886660933494568), (32, 34.15245711803436), (33, 31.344032287597656), (34, 38.61584663391113), (35, 38.21464478969574), (36, 35.70712208747864), (37, 38.264793157577515), (38, 36.25877499580383), (39, 56.92076086997986), (40, 37.913742661476135)], 'accuracy_20': [(0, 11.384152621030807), (1, 50.8525550365448), (2, 65.74724316596985), (3, 66.39919877052307), (4, 56.870609521865845), (5, 55.416250228881836), (6, 50.50150156021118), (7, 63.79137635231018), (8, 64.29287791252136), (9, 54.663991928100586), (10, 64.59378004074097), (11, 65.99799394607544), (12, 52.908724546432495), (13, 51.85556411743164), (14, 60.481446981430054), (15, 62.738215923309326), (16, 63.28986883163452), (17, 50.65195560455322), (18, 62.43731379508972), (19, 51.95586681365967), (20, 62.487465143203735), (21, 63.69107365608215), (22, 53.25977802276611), (23, 51.75526738166809), (24, 63.089269399642944), (25, 51.15346312522888), (26, 49.89970028400421), (27, 64.94483351707458), (28, 63.941824436187744), (29, 64.39318060874939), (30, 64.54362869262695), (31, 54.01203632354736), (32, 56.97091221809387), (33, 64.74423408508301), (34, 61.43430471420288), (35, 60.83250045776367), (36, 60.03009080886841), (37, 61.584752798080444), (38, 61.43430471420288), (39, 73.42026233673096), (40, 63.28986883163452)]}
[2026-01-22 09:43:54,154][flwr][INFO] - Starting Flower simulation, config: ServerConfig(num_rounds=40, round_timeout=None)
[2026-01-22 09:44:01,900][flwr][INFO] - Flower VCE: Ray initialized with resources: {'CPU': 10.0, 'object_store_memory': 2147483648.0, 'memory': 12265673114.0, 'node:127.0.0.1': 1.0}
[2026-01-22 09:44:01,901][flwr][INFO] - Initializing global parameters
[2026-01-22 09:44:01,901][flwr][INFO] - Using initial parameters provided by strategy
[2026-01-22 09:44:01,901][flwr][INFO] - Evaluating initial parameters
[2026-01-22 09:44:02,338][flwr][INFO] - initial parameters (loss, other metrics): 4.134466124154859, {'rmse': 24250.156288156166, 'mae': 20810.46875, 'r2': -3.198612761198425, 'mape': 192.60643005371094, 'accuracy_10': 5.667001008987427, 'accuracy_20': 11.384152621030807}
[2026-01-22 09:44:02,338][flwr][INFO] - FL starting
[2026-01-22 09:44:02,339][flwr][DEBUG] - fit_round 1: strategy sampled 4 clients (out of 12)
[2026-01-22 09:44:18,533][flwr][DEBUG] - fit_round 1 received 4 results and 0 failures
[2026-01-22 09:44:18,537][flwr][WARNING] - No fit_metrics_aggregation_fn provided
[2026-01-22 09:44:18,971][flwr][INFO] - fit progress: (1, 0.3545759626950998, {'rmse': 6960.765475147112, 'mae': 4122.8447265625, 'r2': 0.6540680007011519, 'mape': 24.770490646362305, 'accuracy_10': 26.42928659915924, 'accuracy_20': 50.75225830078125}, 16.633131874958053)
[2026-01-22 09:44:18,971][flwr][DEBUG] - evaluate_round 1: strategy sampled 4 clients (out of 12)
[2026-01-22 09:44:19,141][flwr][DEBUG] - evaluate_round 1 received 4 results and 0 failures
[2026-01-22 09:44:19,141][flwr][WARNING] - No evaluate_metrics_aggregation_fn provided
[2026-01-22 09:44:19,141][flwr][DEBUG] - fit_round 2: strategy sampled 4 clients (out of 12)
[2026-01-22 09:44:30,202][flwr][DEBUG] - fit_round 2 received 4 results and 0 failures
[2026-01-22 09:44:30,644][flwr][INFO] - fit progress: (2, 0.3162032685493873, {'rmse': 7383.0110388648345, 'mae': 3960.28466796875, 'r2': 0.6108260498094711, 'mape': 24.673606872558594, 'accuracy_10': 40.270811319351196, 'accuracy_20': 65.74724316596985}, 28.305937249970157)
[2026-01-22 09:44:30,644][flwr][DEBUG] - evaluate_round 2: strategy sampled 4 clients (out of 12)
[2026-01-22 09:44:30,806][flwr][DEBUG] - evaluate_round 2 received 4 results and 0 failures
[2026-01-22 09:44:30,807][flwr][DEBUG] - fit_round 3: strategy sampled 4 clients (out of 12)
[2026-01-22 09:44:41,997][flwr][DEBUG] - fit_round 3 received 4 results and 0 failures
[2026-01-22 09:44:42,430][flwr][INFO] - fit progress: (3, 0.355743537769992, {'rmse': 8284.84495932181, 'mae': 4266.9580078125, 'r2': 0.5099442774346196, 'mape': 26.420583724975586, 'accuracy_10': 42.57773458957672, 'accuracy_20': 67.40220785140991}, 40.092304082994815)
[2026-01-22 09:44:42,431][flwr][DEBUG] - evaluate_round 3: strategy sampled 4 clients (out of 12)
[2026-01-22 09:44:42,615][flwr][DEBUG] - evaluate_round 3 received 4 results and 0 failures
[2026-01-22 09:44:42,616][flwr][DEBUG] - fit_round 4: strategy sampled 4 clients (out of 12)
[2026-01-22 09:44:53,303][flwr][DEBUG] - fit_round 4 received 4 results and 0 failures
[2026-01-22 09:44:53,741][flwr][INFO] - fit progress: (4, 0.40955308979468696, {'rmse': 9038.05819852915, 'mae': 4596.19091796875, 'r2': 0.4167872602491248, 'mape': 29.312589645385742, 'accuracy_10': 42.126378417015076, 'accuracy_20': 66.59979820251465}, 51.4028105000034)
[2026-01-22 09:44:53,742][flwr][DEBUG] - evaluate_round 4: strategy sampled 4 clients (out of 12)
[2026-01-22 09:44:53,910][flwr][DEBUG] - evaluate_round 4 received 4 results and 0 failures
[2026-01-22 09:44:53,911][flwr][DEBUG] - fit_round 5: strategy sampled 4 clients (out of 12)
[2026-01-22 09:45:04,868][flwr][DEBUG] - fit_round 5 received 4 results and 0 failures
[2026-01-22 09:45:05,303][flwr][INFO] - fit progress: (5, 0.27249710469571137, {'rmse': 7184.6503046425305, 'mae': 4071.25732421875, 'r2': 0.6314571439700822, 'mape': 21.464052200317383, 'accuracy_10': 33.65095257759094, 'accuracy_20': 57.22166299819946}, 62.96460137498798)
[2026-01-22 09:45:05,303][flwr][DEBUG] - evaluate_round 5: strategy sampled 4 clients (out of 12)
[2026-01-22 09:45:05,487][flwr][DEBUG] - evaluate_round 5 received 4 results and 0 failures
[2026-01-22 09:45:05,487][flwr][DEBUG] - fit_round 6: strategy sampled 4 clients (out of 12)
[2026-01-22 09:45:16,180][flwr][DEBUG] - fit_round 6 received 4 results and 0 failures
[2026-01-22 09:45:16,620][flwr][INFO] - fit progress: (6, 0.3727928508323437, {'rmse': 8444.917051102397, 'mae': 4229.29833984375, 'r2': 0.4908244846545595, 'mape': 27.2885684967041, 'accuracy_10': 44.232699275016785, 'accuracy_20': 69.80943083763123}, 74.28177974995924)
[2026-01-22 09:45:16,620][flwr][DEBUG] - evaluate_round 6: strategy sampled 4 clients (out of 12)
[2026-01-22 09:45:16,781][flwr][DEBUG] - evaluate_round 6 received 4 results and 0 failures
[2026-01-22 09:45:16,782][flwr][DEBUG] - fit_round 7: strategy sampled 4 clients (out of 12)
[2026-01-22 09:45:28,170][flwr][DEBUG] - fit_round 7 received 4 results and 0 failures
[2026-01-22 09:45:28,604][flwr][INFO] - fit progress: (7, 0.39545531425935215, {'rmse': 8841.505754112248, 'mae': 4371.30859375, 'r2': 0.4418779606242692, 'mape': 27.649188995361328, 'accuracy_10': 45.78736126422882, 'accuracy_20': 70.41123509407043}, 86.26606879197061)
[2026-01-22 09:45:28,604][flwr][DEBUG] - evaluate_round 7: strategy sampled 4 clients (out of 12)
[2026-01-22 09:45:28,764][flwr][DEBUG] - evaluate_round 7 received 4 results and 0 failures
[2026-01-22 09:45:28,764][flwr][DEBUG] - fit_round 8: strategy sampled 4 clients (out of 12)
[2026-01-22 09:45:39,466][flwr][DEBUG] - fit_round 8 received 4 results and 0 failures
[2026-01-22 09:45:39,904][flwr][INFO] - fit progress: (8, 0.3976723775940171, {'rmse': 8439.045917637846, 'mae': 4857.6435546875, 'r2': 0.4915322655394423, 'mape': 23.596923828125, 'accuracy_10': 26.07823610305786, 'accuracy_20': 47.342026233673096}, 97.56649070797721)
[2026-01-22 09:45:39,905][flwr][DEBUG] - evaluate_round 8: strategy sampled 4 clients (out of 12)
[2026-01-22 09:45:40,066][flwr][DEBUG] - evaluate_round 8 received 4 results and 0 failures
[2026-01-22 09:45:40,067][flwr][DEBUG] - fit_round 9: strategy sampled 4 clients (out of 12)
[2026-01-22 09:45:51,457][flwr][DEBUG] - fit_round 9 received 4 results and 0 failures
[2026-01-22 09:45:51,902][flwr][INFO] - fit progress: (9, 0.3743710310208642, {'rmse': 8588.987367553873, 'mae': 4257.41015625, 'r2': 0.4733032559211312, 'mape': 26.75994873046875, 'accuracy_10': 46.13841474056244, 'accuracy_20': 69.90972757339478}, 109.56394291698234)
[2026-01-22 09:45:51,902][flwr][DEBUG] - evaluate_round 9: strategy sampled 4 clients (out of 12)
[2026-01-22 09:45:52,063][flwr][DEBUG] - evaluate_round 9 received 4 results and 0 failures
[2026-01-22 09:45:52,064][flwr][DEBUG] - fit_round 10: strategy sampled 4 clients (out of 12)
[2026-01-22 09:46:02,978][flwr][DEBUG] - fit_round 10 received 4 results and 0 failures
[2026-01-22 09:46:03,424][flwr][INFO] - fit progress: (10, 0.31800340751228984, {'rmse': 7594.553574766591, 'mae': 4167.2119140625, 'r2': 0.5882048682184149, 'mape': 24.100296020507812, 'accuracy_10': 41.82547628879547, 'accuracy_20': 64.64393138885498}, 121.0858537919703)
[2026-01-22 09:46:03,425][flwr][DEBUG] - evaluate_round 10: strategy sampled 4 clients (out of 12)
[2026-01-22 09:46:03,498][flwr][DEBUG] - evaluate_round 10 received 4 results and 0 failures
[2026-01-22 09:46:03,499][flwr][DEBUG] - fit_round 11: strategy sampled 4 clients (out of 12)
[2026-01-22 09:46:14,189][flwr][DEBUG] - fit_round 11 received 4 results and 0 failures
[2026-01-22 09:46:14,620][flwr][INFO] - fit progress: (11, 0.3287663479805471, {'rmse': 7861.29429547069, 'mae': 4566.18701171875, 'r2': 0.5587702176597813, 'mape': 23.329320907592773, 'accuracy_10': 31.04313015937805, 'accuracy_20': 52.95887589454651}, 132.28150962496875)
[2026-01-22 09:46:14,620][flwr][DEBUG] - evaluate_round 11: strategy sampled 4 clients (out of 12)
[2026-01-22 09:46:14,797][flwr][DEBUG] - evaluate_round 11 received 4 results and 0 failures
[2026-01-22 09:46:14,798][flwr][DEBUG] - fit_round 12: strategy sampled 4 clients (out of 12)
[2026-01-22 09:46:25,834][flwr][DEBUG] - fit_round 12 received 4 results and 0 failures
[2026-01-22 09:46:26,270][flwr][INFO] - fit progress: (12, 0.37282569448621483, {'rmse': 8553.307196634527, 'mae': 4247.24609375, 'r2': 0.4776701437197045, 'mape': 26.779741287231445, 'accuracy_10': 44.68405246734619, 'accuracy_20': 69.7091281414032}, 143.93150216696085)
[2026-01-22 09:46:26,270][flwr][DEBUG] - evaluate_round 12: strategy sampled 4 clients (out of 12)
[2026-01-22 09:46:26,331][flwr][DEBUG] - evaluate_round 12 received 4 results and 0 failures
[2026-01-22 09:46:26,332][flwr][DEBUG] - fit_round 13: strategy sampled 4 clients (out of 12)
[2026-01-22 09:46:37,675][flwr][DEBUG] - fit_round 13 received 4 results and 0 failures
[2026-01-22 09:46:38,148][flwr][INFO] - fit progress: (13, 0.3331203209152193, {'rmse': 7791.109548709991, 'mae': 4229.962890625, 'r2': 0.5666135327470534, 'mape': 24.627099990844727, 'accuracy_10': 42.477431893348694, 'accuracy_20': 64.74423408508301}, 155.80957375001162)
[2026-01-22 09:46:38,148][flwr][DEBUG] - evaluate_round 13: strategy sampled 4 clients (out of 12)
[2026-01-22 09:46:38,246][flwr][DEBUG] - evaluate_round 13 received 4 results and 0 failures
[2026-01-22 09:46:38,246][flwr][DEBUG] - fit_round 14: strategy sampled 4 clients (out of 12)
[2026-01-22 09:46:49,478][flwr][DEBUG] - fit_round 14 received 4 results and 0 failures
[2026-01-22 09:46:49,984][flwr][INFO] - fit progress: (14, 0.4285045726861853, {'rmse': 9192.866799861727, 'mae': 4611.3515625, 'r2': 0.3966370053776095, 'mape': 29.625377655029297, 'accuracy_10': 41.57472550868988, 'accuracy_20': 67.50250458717346}, 167.64582662499743)
[2026-01-22 09:46:49,984][flwr][DEBUG] - evaluate_round 14: strategy sampled 4 clients (out of 12)
[2026-01-22 09:46:50,076][flwr][DEBUG] - evaluate_round 14 received 4 results and 0 failures
[2026-01-22 09:46:50,076][flwr][DEBUG] - fit_round 15: strategy sampled 4 clients (out of 12)
[2026-01-22 09:47:01,393][flwr][DEBUG] - fit_round 15 received 4 results and 0 failures
[2026-01-22 09:47:01,851][flwr][INFO] - fit progress: (15, 0.37169628901969465, {'rmse': 8322.782227116122, 'mae': 4804.1591796875, 'r2': 0.5054459529951363, 'mape': 24.63792610168457, 'accuracy_10': 31.745237112045288, 'accuracy_20': 53.00902724266052}, 179.51251037500333)
[2026-01-22 09:47:01,851][flwr][DEBUG] - evaluate_round 15: strategy sampled 4 clients (out of 12)
[2026-01-22 09:47:01,947][flwr][DEBUG] - evaluate_round 15 received 4 results and 0 failures
[2026-01-22 09:47:01,948][flwr][DEBUG] - fit_round 16: strategy sampled 4 clients (out of 12)
[2026-01-22 09:47:12,665][flwr][DEBUG] - fit_round 16 received 4 results and 0 failures
[2026-01-22 09:47:13,108][flwr][INFO] - fit progress: (16, 0.3769285943108791, {'rmse': 8403.872916697395, 'mae': 4842.74560546875, 'r2': 0.4957618796313743, 'mape': 24.28343391418457, 'accuracy_10': 30.441322922706604, 'accuracy_20': 51.95586681365967}, 190.77036229200894)
[2026-01-22 09:47:13,109][flwr][DEBUG] - evaluate_round 16: strategy sampled 4 clients (out of 12)
[2026-01-22 09:47:13,176][flwr][DEBUG] - evaluate_round 16 received 4 results and 0 failures
[2026-01-22 09:47:13,176][flwr][DEBUG] - fit_round 17: strategy sampled 4 clients (out of 12)
[2026-01-22 09:47:23,900][flwr][DEBUG] - fit_round 17 received 4 results and 0 failures
[2026-01-22 09:47:24,340][flwr][INFO] - fit progress: (17, 0.3825052793071406, {'rmse': 8498.11367304533, 'mae': 4853.7763671875, 'r2': 0.4843894570038805, 'mape': 23.969926834106445, 'accuracy_10': 30.39117455482483, 'accuracy_20': 51.95586681365967}, 202.00212045799708)
[2026-01-22 09:47:24,340][flwr][DEBUG] - evaluate_round 17: strategy sampled 4 clients (out of 12)
[2026-01-22 09:47:24,413][flwr][DEBUG] - evaluate_round 17 received 4 results and 0 failures
[2026-01-22 09:47:24,414][flwr][DEBUG] - fit_round 18: strategy sampled 4 clients (out of 12)
[2026-01-22 09:47:35,410][flwr][DEBUG] - fit_round 18 received 4 results and 0 failures
[2026-01-22 09:47:35,846][flwr][INFO] - fit progress: (18, 0.4034252385557475, {'rmse': 8545.43808122205, 'mae': 4935.5263671875, 'r2': 0.47863076634630664, 'mape': 24.753501892089844, 'accuracy_10': 30.04012107849121, 'accuracy_20': 51.40421390533447}, 213.50816120801028)
[2026-01-22 09:47:35,847][flwr][DEBUG] - evaluate_round 18: strategy sampled 4 clients (out of 12)
[2026-01-22 09:47:35,915][flwr][DEBUG] - evaluate_round 18 received 4 results and 0 failures
[2026-01-22 09:47:35,916][flwr][DEBUG] - fit_round 19: strategy sampled 4 clients (out of 12)
[2026-01-22 09:47:46,526][flwr][DEBUG] - fit_round 19 received 4 results and 0 failures
[2026-01-22 09:47:46,962][flwr][INFO] - fit progress: (19, 0.3388495623407775, {'rmse': 7904.258852036666, 'mae': 4262.46435546875, 'r2': 0.5539341060395973, 'mape': 24.262371063232422, 'accuracy_10': 43.63089203834534, 'accuracy_20': 64.694082736969}, 224.62350066698855)
[2026-01-22 09:47:46,962][flwr][DEBUG] - evaluate_round 19: strategy sampled 4 clients (out of 12)
[2026-01-22 09:47:47,026][flwr][DEBUG] - evaluate_round 19 received 4 results and 0 failures
[2026-01-22 09:47:47,027][flwr][DEBUG] - fit_round 20: strategy sampled 4 clients (out of 12)
[2026-01-22 09:47:58,289][flwr][DEBUG] - fit_round 20 received 4 results and 0 failures
[2026-01-22 09:47:58,742][flwr][INFO] - fit progress: (20, 0.36053594993193866, {'rmse': 8246.303414257809, 'mae': 4412.228515625, 'r2': 0.5144931702224468, 'mape': 24.891847610473633, 'accuracy_10': 41.97592735290527, 'accuracy_20': 64.1424298286438}, 236.40372262499295)
[2026-01-22 09:47:58,742][flwr][DEBUG] - evaluate_round 20: strategy sampled 4 clients (out of 12)
[2026-01-22 09:47:58,837][flwr][DEBUG] - evaluate_round 20 received 4 results and 0 failures
[2026-01-22 09:47:58,838][flwr][DEBUG] - fit_round 21: strategy sampled 4 clients (out of 12)
[2026-01-22 09:48:10,217][flwr][DEBUG] - fit_round 21 received 4 results and 0 failures
[2026-01-22 09:48:10,658][flwr][INFO] - fit progress: (21, 0.40369279562694615, {'rmse': 8836.901719494226, 'mae': 4419.07275390625, 'r2': 0.44245902731840625, 'mape': 26.916419982910156, 'accuracy_10': 50.551652908325195, 'accuracy_20': 65.24573564529419}, 248.31993245799094)
[2026-01-22 09:48:10,658][flwr][DEBUG] - evaluate_round 21: strategy sampled 4 clients (out of 12)
[2026-01-22 09:48:10,725][flwr][DEBUG] - evaluate_round 21 received 4 results and 0 failures
[2026-01-22 09:48:10,726][flwr][DEBUG] - fit_round 22: strategy sampled 4 clients (out of 12)
[2026-01-22 09:48:21,637][flwr][DEBUG] - fit_round 22 received 4 results and 0 failures
[2026-01-22 09:48:22,101][flwr][INFO] - fit progress: (22, 0.42250452811643857, {'rmse': 8877.848387982305, 'mae': 4965.77001953125, 'r2': 0.4372802300754255, 'mape': 24.51702117919922, 'accuracy_10': 33.199599385261536, 'accuracy_20': 53.56068015098572}, 259.7623687919695)
[2026-01-22 09:48:22,101][flwr][DEBUG] - evaluate_round 22: strategy sampled 4 clients (out of 12)
[2026-01-22 09:48:22,296][flwr][DEBUG] - evaluate_round 22 received 4 results and 0 failures
[2026-01-22 09:48:22,296][flwr][DEBUG] - fit_round 23: strategy sampled 4 clients (out of 12)
[2026-01-22 09:48:33,277][flwr][DEBUG] - fit_round 23 received 4 results and 0 failures
[2026-01-22 09:48:33,720][flwr][INFO] - fit progress: (23, 0.4363012856681464, {'rmse': 8872.923757138906, 'mae': 4990.5751953125, 'r2': 0.43790435612882517, 'mape': 24.514368057250977, 'accuracy_10': 32.09628760814667, 'accuracy_20': 52.75827646255493}, 271.38217916700523)
[2026-01-22 09:48:33,721][flwr][DEBUG] - evaluate_round 23: strategy sampled 4 clients (out of 12)
[2026-01-22 09:48:33,790][flwr][DEBUG] - evaluate_round 23 received 4 results and 0 failures
[2026-01-22 09:48:33,790][flwr][DEBUG] - fit_round 24: strategy sampled 4 clients (out of 12)
[2026-01-22 09:48:44,843][flwr][DEBUG] - fit_round 24 received 4 results and 0 failures
[2026-01-22 09:48:45,278][flwr][INFO] - fit progress: (24, 0.38295074615818087, {'rmse': 8288.142373294513, 'mae': 4468.81787109375, 'r2': 0.5095541033222819, 'mape': 24.62345314025879, 'accuracy_10': 43.78134310245514, 'accuracy_20': 64.64393138885498}, 282.9401999579859)
[2026-01-22 09:48:45,279][flwr][DEBUG] - evaluate_round 24: strategy sampled 4 clients (out of 12)
[2026-01-22 09:48:45,328][flwr][DEBUG] - evaluate_round 24 received 4 results and 0 failures
[2026-01-22 09:48:45,329][flwr][DEBUG] - fit_round 25: strategy sampled 4 clients (out of 12)
[2026-01-22 09:48:56,005][flwr][DEBUG] - fit_round 25 received 4 results and 0 failures
[2026-01-22 09:48:56,460][flwr][INFO] - fit progress: (25, 0.35907446083013966, {'rmse': 8145.541111552995, 'mae': 4244.77783203125, 'r2': 0.5262855975946831, 'mape': 24.417104721069336, 'accuracy_10': 48.09428155422211, 'accuracy_20': 66.39919877052307}, 294.121336125012)
[2026-01-22 09:48:56,460][flwr][DEBUG] - evaluate_round 25: strategy sampled 4 clients (out of 12)
[2026-01-22 09:48:56,546][flwr][DEBUG] - evaluate_round 25 received 4 results and 0 failures
[2026-01-22 09:48:56,547][flwr][DEBUG] - fit_round 26: strategy sampled 4 clients (out of 12)
[2026-01-22 09:49:08,019][flwr][DEBUG] - fit_round 26 received 4 results and 0 failures
[2026-01-22 09:49:08,482][flwr][INFO] - fit progress: (26, 0.4015738217416056, {'rmse': 8783.475394170579, 'mae': 4392.2900390625, 'r2': 0.44918027651382975, 'mape': 26.573535919189453, 'accuracy_10': 51.00300908088684, 'accuracy_20': 65.44634103775024}, 306.1435233330121)
[2026-01-22 09:49:08,483][flwr][DEBUG] - evaluate_round 26: strategy sampled 4 clients (out of 12)
[2026-01-22 09:49:08,550][flwr][DEBUG] - evaluate_round 26 received 4 results and 0 failures
[2026-01-22 09:49:08,551][flwr][DEBUG] - fit_round 27: strategy sampled 4 clients (out of 12)
[2026-01-22 09:49:19,542][flwr][DEBUG] - fit_round 27 received 4 results and 0 failures
[2026-01-22 09:49:19,993][flwr][INFO] - fit progress: (27, 0.4374254962416326, {'rmse': 9014.978202968658, 'mae': 4960.65673828125, 'r2': 0.41976211053278856, 'mape': 24.399965286254883, 'accuracy_10': 36.158475279808044, 'accuracy_20': 56.11835718154907}, 317.65472674998455)
[2026-01-22 09:49:19,993][flwr][DEBUG] - evaluate_round 27: strategy sampled 4 clients (out of 12)
[2026-01-22 09:49:20,062][flwr][DEBUG] - evaluate_round 27 received 4 results and 0 failures
[2026-01-22 09:49:20,063][flwr][DEBUG] - fit_round 28: strategy sampled 4 clients (out of 12)
[2026-01-22 09:49:26,931][flwr][DEBUG] - fit_round 28 received 4 results and 0 failures
[2026-01-22 09:49:27,376][flwr][INFO] - fit progress: (28, 0.6531960763328651, {'rmse': 10578.25354205504, 'mae': 5352.64794921875, 'r2': 0.20107746953638328, 'mape': 23.287864685058594, 'accuracy_10': 29.839518666267395, 'accuracy_20': 54.413241147994995}, 325.03807449998567)
[2026-01-22 09:49:27,377][flwr][DEBUG] - evaluate_round 28: strategy sampled 4 clients (out of 12)
[2026-01-22 09:49:27,431][flwr][DEBUG] - evaluate_round 28 received 4 results and 0 failures
[2026-01-22 09:49:27,432][flwr][DEBUG] - fit_round 29: strategy sampled 4 clients (out of 12)
[2026-01-22 09:49:38,150][flwr][DEBUG] - fit_round 29 received 4 results and 0 failures
[2026-01-22 09:49:38,588][flwr][INFO] - fit progress: (29, 0.33637754141596876, {'rmse': 7979.085661903875, 'mae': 4136.10546875, 'r2': 0.5454486257259374, 'mape': 22.46213722229004, 'accuracy_10': 48.09428155422211, 'accuracy_20': 68.15446615219116}, 336.24959845800186)
[2026-01-22 09:49:38,588][flwr][DEBUG] - evaluate_round 29: strategy sampled 4 clients (out of 12)
[2026-01-22 09:49:38,664][flwr][DEBUG] - evaluate_round 29 received 4 results and 0 failures
[2026-01-22 09:49:38,665][flwr][DEBUG] - fit_round 30: strategy sampled 4 clients (out of 12)
[2026-01-22 09:49:49,714][flwr][DEBUG] - fit_round 30 received 4 results and 0 failures
[2026-01-22 09:49:50,155][flwr][INFO] - fit progress: (30, 0.34858466951978, {'rmse': 8265.215302700832, 'mae': 4186.1025390625, 'r2': 0.5122637337650376, 'mape': 22.658409118652344, 'accuracy_10': 50.451356172561646, 'accuracy_20': 67.9037094116211}, 347.8170786249684)
[2026-01-22 09:49:50,156][flwr][DEBUG] - evaluate_round 30: strategy sampled 4 clients (out of 12)
[2026-01-22 09:49:50,223][flwr][DEBUG] - evaluate_round 30 received 4 results and 0 failures
[2026-01-22 09:49:50,223][flwr][DEBUG] - fit_round 31: strategy sampled 4 clients (out of 12)
[2026-01-22 09:50:01,077][flwr][DEBUG] - fit_round 31 received 4 results and 0 failures
[2026-01-22 09:50:01,520][flwr][INFO] - fit progress: (31, 0.33350028291553885, {'rmse': 8070.543971753082, 'mae': 4014.80908203125, 'r2': 0.5349685408555883, 'mape': 22.409212112426758, 'accuracy_10': 52.40722298622131, 'accuracy_20': 69.05717253684998}, 359.18214258301305)
[2026-01-22 09:50:01,521][flwr][DEBUG] - evaluate_round 31: strategy sampled 4 clients (out of 12)
[2026-01-22 09:50:01,674][flwr][DEBUG] - evaluate_round 31 received 4 results and 0 failures
[2026-01-22 09:50:01,675][flwr][DEBUG] - fit_round 32: strategy sampled 4 clients (out of 12)
[2026-01-22 09:50:08,304][flwr][DEBUG] - fit_round 32 received 4 results and 0 failures
[2026-01-22 09:50:08,751][flwr][INFO] - fit progress: (32, 0.37087485866776204, {'rmse': 8635.269075135991, 'mae': 4504.087890625, 'r2': 0.46761173551744795, 'mape': 21.606163024902344, 'accuracy_10': 38.46539556980133, 'accuracy_20': 61.7853581905365}, 366.4131865829695)
[2026-01-22 09:50:08,752][flwr][DEBUG] - evaluate_round 32: strategy sampled 4 clients (out of 12)
[2026-01-22 09:50:08,807][flwr][DEBUG] - evaluate_round 32 received 4 results and 0 failures
[2026-01-22 09:50:08,808][flwr][DEBUG] - fit_round 33: strategy sampled 4 clients (out of 12)
[2026-01-22 09:50:15,627][flwr][DEBUG] - fit_round 33 received 4 results and 0 failures
[2026-01-22 09:50:16,072][flwr][INFO] - fit progress: (33, 0.589006650576381, {'rmse': 10277.56157850684, 'mae': 4971.77880859375, 'r2': 0.24585145952455423, 'mape': 21.13376808166504, 'accuracy_10': 36.058175563812256, 'accuracy_20': 59.979939460754395}, 373.733553249971)
[2026-01-22 09:50:16,072][flwr][DEBUG] - evaluate_round 33: strategy sampled 4 clients (out of 12)
[2026-01-22 09:50:16,131][flwr][DEBUG] - evaluate_round 33 received 4 results and 0 failures
[2026-01-22 09:50:16,132][flwr][DEBUG] - fit_round 34: strategy sampled 4 clients (out of 12)
[2026-01-22 09:50:27,219][flwr][DEBUG] - fit_round 34 received 4 results and 0 failures
[2026-01-22 09:50:27,663][flwr][INFO] - fit progress: (34, 0.31051535871526303, {'rmse': 7810.398709412983, 'mae': 3900.70947265625, 'r2': 0.5644649352502218, 'mape': 20.431119918823242, 'accuracy_10': 52.00601816177368, 'accuracy_20': 70.71213722229004}, 385.3247917079716)
[2026-01-22 09:50:27,663][flwr][DEBUG] - evaluate_round 34: strategy sampled 4 clients (out of 12)
[2026-01-22 09:50:27,720][flwr][DEBUG] - evaluate_round 34 received 4 results and 0 failures
[2026-01-22 09:50:27,721][flwr][DEBUG] - fit_round 35: strategy sampled 4 clients (out of 12)
[2026-01-22 09:50:38,384][flwr][DEBUG] - fit_round 35 received 4 results and 0 failures
[2026-01-22 09:50:38,821][flwr][INFO] - fit progress: (35, 0.3683574117324058, {'rmse': 8526.484386897098, 'mae': 4367.37353515625, 'r2': 0.4809410124323047, 'mape': 20.452167510986328, 'accuracy_10': 41.67502522468567, 'accuracy_20': 64.1424298286438}, 396.4825832080096)
[2026-01-22 09:50:38,821][flwr][DEBUG] - evaluate_round 35: strategy sampled 4 clients (out of 12)
[2026-01-22 09:50:38,898][flwr][DEBUG] - evaluate_round 35 received 4 results and 0 failures
[2026-01-22 09:50:38,899][flwr][DEBUG] - fit_round 36: strategy sampled 4 clients (out of 12)
[2026-01-22 09:50:49,556][flwr][DEBUG] - fit_round 36 received 4 results and 0 failures
[2026-01-22 09:50:49,993][flwr][INFO] - fit progress: (36, 0.5519696579892992, {'rmse': 9968.217493614393, 'mae': 4889.19189453125, 'r2': 0.290566433551665, 'mape': 20.992130279541016, 'accuracy_10': 37.2116357088089, 'accuracy_20': 59.52858328819275}, 407.6543849169975)
[2026-01-22 09:50:49,993][flwr][DEBUG] - evaluate_round 36: strategy sampled 4 clients (out of 12)
[2026-01-22 09:50:50,068][flwr][DEBUG] - evaluate_round 36 received 4 results and 0 failures
[2026-01-22 09:50:50,069][flwr][DEBUG] - fit_round 37: strategy sampled 4 clients (out of 12)
[2026-01-22 09:51:01,062][flwr][DEBUG] - fit_round 37 received 4 results and 0 failures
[2026-01-22 09:51:01,513][flwr][INFO] - fit progress: (37, 0.4148844760004711, {'rmse': 8789.298493053926, 'mae': 4541.11865234375, 'r2': 0.44844967534181734, 'mape': 20.964441299438477, 'accuracy_10': 40.421262383461, 'accuracy_20': 62.68806457519531}, 419.1744025420048)
[2026-01-22 09:51:01,513][flwr][DEBUG] - evaluate_round 37: strategy sampled 4 clients (out of 12)
[2026-01-22 09:51:01,578][flwr][DEBUG] - evaluate_round 37 received 4 results and 0 failures
[2026-01-22 09:51:01,578][flwr][DEBUG] - fit_round 38: strategy sampled 4 clients (out of 12)
[2026-01-22 09:51:12,358][flwr][DEBUG] - fit_round 38 received 4 results and 0 failures
[2026-01-22 09:51:12,809][flwr][INFO] - fit progress: (38, 0.38582512210221326, {'rmse': 8733.092464871765, 'mae': 4367.97509765625, 'r2': 0.45548125697661346, 'mape': 20.112428665161133, 'accuracy_10': 43.58074367046356, 'accuracy_20': 64.89468216896057}, 430.46614354196936)
[2026-01-22 09:51:12,809][flwr][DEBUG] - evaluate_round 38: strategy sampled 4 clients (out of 12)
[2026-01-22 09:51:12,874][flwr][DEBUG] - evaluate_round 38 received 4 results and 0 failures
[2026-01-22 09:51:12,875][flwr][DEBUG] - fit_round 39: strategy sampled 4 clients (out of 12)
[2026-01-22 09:51:24,206][flwr][DEBUG] - fit_round 39 received 4 results and 0 failures
[2026-01-22 09:51:24,674][flwr][INFO] - fit progress: (39, 0.39386633726036774, {'rmse': 8696.39235545407, 'mae': 4386.79736328125, 'r2': 0.46004824760140595, 'mape': 20.32591438293457, 'accuracy_10': 44.08224821090698, 'accuracy_20': 65.04513621330261}, 442.32548925001174)
[2026-01-22 09:51:24,675][flwr][DEBUG] - evaluate_round 39: strategy sampled 4 clients (out of 12)
[2026-01-22 09:51:24,772][flwr][DEBUG] - evaluate_round 39 received 4 results and 0 failures
[2026-01-22 09:51:24,773][flwr][DEBUG] - fit_round 40: strategy sampled 4 clients (out of 12)
[2026-01-22 09:51:36,895][flwr][DEBUG] - fit_round 40 received 4 results and 0 failures
[2026-01-22 09:51:37,427][flwr][INFO] - fit progress: (40, 0.2900675815215321, {'rmse': 7634.790894320551, 'mae': 3654.8134765625, 'r2': 0.583829767463034, 'mape': 19.6036434173584, 'accuracy_10': 55.96790313720703, 'accuracy_20': 73.11936020851135}, 455.07475649996195)
[2026-01-22 09:51:37,427][flwr][DEBUG] - evaluate_round 40: strategy sampled 4 clients (out of 12)
[2026-01-22 09:51:37,619][flwr][DEBUG] - evaluate_round 40 received 4 results and 0 failures
[2026-01-22 09:51:37,619][flwr][INFO] - FL finished in 455.26759687496815
[2026-01-22 09:51:37,620][flwr][INFO] - app_fit: losses_distributed [(1, 0.5125526272307681), (2, 0.2891753592436582), (3, 0.45144802735094386), (4, 0.3596006353324819), (5, 0.20544780283944758), (6, 0.5953055849812668), (7, 0.3061038416982801), (8, 0.3975232909897189), (9, 0.1962536097311014), (10, 0.23485977907550823), (11, 0.5323277822671793), (12, 0.11969059023397918), (13, 0.5625415162209526), (14, 0.08697101797359398), (15, 0.3821796329918309), (16, 0.6363022885745084), (17, 0.42656960725272675), (18, 0.5721695599860923), (19, 0.0733308994813877), (20, 0.29689943145088105), (21, 0.4695354737082703), (22, 0.1992576824628569), (23, 0.25658188270988747), (24, 0.6942265239399923), (25, 0.20931969043701443), (26, 0.6447143221024053), (27, 0.6609111624748207), (28, 1.085003759483902), (29, 0.35234764584380646), (30, 0.09619048683136605), (31, 0.5574823904186487), (32, 0.5064368649760139), (33, 0.5830413356257194), (34, 0.3829737376491322), (35, 0.29135160322313186), (36, 0.33266344724287245), (37, 0.5469978372707511), (38, 0.8254996199160815), (39, 0.3974706803332583), (40, 0.3926111611633979)]
[2026-01-22 09:51:37,621][flwr][INFO] - app_fit: metrics_distributed_fit {'scaffold_updates': [(1, 4), (2, 4), (3, 4), (4, 4), (5, 4), (6, 4), (7, 4), (8, 4), (9, 4), (10, 4), (11, 4), (12, 4), (13, 4), (14, 4), (15, 4), (16, 4), (17, 4), (18, 4), (19, 4), (20, 4), (21, 4), (22, 4), (23, 4), (24, 4), (25, 4), (26, 4), (27, 4), (28, 4), (29, 4), (30, 4), (31, 4), (32, 4), (33, 4), (34, 4), (35, 4), (36, 4), (37, 4), (38, 4), (39, 4), (40, 4)], 'avg_control_delta_norm': [(1, 0.0012622000336583487), (2, 0.0009009341328620877), (3, 0.0008046089547928201), (4, 3.7732963231171986e-05), (5, 3.439476776264932e-05), (6, 4.3952667969360795e-05), (7, 2.111944739361944e-05), (8, 4.217199050377588e-05), (9, 4.495341683769584e-05), (10, 2.0931776882725634e-05), (11, 2.3042178989031527e-05), (12, 3.508753720623614e-05), (13, 1.82688480717712e-05), (14, 2.8132872810372395e-05), (15, 2.8531301687500267e-05), (16, 1.7853039136253974e-05), (17, 1.6870324234484645e-05), (18, 1.5052891007394074e-05), (19, 3.109724176106845e-05), (20, 1.3452323037221738e-05), (21, 1.745207724651591e-05), (22, 2.2269105765842343e-05), (23, 1.5031307419205085e-05), (24, 1.6573944187282147e-05), (25, 2.4935670320890633e-05), (26, 1.5156953306322085e-05), (27, 2.3166957152632894e-05), (28, 1.66706373726311e-05), (29, 4.119170692733473e-05), (30, 1.1492918853047526e-05), (31, 1.9585394240537148e-05), (32, 1.493123870360668e-05), (33, 1.391058352630256e-05), (34, 2.2525826136263452e-05), (35, 1.1852677482306807e-05), (36, 1.6807720171672538e-05), (37, 8.085510294366812e-06), (38, 1.3544764957066884e-05), (39, 9.460690850896424e-06), (40, 2.7560980666894082e-05)]}
[2026-01-22 09:51:37,621][flwr][INFO] - app_fit: metrics_distributed {}
[2026-01-22 09:51:37,621][flwr][INFO] - app_fit: losses_centralized [(0, 4.134466124154859), (1, 0.3545759626950998), (2, 0.3162032685493873), (3, 0.355743537769992), (4, 0.40955308979468696), (5, 0.27249710469571137), (6, 0.3727928508323437), (7, 0.39545531425935215), (8, 0.3976723775940171), (9, 0.3743710310208642), (10, 0.31800340751228984), (11, 0.3287663479805471), (12, 0.37282569448621483), (13, 0.3331203209152193), (14, 0.4285045726861853), (15, 0.37169628901969465), (16, 0.3769285943108791), (17, 0.3825052793071406), (18, 0.4034252385557475), (19, 0.3388495623407775), (20, 0.36053594993193866), (21, 0.40369279562694615), (22, 0.42250452811643857), (23, 0.4363012856681464), (24, 0.38295074615818087), (25, 0.35907446083013966), (26, 0.4015738217416056), (27, 0.4374254962416326), (28, 0.6531960763328651), (29, 0.33637754141596876), (30, 0.34858466951978), (31, 0.33350028291553885), (32, 0.37087485866776204), (33, 0.589006650576381), (34, 0.31051535871526303), (35, 0.3683574117324058), (36, 0.5519696579892992), (37, 0.4148844760004711), (38, 0.38582512210221326), (39, 0.39386633726036774), (40, 0.2900675815215321)]
[2026-01-22 09:51:37,622][flwr][INFO] - app_fit: metrics_centralized {'rmse': [(0, 24250.156288156166), (1, 6960.765475147112), (2, 7383.0110388648345), (3, 8284.84495932181), (4, 9038.05819852915), (5, 7184.6503046425305), (6, 8444.917051102397), (7, 8841.505754112248), (8, 8439.045917637846), (9, 8588.987367553873), (10, 7594.553574766591), (11, 7861.29429547069), (12, 8553.307196634527), (13, 7791.109548709991), (14, 9192.866799861727), (15, 8322.782227116122), (16, 8403.872916697395), (17, 8498.11367304533), (18, 8545.43808122205), (19, 7904.258852036666), (20, 8246.303414257809), (21, 8836.901719494226), (22, 8877.848387982305), (23, 8872.923757138906), (24, 8288.142373294513), (25, 8145.541111552995), (26, 8783.475394170579), (27, 9014.978202968658), (28, 10578.25354205504), (29, 7979.085661903875), (30, 8265.215302700832), (31, 8070.543971753082), (32, 8635.269075135991), (33, 10277.56157850684), (34, 7810.398709412983), (35, 8526.484386897098), (36, 9968.217493614393), (37, 8789.298493053926), (38, 8733.092464871765), (39, 8696.39235545407), (40, 7634.790894320551)], 'mae': [(0, 20810.46875), (1, 4122.8447265625), (2, 3960.28466796875), (3, 4266.9580078125), (4, 4596.19091796875), (5, 4071.25732421875), (6, 4229.29833984375), (7, 4371.30859375), (8, 4857.6435546875), (9, 4257.41015625), (10, 4167.2119140625), (11, 4566.18701171875), (12, 4247.24609375), (13, 4229.962890625), (14, 4611.3515625), (15, 4804.1591796875), (16, 4842.74560546875), (17, 4853.7763671875), (18, 4935.5263671875), (19, 4262.46435546875), (20, 4412.228515625), (21, 4419.07275390625), (22, 4965.77001953125), (23, 4990.5751953125), (24, 4468.81787109375), (25, 4244.77783203125), (26, 4392.2900390625), (27, 4960.65673828125), (28, 5352.64794921875), (29, 4136.10546875), (30, 4186.1025390625), (31, 4014.80908203125), (32, 4504.087890625), (33, 4971.77880859375), (34, 3900.70947265625), (35, 4367.37353515625), (36, 4889.19189453125), (37, 4541.11865234375), (38, 4367.97509765625), (39, 4386.79736328125), (40, 3654.8134765625)], 'r2': [(0, -3.198612761198425), (1, 0.6540680007011519), (2, 0.6108260498094711), (3, 0.5099442774346196), (4, 0.4167872602491248), (5, 0.6314571439700822), (6, 0.4908244846545595), (7, 0.4418779606242692), (8, 0.4915322655394423), (9, 0.4733032559211312), (10, 0.5882048682184149), (11, 0.5587702176597813), (12, 0.4776701437197045), (13, 0.5666135327470534), (14, 0.3966370053776095), (15, 0.5054459529951363), (16, 0.4957618796313743), (17, 0.4843894570038805), (18, 0.47863076634630664), (19, 0.5539341060395973), (20, 0.5144931702224468), (21, 0.44245902731840625), (22, 0.4372802300754255), (23, 0.43790435612882517), (24, 0.5095541033222819), (25, 0.5262855975946831), (26, 0.44918027651382975), (27, 0.41976211053278856), (28, 0.20107746953638328), (29, 0.5454486257259374), (30, 0.5122637337650376), (31, 0.5349685408555883), (32, 0.46761173551744795), (33, 0.24585145952455423), (34, 0.5644649352502218), (35, 0.4809410124323047), (36, 0.290566433551665), (37, 0.44844967534181734), (38, 0.45548125697661346), (39, 0.46004824760140595), (40, 0.583829767463034)], 'mape': [(0, 192.60643005371094), (1, 24.770490646362305), (2, 24.673606872558594), (3, 26.420583724975586), (4, 29.312589645385742), (5, 21.464052200317383), (6, 27.2885684967041), (7, 27.649188995361328), (8, 23.596923828125), (9, 26.75994873046875), (10, 24.100296020507812), (11, 23.329320907592773), (12, 26.779741287231445), (13, 24.627099990844727), (14, 29.625377655029297), (15, 24.63792610168457), (16, 24.28343391418457), (17, 23.969926834106445), (18, 24.753501892089844), (19, 24.262371063232422), (20, 24.891847610473633), (21, 26.916419982910156), (22, 24.51702117919922), (23, 24.514368057250977), (24, 24.62345314025879), (25, 24.417104721069336), (26, 26.573535919189453), (27, 24.399965286254883), (28, 23.287864685058594), (29, 22.46213722229004), (30, 22.658409118652344), (31, 22.409212112426758), (32, 21.606163024902344), (33, 21.13376808166504), (34, 20.431119918823242), (35, 20.452167510986328), (36, 20.992130279541016), (37, 20.964441299438477), (38, 20.112428665161133), (39, 20.32591438293457), (40, 19.6036434173584)], 'accuracy_10': [(0, 5.667001008987427), (1, 26.42928659915924), (2, 40.270811319351196), (3, 42.57773458957672), (4, 42.126378417015076), (5, 33.65095257759094), (6, 44.232699275016785), (7, 45.78736126422882), (8, 26.07823610305786), (9, 46.13841474056244), (10, 41.82547628879547), (11, 31.04313015937805), (12, 44.68405246734619), (13, 42.477431893348694), (14, 41.57472550868988), (15, 31.745237112045288), (16, 30.441322922706604), (17, 30.39117455482483), (18, 30.04012107849121), (19, 43.63089203834534), (20, 41.97592735290527), (21, 50.551652908325195), (22, 33.199599385261536), (23, 32.09628760814667), (24, 43.78134310245514), (25, 48.09428155422211), (26, 51.00300908088684), (27, 36.158475279808044), (28, 29.839518666267395), (29, 48.09428155422211), (30, 50.451356172561646), (31, 52.40722298622131), (32, 38.46539556980133), (33, 36.058175563812256), (34, 52.00601816177368), (35, 41.67502522468567), (36, 37.2116357088089), (37, 40.421262383461), (38, 43.58074367046356), (39, 44.08224821090698), (40, 55.96790313720703)], 'accuracy_20': [(0, 11.384152621030807), (1, 50.75225830078125), (2, 65.74724316596985), (3, 67.40220785140991), (4, 66.59979820251465), (5, 57.22166299819946), (6, 69.80943083763123), (7, 70.41123509407043), (8, 47.342026233673096), (9, 69.90972757339478), (10, 64.64393138885498), (11, 52.95887589454651), (12, 69.7091281414032), (13, 64.74423408508301), (14, 67.50250458717346), (15, 53.00902724266052), (16, 51.95586681365967), (17, 51.95586681365967), (18, 51.40421390533447), (19, 64.694082736969), (20, 64.1424298286438), (21, 65.24573564529419), (22, 53.56068015098572), (23, 52.75827646255493), (24, 64.64393138885498), (25, 66.39919877052307), (26, 65.44634103775024), (27, 56.11835718154907), (28, 54.413241147994995), (29, 68.15446615219116), (30, 67.9037094116211), (31, 69.05717253684998), (32, 61.7853581905365), (33, 59.979939460754395), (34, 70.71213722229004), (35, 64.1424298286438), (36, 59.52858328819275), (37, 62.68806457519531), (38, 64.89468216896057), (39, 65.04513621330261), (40, 73.11936020851135)]}
