[2026-01-15 00:19:44,712][flwr][INFO] - Starting Flower simulation, config: ServerConfig(num_rounds=100, round_timeout=None)
[2026-01-15 00:19:49,842][flwr][INFO] - Flower VCE: Ray initialized with resources: {'memory': 11902079796.0, 'CPU': 10.0, 'node:127.0.0.1': 1.0, 'object_store_memory': 2147483648.0}
[2026-01-15 00:19:49,842][flwr][INFO] - Initializing global parameters
[2026-01-15 00:19:49,843][flwr][INFO] - Using initial parameters provided by strategy
[2026-01-15 00:19:49,843][flwr][INFO] - Evaluating initial parameters
[2026-01-15 00:19:49,953][flwr][INFO] - initial parameters (loss, other metrics): 275.8148798942566, {'accuracy': 0.3415}
[2026-01-15 00:19:49,953][flwr][INFO] - FL starting
[2026-01-15 00:19:49,953][flwr][DEBUG] - fit_round 1: strategy sampled 20 clients (out of 20)
[2026-01-15 00:19:56,699][flwr][DEBUG] - fit_round 1 received 20 results and 0 failures
[2026-01-15 00:19:56,718][flwr][WARNING] - No fit_metrics_aggregation_fn provided
[2026-01-15 00:19:56,796][flwr][INFO] - fit progress: (1, 175.79162177443504, {'accuracy': 0.6395}, 6.842750541021815)
[2026-01-15 00:19:56,796][flwr][DEBUG] - evaluate_round 1: strategy sampled 20 clients (out of 20)
[2026-01-15 00:19:56,924][flwr][DEBUG] - evaluate_round 1 received 20 results and 0 failures
[2026-01-15 00:19:56,924][flwr][WARNING] - No evaluate_metrics_aggregation_fn provided
[2026-01-15 00:19:56,924][flwr][DEBUG] - fit_round 2: strategy sampled 20 clients (out of 20)
[2026-01-15 00:19:58,872][flwr][DEBUG] - fit_round 2 received 20 results and 0 failures
[2026-01-15 00:19:58,976][flwr][INFO] - fit progress: (2, 167.9081902951002, {'accuracy': 0.643}, 9.022611874999711)
[2026-01-15 00:19:58,976][flwr][DEBUG] - evaluate_round 2: strategy sampled 20 clients (out of 20)
[2026-01-15 00:19:59,097][flwr][DEBUG] - evaluate_round 2 received 20 results and 0 failures
[2026-01-15 00:19:59,097][flwr][DEBUG] - fit_round 3: strategy sampled 20 clients (out of 20)
[2026-01-15 00:20:00,843][flwr][DEBUG] - fit_round 3 received 20 results and 0 failures
[2026-01-15 00:20:00,956][flwr][INFO] - fit progress: (3, 174.55072505772114, {'accuracy': 0.648}, 11.00249850002001)
[2026-01-15 00:20:00,956][flwr][DEBUG] - evaluate_round 3: strategy sampled 20 clients (out of 20)
[2026-01-15 00:20:01,120][flwr][DEBUG] - evaluate_round 3 received 20 results and 0 failures
[2026-01-15 00:20:01,120][flwr][DEBUG] - fit_round 4: strategy sampled 20 clients (out of 20)
[2026-01-15 00:20:02,853][flwr][DEBUG] - fit_round 4 received 20 results and 0 failures
[2026-01-15 00:20:02,948][flwr][INFO] - fit progress: (4, 171.58983401209116, {'accuracy': 0.65}, 12.99478025001008)
[2026-01-15 00:20:02,948][flwr][DEBUG] - evaluate_round 4: strategy sampled 20 clients (out of 20)
[2026-01-15 00:20:03,057][flwr][DEBUG] - evaluate_round 4 received 20 results and 0 failures
[2026-01-15 00:20:03,057][flwr][DEBUG] - fit_round 5: strategy sampled 20 clients (out of 20)
[2026-01-15 00:20:04,602][flwr][DEBUG] - fit_round 5 received 20 results and 0 failures
[2026-01-15 00:20:04,703][flwr][INFO] - fit progress: (5, 167.5326348617673, {'accuracy': 0.6535}, 14.750207166012842)
[2026-01-15 00:20:04,704][flwr][DEBUG] - evaluate_round 5: strategy sampled 20 clients (out of 20)
[2026-01-15 00:20:04,812][flwr][DEBUG] - evaluate_round 5 received 20 results and 0 failures
[2026-01-15 00:20:04,812][flwr][DEBUG] - fit_round 6: strategy sampled 20 clients (out of 20)
[2026-01-15 00:20:06,139][flwr][DEBUG] - fit_round 6 received 20 results and 0 failures
[2026-01-15 00:20:06,221][flwr][INFO] - fit progress: (6, 164.98256891965866, {'accuracy': 0.656}, 16.26743470801739)
[2026-01-15 00:20:06,221][flwr][DEBUG] - evaluate_round 6: strategy sampled 20 clients (out of 20)
[2026-01-15 00:20:06,307][flwr][DEBUG] - evaluate_round 6 received 20 results and 0 failures
[2026-01-15 00:20:06,307][flwr][DEBUG] - fit_round 7: strategy sampled 20 clients (out of 20)
[2026-01-15 00:20:07,493][flwr][DEBUG] - fit_round 7 received 20 results and 0 failures
[2026-01-15 00:20:07,582][flwr][INFO] - fit progress: (7, 166.69451797008514, {'accuracy': 0.658}, 17.62845295801526)
[2026-01-15 00:20:07,582][flwr][DEBUG] - evaluate_round 7: strategy sampled 20 clients (out of 20)
[2026-01-15 00:20:07,663][flwr][DEBUG] - evaluate_round 7 received 20 results and 0 failures
[2026-01-15 00:20:07,664][flwr][DEBUG] - fit_round 8: strategy sampled 20 clients (out of 20)
[2026-01-15 00:20:09,003][flwr][DEBUG] - fit_round 8 received 20 results and 0 failures
[2026-01-15 00:20:09,504][flwr][INFO] - fit progress: (8, 167.30902430415154, {'accuracy': 0.6595}, 19.550697416008916)
[2026-01-15 00:20:09,505][flwr][DEBUG] - evaluate_round 8: strategy sampled 20 clients (out of 20)
[2026-01-15 00:20:09,687][flwr][DEBUG] - evaluate_round 8 received 20 results and 0 failures
[2026-01-15 00:20:09,687][flwr][DEBUG] - fit_round 9: strategy sampled 20 clients (out of 20)
[2026-01-15 00:20:11,162][flwr][DEBUG] - fit_round 9 received 20 results and 0 failures
[2026-01-15 00:20:11,266][flwr][INFO] - fit progress: (9, 164.3280255123973, {'accuracy': 0.659}, 21.31297166601871)
[2026-01-15 00:20:11,266][flwr][DEBUG] - evaluate_round 9: strategy sampled 20 clients (out of 20)
[2026-01-15 00:20:11,355][flwr][DEBUG] - evaluate_round 9 received 20 results and 0 failures
[2026-01-15 00:20:11,355][flwr][DEBUG] - fit_round 10: strategy sampled 20 clients (out of 20)
[2026-01-15 00:20:12,641][flwr][DEBUG] - fit_round 10 received 20 results and 0 failures
[2026-01-15 00:20:12,726][flwr][INFO] - fit progress: (10, 164.55622379481792, {'accuracy': 0.66}, 22.772862791025545)
[2026-01-15 00:20:12,726][flwr][DEBUG] - evaluate_round 10: strategy sampled 20 clients (out of 20)
[2026-01-15 00:20:12,820][flwr][DEBUG] - evaluate_round 10 received 20 results and 0 failures
[2026-01-15 00:20:12,820][flwr][DEBUG] - fit_round 11: strategy sampled 20 clients (out of 20)
[2026-01-15 00:20:14,051][flwr][DEBUG] - fit_round 11 received 20 results and 0 failures
[2026-01-15 00:20:14,133][flwr][INFO] - fit progress: (11, 160.28609509766102, {'accuracy': 0.6615}, 24.17934575001709)
[2026-01-15 00:20:14,133][flwr][DEBUG] - evaluate_round 11: strategy sampled 20 clients (out of 20)
[2026-01-15 00:20:14,222][flwr][DEBUG] - evaluate_round 11 received 20 results and 0 failures
[2026-01-15 00:20:14,222][flwr][DEBUG] - fit_round 12: strategy sampled 20 clients (out of 20)
[2026-01-15 00:20:15,348][flwr][DEBUG] - fit_round 12 received 20 results and 0 failures
[2026-01-15 00:20:15,430][flwr][INFO] - fit progress: (12, 167.25325072556734, {'accuracy': 0.661}, 25.47720241601928)
[2026-01-15 00:20:15,431][flwr][DEBUG] - evaluate_round 12: strategy sampled 20 clients (out of 20)
[2026-01-15 00:20:15,512][flwr][DEBUG] - evaluate_round 12 received 20 results and 0 failures
[2026-01-15 00:20:15,512][flwr][DEBUG] - fit_round 13: strategy sampled 20 clients (out of 20)
[2026-01-15 00:20:16,882][flwr][DEBUG] - fit_round 13 received 20 results and 0 failures
[2026-01-15 00:20:16,972][flwr][INFO] - fit progress: (13, 166.76134971529245, {'accuracy': 0.661}, 27.0183174580161)
[2026-01-15 00:20:16,972][flwr][DEBUG] - evaluate_round 13: strategy sampled 20 clients (out of 20)
[2026-01-15 00:20:17,060][flwr][DEBUG] - evaluate_round 13 received 20 results and 0 failures
[2026-01-15 00:20:17,060][flwr][DEBUG] - fit_round 14: strategy sampled 20 clients (out of 20)
[2026-01-15 00:20:18,475][flwr][DEBUG] - fit_round 14 received 20 results and 0 failures
[2026-01-15 00:20:18,571][flwr][INFO] - fit progress: (14, 162.08664527535439, {'accuracy': 0.66}, 28.618170958012342)
[2026-01-15 00:20:18,572][flwr][DEBUG] - evaluate_round 14: strategy sampled 20 clients (out of 20)
[2026-01-15 00:20:18,667][flwr][DEBUG] - evaluate_round 14 received 20 results and 0 failures
[2026-01-15 00:20:18,668][flwr][DEBUG] - fit_round 15: strategy sampled 20 clients (out of 20)
[2026-01-15 00:20:20,198][flwr][DEBUG] - fit_round 15 received 20 results and 0 failures
[2026-01-15 00:20:20,297][flwr][INFO] - fit progress: (15, 161.47275173664093, {'accuracy': 0.66}, 30.343356000026688)
[2026-01-15 00:20:20,297][flwr][DEBUG] - evaluate_round 15: strategy sampled 20 clients (out of 20)
[2026-01-15 00:20:20,387][flwr][DEBUG] - evaluate_round 15 received 20 results and 0 failures
[2026-01-15 00:20:20,387][flwr][DEBUG] - fit_round 16: strategy sampled 20 clients (out of 20)
[2026-01-15 00:20:21,776][flwr][DEBUG] - fit_round 16 received 20 results and 0 failures
[2026-01-15 00:20:21,869][flwr][INFO] - fit progress: (16, 162.21063754707575, {'accuracy': 0.6605}, 31.915754750021733)
[2026-01-15 00:20:21,869][flwr][DEBUG] - evaluate_round 16: strategy sampled 20 clients (out of 20)
[2026-01-15 00:20:21,960][flwr][DEBUG] - evaluate_round 16 received 20 results and 0 failures
[2026-01-15 00:20:21,960][flwr][DEBUG] - fit_round 17: strategy sampled 20 clients (out of 20)
[2026-01-15 00:20:23,332][flwr][DEBUG] - fit_round 17 received 20 results and 0 failures
[2026-01-15 00:20:23,424][flwr][INFO] - fit progress: (17, 163.0818150639534, {'accuracy': 0.6615}, 33.47062508302042)
[2026-01-15 00:20:23,424][flwr][DEBUG] - evaluate_round 17: strategy sampled 20 clients (out of 20)
[2026-01-15 00:20:23,507][flwr][DEBUG] - evaluate_round 17 received 20 results and 0 failures
[2026-01-15 00:20:23,507][flwr][DEBUG] - fit_round 18: strategy sampled 20 clients (out of 20)
[2026-01-15 00:20:24,791][flwr][DEBUG] - fit_round 18 received 20 results and 0 failures
[2026-01-15 00:20:24,873][flwr][INFO] - fit progress: (18, 167.03376132249832, {'accuracy': 0.6625}, 34.91961487501976)
[2026-01-15 00:20:24,873][flwr][DEBUG] - evaluate_round 18: strategy sampled 20 clients (out of 20)
[2026-01-15 00:20:24,947][flwr][DEBUG] - evaluate_round 18 received 20 results and 0 failures
[2026-01-15 00:20:24,947][flwr][DEBUG] - fit_round 19: strategy sampled 20 clients (out of 20)
[2026-01-15 00:20:26,041][flwr][DEBUG] - fit_round 19 received 20 results and 0 failures
[2026-01-15 00:20:26,124][flwr][INFO] - fit progress: (19, 168.99603631347418, {'accuracy': 0.661}, 36.17029870802071)
[2026-01-15 00:20:26,124][flwr][DEBUG] - evaluate_round 19: strategy sampled 20 clients (out of 20)
[2026-01-15 00:20:26,211][flwr][DEBUG] - evaluate_round 19 received 20 results and 0 failures
[2026-01-15 00:20:26,212][flwr][DEBUG] - fit_round 20: strategy sampled 20 clients (out of 20)
[2026-01-15 00:20:27,382][flwr][DEBUG] - fit_round 20 received 20 results and 0 failures
[2026-01-15 00:20:27,464][flwr][INFO] - fit progress: (20, 165.53258039057255, {'accuracy': 0.658}, 37.51082220801618)
[2026-01-15 00:20:27,464][flwr][DEBUG] - evaluate_round 20: strategy sampled 20 clients (out of 20)
[2026-01-15 00:20:27,547][flwr][DEBUG] - evaluate_round 20 received 20 results and 0 failures
[2026-01-15 00:20:27,547][flwr][DEBUG] - fit_round 21: strategy sampled 20 clients (out of 20)
[2026-01-15 00:20:28,672][flwr][DEBUG] - fit_round 21 received 20 results and 0 failures
[2026-01-15 00:20:28,756][flwr][INFO] - fit progress: (21, 167.39260618388653, {'accuracy': 0.659}, 38.80234866600949)
[2026-01-15 00:20:28,756][flwr][DEBUG] - evaluate_round 21: strategy sampled 20 clients (out of 20)
[2026-01-15 00:20:28,832][flwr][DEBUG] - evaluate_round 21 received 20 results and 0 failures
[2026-01-15 00:20:28,832][flwr][DEBUG] - fit_round 22: strategy sampled 20 clients (out of 20)
[2026-01-15 00:20:29,988][flwr][DEBUG] - fit_round 22 received 20 results and 0 failures
[2026-01-15 00:20:30,073][flwr][INFO] - fit progress: (22, 165.81853421777487, {'accuracy': 0.6615}, 40.119479500019224)
[2026-01-15 00:20:30,073][flwr][DEBUG] - evaluate_round 22: strategy sampled 20 clients (out of 20)
[2026-01-15 00:20:30,156][flwr][DEBUG] - evaluate_round 22 received 20 results and 0 failures
[2026-01-15 00:20:30,157][flwr][DEBUG] - fit_round 23: strategy sampled 20 clients (out of 20)
[2026-01-15 00:20:31,267][flwr][DEBUG] - fit_round 23 received 20 results and 0 failures
[2026-01-15 00:20:31,350][flwr][INFO] - fit progress: (23, 162.04923633486032, {'accuracy': 0.66}, 41.39715925001656)
[2026-01-15 00:20:31,351][flwr][DEBUG] - evaluate_round 23: strategy sampled 20 clients (out of 20)
[2026-01-15 00:20:31,433][flwr][DEBUG] - evaluate_round 23 received 20 results and 0 failures
[2026-01-15 00:20:31,433][flwr][DEBUG] - fit_round 24: strategy sampled 20 clients (out of 20)
[2026-01-15 00:20:32,545][flwr][DEBUG] - fit_round 24 received 20 results and 0 failures
[2026-01-15 00:20:32,626][flwr][INFO] - fit progress: (24, 166.7537438943982, {'accuracy': 0.659}, 42.673026958014816)
[2026-01-15 00:20:32,627][flwr][DEBUG] - evaluate_round 24: strategy sampled 20 clients (out of 20)
[2026-01-15 00:20:32,714][flwr][DEBUG] - evaluate_round 24 received 20 results and 0 failures
[2026-01-15 00:20:32,714][flwr][DEBUG] - fit_round 25: strategy sampled 20 clients (out of 20)
[2026-01-15 00:20:33,924][flwr][DEBUG] - fit_round 25 received 20 results and 0 failures
[2026-01-15 00:20:34,010][flwr][INFO] - fit progress: (25, 170.73717388510704, {'accuracy': 0.6595}, 44.05643241602229)
[2026-01-15 00:20:34,010][flwr][DEBUG] - evaluate_round 25: strategy sampled 20 clients (out of 20)
[2026-01-15 00:20:34,095][flwr][DEBUG] - evaluate_round 25 received 20 results and 0 failures
[2026-01-15 00:20:34,095][flwr][DEBUG] - fit_round 26: strategy sampled 20 clients (out of 20)
[2026-01-15 00:20:35,389][flwr][DEBUG] - fit_round 26 received 20 results and 0 failures
[2026-01-15 00:20:35,469][flwr][INFO] - fit progress: (26, 164.2787043377757, {'accuracy': 0.658}, 45.5160288750194)
[2026-01-15 00:20:35,470][flwr][DEBUG] - evaluate_round 26: strategy sampled 20 clients (out of 20)
[2026-01-15 00:20:35,556][flwr][DEBUG] - evaluate_round 26 received 20 results and 0 failures
[2026-01-15 00:20:35,556][flwr][DEBUG] - fit_round 27: strategy sampled 20 clients (out of 20)
[2026-01-15 00:20:36,754][flwr][DEBUG] - fit_round 27 received 20 results and 0 failures
[2026-01-15 00:20:36,835][flwr][INFO] - fit progress: (27, 164.02173724025488, {'accuracy': 0.6605}, 46.881562041002326)
[2026-01-15 00:20:36,835][flwr][DEBUG] - evaluate_round 27: strategy sampled 20 clients (out of 20)
[2026-01-15 00:20:36,911][flwr][DEBUG] - evaluate_round 27 received 20 results and 0 failures
[2026-01-15 00:20:36,911][flwr][DEBUG] - fit_round 28: strategy sampled 20 clients (out of 20)
[2026-01-15 00:20:38,088][flwr][DEBUG] - fit_round 28 received 20 results and 0 failures
[2026-01-15 00:20:38,170][flwr][INFO] - fit progress: (28, 162.79987815022469, {'accuracy': 0.6585}, 48.21618362501613)
[2026-01-15 00:20:38,170][flwr][DEBUG] - evaluate_round 28: strategy sampled 20 clients (out of 20)
[2026-01-15 00:20:38,249][flwr][DEBUG] - evaluate_round 28 received 20 results and 0 failures
[2026-01-15 00:20:38,249][flwr][DEBUG] - fit_round 29: strategy sampled 20 clients (out of 20)
[2026-01-15 00:20:39,765][flwr][DEBUG] - fit_round 29 received 20 results and 0 failures
[2026-01-15 00:20:39,849][flwr][INFO] - fit progress: (29, 163.65385772287846, {'accuracy': 0.658}, 49.89549395799986)
[2026-01-15 00:20:39,849][flwr][DEBUG] - evaluate_round 29: strategy sampled 20 clients (out of 20)
[2026-01-15 00:20:39,941][flwr][DEBUG] - evaluate_round 29 received 20 results and 0 failures
[2026-01-15 00:20:39,941][flwr][DEBUG] - fit_round 30: strategy sampled 20 clients (out of 20)
[2026-01-15 00:20:41,112][flwr][DEBUG] - fit_round 30 received 20 results and 0 failures
[2026-01-15 00:20:41,193][flwr][INFO] - fit progress: (30, 162.52057962864637, {'accuracy': 0.658}, 51.23952400000417)
[2026-01-15 00:20:41,193][flwr][DEBUG] - evaluate_round 30: strategy sampled 20 clients (out of 20)
[2026-01-15 00:20:41,283][flwr][DEBUG] - evaluate_round 30 received 20 results and 0 failures
[2026-01-15 00:20:41,283][flwr][DEBUG] - fit_round 31: strategy sampled 20 clients (out of 20)
[2026-01-15 00:20:42,412][flwr][DEBUG] - fit_round 31 received 20 results and 0 failures
[2026-01-15 00:20:42,495][flwr][INFO] - fit progress: (31, 169.19604957848787, {'accuracy': 0.6585}, 52.54184708301909)
[2026-01-15 00:20:42,495][flwr][DEBUG] - evaluate_round 31: strategy sampled 20 clients (out of 20)
[2026-01-15 00:20:42,583][flwr][DEBUG] - evaluate_round 31 received 20 results and 0 failures
[2026-01-15 00:20:42,583][flwr][DEBUG] - fit_round 32: strategy sampled 20 clients (out of 20)
[2026-01-15 00:20:43,724][flwr][DEBUG] - fit_round 32 received 20 results and 0 failures
[2026-01-15 00:20:43,804][flwr][INFO] - fit progress: (32, 159.6269871890545, {'accuracy': 0.6585}, 53.85096829102258)
[2026-01-15 00:20:43,805][flwr][DEBUG] - evaluate_round 32: strategy sampled 20 clients (out of 20)
[2026-01-15 00:20:43,879][flwr][DEBUG] - evaluate_round 32 received 20 results and 0 failures
[2026-01-15 00:20:43,879][flwr][DEBUG] - fit_round 33: strategy sampled 20 clients (out of 20)
[2026-01-15 00:20:45,144][flwr][DEBUG] - fit_round 33 received 20 results and 0 failures
[2026-01-15 00:20:45,232][flwr][INFO] - fit progress: (33, 168.37450870871544, {'accuracy': 0.6585}, 55.27855350001482)
[2026-01-15 00:20:45,232][flwr][DEBUG] - evaluate_round 33: strategy sampled 20 clients (out of 20)
[2026-01-15 00:20:45,319][flwr][DEBUG] - evaluate_round 33 received 20 results and 0 failures
[2026-01-15 00:20:45,319][flwr][DEBUG] - fit_round 34: strategy sampled 20 clients (out of 20)
[2026-01-15 00:20:46,560][flwr][DEBUG] - fit_round 34 received 20 results and 0 failures
[2026-01-15 00:20:46,647][flwr][INFO] - fit progress: (34, 161.01164750754833, {'accuracy': 0.66}, 56.6937893750146)
[2026-01-15 00:20:46,647][flwr][DEBUG] - evaluate_round 34: strategy sampled 20 clients (out of 20)
[2026-01-15 00:20:46,745][flwr][DEBUG] - evaluate_round 34 received 20 results and 0 failures
[2026-01-15 00:20:46,745][flwr][DEBUG] - fit_round 35: strategy sampled 20 clients (out of 20)
[2026-01-15 00:20:48,315][flwr][DEBUG] - fit_round 35 received 20 results and 0 failures
[2026-01-15 00:20:48,433][flwr][INFO] - fit progress: (35, 167.40698698163033, {'accuracy': 0.659}, 58.47956945802434)
[2026-01-15 00:20:48,433][flwr][DEBUG] - evaluate_round 35: strategy sampled 20 clients (out of 20)
[2026-01-15 00:20:48,548][flwr][DEBUG] - evaluate_round 35 received 20 results and 0 failures
[2026-01-15 00:20:48,548][flwr][DEBUG] - fit_round 36: strategy sampled 20 clients (out of 20)
[2026-01-15 00:20:50,240][flwr][DEBUG] - fit_round 36 received 20 results and 0 failures
[2026-01-15 00:20:50,339][flwr][INFO] - fit progress: (36, 169.60866881161928, {'accuracy': 0.6585}, 60.38520241601509)
[2026-01-15 00:20:50,367][flwr][DEBUG] - evaluate_round 36: strategy sampled 20 clients (out of 20)
[2026-01-15 00:20:50,499][flwr][DEBUG] - evaluate_round 36 received 20 results and 0 failures
[2026-01-15 00:20:50,500][flwr][DEBUG] - fit_round 37: strategy sampled 20 clients (out of 20)
[2026-01-15 00:20:52,110][flwr][DEBUG] - fit_round 37 received 20 results and 0 failures
[2026-01-15 00:20:52,201][flwr][INFO] - fit progress: (37, 165.90255046635866, {'accuracy': 0.6595}, 62.24783025000943)
[2026-01-15 00:20:52,201][flwr][DEBUG] - evaluate_round 37: strategy sampled 20 clients (out of 20)
[2026-01-15 00:20:52,306][flwr][DEBUG] - evaluate_round 37 received 20 results and 0 failures
[2026-01-15 00:20:52,306][flwr][DEBUG] - fit_round 38: strategy sampled 20 clients (out of 20)
[2026-01-15 00:20:54,101][flwr][DEBUG] - fit_round 38 received 20 results and 0 failures
[2026-01-15 00:20:54,198][flwr][INFO] - fit progress: (38, 165.99866547435522, {'accuracy': 0.6575}, 64.24468475001049)
[2026-01-15 00:20:54,198][flwr][DEBUG] - evaluate_round 38: strategy sampled 20 clients (out of 20)
[2026-01-15 00:20:54,303][flwr][DEBUG] - evaluate_round 38 received 20 results and 0 failures
[2026-01-15 00:20:54,303][flwr][DEBUG] - fit_round 39: strategy sampled 20 clients (out of 20)
[2026-01-15 00:20:55,607][flwr][DEBUG] - fit_round 39 received 20 results and 0 failures
[2026-01-15 00:20:55,689][flwr][INFO] - fit progress: (39, 161.37102014571428, {'accuracy': 0.659}, 65.73563279100927)
[2026-01-15 00:20:55,689][flwr][DEBUG] - evaluate_round 39: strategy sampled 20 clients (out of 20)
[2026-01-15 00:20:55,790][flwr][DEBUG] - evaluate_round 39 received 20 results and 0 failures
[2026-01-15 00:20:55,790][flwr][DEBUG] - fit_round 40: strategy sampled 20 clients (out of 20)
[2026-01-15 00:20:57,050][flwr][DEBUG] - fit_round 40 received 20 results and 0 failures
[2026-01-15 00:20:57,138][flwr][INFO] - fit progress: (40, 168.29723259061575, {'accuracy': 0.658}, 67.18506920800428)
[2026-01-15 00:20:57,139][flwr][DEBUG] - evaluate_round 40: strategy sampled 20 clients (out of 20)
[2026-01-15 00:20:57,250][flwr][DEBUG] - evaluate_round 40 received 20 results and 0 failures
[2026-01-15 00:20:57,251][flwr][DEBUG] - fit_round 41: strategy sampled 20 clients (out of 20)
[2026-01-15 00:20:58,649][flwr][DEBUG] - fit_round 41 received 20 results and 0 failures
[2026-01-15 00:20:58,736][flwr][INFO] - fit progress: (41, 168.08921299874783, {'accuracy': 0.659}, 68.78308170801029)
[2026-01-15 00:20:58,737][flwr][DEBUG] - evaluate_round 41: strategy sampled 20 clients (out of 20)
[2026-01-15 00:20:58,899][flwr][DEBUG] - evaluate_round 41 received 20 results and 0 failures
[2026-01-15 00:20:58,899][flwr][DEBUG] - fit_round 42: strategy sampled 20 clients (out of 20)
[2026-01-15 00:21:00,415][flwr][DEBUG] - fit_round 42 received 20 results and 0 failures
[2026-01-15 00:21:00,513][flwr][INFO] - fit progress: (42, 165.96260557323694, {'accuracy': 0.6585}, 70.56001783302054)
[2026-01-15 00:21:00,514][flwr][DEBUG] - evaluate_round 42: strategy sampled 20 clients (out of 20)
[2026-01-15 00:21:00,602][flwr][DEBUG] - evaluate_round 42 received 20 results and 0 failures
[2026-01-15 00:21:00,603][flwr][DEBUG] - fit_round 43: strategy sampled 20 clients (out of 20)
[2026-01-15 00:21:01,963][flwr][DEBUG] - fit_round 43 received 20 results and 0 failures
[2026-01-15 00:21:02,049][flwr][INFO] - fit progress: (43, 159.8734107390046, {'accuracy': 0.6595}, 72.09562066601939)
[2026-01-15 00:21:02,049][flwr][DEBUG] - evaluate_round 43: strategy sampled 20 clients (out of 20)
[2026-01-15 00:21:02,144][flwr][DEBUG] - evaluate_round 43 received 20 results and 0 failures
[2026-01-15 00:21:02,145][flwr][DEBUG] - fit_round 44: strategy sampled 20 clients (out of 20)
[2026-01-15 00:21:03,413][flwr][DEBUG] - fit_round 44 received 20 results and 0 failures
[2026-01-15 00:21:03,494][flwr][INFO] - fit progress: (44, 162.6089775711298, {'accuracy': 0.659}, 73.54077537500416)
[2026-01-15 00:21:03,494][flwr][DEBUG] - evaluate_round 44: strategy sampled 20 clients (out of 20)
[2026-01-15 00:21:03,584][flwr][DEBUG] - evaluate_round 44 received 20 results and 0 failures
[2026-01-15 00:21:03,585][flwr][DEBUG] - fit_round 45: strategy sampled 20 clients (out of 20)
[2026-01-15 00:21:04,777][flwr][DEBUG] - fit_round 45 received 20 results and 0 failures
[2026-01-15 00:21:04,861][flwr][INFO] - fit progress: (45, 163.91724007576704, {'accuracy': 0.6595}, 74.90729045800981)
[2026-01-15 00:21:04,861][flwr][DEBUG] - evaluate_round 45: strategy sampled 20 clients (out of 20)
[2026-01-15 00:21:04,939][flwr][DEBUG] - evaluate_round 45 received 20 results and 0 failures
[2026-01-15 00:21:04,940][flwr][DEBUG] - fit_round 46: strategy sampled 20 clients (out of 20)
[2026-01-15 00:21:06,193][flwr][DEBUG] - fit_round 46 received 20 results and 0 failures
[2026-01-15 00:21:06,275][flwr][INFO] - fit progress: (46, 166.68478775024414, {'accuracy': 0.659}, 76.32242304101237)
[2026-01-15 00:21:06,276][flwr][DEBUG] - evaluate_round 46: strategy sampled 20 clients (out of 20)
[2026-01-15 00:21:06,368][flwr][DEBUG] - evaluate_round 46 received 20 results and 0 failures
[2026-01-15 00:21:06,369][flwr][DEBUG] - fit_round 47: strategy sampled 20 clients (out of 20)
[2026-01-15 00:21:07,493][flwr][DEBUG] - fit_round 47 received 20 results and 0 failures
[2026-01-15 00:21:07,578][flwr][INFO] - fit progress: (47, 156.9792606085539, {'accuracy': 0.6585}, 77.62646591602243)
[2026-01-15 00:21:07,579][flwr][DEBUG] - evaluate_round 47: strategy sampled 20 clients (out of 20)
[2026-01-15 00:21:07,668][flwr][DEBUG] - evaluate_round 47 received 20 results and 0 failures
[2026-01-15 00:21:07,669][flwr][DEBUG] - fit_round 48: strategy sampled 20 clients (out of 20)
[2026-01-15 00:21:09,784][flwr][DEBUG] - fit_round 48 received 20 results and 0 failures
[2026-01-15 00:21:09,879][flwr][INFO] - fit progress: (48, 166.4327298477292, {'accuracy': 0.6585}, 79.9291022910038)
[2026-01-15 00:21:09,879][flwr][DEBUG] - evaluate_round 48: strategy sampled 20 clients (out of 20)
[2026-01-15 00:21:09,995][flwr][DEBUG] - evaluate_round 48 received 20 results and 0 failures
[2026-01-15 00:21:09,996][flwr][DEBUG] - fit_round 49: strategy sampled 20 clients (out of 20)
[2026-01-15 00:21:11,378][flwr][DEBUG] - fit_round 49 received 20 results and 0 failures
[2026-01-15 00:21:11,463][flwr][INFO] - fit progress: (49, 164.26165740936995, {'accuracy': 0.658}, 81.5143127910269)
[2026-01-15 00:21:11,463][flwr][DEBUG] - evaluate_round 49: strategy sampled 20 clients (out of 20)
[2026-01-15 00:21:11,593][flwr][DEBUG] - evaluate_round 49 received 20 results and 0 failures
[2026-01-15 00:21:11,593][flwr][DEBUG] - fit_round 50: strategy sampled 20 clients (out of 20)
[2026-01-15 00:21:12,899][flwr][DEBUG] - fit_round 50 received 20 results and 0 failures
[2026-01-15 00:21:12,982][flwr][INFO] - fit progress: (50, 156.09638331085443, {'accuracy': 0.6585}, 83.03445766601362)
[2026-01-15 00:21:12,983][flwr][DEBUG] - evaluate_round 50: strategy sampled 20 clients (out of 20)
[2026-01-15 00:21:13,097][flwr][DEBUG] - evaluate_round 50 received 20 results and 0 failures
[2026-01-15 00:21:13,097][flwr][DEBUG] - fit_round 51: strategy sampled 20 clients (out of 20)
[2026-01-15 00:21:14,235][flwr][DEBUG] - fit_round 51 received 20 results and 0 failures
[2026-01-15 00:21:14,317][flwr][INFO] - fit progress: (51, 161.57991307228804, {'accuracy': 0.6585}, 84.36965812501148)
[2026-01-15 00:21:14,317][flwr][DEBUG] - evaluate_round 51: strategy sampled 20 clients (out of 20)
[2026-01-15 00:21:14,407][flwr][DEBUG] - evaluate_round 51 received 20 results and 0 failures
[2026-01-15 00:21:14,408][flwr][DEBUG] - fit_round 52: strategy sampled 20 clients (out of 20)
[2026-01-15 00:21:16,238][flwr][DEBUG] - fit_round 52 received 20 results and 0 failures
[2026-01-15 00:21:16,333][flwr][INFO] - fit progress: (52, 162.2190165221691, {'accuracy': 0.6595}, 86.38705487502739)
[2026-01-15 00:21:16,333][flwr][DEBUG] - evaluate_round 52: strategy sampled 20 clients (out of 20)
[2026-01-15 00:21:16,432][flwr][DEBUG] - evaluate_round 52 received 20 results and 0 failures
[2026-01-15 00:21:16,432][flwr][DEBUG] - fit_round 53: strategy sampled 20 clients (out of 20)
[2026-01-15 00:21:17,865][flwr][DEBUG] - fit_round 53 received 20 results and 0 failures
[2026-01-15 00:21:17,966][flwr][INFO] - fit progress: (53, 164.62490923702717, {'accuracy': 0.6595}, 88.02108020801097)
[2026-01-15 00:21:17,967][flwr][DEBUG] - evaluate_round 53: strategy sampled 20 clients (out of 20)
[2026-01-15 00:21:18,073][flwr][DEBUG] - evaluate_round 53 received 20 results and 0 failures
[2026-01-15 00:21:18,073][flwr][DEBUG] - fit_round 54: strategy sampled 20 clients (out of 20)
[2026-01-15 00:21:19,374][flwr][DEBUG] - fit_round 54 received 20 results and 0 failures
[2026-01-15 00:21:19,463][flwr][INFO] - fit progress: (54, 165.2760502770543, {'accuracy': 0.66}, 89.5187682910182)
[2026-01-15 00:21:19,464][flwr][DEBUG] - evaluate_round 54: strategy sampled 20 clients (out of 20)
[2026-01-15 00:21:19,562][flwr][DEBUG] - evaluate_round 54 received 20 results and 0 failures
[2026-01-15 00:21:19,562][flwr][DEBUG] - fit_round 55: strategy sampled 20 clients (out of 20)
[2026-01-15 00:21:20,990][flwr][DEBUG] - fit_round 55 received 20 results and 0 failures
[2026-01-15 00:21:21,081][flwr][INFO] - fit progress: (55, 161.58589919656515, {'accuracy': 0.6595}, 91.13684000002104)
[2026-01-15 00:21:21,081][flwr][DEBUG] - evaluate_round 55: strategy sampled 20 clients (out of 20)
[2026-01-15 00:21:21,185][flwr][DEBUG] - evaluate_round 55 received 20 results and 0 failures
[2026-01-15 00:21:21,185][flwr][DEBUG] - fit_round 56: strategy sampled 20 clients (out of 20)
[2026-01-15 00:21:22,598][flwr][DEBUG] - fit_round 56 received 20 results and 0 failures
[2026-01-15 00:21:22,684][flwr][INFO] - fit progress: (56, 160.2297015786171, {'accuracy': 0.66}, 92.74085466601537)
[2026-01-15 00:21:22,685][flwr][DEBUG] - evaluate_round 56: strategy sampled 20 clients (out of 20)
[2026-01-15 00:21:22,790][flwr][DEBUG] - evaluate_round 56 received 20 results and 0 failures
[2026-01-15 00:21:22,790][flwr][DEBUG] - fit_round 57: strategy sampled 20 clients (out of 20)
[2026-01-15 00:21:24,163][flwr][DEBUG] - fit_round 57 received 20 results and 0 failures
[2026-01-15 00:21:24,245][flwr][INFO] - fit progress: (57, 160.29354947060347, {'accuracy': 0.66}, 94.30212929102709)
[2026-01-15 00:21:24,245][flwr][DEBUG] - evaluate_round 57: strategy sampled 20 clients (out of 20)
[2026-01-15 00:21:24,354][flwr][DEBUG] - evaluate_round 57 received 20 results and 0 failures
[2026-01-15 00:21:24,355][flwr][DEBUG] - fit_round 58: strategy sampled 20 clients (out of 20)
[2026-01-15 00:21:25,738][flwr][DEBUG] - fit_round 58 received 20 results and 0 failures
[2026-01-15 00:21:25,830][flwr][INFO] - fit progress: (58, 157.42181602865458, {'accuracy': 0.66}, 95.8870933750004)
[2026-01-15 00:21:25,830][flwr][DEBUG] - evaluate_round 58: strategy sampled 20 clients (out of 20)
[2026-01-15 00:21:25,992][flwr][DEBUG] - evaluate_round 58 received 20 results and 0 failures
[2026-01-15 00:21:25,993][flwr][DEBUG] - fit_round 59: strategy sampled 20 clients (out of 20)
[2026-01-15 00:21:27,454][flwr][DEBUG] - fit_round 59 received 20 results and 0 failures
[2026-01-15 00:21:27,542][flwr][INFO] - fit progress: (59, 163.94293472915888, {'accuracy': 0.66}, 97.5999653750041)
[2026-01-15 00:21:27,542][flwr][DEBUG] - evaluate_round 59: strategy sampled 20 clients (out of 20)
[2026-01-15 00:21:27,642][flwr][DEBUG] - evaluate_round 59 received 20 results and 0 failures
[2026-01-15 00:21:27,642][flwr][DEBUG] - fit_round 60: strategy sampled 20 clients (out of 20)
[2026-01-15 00:21:28,909][flwr][DEBUG] - fit_round 60 received 20 results and 0 failures
[2026-01-15 00:21:29,007][flwr][INFO] - fit progress: (60, 163.0182994902134, {'accuracy': 0.66}, 99.06484650002676)
[2026-01-15 00:21:29,007][flwr][DEBUG] - evaluate_round 60: strategy sampled 20 clients (out of 20)
[2026-01-15 00:21:29,114][flwr][DEBUG] - evaluate_round 60 received 20 results and 0 failures
[2026-01-15 00:21:29,114][flwr][DEBUG] - fit_round 61: strategy sampled 20 clients (out of 20)
[2026-01-15 00:21:30,554][flwr][DEBUG] - fit_round 61 received 20 results and 0 failures
[2026-01-15 00:21:30,642][flwr][INFO] - fit progress: (61, 160.52842100709677, {'accuracy': 0.6595}, 100.70087187501485)
[2026-01-15 00:21:30,643][flwr][DEBUG] - evaluate_round 61: strategy sampled 20 clients (out of 20)
[2026-01-15 00:21:30,749][flwr][DEBUG] - evaluate_round 61 received 20 results and 0 failures
[2026-01-15 00:21:30,749][flwr][DEBUG] - fit_round 62: strategy sampled 20 clients (out of 20)
[2026-01-15 00:21:32,112][flwr][DEBUG] - fit_round 62 received 20 results and 0 failures
[2026-01-15 00:21:32,197][flwr][INFO] - fit progress: (62, 156.62932819128036, {'accuracy': 0.66}, 102.25535737501923)
[2026-01-15 00:21:32,197][flwr][DEBUG] - evaluate_round 62: strategy sampled 20 clients (out of 20)
[2026-01-15 00:21:32,292][flwr][DEBUG] - evaluate_round 62 received 20 results and 0 failures
[2026-01-15 00:21:32,292][flwr][DEBUG] - fit_round 63: strategy sampled 20 clients (out of 20)
[2026-01-15 00:21:33,624][flwr][DEBUG] - fit_round 63 received 20 results and 0 failures
[2026-01-15 00:21:33,712][flwr][INFO] - fit progress: (63, 156.00194142013788, {'accuracy': 0.659}, 103.7714065410255)
[2026-01-15 00:21:33,713][flwr][DEBUG] - evaluate_round 63: strategy sampled 20 clients (out of 20)
[2026-01-15 00:21:33,812][flwr][DEBUG] - evaluate_round 63 received 20 results and 0 failures
[2026-01-15 00:21:33,812][flwr][DEBUG] - fit_round 64: strategy sampled 20 clients (out of 20)
[2026-01-15 00:21:34,946][flwr][DEBUG] - fit_round 64 received 20 results and 0 failures
[2026-01-15 00:21:35,027][flwr][INFO] - fit progress: (64, 161.6320522725582, {'accuracy': 0.66}, 105.086612041021)
[2026-01-15 00:21:35,028][flwr][DEBUG] - evaluate_round 64: strategy sampled 20 clients (out of 20)
[2026-01-15 00:21:35,119][flwr][DEBUG] - evaluate_round 64 received 20 results and 0 failures
[2026-01-15 00:21:35,119][flwr][DEBUG] - fit_round 65: strategy sampled 20 clients (out of 20)
[2026-01-15 00:21:36,341][flwr][DEBUG] - fit_round 65 received 20 results and 0 failures
[2026-01-15 00:21:36,420][flwr][INFO] - fit progress: (65, 158.96216852217913, {'accuracy': 0.661}, 106.47927495802287)
[2026-01-15 00:21:36,420][flwr][DEBUG] - evaluate_round 65: strategy sampled 20 clients (out of 20)
[2026-01-15 00:21:36,541][flwr][DEBUG] - evaluate_round 65 received 20 results and 0 failures
[2026-01-15 00:21:36,541][flwr][DEBUG] - fit_round 66: strategy sampled 20 clients (out of 20)
[2026-01-15 00:21:37,747][flwr][DEBUG] - fit_round 66 received 20 results and 0 failures
[2026-01-15 00:21:37,838][flwr][INFO] - fit progress: (66, 165.59692483395338, {'accuracy': 0.6615}, 107.89770204102388)
[2026-01-15 00:21:37,838][flwr][DEBUG] - evaluate_round 66: strategy sampled 20 clients (out of 20)
[2026-01-15 00:21:37,972][flwr][DEBUG] - evaluate_round 66 received 20 results and 0 failures
[2026-01-15 00:21:37,973][flwr][DEBUG] - fit_round 67: strategy sampled 20 clients (out of 20)
[2026-01-15 00:21:39,604][flwr][DEBUG] - fit_round 67 received 20 results and 0 failures
[2026-01-15 00:21:39,689][flwr][INFO] - fit progress: (67, 165.54961451143026, {'accuracy': 0.661}, 109.74831012502545)
[2026-01-15 00:21:39,689][flwr][DEBUG] - evaluate_round 67: strategy sampled 20 clients (out of 20)
[2026-01-15 00:21:39,779][flwr][DEBUG] - evaluate_round 67 received 20 results and 0 failures
[2026-01-15 00:21:39,780][flwr][DEBUG] - fit_round 68: strategy sampled 20 clients (out of 20)
[2026-01-15 00:21:40,952][flwr][DEBUG] - fit_round 68 received 20 results and 0 failures
[2026-01-15 00:21:41,033][flwr][INFO] - fit progress: (68, 162.60979331284761, {'accuracy': 0.66}, 111.09264208300738)
[2026-01-15 00:21:41,033][flwr][DEBUG] - evaluate_round 68: strategy sampled 20 clients (out of 20)
[2026-01-15 00:21:41,143][flwr][DEBUG] - evaluate_round 68 received 20 results and 0 failures
[2026-01-15 00:21:41,144][flwr][DEBUG] - fit_round 69: strategy sampled 20 clients (out of 20)
[2026-01-15 00:21:42,573][flwr][DEBUG] - fit_round 69 received 20 results and 0 failures
[2026-01-15 00:21:42,661][flwr][INFO] - fit progress: (69, 161.092320561409, {'accuracy': 0.661}, 112.72125016601058)
[2026-01-15 00:21:42,661][flwr][DEBUG] - evaluate_round 69: strategy sampled 20 clients (out of 20)
[2026-01-15 00:21:42,764][flwr][DEBUG] - evaluate_round 69 received 20 results and 0 failures
[2026-01-15 00:21:42,765][flwr][DEBUG] - fit_round 70: strategy sampled 20 clients (out of 20)
[2026-01-15 00:21:44,132][flwr][DEBUG] - fit_round 70 received 20 results and 0 failures
[2026-01-15 00:21:44,230][flwr][INFO] - fit progress: (70, 158.6788916066289, {'accuracy': 0.661}, 114.29010370801552)
[2026-01-15 00:21:44,230][flwr][DEBUG] - evaluate_round 70: strategy sampled 20 clients (out of 20)
[2026-01-15 00:21:44,348][flwr][DEBUG] - evaluate_round 70 received 20 results and 0 failures
[2026-01-15 00:21:44,348][flwr][DEBUG] - fit_round 71: strategy sampled 20 clients (out of 20)
[2026-01-15 00:21:45,768][flwr][DEBUG] - fit_round 71 received 20 results and 0 failures
[2026-01-15 00:21:45,858][flwr][INFO] - fit progress: (71, 156.32692358642817, {'accuracy': 0.661}, 115.91794545800076)
[2026-01-15 00:21:45,858][flwr][DEBUG] - evaluate_round 71: strategy sampled 20 clients (out of 20)
[2026-01-15 00:21:45,970][flwr][DEBUG] - evaluate_round 71 received 20 results and 0 failures
[2026-01-15 00:21:45,971][flwr][DEBUG] - fit_round 72: strategy sampled 20 clients (out of 20)
[2026-01-15 00:21:47,277][flwr][DEBUG] - fit_round 72 received 20 results and 0 failures
[2026-01-15 00:21:47,361][flwr][INFO] - fit progress: (72, 157.680649548769, {'accuracy': 0.661}, 117.42098258301849)
[2026-01-15 00:21:47,361][flwr][DEBUG] - evaluate_round 72: strategy sampled 20 clients (out of 20)
[2026-01-15 00:21:47,453][flwr][DEBUG] - evaluate_round 72 received 20 results and 0 failures
[2026-01-15 00:21:47,453][flwr][DEBUG] - fit_round 73: strategy sampled 20 clients (out of 20)
[2026-01-15 00:21:48,769][flwr][DEBUG] - fit_round 73 received 20 results and 0 failures
[2026-01-15 00:21:48,958][flwr][INFO] - fit progress: (73, 155.4927677437663, {'accuracy': 0.6605}, 119.0181058330054)
[2026-01-15 00:21:48,958][flwr][DEBUG] - evaluate_round 73: strategy sampled 20 clients (out of 20)
[2026-01-15 00:21:49,049][flwr][DEBUG] - evaluate_round 73 received 20 results and 0 failures
[2026-01-15 00:21:49,049][flwr][DEBUG] - fit_round 74: strategy sampled 20 clients (out of 20)
[2026-01-15 00:21:50,403][flwr][DEBUG] - fit_round 74 received 20 results and 0 failures
[2026-01-15 00:21:50,484][flwr][INFO] - fit progress: (74, 160.23017121851444, {'accuracy': 0.6615}, 120.5449402500235)
[2026-01-15 00:21:50,485][flwr][DEBUG] - evaluate_round 74: strategy sampled 20 clients (out of 20)
[2026-01-15 00:21:50,616][flwr][DEBUG] - evaluate_round 74 received 20 results and 0 failures
[2026-01-15 00:21:50,616][flwr][DEBUG] - fit_round 75: strategy sampled 20 clients (out of 20)
[2026-01-15 00:21:51,823][flwr][DEBUG] - fit_round 75 received 20 results and 0 failures
[2026-01-15 00:21:51,909][flwr][INFO] - fit progress: (75, 161.8434114381671, {'accuracy': 0.661}, 121.96966333300225)
[2026-01-15 00:21:51,909][flwr][DEBUG] - evaluate_round 75: strategy sampled 20 clients (out of 20)
[2026-01-15 00:21:52,015][flwr][DEBUG] - evaluate_round 75 received 20 results and 0 failures
[2026-01-15 00:21:52,016][flwr][DEBUG] - fit_round 76: strategy sampled 20 clients (out of 20)
[2026-01-15 00:21:53,261][flwr][DEBUG] - fit_round 76 received 20 results and 0 failures
[2026-01-15 00:21:53,343][flwr][INFO] - fit progress: (76, 158.45466466248035, {'accuracy': 0.6605}, 123.40370495800744)
[2026-01-15 00:21:53,343][flwr][DEBUG] - evaluate_round 76: strategy sampled 20 clients (out of 20)
[2026-01-15 00:21:53,432][flwr][DEBUG] - evaluate_round 76 received 20 results and 0 failures
[2026-01-15 00:21:53,432][flwr][DEBUG] - fit_round 77: strategy sampled 20 clients (out of 20)
[2026-01-15 00:21:54,625][flwr][DEBUG] - fit_round 77 received 20 results and 0 failures
[2026-01-15 00:21:54,718][flwr][INFO] - fit progress: (77, 160.12852158397436, {'accuracy': 0.662}, 124.77870375002385)
[2026-01-15 00:21:54,718][flwr][DEBUG] - evaluate_round 77: strategy sampled 20 clients (out of 20)
[2026-01-15 00:21:54,835][flwr][DEBUG] - evaluate_round 77 received 20 results and 0 failures
[2026-01-15 00:21:54,835][flwr][DEBUG] - fit_round 78: strategy sampled 20 clients (out of 20)
[2026-01-15 00:21:56,218][flwr][DEBUG] - fit_round 78 received 20 results and 0 failures
[2026-01-15 00:21:56,310][flwr][INFO] - fit progress: (78, 158.7956521064043, {'accuracy': 0.661}, 126.37062620802317)
[2026-01-15 00:21:56,310][flwr][DEBUG] - evaluate_round 78: strategy sampled 20 clients (out of 20)
[2026-01-15 00:21:56,478][flwr][DEBUG] - evaluate_round 78 received 20 results and 0 failures
[2026-01-15 00:21:56,478][flwr][DEBUG] - fit_round 79: strategy sampled 20 clients (out of 20)
[2026-01-15 00:21:57,904][flwr][DEBUG] - fit_round 79 received 20 results and 0 failures
[2026-01-15 00:21:57,993][flwr][INFO] - fit progress: (79, 160.5428923740983, {'accuracy': 0.661}, 128.05359408300137)
[2026-01-15 00:21:57,993][flwr][DEBUG] - evaluate_round 79: strategy sampled 20 clients (out of 20)
[2026-01-15 00:21:58,087][flwr][DEBUG] - evaluate_round 79 received 20 results and 0 failures
[2026-01-15 00:21:58,088][flwr][DEBUG] - fit_round 80: strategy sampled 20 clients (out of 20)
[2026-01-15 00:21:59,284][flwr][DEBUG] - fit_round 80 received 20 results and 0 failures
[2026-01-15 00:21:59,364][flwr][INFO] - fit progress: (80, 160.105099581182, {'accuracy': 0.6615}, 129.4251885410049)
[2026-01-15 00:21:59,364][flwr][DEBUG] - evaluate_round 80: strategy sampled 20 clients (out of 20)
[2026-01-15 00:21:59,449][flwr][DEBUG] - evaluate_round 80 received 20 results and 0 failures
[2026-01-15 00:21:59,449][flwr][DEBUG] - fit_round 81: strategy sampled 20 clients (out of 20)
[2026-01-15 00:22:00,791][flwr][DEBUG] - fit_round 81 received 20 results and 0 failures
[2026-01-15 00:22:00,873][flwr][INFO] - fit progress: (81, 155.1404290869832, {'accuracy': 0.661}, 130.9338810830086)
[2026-01-15 00:22:00,873][flwr][DEBUG] - evaluate_round 81: strategy sampled 20 clients (out of 20)
[2026-01-15 00:22:00,968][flwr][DEBUG] - evaluate_round 81 received 20 results and 0 failures
[2026-01-15 00:22:00,968][flwr][DEBUG] - fit_round 82: strategy sampled 20 clients (out of 20)
[2026-01-15 00:22:02,384][flwr][DEBUG] - fit_round 82 received 20 results and 0 failures
[2026-01-15 00:22:02,474][flwr][INFO] - fit progress: (82, 159.27782781422138, {'accuracy': 0.663}, 132.53535499999998)
[2026-01-15 00:22:02,475][flwr][DEBUG] - evaluate_round 82: strategy sampled 20 clients (out of 20)
[2026-01-15 00:22:02,595][flwr][DEBUG] - evaluate_round 82 received 20 results and 0 failures
[2026-01-15 00:22:02,595][flwr][DEBUG] - fit_round 83: strategy sampled 20 clients (out of 20)
[2026-01-15 00:22:03,859][flwr][DEBUG] - fit_round 83 received 20 results and 0 failures
[2026-01-15 00:22:03,950][flwr][INFO] - fit progress: (83, 161.02314227074385, {'accuracy': 0.6635}, 134.01062087502214)
[2026-01-15 00:22:03,950][flwr][DEBUG] - evaluate_round 83: strategy sampled 20 clients (out of 20)
[2026-01-15 00:22:04,065][flwr][DEBUG] - evaluate_round 83 received 20 results and 0 failures
[2026-01-15 00:22:04,065][flwr][DEBUG] - fit_round 84: strategy sampled 20 clients (out of 20)
[2026-01-15 00:22:05,431][flwr][DEBUG] - fit_round 84 received 20 results and 0 failures
[2026-01-15 00:22:05,521][flwr][INFO] - fit progress: (84, 155.8547464236617, {'accuracy': 0.661}, 135.58184533301392)
[2026-01-15 00:22:05,521][flwr][DEBUG] - evaluate_round 84: strategy sampled 20 clients (out of 20)
[2026-01-15 00:22:05,632][flwr][DEBUG] - evaluate_round 84 received 20 results and 0 failures
[2026-01-15 00:22:05,632][flwr][DEBUG] - fit_round 85: strategy sampled 20 clients (out of 20)
[2026-01-15 00:22:07,008][flwr][DEBUG] - fit_round 85 received 20 results and 0 failures
[2026-01-15 00:22:07,101][flwr][INFO] - fit progress: (85, 157.9870562106371, {'accuracy': 0.662}, 137.1625405830273)
[2026-01-15 00:22:07,102][flwr][DEBUG] - evaluate_round 85: strategy sampled 20 clients (out of 20)
[2026-01-15 00:22:07,210][flwr][DEBUG] - evaluate_round 85 received 20 results and 0 failures
[2026-01-15 00:22:07,211][flwr][DEBUG] - fit_round 86: strategy sampled 20 clients (out of 20)
[2026-01-15 00:22:09,582][flwr][DEBUG] - fit_round 86 received 20 results and 0 failures
[2026-01-15 00:22:09,762][flwr][INFO] - fit progress: (86, 150.8427675962448, {'accuracy': 0.6605}, 139.82300891602063)
[2026-01-15 00:22:09,762][flwr][DEBUG] - evaluate_round 86: strategy sampled 20 clients (out of 20)
[2026-01-15 00:22:09,904][flwr][DEBUG] - evaluate_round 86 received 20 results and 0 failures
[2026-01-15 00:22:09,904][flwr][DEBUG] - fit_round 87: strategy sampled 20 clients (out of 20)
[2026-01-15 00:22:11,406][flwr][DEBUG] - fit_round 87 received 20 results and 0 failures
[2026-01-15 00:22:11,497][flwr][INFO] - fit progress: (87, 158.2693950533867, {'accuracy': 0.663}, 141.55792250001105)
[2026-01-15 00:22:11,497][flwr][DEBUG] - evaluate_round 87: strategy sampled 20 clients (out of 20)
[2026-01-15 00:22:11,593][flwr][DEBUG] - evaluate_round 87 received 20 results and 0 failures
[2026-01-15 00:22:11,594][flwr][DEBUG] - fit_round 88: strategy sampled 20 clients (out of 20)
[2026-01-15 00:22:12,839][flwr][DEBUG] - fit_round 88 received 20 results and 0 failures
[2026-01-15 00:22:12,924][flwr][INFO] - fit progress: (88, 157.2504309564829, {'accuracy': 0.6635}, 142.9847929160169)
[2026-01-15 00:22:12,924][flwr][DEBUG] - evaluate_round 88: strategy sampled 20 clients (out of 20)
[2026-01-15 00:22:13,028][flwr][DEBUG] - evaluate_round 88 received 20 results and 0 failures
[2026-01-15 00:22:13,028][flwr][DEBUG] - fit_round 89: strategy sampled 20 clients (out of 20)
[2026-01-15 00:22:14,262][flwr][DEBUG] - fit_round 89 received 20 results and 0 failures
[2026-01-15 00:22:14,345][flwr][INFO] - fit progress: (89, 155.31012729555368, {'accuracy': 0.663}, 144.40650329101481)
[2026-01-15 00:22:14,345][flwr][DEBUG] - evaluate_round 89: strategy sampled 20 clients (out of 20)
[2026-01-15 00:22:14,422][flwr][DEBUG] - evaluate_round 89 received 20 results and 0 failures
[2026-01-15 00:22:14,422][flwr][DEBUG] - fit_round 90: strategy sampled 20 clients (out of 20)
[2026-01-15 00:22:15,690][flwr][DEBUG] - fit_round 90 received 20 results and 0 failures
[2026-01-15 00:22:15,774][flwr][INFO] - fit progress: (90, 154.6479843184352, {'accuracy': 0.6625}, 145.83496345800813)
[2026-01-15 00:22:15,774][flwr][DEBUG] - evaluate_round 90: strategy sampled 20 clients (out of 20)
[2026-01-15 00:22:15,887][flwr][DEBUG] - evaluate_round 90 received 20 results and 0 failures
[2026-01-15 00:22:15,887][flwr][DEBUG] - fit_round 91: strategy sampled 20 clients (out of 20)
[2026-01-15 00:22:17,094][flwr][DEBUG] - fit_round 91 received 20 results and 0 failures
[2026-01-15 00:22:17,180][flwr][INFO] - fit progress: (91, 156.70258489996195, {'accuracy': 0.663}, 147.2410712080018)
[2026-01-15 00:22:17,180][flwr][DEBUG] - evaluate_round 91: strategy sampled 20 clients (out of 20)
[2026-01-15 00:22:17,327][flwr][DEBUG] - evaluate_round 91 received 20 results and 0 failures
[2026-01-15 00:22:17,327][flwr][DEBUG] - fit_round 92: strategy sampled 20 clients (out of 20)
[2026-01-15 00:22:18,648][flwr][DEBUG] - fit_round 92 received 20 results and 0 failures
[2026-01-15 00:22:18,754][flwr][INFO] - fit progress: (92, 159.42560753971338, {'accuracy': 0.6635}, 148.81574425002327)
[2026-01-15 00:22:18,755][flwr][DEBUG] - evaluate_round 92: strategy sampled 20 clients (out of 20)
[2026-01-15 00:22:18,853][flwr][DEBUG] - evaluate_round 92 received 20 results and 0 failures
[2026-01-15 00:22:18,853][flwr][DEBUG] - fit_round 93: strategy sampled 20 clients (out of 20)
[2026-01-15 00:22:20,241][flwr][DEBUG] - fit_round 93 received 20 results and 0 failures
[2026-01-15 00:22:20,340][flwr][INFO] - fit progress: (93, 160.07055982202291, {'accuracy': 0.662}, 150.4016915000102)
[2026-01-15 00:22:20,341][flwr][DEBUG] - evaluate_round 93: strategy sampled 20 clients (out of 20)
[2026-01-15 00:22:20,438][flwr][DEBUG] - evaluate_round 93 received 20 results and 0 failures
[2026-01-15 00:22:20,439][flwr][DEBUG] - fit_round 94: strategy sampled 20 clients (out of 20)
[2026-01-15 00:22:21,905][flwr][DEBUG] - fit_round 94 received 20 results and 0 failures
[2026-01-15 00:22:21,995][flwr][INFO] - fit progress: (94, 155.2598148882389, {'accuracy': 0.662}, 152.05646691602306)
[2026-01-15 00:22:21,995][flwr][DEBUG] - evaluate_round 94: strategy sampled 20 clients (out of 20)
[2026-01-15 00:22:22,088][flwr][DEBUG] - evaluate_round 94 received 20 results and 0 failures
[2026-01-15 00:22:22,088][flwr][DEBUG] - fit_round 95: strategy sampled 20 clients (out of 20)
[2026-01-15 00:22:23,508][flwr][DEBUG] - fit_round 95 received 20 results and 0 failures
[2026-01-15 00:22:23,595][flwr][INFO] - fit progress: (95, 157.6095713675022, {'accuracy': 0.663}, 153.65586533301394)
[2026-01-15 00:22:23,595][flwr][DEBUG] - evaluate_round 95: strategy sampled 20 clients (out of 20)
[2026-01-15 00:22:23,694][flwr][DEBUG] - evaluate_round 95 received 20 results and 0 failures
[2026-01-15 00:22:23,694][flwr][DEBUG] - fit_round 96: strategy sampled 20 clients (out of 20)
[2026-01-15 00:22:25,039][flwr][DEBUG] - fit_round 96 received 20 results and 0 failures
[2026-01-15 00:22:25,130][flwr][INFO] - fit progress: (96, 153.947719655931, {'accuracy': 0.662}, 155.19095675001154)
[2026-01-15 00:22:25,130][flwr][DEBUG] - evaluate_round 96: strategy sampled 20 clients (out of 20)
[2026-01-15 00:22:25,237][flwr][DEBUG] - evaluate_round 96 received 20 results and 0 failures
[2026-01-15 00:22:25,237][flwr][DEBUG] - fit_round 97: strategy sampled 20 clients (out of 20)
[2026-01-15 00:22:26,589][flwr][DEBUG] - fit_round 97 received 20 results and 0 failures
[2026-01-15 00:22:26,678][flwr][INFO] - fit progress: (97, 156.86627838760614, {'accuracy': 0.6635}, 156.73961658301414)
[2026-01-15 00:22:26,679][flwr][DEBUG] - evaluate_round 97: strategy sampled 20 clients (out of 20)
[2026-01-15 00:22:26,798][flwr][DEBUG] - evaluate_round 97 received 20 results and 0 failures
[2026-01-15 00:22:26,798][flwr][DEBUG] - fit_round 98: strategy sampled 20 clients (out of 20)
[2026-01-15 00:22:28,154][flwr][DEBUG] - fit_round 98 received 20 results and 0 failures
[2026-01-15 00:22:28,296][flwr][INFO] - fit progress: (98, 157.2190968543291, {'accuracy': 0.663}, 158.3576594160113)
[2026-01-15 00:22:28,297][flwr][DEBUG] - evaluate_round 98: strategy sampled 20 clients (out of 20)
[2026-01-15 00:22:28,421][flwr][DEBUG] - evaluate_round 98 received 20 results and 0 failures
[2026-01-15 00:22:28,422][flwr][DEBUG] - fit_round 99: strategy sampled 20 clients (out of 20)
[2026-01-15 00:22:29,830][flwr][DEBUG] - fit_round 99 received 20 results and 0 failures
[2026-01-15 00:22:29,930][flwr][INFO] - fit progress: (99, 155.5536139085889, {'accuracy': 0.663}, 159.99120729102287)
[2026-01-15 00:22:29,930][flwr][DEBUG] - evaluate_round 99: strategy sampled 20 clients (out of 20)
[2026-01-15 00:22:30,085][flwr][DEBUG] - evaluate_round 99 received 20 results and 0 failures
[2026-01-15 00:22:30,085][flwr][DEBUG] - fit_round 100: strategy sampled 20 clients (out of 20)
[2026-01-15 00:22:31,467][flwr][DEBUG] - fit_round 100 received 20 results and 0 failures
[2026-01-15 00:22:31,556][flwr][INFO] - fit progress: (100, 155.76685055345297, {'accuracy': 0.664}, 161.6172032500035)
[2026-01-15 00:22:31,556][flwr][DEBUG] - evaluate_round 100: strategy sampled 20 clients (out of 20)
[2026-01-15 00:22:31,660][flwr][DEBUG] - evaluate_round 100 received 20 results and 0 failures
[2026-01-15 00:22:31,660][flwr][INFO] - FL finished in 161.72176800001762
[2026-01-15 00:22:31,662][flwr][INFO] - app_fit: losses_distributed [(1, 8.604021510845845), (2, 8.484816748663425), (3, 8.93345784570251), (4, 8.795619883612463), (5, 8.58872113513152), (6, 8.461088443831507), (7, 8.573749861120554), (8, 8.618327928434827), (9, 8.452482815685423), (10, 8.47967089522927), (11, 8.242219276753255), (12, 8.653432491708628), (13, 8.630563514906553), (14, 8.35658794560465), (15, 8.310907362825748), (16, 8.361277730354278), (17, 8.422827011043891), (18, 8.656835364375203), (19, 8.76662174629944), (20, 8.549248605441953), (21, 8.67207256183693), (22, 8.57225503053722), (23, 8.345607235796056), (24, 8.62667431015619), (25, 8.85787537428553), (26, 8.480747617387442), (27, 8.462794012224382), (28, 8.404046356034966), (29, 8.447840792460942), (30, 8.381532796076304), (31, 8.770044379792298), (32, 8.195720351840812), (33, 8.703206719865953), (34, 8.279184815977175), (35, 8.663661734055056), (36, 8.785328243642514), (37, 8.565332550998015), (38, 8.575642272210859), (39, 8.300085924704996), (40, 8.701003861667072), (41, 8.683878273859504), (42, 8.56369418254651), (43, 8.211501069666118), (44, 8.37952185052354), (45, 8.456889989023859), (46, 8.60913027852786), (47, 8.043834662061794), (48, 8.595417725858297), (49, 8.472052447853128), (50, 7.987111789616406), (51, 8.318657762566826), (52, 8.347500623089022), (53, 8.490458451614524), (54, 8.536473845679685), (55, 8.313285158547156), (56, 8.23109425969185), (57, 8.239722770280883), (58, 8.067334260562994), (59, 8.444537111885776), (60, 8.39828645369704), (61, 8.248244820564686), (62, 8.024494340789763), (63, 7.979866816112184), (64, 8.310401327935049), (65, 8.159980314611824), (66, 8.546056810284435), (67, 8.545544695343908), (68, 8.378733045505168), (69, 8.289555188515667), (70, 8.136666508315663), (71, 8.003955369224128), (72, 8.081460011496567), (73, 7.953942237113334), (74, 8.237244719457623), (75, 8.324044699026963), (76, 8.129281325378999), (77, 8.22504640443742), (78, 8.147796370313444), (79, 8.24140374744763), (80, 8.211237957756145), (81, 7.926254762368816), (82, 8.173419046500875), (83, 8.27083776466137), (84, 7.963570399381266), (85, 8.094729375104563), (86, 7.660598932441824), (87, 8.10411300839689), (88, 8.05401686061853), (89, 7.93830908843245), (90, 7.900526640204348), (91, 8.01584359040672), (92, 8.18346864741547), (93, 8.222990791261928), (94, 7.931156579112115), (95, 8.072106538227215), (96, 7.853804093864016), (97, 8.024092968819248), (98, 8.047485408968953), (99, 7.940397339514096), (100, 7.951908504840754)]
[2026-01-15 00:22:31,662][flwr][INFO] - app_fit: metrics_distributed_fit {}
[2026-01-15 00:22:31,662][flwr][INFO] - app_fit: metrics_distributed {}
[2026-01-15 00:22:31,662][flwr][INFO] - app_fit: losses_centralized [(0, 275.8148798942566), (1, 175.79162177443504), (2, 167.9081902951002), (3, 174.55072505772114), (4, 171.58983401209116), (5, 167.5326348617673), (6, 164.98256891965866), (7, 166.69451797008514), (8, 167.30902430415154), (9, 164.3280255123973), (10, 164.55622379481792), (11, 160.28609509766102), (12, 167.25325072556734), (13, 166.76134971529245), (14, 162.08664527535439), (15, 161.47275173664093), (16, 162.21063754707575), (17, 163.0818150639534), (18, 167.03376132249832), (19, 168.99603631347418), (20, 165.53258039057255), (21, 167.39260618388653), (22, 165.81853421777487), (23, 162.04923633486032), (24, 166.7537438943982), (25, 170.73717388510704), (26, 164.2787043377757), (27, 164.02173724025488), (28, 162.79987815022469), (29, 163.65385772287846), (30, 162.52057962864637), (31, 169.19604957848787), (32, 159.6269871890545), (33, 168.37450870871544), (34, 161.01164750754833), (35, 167.40698698163033), (36, 169.60866881161928), (37, 165.90255046635866), (38, 165.99866547435522), (39, 161.37102014571428), (40, 168.29723259061575), (41, 168.08921299874783), (42, 165.96260557323694), (43, 159.8734107390046), (44, 162.6089775711298), (45, 163.91724007576704), (46, 166.68478775024414), (47, 156.9792606085539), (48, 166.4327298477292), (49, 164.26165740936995), (50, 156.09638331085443), (51, 161.57991307228804), (52, 162.2190165221691), (53, 164.62490923702717), (54, 165.2760502770543), (55, 161.58589919656515), (56, 160.2297015786171), (57, 160.29354947060347), (58, 157.42181602865458), (59, 163.94293472915888), (60, 163.0182994902134), (61, 160.52842100709677), (62, 156.62932819128036), (63, 156.00194142013788), (64, 161.6320522725582), (65, 158.96216852217913), (66, 165.59692483395338), (67, 165.54961451143026), (68, 162.60979331284761), (69, 161.092320561409), (70, 158.6788916066289), (71, 156.32692358642817), (72, 157.680649548769), (73, 155.4927677437663), (74, 160.23017121851444), (75, 161.8434114381671), (76, 158.45466466248035), (77, 160.12852158397436), (78, 158.7956521064043), (79, 160.5428923740983), (80, 160.105099581182), (81, 155.1404290869832), (82, 159.27782781422138), (83, 161.02314227074385), (84, 155.8547464236617), (85, 157.9870562106371), (86, 150.8427675962448), (87, 158.2693950533867), (88, 157.2504309564829), (89, 155.31012729555368), (90, 154.6479843184352), (91, 156.70258489996195), (92, 159.42560753971338), (93, 160.07055982202291), (94, 155.2598148882389), (95, 157.6095713675022), (96, 153.947719655931), (97, 156.86627838760614), (98, 157.2190968543291), (99, 155.5536139085889), (100, 155.76685055345297)]
[2026-01-15 00:22:31,662][flwr][INFO] - app_fit: metrics_centralized {'accuracy': [(0, 0.3415), (1, 0.6395), (2, 0.643), (3, 0.648), (4, 0.65), (5, 0.6535), (6, 0.656), (7, 0.658), (8, 0.6595), (9, 0.659), (10, 0.66), (11, 0.6615), (12, 0.661), (13, 0.661), (14, 0.66), (15, 0.66), (16, 0.6605), (17, 0.6615), (18, 0.6625), (19, 0.661), (20, 0.658), (21, 0.659), (22, 0.6615), (23, 0.66), (24, 0.659), (25, 0.6595), (26, 0.658), (27, 0.6605), (28, 0.6585), (29, 0.658), (30, 0.658), (31, 0.6585), (32, 0.6585), (33, 0.6585), (34, 0.66), (35, 0.659), (36, 0.6585), (37, 0.6595), (38, 0.6575), (39, 0.659), (40, 0.658), (41, 0.659), (42, 0.6585), (43, 0.6595), (44, 0.659), (45, 0.6595), (46, 0.659), (47, 0.6585), (48, 0.6585), (49, 0.658), (50, 0.6585), (51, 0.6585), (52, 0.6595), (53, 0.6595), (54, 0.66), (55, 0.6595), (56, 0.66), (57, 0.66), (58, 0.66), (59, 0.66), (60, 0.66), (61, 0.6595), (62, 0.66), (63, 0.659), (64, 0.66), (65, 0.661), (66, 0.6615), (67, 0.661), (68, 0.66), (69, 0.661), (70, 0.661), (71, 0.661), (72, 0.661), (73, 0.6605), (74, 0.6615), (75, 0.661), (76, 0.6605), (77, 0.662), (78, 0.661), (79, 0.661), (80, 0.6615), (81, 0.661), (82, 0.663), (83, 0.6635), (84, 0.661), (85, 0.662), (86, 0.6605), (87, 0.663), (88, 0.6635), (89, 0.663), (90, 0.6625), (91, 0.663), (92, 0.6635), (93, 0.662), (94, 0.662), (95, 0.663), (96, 0.662), (97, 0.6635), (98, 0.663), (99, 0.663), (100, 0.664)]}
[2026-01-15 00:22:31,729][flwr][INFO] - Starting Flower simulation, config: ServerConfig(num_rounds=100, round_timeout=None)
[2026-01-15 00:22:39,442][flwr][INFO] - Flower VCE: Ray initialized with resources: {'memory': 12434215322.0, 'CPU': 10.0, 'object_store_memory': 2147483648.0, 'node:127.0.0.1': 1.0}
[2026-01-15 00:22:39,443][flwr][INFO] - Initializing global parameters
[2026-01-15 00:22:39,443][flwr][INFO] - Using initial parameters provided by strategy
[2026-01-15 00:22:39,444][flwr][INFO] - Evaluating initial parameters
[2026-01-15 00:22:39,521][flwr][INFO] - initial parameters (loss, other metrics): 275.8148798942566, {'accuracy': 0.3415, 'adaptive_mu': 0.1, 'mu_adapted': False}
[2026-01-15 00:22:39,521][flwr][INFO] - FL starting
[2026-01-15 00:22:39,521][flwr][DEBUG] - fit_round 1: strategy sampled 20 clients (out of 20)
[2026-01-15 00:22:46,343][flwr][DEBUG] - fit_round 1 received 20 results and 0 failures
[2026-01-15 00:22:46,357][flwr][WARNING] - No fit_metrics_aggregation_fn provided
[2026-01-15 00:22:46,427][flwr][INFO] - fit progress: (1, 208.7739434838295, {'accuracy': 0.605, 'adaptive_mu': 0.1, 'mu_adapted': False}, 6.9060850420210045)
[2026-01-15 00:22:46,427][flwr][DEBUG] - evaluate_round 1: strategy sampled 20 clients (out of 20)
[2026-01-15 00:22:46,546][flwr][DEBUG] - evaluate_round 1 received 20 results and 0 failures
[2026-01-15 00:22:46,546][flwr][WARNING] - No evaluate_metrics_aggregation_fn provided
[2026-01-15 00:22:46,546][flwr][DEBUG] - fit_round 2: strategy sampled 20 clients (out of 20)
[2026-01-15 00:22:48,601][flwr][DEBUG] - fit_round 2 received 20 results and 0 failures
[2026-01-15 00:22:48,693][flwr][INFO] - fit progress: (2, 167.90593123435974, {'accuracy': 0.6305, 'adaptive_mu': 0.1, 'mu_adapted': False}, 9.172125792014413)
[2026-01-15 00:22:48,693][flwr][DEBUG] - evaluate_round 2: strategy sampled 20 clients (out of 20)
[2026-01-15 00:22:48,778][flwr][DEBUG] - evaluate_round 2 received 20 results and 0 failures
[2026-01-15 00:22:48,778][flwr][DEBUG] - fit_round 3: strategy sampled 20 clients (out of 20)
[2026-01-15 00:22:50,779][flwr][DEBUG] - fit_round 3 received 20 results and 0 failures
[2026-01-15 00:22:50,863][flwr][INFO] - fit progress: (3, 163.42177821695805, {'accuracy': 0.6395, 'adaptive_mu': 0.1, 'mu_adapted': False}, 11.342478542006575)
[2026-01-15 00:22:50,864][flwr][DEBUG] - evaluate_round 3: strategy sampled 20 clients (out of 20)
[2026-01-15 00:22:50,982][flwr][DEBUG] - evaluate_round 3 received 20 results and 0 failures
[2026-01-15 00:22:50,982][flwr][DEBUG] - fit_round 4: strategy sampled 20 clients (out of 20)
[2026-01-15 00:22:52,883][flwr][DEBUG] - fit_round 4 received 20 results and 0 failures
[2026-01-15 00:22:52,964][flwr][INFO] - fit progress: (4, 165.58148957788944, {'accuracy': 0.642, 'adaptive_mu': 0.1, 'mu_adapted': False}, 13.443199000001187)
[2026-01-15 00:22:52,964][flwr][DEBUG] - evaluate_round 4: strategy sampled 20 clients (out of 20)
[2026-01-15 00:22:53,048][flwr][DEBUG] - evaluate_round 4 received 20 results and 0 failures
[2026-01-15 00:22:53,048][flwr][DEBUG] - fit_round 5: strategy sampled 20 clients (out of 20)
[2026-01-15 00:22:54,958][flwr][DEBUG] - fit_round 5 received 20 results and 0 failures
[2026-01-15 00:22:55,037][flwr][INFO] - fit progress: (5, 166.73019088804722, {'accuracy': 0.6445, 'adaptive_mu': 0.1, 'mu_adapted': False}, 15.516283667006064)
[2026-01-15 00:22:55,037][flwr][DEBUG] - evaluate_round 5: strategy sampled 20 clients (out of 20)
[2026-01-15 00:22:55,122][flwr][DEBUG] - evaluate_round 5 received 20 results and 0 failures
[2026-01-15 00:22:55,123][flwr][DEBUG] - fit_round 6: strategy sampled 20 clients (out of 20)
[2026-01-15 00:22:56,973][flwr][DEBUG] - fit_round 6 received 20 results and 0 failures
[2026-01-15 00:22:57,057][flwr][INFO] - fit progress: (6, 167.1273393407464, {'accuracy': 0.651, 'adaptive_mu': 0.11000000000000001, 'mu_adapted': True}, 17.53653116701753)
[2026-01-15 00:22:57,058][flwr][DEBUG] - evaluate_round 6: strategy sampled 20 clients (out of 20)
[2026-01-15 00:22:57,139][flwr][DEBUG] - evaluate_round 6 received 20 results and 0 failures
[2026-01-15 00:22:57,139][flwr][DEBUG] - fit_round 7: strategy sampled 20 clients (out of 20)
[2026-01-15 00:22:59,014][flwr][DEBUG] - fit_round 7 received 20 results and 0 failures
[2026-01-15 00:22:59,093][flwr][INFO] - fit progress: (7, 166.67248406261206, {'accuracy': 0.6485, 'adaptive_mu': 0.10450000000000001, 'mu_adapted': True}, 19.572474957996747)
[2026-01-15 00:22:59,094][flwr][DEBUG] - evaluate_round 7: strategy sampled 20 clients (out of 20)
[2026-01-15 00:22:59,172][flwr][DEBUG] - evaluate_round 7 received 20 results and 0 failures
[2026-01-15 00:22:59,173][flwr][DEBUG] - fit_round 8: strategy sampled 20 clients (out of 20)
[2026-01-15 00:23:01,201][flwr][DEBUG] - fit_round 8 received 20 results and 0 failures
[2026-01-15 00:23:01,298][flwr][INFO] - fit progress: (8, 168.42110545933247, {'accuracy': 0.6505, 'adaptive_mu': 0.11495000000000002, 'mu_adapted': True}, 21.77678866701899)
[2026-01-15 00:23:01,298][flwr][DEBUG] - evaluate_round 8: strategy sampled 20 clients (out of 20)
[2026-01-15 00:23:01,389][flwr][DEBUG] - evaluate_round 8 received 20 results and 0 failures
[2026-01-15 00:23:01,390][flwr][DEBUG] - fit_round 9: strategy sampled 20 clients (out of 20)
[2026-01-15 00:23:03,557][flwr][DEBUG] - fit_round 9 received 20 results and 0 failures
[2026-01-15 00:23:03,651][flwr][INFO] - fit progress: (9, 172.0987545773387, {'accuracy': 0.654, 'adaptive_mu': 0.12644500000000003, 'mu_adapted': True}, 24.129650292015867)
[2026-01-15 00:23:03,651][flwr][DEBUG] - evaluate_round 9: strategy sampled 20 clients (out of 20)
[2026-01-15 00:23:03,737][flwr][DEBUG] - evaluate_round 9 received 20 results and 0 failures
[2026-01-15 00:23:03,737][flwr][DEBUG] - fit_round 10: strategy sampled 20 clients (out of 20)
[2026-01-15 00:23:06,498][flwr][DEBUG] - fit_round 10 received 20 results and 0 failures
[2026-01-15 00:23:06,618][flwr][INFO] - fit progress: (10, 169.8518600538373, {'accuracy': 0.655, 'adaptive_mu': 0.12012275000000003, 'mu_adapted': True}, 27.09731750001083)
[2026-01-15 00:23:06,619][flwr][DEBUG] - evaluate_round 10: strategy sampled 20 clients (out of 20)
[2026-01-15 00:23:06,716][flwr][DEBUG] - evaluate_round 10 received 20 results and 0 failures
[2026-01-15 00:23:06,716][flwr][DEBUG] - fit_round 11: strategy sampled 20 clients (out of 20)
[2026-01-15 00:23:08,798][flwr][DEBUG] - fit_round 11 received 20 results and 0 failures
[2026-01-15 00:23:08,918][flwr][INFO] - fit progress: (11, 168.43504635989666, {'accuracy': 0.6565, 'adaptive_mu': 0.11411661250000002, 'mu_adapted': True}, 29.396642333013006)
[2026-01-15 00:23:08,918][flwr][DEBUG] - evaluate_round 11: strategy sampled 20 clients (out of 20)
[2026-01-15 00:23:09,026][flwr][DEBUG] - evaluate_round 11 received 20 results and 0 failures
[2026-01-15 00:23:09,026][flwr][DEBUG] - fit_round 12: strategy sampled 20 clients (out of 20)
[2026-01-15 00:23:11,821][flwr][DEBUG] - fit_round 12 received 20 results and 0 failures
[2026-01-15 00:23:11,924][flwr][INFO] - fit progress: (12, 168.1022419258952, {'accuracy': 0.657, 'adaptive_mu': 0.10841078187500001, 'mu_adapted': True}, 32.40327541701845)
[2026-01-15 00:23:11,924][flwr][DEBUG] - evaluate_round 12: strategy sampled 20 clients (out of 20)
[2026-01-15 00:23:12,033][flwr][DEBUG] - evaluate_round 12 received 20 results and 0 failures
[2026-01-15 00:23:12,034][flwr][DEBUG] - fit_round 13: strategy sampled 20 clients (out of 20)
[2026-01-15 00:23:14,039][flwr][DEBUG] - fit_round 13 received 20 results and 0 failures
[2026-01-15 00:23:14,132][flwr][INFO] - fit progress: (13, 170.3573398590088, {'accuracy': 0.658, 'adaptive_mu': 0.11925186006250002, 'mu_adapted': True}, 34.61057983300998)
[2026-01-15 00:23:14,132][flwr][DEBUG] - evaluate_round 13: strategy sampled 20 clients (out of 20)
[2026-01-15 00:23:14,230][flwr][DEBUG] - evaluate_round 13 received 20 results and 0 failures
[2026-01-15 00:23:14,230][flwr][DEBUG] - fit_round 14: strategy sampled 20 clients (out of 20)
[2026-01-15 00:23:16,226][flwr][DEBUG] - fit_round 14 received 20 results and 0 failures
[2026-01-15 00:23:16,320][flwr][INFO] - fit progress: (14, 168.9852306097746, {'accuracy': 0.6585, 'adaptive_mu': 0.11328926705937502, 'mu_adapted': True}, 36.799556417012354)
[2026-01-15 00:23:16,321][flwr][DEBUG] - evaluate_round 14: strategy sampled 20 clients (out of 20)
[2026-01-15 00:23:16,398][flwr][DEBUG] - evaluate_round 14 received 20 results and 0 failures
[2026-01-15 00:23:16,398][flwr][DEBUG] - fit_round 15: strategy sampled 20 clients (out of 20)
[2026-01-15 00:23:18,262][flwr][DEBUG] - fit_round 15 received 20 results and 0 failures
[2026-01-15 00:23:18,350][flwr][INFO] - fit progress: (15, 170.40129444748163, {'accuracy': 0.662, 'adaptive_mu': 0.12461819376531252, 'mu_adapted': True}, 38.82912708300864)
[2026-01-15 00:23:18,350][flwr][DEBUG] - evaluate_round 15: strategy sampled 20 clients (out of 20)
[2026-01-15 00:23:18,429][flwr][DEBUG] - evaluate_round 15 received 20 results and 0 failures
[2026-01-15 00:23:18,429][flwr][DEBUG] - fit_round 16: strategy sampled 20 clients (out of 20)
[2026-01-15 00:23:20,342][flwr][DEBUG] - fit_round 16 received 20 results and 0 failures
[2026-01-15 00:23:20,425][flwr][INFO] - fit progress: (16, 171.3470295369625, {'accuracy': 0.6615, 'adaptive_mu': 0.1370800131418438, 'mu_adapted': True}, 40.9044398330152)
[2026-01-15 00:23:20,426][flwr][DEBUG] - evaluate_round 16: strategy sampled 20 clients (out of 20)
[2026-01-15 00:23:20,507][flwr][DEBUG] - evaluate_round 16 received 20 results and 0 failures
[2026-01-15 00:23:20,508][flwr][DEBUG] - fit_round 17: strategy sampled 20 clients (out of 20)
[2026-01-15 00:23:22,396][flwr][DEBUG] - fit_round 17 received 20 results and 0 failures
[2026-01-15 00:23:22,477][flwr][INFO] - fit progress: (17, 169.68926570564508, {'accuracy': 0.661, 'adaptive_mu': 0.1302260124847516, 'mu_adapted': True}, 42.955880499997875)
[2026-01-15 00:23:22,477][flwr][DEBUG] - evaluate_round 17: strategy sampled 20 clients (out of 20)
[2026-01-15 00:23:22,556][flwr][DEBUG] - evaluate_round 17 received 20 results and 0 failures
[2026-01-15 00:23:22,557][flwr][DEBUG] - fit_round 18: strategy sampled 20 clients (out of 20)
[2026-01-15 00:23:24,444][flwr][DEBUG] - fit_round 18 received 20 results and 0 failures
[2026-01-15 00:23:24,524][flwr][INFO] - fit progress: (18, 169.83975402265787, {'accuracy': 0.6615, 'adaptive_mu': 0.14324861373322678, 'mu_adapted': True}, 45.00334012499661)
[2026-01-15 00:23:24,524][flwr][DEBUG] - evaluate_round 18: strategy sampled 20 clients (out of 20)
[2026-01-15 00:23:24,597][flwr][DEBUG] - evaluate_round 18 received 20 results and 0 failures
[2026-01-15 00:23:24,597][flwr][DEBUG] - fit_round 19: strategy sampled 20 clients (out of 20)
[2026-01-15 00:23:26,470][flwr][DEBUG] - fit_round 19 received 20 results and 0 failures
[2026-01-15 00:23:26,560][flwr][INFO] - fit progress: (19, 170.2096658796072, {'accuracy': 0.661, 'adaptive_mu': 0.15757347510654948, 'mu_adapted': True}, 47.0388583750173)
[2026-01-15 00:23:26,560][flwr][DEBUG] - evaluate_round 19: strategy sampled 20 clients (out of 20)
[2026-01-15 00:23:26,655][flwr][DEBUG] - evaluate_round 19 received 20 results and 0 failures
[2026-01-15 00:23:26,658][flwr][DEBUG] - fit_round 20: strategy sampled 20 clients (out of 20)
[2026-01-15 00:23:28,518][flwr][DEBUG] - fit_round 20 received 20 results and 0 failures
[2026-01-15 00:23:28,603][flwr][INFO] - fit progress: (20, 170.81117983162403, {'accuracy': 0.66, 'adaptive_mu': 0.17333082261720445, 'mu_adapted': True}, 49.08157845801907)
[2026-01-15 00:23:28,603][flwr][DEBUG] - evaluate_round 20: strategy sampled 20 clients (out of 20)
[2026-01-15 00:23:28,680][flwr][DEBUG] - evaluate_round 20 received 20 results and 0 failures
[2026-01-15 00:23:28,681][flwr][DEBUG] - fit_round 21: strategy sampled 20 clients (out of 20)
[2026-01-15 00:23:30,461][flwr][DEBUG] - fit_round 21 received 20 results and 0 failures
[2026-01-15 00:23:30,543][flwr][INFO] - fit progress: (21, 167.22699232399464, {'accuracy': 0.6605, 'adaptive_mu': 0.1646642814863442, 'mu_adapted': True}, 51.02186150001944)
[2026-01-15 00:23:30,543][flwr][DEBUG] - evaluate_round 21: strategy sampled 20 clients (out of 20)
[2026-01-15 00:23:30,625][flwr][DEBUG] - evaluate_round 21 received 20 results and 0 failures
[2026-01-15 00:23:30,625][flwr][DEBUG] - fit_round 22: strategy sampled 20 clients (out of 20)
[2026-01-15 00:23:32,502][flwr][DEBUG] - fit_round 22 received 20 results and 0 failures
[2026-01-15 00:23:32,583][flwr][INFO] - fit progress: (22, 165.29248982667923, {'accuracy': 0.661, 'adaptive_mu': 0.156431067412027, 'mu_adapted': True}, 53.0619272920012)
[2026-01-15 00:23:32,583][flwr][DEBUG] - evaluate_round 22: strategy sampled 20 clients (out of 20)
[2026-01-15 00:23:32,660][flwr][DEBUG] - evaluate_round 22 received 20 results and 0 failures
[2026-01-15 00:23:32,661][flwr][DEBUG] - fit_round 23: strategy sampled 20 clients (out of 20)
[2026-01-15 00:23:34,471][flwr][DEBUG] - fit_round 23 received 20 results and 0 failures
[2026-01-15 00:23:34,555][flwr][INFO] - fit progress: (23, 169.70712965726852, {'accuracy': 0.659, 'adaptive_mu': 0.17207417415322973, 'mu_adapted': True}, 55.034268457995495)
[2026-01-15 00:23:34,555][flwr][DEBUG] - evaluate_round 23: strategy sampled 20 clients (out of 20)
[2026-01-15 00:23:34,633][flwr][DEBUG] - evaluate_round 23 received 20 results and 0 failures
[2026-01-15 00:23:34,633][flwr][DEBUG] - fit_round 24: strategy sampled 20 clients (out of 20)
[2026-01-15 00:23:36,471][flwr][DEBUG] - fit_round 24 received 20 results and 0 failures
[2026-01-15 00:23:36,560][flwr][INFO] - fit progress: (24, 167.51636224240065, {'accuracy': 0.6595, 'adaptive_mu': 0.16347046544556823, 'mu_adapted': True}, 57.03880062501412)
[2026-01-15 00:23:36,560][flwr][DEBUG] - evaluate_round 24: strategy sampled 20 clients (out of 20)
[2026-01-15 00:23:36,640][flwr][DEBUG] - evaluate_round 24 received 20 results and 0 failures
[2026-01-15 00:23:36,641][flwr][DEBUG] - fit_round 25: strategy sampled 20 clients (out of 20)
[2026-01-15 00:23:38,820][flwr][DEBUG] - fit_round 25 received 20 results and 0 failures
[2026-01-15 00:23:38,915][flwr][INFO] - fit progress: (25, 170.50999800860882, {'accuracy': 0.659, 'adaptive_mu': 0.17981751199012508, 'mu_adapted': True}, 59.39454145799391)
[2026-01-15 00:23:38,916][flwr][DEBUG] - evaluate_round 25: strategy sampled 20 clients (out of 20)
[2026-01-15 00:23:39,024][flwr][DEBUG] - evaluate_round 25 received 20 results and 0 failures
[2026-01-15 00:23:39,024][flwr][DEBUG] - fit_round 26: strategy sampled 20 clients (out of 20)
[2026-01-15 00:23:41,197][flwr][DEBUG] - fit_round 26 received 20 results and 0 failures
[2026-01-15 00:23:41,282][flwr][INFO] - fit progress: (26, 166.18643720448017, {'accuracy': 0.66, 'adaptive_mu': 0.17082663639061882, 'mu_adapted': True}, 61.76126016699709)
[2026-01-15 00:23:41,282][flwr][DEBUG] - evaluate_round 26: strategy sampled 20 clients (out of 20)
[2026-01-15 00:23:41,361][flwr][DEBUG] - evaluate_round 26 received 20 results and 0 failures
[2026-01-15 00:23:41,361][flwr][DEBUG] - fit_round 27: strategy sampled 20 clients (out of 20)
[2026-01-15 00:23:44,582][flwr][DEBUG] - fit_round 27 received 20 results and 0 failures
[2026-01-15 00:23:44,683][flwr][INFO] - fit progress: (27, 167.30227860808372, {'accuracy': 0.6585, 'adaptive_mu': 0.1879093000296807, 'mu_adapted': True}, 65.16235116700409)
[2026-01-15 00:23:44,684][flwr][DEBUG] - evaluate_round 27: strategy sampled 20 clients (out of 20)
[2026-01-15 00:23:44,784][flwr][DEBUG] - evaluate_round 27 received 20 results and 0 failures
[2026-01-15 00:23:44,785][flwr][DEBUG] - fit_round 28: strategy sampled 20 clients (out of 20)
[2026-01-15 00:23:46,768][flwr][DEBUG] - fit_round 28 received 20 results and 0 failures
[2026-01-15 00:23:46,852][flwr][INFO] - fit progress: (28, 168.66452615708113, {'accuracy': 0.6585, 'adaptive_mu': 0.20670023003264879, 'mu_adapted': True}, 67.33099787501851)
[2026-01-15 00:23:46,852][flwr][DEBUG] - evaluate_round 28: strategy sampled 20 clients (out of 20)
[2026-01-15 00:23:46,934][flwr][DEBUG] - evaluate_round 28 received 20 results and 0 failures
[2026-01-15 00:23:46,934][flwr][DEBUG] - fit_round 29: strategy sampled 20 clients (out of 20)
[2026-01-15 00:23:49,161][flwr][DEBUG] - fit_round 29 received 20 results and 0 failures
[2026-01-15 00:23:49,246][flwr][INFO] - fit progress: (29, 167.12462350726128, {'accuracy': 0.6585, 'adaptive_mu': 0.19636521853101635, 'mu_adapted': True}, 69.72532533301273)
[2026-01-15 00:23:49,246][flwr][DEBUG] - evaluate_round 29: strategy sampled 20 clients (out of 20)
[2026-01-15 00:23:49,322][flwr][DEBUG] - evaluate_round 29 received 20 results and 0 failures
[2026-01-15 00:23:49,322][flwr][DEBUG] - fit_round 30: strategy sampled 20 clients (out of 20)
[2026-01-15 00:23:51,141][flwr][DEBUG] - fit_round 30 received 20 results and 0 failures
[2026-01-15 00:23:51,224][flwr][INFO] - fit progress: (30, 165.61139959096909, {'accuracy': 0.6595, 'adaptive_mu': 0.18654695760446552, 'mu_adapted': True}, 71.70336041701376)
[2026-01-15 00:23:51,225][flwr][DEBUG] - evaluate_round 30: strategy sampled 20 clients (out of 20)
[2026-01-15 00:23:51,307][flwr][DEBUG] - evaluate_round 30 received 20 results and 0 failures
[2026-01-15 00:23:51,307][flwr][DEBUG] - fit_round 31: strategy sampled 20 clients (out of 20)
[2026-01-15 00:23:53,113][flwr][DEBUG] - fit_round 31 received 20 results and 0 failures
[2026-01-15 00:23:53,198][flwr][INFO] - fit progress: (31, 169.7948122471571, {'accuracy': 0.659, 'adaptive_mu': 0.20520165336491208, 'mu_adapted': True}, 73.67710504200659)
[2026-01-15 00:23:53,198][flwr][DEBUG] - evaluate_round 31: strategy sampled 20 clients (out of 20)
[2026-01-15 00:23:53,280][flwr][DEBUG] - evaluate_round 31 received 20 results and 0 failures
[2026-01-15 00:23:53,281][flwr][DEBUG] - fit_round 32: strategy sampled 20 clients (out of 20)
[2026-01-15 00:23:55,057][flwr][DEBUG] - fit_round 32 received 20 results and 0 failures
[2026-01-15 00:23:55,148][flwr][INFO] - fit progress: (32, 168.46749214828014, {'accuracy': 0.6595, 'adaptive_mu': 0.19494157069666648, 'mu_adapted': True}, 75.62672537501203)
[2026-01-15 00:23:55,148][flwr][DEBUG] - evaluate_round 32: strategy sampled 20 clients (out of 20)
[2026-01-15 00:23:55,233][flwr][DEBUG] - evaluate_round 32 received 20 results and 0 failures
[2026-01-15 00:23:55,234][flwr][DEBUG] - fit_round 33: strategy sampled 20 clients (out of 20)
[2026-01-15 00:23:57,318][flwr][DEBUG] - fit_round 33 received 20 results and 0 failures
[2026-01-15 00:23:57,419][flwr][INFO] - fit progress: (33, 168.53826770931482, {'accuracy': 0.659, 'adaptive_mu': 0.21443572776633316, 'mu_adapted': True}, 77.89774620800745)
[2026-01-15 00:23:57,419][flwr][DEBUG] - evaluate_round 33: strategy sampled 20 clients (out of 20)
[2026-01-15 00:23:57,529][flwr][DEBUG] - evaluate_round 33 received 20 results and 0 failures
[2026-01-15 00:23:57,530][flwr][DEBUG] - fit_round 34: strategy sampled 20 clients (out of 20)
[2026-01-15 00:23:59,957][flwr][DEBUG] - fit_round 34 received 20 results and 0 failures
[2026-01-15 00:24:00,047][flwr][INFO] - fit progress: (34, 167.97728752344847, {'accuracy': 0.6595, 'adaptive_mu': 0.2037139413780165, 'mu_adapted': True}, 80.52615054202033)
[2026-01-15 00:24:00,047][flwr][DEBUG] - evaluate_round 34: strategy sampled 20 clients (out of 20)
[2026-01-15 00:24:00,146][flwr][DEBUG] - evaluate_round 34 received 20 results and 0 failures
[2026-01-15 00:24:00,147][flwr][DEBUG] - fit_round 35: strategy sampled 20 clients (out of 20)
[2026-01-15 00:24:03,404][flwr][DEBUG] - fit_round 35 received 20 results and 0 failures
[2026-01-15 00:24:03,519][flwr][INFO] - fit progress: (35, 167.48256424069405, {'accuracy': 0.659, 'adaptive_mu': 0.19352824430911567, 'mu_adapted': True}, 83.99783875001594)
[2026-01-15 00:24:03,519][flwr][DEBUG] - evaluate_round 35: strategy sampled 20 clients (out of 20)
[2026-01-15 00:24:03,667][flwr][DEBUG] - evaluate_round 35 received 20 results and 0 failures
[2026-01-15 00:24:03,668][flwr][DEBUG] - fit_round 36: strategy sampled 20 clients (out of 20)
[2026-01-15 00:24:06,532][flwr][DEBUG] - fit_round 36 received 20 results and 0 failures
[2026-01-15 00:24:06,631][flwr][INFO] - fit progress: (36, 168.44036699831486, {'accuracy': 0.6595, 'adaptive_mu': 0.21288106874002724, 'mu_adapted': True}, 87.10954270799994)
[2026-01-15 00:24:06,631][flwr][DEBUG] - evaluate_round 36: strategy sampled 20 clients (out of 20)
[2026-01-15 00:24:06,755][flwr][DEBUG] - evaluate_round 36 received 20 results and 0 failures
[2026-01-15 00:24:06,755][flwr][DEBUG] - fit_round 37: strategy sampled 20 clients (out of 20)
[2026-01-15 00:24:09,004][flwr][DEBUG] - fit_round 37 received 20 results and 0 failures
[2026-01-15 00:24:09,096][flwr][INFO] - fit progress: (37, 167.58245369046926, {'accuracy': 0.659, 'adaptive_mu': 0.20223701530302587, 'mu_adapted': True}, 89.5745619579975)
[2026-01-15 00:24:09,096][flwr][DEBUG] - evaluate_round 37: strategy sampled 20 clients (out of 20)
[2026-01-15 00:24:09,194][flwr][DEBUG] - evaluate_round 37 received 20 results and 0 failures
[2026-01-15 00:24:09,194][flwr][DEBUG] - fit_round 38: strategy sampled 20 clients (out of 20)
[2026-01-15 00:24:12,049][flwr][DEBUG] - fit_round 38 received 20 results and 0 failures
[2026-01-15 00:24:12,139][flwr][INFO] - fit progress: (38, 170.55113776028156, {'accuracy': 0.6595, 'adaptive_mu': 0.2224607168333285, 'mu_adapted': True}, 92.61765779199777)
[2026-01-15 00:24:12,139][flwr][DEBUG] - evaluate_round 38: strategy sampled 20 clients (out of 20)
[2026-01-15 00:24:12,242][flwr][DEBUG] - evaluate_round 38 received 20 results and 0 failures
[2026-01-15 00:24:12,242][flwr][DEBUG] - fit_round 39: strategy sampled 20 clients (out of 20)
[2026-01-15 00:24:14,569][flwr][DEBUG] - fit_round 39 received 20 results and 0 failures
[2026-01-15 00:24:14,655][flwr][INFO] - fit progress: (39, 167.5538334697485, {'accuracy': 0.66, 'adaptive_mu': 0.21133768099166206, 'mu_adapted': True}, 95.13429183300468)
[2026-01-15 00:24:14,655][flwr][DEBUG] - evaluate_round 39: strategy sampled 20 clients (out of 20)
[2026-01-15 00:24:14,761][flwr][DEBUG] - evaluate_round 39 received 20 results and 0 failures
[2026-01-15 00:24:14,762][flwr][DEBUG] - fit_round 40: strategy sampled 20 clients (out of 20)
[2026-01-15 00:24:16,948][flwr][DEBUG] - fit_round 40 received 20 results and 0 failures
[2026-01-15 00:24:17,485][flwr][INFO] - fit progress: (40, 164.61922915279865, {'accuracy': 0.66, 'adaptive_mu': 0.20077079694207894, 'mu_adapted': True}, 97.96431783301523)
[2026-01-15 00:24:17,486][flwr][DEBUG] - evaluate_round 40: strategy sampled 20 clients (out of 20)
[2026-01-15 00:24:17,606][flwr][DEBUG] - evaluate_round 40 received 20 results and 0 failures
[2026-01-15 00:24:17,606][flwr][DEBUG] - fit_round 41: strategy sampled 20 clients (out of 20)
[2026-01-15 00:24:19,916][flwr][DEBUG] - fit_round 41 received 20 results and 0 failures
[2026-01-15 00:24:20,009][flwr][INFO] - fit progress: (41, 172.02415666729212, {'accuracy': 0.659, 'adaptive_mu': 0.22084787663628686, 'mu_adapted': True}, 100.48791395800072)
[2026-01-15 00:24:20,009][flwr][DEBUG] - evaluate_round 41: strategy sampled 20 clients (out of 20)
[2026-01-15 00:24:20,156][flwr][DEBUG] - evaluate_round 41 received 20 results and 0 failures
[2026-01-15 00:24:20,156][flwr][DEBUG] - fit_round 42: strategy sampled 20 clients (out of 20)
[2026-01-15 00:24:22,541][flwr][DEBUG] - fit_round 42 received 20 results and 0 failures
[2026-01-15 00:24:22,630][flwr][INFO] - fit progress: (42, 163.18755058944225, {'accuracy': 0.6595, 'adaptive_mu': 0.2098054828044725, 'mu_adapted': True}, 103.10931349999737)
[2026-01-15 00:24:22,631][flwr][DEBUG] - evaluate_round 42: strategy sampled 20 clients (out of 20)
[2026-01-15 00:24:22,736][flwr][DEBUG] - evaluate_round 42 received 20 results and 0 failures
[2026-01-15 00:24:22,736][flwr][DEBUG] - fit_round 43: strategy sampled 20 clients (out of 20)
[2026-01-15 00:24:24,905][flwr][DEBUG] - fit_round 43 received 20 results and 0 failures
[2026-01-15 00:24:24,993][flwr][INFO] - fit progress: (43, 168.85606901347637, {'accuracy': 0.6585, 'adaptive_mu': 0.23078603108491977, 'mu_adapted': True}, 105.47205300000496)
[2026-01-15 00:24:24,993][flwr][DEBUG] - evaluate_round 43: strategy sampled 20 clients (out of 20)
[2026-01-15 00:24:25,096][flwr][DEBUG] - evaluate_round 43 received 20 results and 0 failures
[2026-01-15 00:24:25,096][flwr][DEBUG] - fit_round 44: strategy sampled 20 clients (out of 20)
[2026-01-15 00:24:27,340][flwr][DEBUG] - fit_round 44 received 20 results and 0 failures
[2026-01-15 00:24:27,429][flwr][INFO] - fit progress: (44, 163.96343252062798, {'accuracy': 0.6595, 'adaptive_mu': 0.21924672953067376, 'mu_adapted': True}, 107.90770720801083)
[2026-01-15 00:24:27,429][flwr][DEBUG] - evaluate_round 44: strategy sampled 20 clients (out of 20)
[2026-01-15 00:24:27,551][flwr][DEBUG] - evaluate_round 44 received 20 results and 0 failures
[2026-01-15 00:24:27,551][flwr][DEBUG] - fit_round 45: strategy sampled 20 clients (out of 20)
[2026-01-15 00:24:29,674][flwr][DEBUG] - fit_round 45 received 20 results and 0 failures
[2026-01-15 00:24:29,755][flwr][INFO] - fit progress: (45, 165.85220361500978, {'accuracy': 0.66, 'adaptive_mu': 0.24117140248374117, 'mu_adapted': True}, 110.23369179200381)
[2026-01-15 00:24:29,755][flwr][DEBUG] - evaluate_round 45: strategy sampled 20 clients (out of 20)
[2026-01-15 00:24:29,866][flwr][DEBUG] - evaluate_round 45 received 20 results and 0 failures
[2026-01-15 00:24:29,866][flwr][DEBUG] - fit_round 46: strategy sampled 20 clients (out of 20)
[2026-01-15 00:24:31,751][flwr][DEBUG] - fit_round 46 received 20 results and 0 failures
[2026-01-15 00:24:31,838][flwr][INFO] - fit progress: (46, 166.29488214850426, {'accuracy': 0.659, 'adaptive_mu': 0.26528854273211533, 'mu_adapted': True}, 112.31673191700247)
[2026-01-15 00:24:31,838][flwr][DEBUG] - evaluate_round 46: strategy sampled 20 clients (out of 20)
[2026-01-15 00:24:31,940][flwr][DEBUG] - evaluate_round 46 received 20 results and 0 failures
[2026-01-15 00:24:31,940][flwr][DEBUG] - fit_round 47: strategy sampled 20 clients (out of 20)
[2026-01-15 00:24:33,744][flwr][DEBUG] - fit_round 47 received 20 results and 0 failures
[2026-01-15 00:24:33,827][flwr][INFO] - fit progress: (47, 165.6629363372922, {'accuracy': 0.659, 'adaptive_mu': 0.2520241155955095, 'mu_adapted': True}, 114.3064650830056)
[2026-01-15 00:24:33,828][flwr][DEBUG] - evaluate_round 47: strategy sampled 20 clients (out of 20)
[2026-01-15 00:24:33,910][flwr][DEBUG] - evaluate_round 47 received 20 results and 0 failures
[2026-01-15 00:24:33,911][flwr][DEBUG] - fit_round 48: strategy sampled 20 clients (out of 20)
[2026-01-15 00:24:35,782][flwr][DEBUG] - fit_round 48 received 20 results and 0 failures
[2026-01-15 00:24:35,868][flwr][INFO] - fit progress: (48, 161.48377460986376, {'accuracy': 0.6595, 'adaptive_mu': 0.23942290981573403, 'mu_adapted': True}, 116.34679325000616)
[2026-01-15 00:24:35,868][flwr][DEBUG] - evaluate_round 48: strategy sampled 20 clients (out of 20)
[2026-01-15 00:24:35,953][flwr][DEBUG] - evaluate_round 48 received 20 results and 0 failures
[2026-01-15 00:24:35,953][flwr][DEBUG] - fit_round 49: strategy sampled 20 clients (out of 20)
[2026-01-15 00:24:37,915][flwr][DEBUG] - fit_round 49 received 20 results and 0 failures
[2026-01-15 00:24:37,995][flwr][INFO] - fit progress: (49, 171.8766577169299, {'accuracy': 0.6595, 'adaptive_mu': 0.26336520079730746, 'mu_adapted': True}, 118.47388904201216)
[2026-01-15 00:24:37,995][flwr][DEBUG] - evaluate_round 49: strategy sampled 20 clients (out of 20)
[2026-01-15 00:24:38,125][flwr][DEBUG] - evaluate_round 49 received 20 results and 0 failures
[2026-01-15 00:24:38,126][flwr][DEBUG] - fit_round 50: strategy sampled 20 clients (out of 20)
[2026-01-15 00:24:40,040][flwr][DEBUG] - fit_round 50 received 20 results and 0 failures
[2026-01-15 00:24:40,126][flwr][INFO] - fit progress: (50, 168.37790905684233, {'accuracy': 0.6595, 'adaptive_mu': 0.2501969407574421, 'mu_adapted': True}, 120.60468354201294)
[2026-01-15 00:24:40,126][flwr][DEBUG] - evaluate_round 50: strategy sampled 20 clients (out of 20)
[2026-01-15 00:24:40,234][flwr][DEBUG] - evaluate_round 50 received 20 results and 0 failures
[2026-01-15 00:24:40,234][flwr][DEBUG] - fit_round 51: strategy sampled 20 clients (out of 20)
[2026-01-15 00:24:42,150][flwr][DEBUG] - fit_round 51 received 20 results and 0 failures
[2026-01-15 00:24:42,232][flwr][INFO] - fit progress: (51, 167.00218001008034, {'accuracy': 0.66, 'adaptive_mu': 0.23768709371956998, 'mu_adapted': True}, 122.71071783301886)
[2026-01-15 00:24:42,232][flwr][DEBUG] - evaluate_round 51: strategy sampled 20 clients (out of 20)
[2026-01-15 00:24:42,317][flwr][DEBUG] - evaluate_round 51 received 20 results and 0 failures
[2026-01-15 00:24:42,317][flwr][DEBUG] - fit_round 52: strategy sampled 20 clients (out of 20)
[2026-01-15 00:24:44,158][flwr][DEBUG] - fit_round 52 received 20 results and 0 failures
[2026-01-15 00:24:44,242][flwr][INFO] - fit progress: (52, 171.6673413068056, {'accuracy': 0.66, 'adaptive_mu': 0.261455803091527, 'mu_adapted': True}, 124.72126795799704)
[2026-01-15 00:24:44,242][flwr][DEBUG] - evaluate_round 52: strategy sampled 20 clients (out of 20)
[2026-01-15 00:24:44,346][flwr][DEBUG] - evaluate_round 52 received 20 results and 0 failures
[2026-01-15 00:24:44,346][flwr][DEBUG] - fit_round 53: strategy sampled 20 clients (out of 20)
[2026-01-15 00:24:46,325][flwr][DEBUG] - fit_round 53 received 20 results and 0 failures
[2026-01-15 00:24:46,414][flwr][INFO] - fit progress: (53, 170.50279257446527, {'accuracy': 0.6615, 'adaptive_mu': 0.24838301293695064, 'mu_adapted': True}, 126.89307866699528)
[2026-01-15 00:24:46,414][flwr][DEBUG] - evaluate_round 53: strategy sampled 20 clients (out of 20)
[2026-01-15 00:24:46,568][flwr][DEBUG] - evaluate_round 53 received 20 results and 0 failures
[2026-01-15 00:24:46,568][flwr][DEBUG] - fit_round 54: strategy sampled 20 clients (out of 20)
[2026-01-15 00:24:48,971][flwr][DEBUG] - fit_round 54 received 20 results and 0 failures
[2026-01-15 00:24:49,055][flwr][INFO] - fit progress: (54, 168.66729754954576, {'accuracy': 0.66, 'adaptive_mu': 0.2359638622901031, 'mu_adapted': True}, 129.533894082997)
[2026-01-15 00:24:49,055][flwr][DEBUG] - evaluate_round 54: strategy sampled 20 clients (out of 20)
[2026-01-15 00:24:49,179][flwr][DEBUG] - evaluate_round 54 received 20 results and 0 failures
[2026-01-15 00:24:49,179][flwr][DEBUG] - fit_round 55: strategy sampled 20 clients (out of 20)
[2026-01-15 00:24:51,182][flwr][DEBUG] - fit_round 55 received 20 results and 0 failures
[2026-01-15 00:24:51,264][flwr][INFO] - fit progress: (55, 170.12398923933506, {'accuracy': 0.66, 'adaptive_mu': 0.2595602485191134, 'mu_adapted': True}, 131.74281258301926)
[2026-01-15 00:24:51,264][flwr][DEBUG] - evaluate_round 55: strategy sampled 20 clients (out of 20)
[2026-01-15 00:24:51,364][flwr][DEBUG] - evaluate_round 55 received 20 results and 0 failures
[2026-01-15 00:24:51,364][flwr][DEBUG] - fit_round 56: strategy sampled 20 clients (out of 20)
[2026-01-15 00:24:53,241][flwr][DEBUG] - fit_round 56 received 20 results and 0 failures
[2026-01-15 00:24:53,323][flwr][INFO] - fit progress: (56, 160.39072139561176, {'accuracy': 0.6605, 'adaptive_mu': 0.24658223609315774, 'mu_adapted': True}, 133.80202712499886)
[2026-01-15 00:24:53,323][flwr][DEBUG] - evaluate_round 56: strategy sampled 20 clients (out of 20)
[2026-01-15 00:24:53,422][flwr][DEBUG] - evaluate_round 56 received 20 results and 0 failures
[2026-01-15 00:24:53,422][flwr][DEBUG] - fit_round 57: strategy sampled 20 clients (out of 20)
[2026-01-15 00:24:55,385][flwr][DEBUG] - fit_round 57 received 20 results and 0 failures
[2026-01-15 00:24:55,468][flwr][INFO] - fit progress: (57, 163.54111681878567, {'accuracy': 0.66, 'adaptive_mu': 0.2712404597024735, 'mu_adapted': True}, 135.94686216700939)
[2026-01-15 00:24:55,468][flwr][DEBUG] - evaluate_round 57: strategy sampled 20 clients (out of 20)
[2026-01-15 00:24:55,615][flwr][DEBUG] - evaluate_round 57 received 20 results and 0 failures
[2026-01-15 00:24:55,615][flwr][DEBUG] - fit_round 58: strategy sampled 20 clients (out of 20)
[2026-01-15 00:24:57,504][flwr][DEBUG] - fit_round 58 received 20 results and 0 failures
[2026-01-15 00:24:57,586][flwr][INFO] - fit progress: (58, 165.50953923165798, {'accuracy': 0.66, 'adaptive_mu': 0.2983645056727209, 'mu_adapted': True}, 138.06518316699658)
[2026-01-15 00:24:57,586][flwr][DEBUG] - evaluate_round 58: strategy sampled 20 clients (out of 20)
[2026-01-15 00:24:57,725][flwr][DEBUG] - evaluate_round 58 received 20 results and 0 failures
[2026-01-15 00:24:57,725][flwr][DEBUG] - fit_round 59: strategy sampled 20 clients (out of 20)
[2026-01-15 00:24:59,631][flwr][DEBUG] - fit_round 59 received 20 results and 0 failures
[2026-01-15 00:24:59,713][flwr][INFO] - fit progress: (59, 170.6709899455309, {'accuracy': 0.6595, 'adaptive_mu': 0.328200956239993, 'mu_adapted': True}, 140.1924548750103)
[2026-01-15 00:24:59,714][flwr][DEBUG] - evaluate_round 59: strategy sampled 20 clients (out of 20)
[2026-01-15 00:24:59,817][flwr][DEBUG] - evaluate_round 59 received 20 results and 0 failures
[2026-01-15 00:24:59,818][flwr][DEBUG] - fit_round 60: strategy sampled 20 clients (out of 20)
[2026-01-15 00:25:01,739][flwr][DEBUG] - fit_round 60 received 20 results and 0 failures
[2026-01-15 00:25:01,820][flwr][INFO] - fit progress: (60, 168.92644715309143, {'accuracy': 0.6595, 'adaptive_mu': 0.31179090842799334, 'mu_adapted': True}, 142.29901208300726)
[2026-01-15 00:25:01,820][flwr][DEBUG] - evaluate_round 60: strategy sampled 20 clients (out of 20)
[2026-01-15 00:25:01,929][flwr][DEBUG] - evaluate_round 60 received 20 results and 0 failures
[2026-01-15 00:25:01,930][flwr][DEBUG] - fit_round 61: strategy sampled 20 clients (out of 20)
[2026-01-15 00:25:03,778][flwr][DEBUG] - fit_round 61 received 20 results and 0 failures
[2026-01-15 00:25:03,857][flwr][INFO] - fit progress: (61, 170.82956429570913, {'accuracy': 0.659, 'adaptive_mu': 0.3429699992707927, 'mu_adapted': True}, 144.33646824999596)
[2026-01-15 00:25:03,858][flwr][DEBUG] - evaluate_round 61: strategy sampled 20 clients (out of 20)
[2026-01-15 00:25:03,944][flwr][DEBUG] - evaluate_round 61 received 20 results and 0 failures
[2026-01-15 00:25:03,945][flwr][DEBUG] - fit_round 62: strategy sampled 20 clients (out of 20)
[2026-01-15 00:25:05,749][flwr][DEBUG] - fit_round 62 received 20 results and 0 failures
[2026-01-15 00:25:05,832][flwr][INFO] - fit progress: (62, 169.8523010239005, {'accuracy': 0.6595, 'adaptive_mu': 0.325821499307253, 'mu_adapted': True}, 146.3113948329992)
[2026-01-15 00:25:05,833][flwr][DEBUG] - evaluate_round 62: strategy sampled 20 clients (out of 20)
[2026-01-15 00:25:05,930][flwr][DEBUG] - evaluate_round 62 received 20 results and 0 failures
[2026-01-15 00:25:05,930][flwr][DEBUG] - fit_round 63: strategy sampled 20 clients (out of 20)
[2026-01-15 00:25:07,746][flwr][DEBUG] - fit_round 63 received 20 results and 0 failures
[2026-01-15 00:25:07,828][flwr][INFO] - fit progress: (63, 162.49260446429253, {'accuracy': 0.66, 'adaptive_mu': 0.3095304243418904, 'mu_adapted': True}, 148.30697691699606)
[2026-01-15 00:25:07,828][flwr][DEBUG] - evaluate_round 63: strategy sampled 20 clients (out of 20)
[2026-01-15 00:25:07,918][flwr][DEBUG] - evaluate_round 63 received 20 results and 0 failures
[2026-01-15 00:25:07,918][flwr][DEBUG] - fit_round 64: strategy sampled 20 clients (out of 20)
[2026-01-15 00:25:10,175][flwr][DEBUG] - fit_round 64 received 20 results and 0 failures
[2026-01-15 00:25:10,262][flwr][INFO] - fit progress: (64, 169.22096922248602, {'accuracy': 0.6605, 'adaptive_mu': 0.34048346677607944, 'mu_adapted': True}, 150.74073849999695)
[2026-01-15 00:25:10,262][flwr][DEBUG] - evaluate_round 64: strategy sampled 20 clients (out of 20)
[2026-01-15 00:25:10,368][flwr][DEBUG] - evaluate_round 64 received 20 results and 0 failures
[2026-01-15 00:25:10,368][flwr][DEBUG] - fit_round 65: strategy sampled 20 clients (out of 20)
[2026-01-15 00:25:12,193][flwr][DEBUG] - fit_round 65 received 20 results and 0 failures
[2026-01-15 00:25:12,276][flwr][INFO] - fit progress: (65, 161.51903399825096, {'accuracy': 0.6605, 'adaptive_mu': 0.3234592934372755, 'mu_adapted': True}, 152.75499462499283)
[2026-01-15 00:25:12,276][flwr][DEBUG] - evaluate_round 65: strategy sampled 20 clients (out of 20)
[2026-01-15 00:25:12,406][flwr][DEBUG] - evaluate_round 65 received 20 results and 0 failures
[2026-01-15 00:25:12,407][flwr][DEBUG] - fit_round 66: strategy sampled 20 clients (out of 20)
[2026-01-15 00:25:14,332][flwr][DEBUG] - fit_round 66 received 20 results and 0 failures
[2026-01-15 00:25:14,412][flwr][INFO] - fit progress: (66, 164.69805081933737, {'accuracy': 0.66, 'adaptive_mu': 0.35580522278100307, 'mu_adapted': True}, 154.89142891700612)
[2026-01-15 00:25:14,413][flwr][DEBUG] - evaluate_round 66: strategy sampled 20 clients (out of 20)
[2026-01-15 00:25:14,561][flwr][DEBUG] - evaluate_round 66 received 20 results and 0 failures
[2026-01-15 00:25:14,562][flwr][DEBUG] - fit_round 67: strategy sampled 20 clients (out of 20)
[2026-01-15 00:25:16,487][flwr][DEBUG] - fit_round 67 received 20 results and 0 failures
[2026-01-15 00:25:16,571][flwr][INFO] - fit progress: (67, 154.31711158156395, {'accuracy': 0.6585, 'adaptive_mu': 0.3380149616419529, 'mu_adapted': True}, 157.05007104200195)
[2026-01-15 00:25:16,571][flwr][DEBUG] - evaluate_round 67: strategy sampled 20 clients (out of 20)
[2026-01-15 00:25:16,672][flwr][DEBUG] - evaluate_round 67 received 20 results and 0 failures
[2026-01-15 00:25:16,673][flwr][DEBUG] - fit_round 68: strategy sampled 20 clients (out of 20)
[2026-01-15 00:25:18,947][flwr][DEBUG] - fit_round 68 received 20 results and 0 failures
[2026-01-15 00:25:19,033][flwr][INFO] - fit progress: (68, 157.39930629730225, {'accuracy': 0.6605, 'adaptive_mu': 0.3718164578061482, 'mu_adapted': True}, 159.51208541699452)
[2026-01-15 00:25:19,033][flwr][DEBUG] - evaluate_round 68: strategy sampled 20 clients (out of 20)
[2026-01-15 00:25:19,150][flwr][DEBUG] - evaluate_round 68 received 20 results and 0 failures
[2026-01-15 00:25:19,150][flwr][DEBUG] - fit_round 69: strategy sampled 20 clients (out of 20)
[2026-01-15 00:25:21,163][flwr][DEBUG] - fit_round 69 received 20 results and 0 failures
[2026-01-15 00:25:21,247][flwr][INFO] - fit progress: (69, 165.52425311505795, {'accuracy': 0.6595, 'adaptive_mu': 0.40899810358676303, 'mu_adapted': True}, 161.72609700000612)
[2026-01-15 00:25:21,247][flwr][DEBUG] - evaluate_round 69: strategy sampled 20 clients (out of 20)
[2026-01-15 00:25:21,352][flwr][DEBUG] - evaluate_round 69 received 20 results and 0 failures
[2026-01-15 00:25:21,352][flwr][DEBUG] - fit_round 70: strategy sampled 20 clients (out of 20)
[2026-01-15 00:25:23,210][flwr][DEBUG] - fit_round 70 received 20 results and 0 failures
[2026-01-15 00:25:23,293][flwr][INFO] - fit progress: (70, 163.06420326977968, {'accuracy': 0.6605, 'adaptive_mu': 0.3885481984074249, 'mu_adapted': True}, 163.7720340829983)
[2026-01-15 00:25:23,293][flwr][DEBUG] - evaluate_round 70: strategy sampled 20 clients (out of 20)
[2026-01-15 00:25:23,383][flwr][DEBUG] - evaluate_round 70 received 20 results and 0 failures
[2026-01-15 00:25:23,383][flwr][DEBUG] - fit_round 71: strategy sampled 20 clients (out of 20)
[2026-01-15 00:25:25,260][flwr][DEBUG] - fit_round 71 received 20 results and 0 failures
[2026-01-15 00:25:25,339][flwr][INFO] - fit progress: (71, 165.28682479262352, {'accuracy': 0.6605, 'adaptive_mu': 0.4274030182481674, 'mu_adapted': True}, 165.8182425420091)
[2026-01-15 00:25:25,339][flwr][DEBUG] - evaluate_round 71: strategy sampled 20 clients (out of 20)
[2026-01-15 00:25:25,431][flwr][DEBUG] - evaluate_round 71 received 20 results and 0 failures
[2026-01-15 00:25:25,432][flwr][DEBUG] - fit_round 72: strategy sampled 20 clients (out of 20)
[2026-01-15 00:25:27,310][flwr][DEBUG] - fit_round 72 received 20 results and 0 failures
[2026-01-15 00:25:27,395][flwr][INFO] - fit progress: (72, 159.36386083811522, {'accuracy': 0.66, 'adaptive_mu': 0.406032867335759, 'mu_adapted': True}, 167.87377991701942)
[2026-01-15 00:25:27,395][flwr][DEBUG] - evaluate_round 72: strategy sampled 20 clients (out of 20)
[2026-01-15 00:25:27,500][flwr][DEBUG] - evaluate_round 72 received 20 results and 0 failures
[2026-01-15 00:25:27,501][flwr][DEBUG] - fit_round 73: strategy sampled 20 clients (out of 20)
[2026-01-15 00:25:29,405][flwr][DEBUG] - fit_round 73 received 20 results and 0 failures
[2026-01-15 00:25:29,494][flwr][INFO] - fit progress: (73, 163.90367904305458, {'accuracy': 0.661, 'adaptive_mu': 0.44663615406933493, 'mu_adapted': True}, 169.9726613330131)
[2026-01-15 00:25:29,494][flwr][DEBUG] - evaluate_round 73: strategy sampled 20 clients (out of 20)
[2026-01-15 00:25:29,583][flwr][DEBUG] - evaluate_round 73 received 20 results and 0 failures
[2026-01-15 00:25:29,583][flwr][DEBUG] - fit_round 74: strategy sampled 20 clients (out of 20)
[2026-01-15 00:25:31,530][flwr][DEBUG] - fit_round 74 received 20 results and 0 failures
[2026-01-15 00:25:31,612][flwr][INFO] - fit progress: (74, 160.6116441115737, {'accuracy': 0.661, 'adaptive_mu': 0.42430434636586817, 'mu_adapted': True}, 172.09094641701085)
[2026-01-15 00:25:31,612][flwr][DEBUG] - evaluate_round 74: strategy sampled 20 clients (out of 20)
[2026-01-15 00:25:31,738][flwr][DEBUG] - evaluate_round 74 received 20 results and 0 failures
[2026-01-15 00:25:31,738][flwr][DEBUG] - fit_round 75: strategy sampled 20 clients (out of 20)
[2026-01-15 00:25:33,931][flwr][DEBUG] - fit_round 75 received 20 results and 0 failures
[2026-01-15 00:25:34,013][flwr][INFO] - fit progress: (75, 157.18282537907362, {'accuracy': 0.661, 'adaptive_mu': 0.40308912904757477, 'mu_adapted': True}, 174.4922806250106)
[2026-01-15 00:25:34,014][flwr][DEBUG] - evaluate_round 75: strategy sampled 20 clients (out of 20)
[2026-01-15 00:25:34,113][flwr][DEBUG] - evaluate_round 75 received 20 results and 0 failures
[2026-01-15 00:25:34,113][flwr][DEBUG] - fit_round 76: strategy sampled 20 clients (out of 20)
[2026-01-15 00:25:36,002][flwr][DEBUG] - fit_round 76 received 20 results and 0 failures
[2026-01-15 00:25:36,086][flwr][INFO] - fit progress: (76, 160.7891559973359, {'accuracy': 0.661, 'adaptive_mu': 0.4433980419523323, 'mu_adapted': True}, 176.56458087501233)
[2026-01-15 00:25:36,086][flwr][DEBUG] - evaluate_round 76: strategy sampled 20 clients (out of 20)
[2026-01-15 00:25:36,181][flwr][DEBUG] - evaluate_round 76 received 20 results and 0 failures
[2026-01-15 00:25:36,181][flwr][DEBUG] - fit_round 77: strategy sampled 20 clients (out of 20)
[2026-01-15 00:25:38,174][flwr][DEBUG] - fit_round 77 received 20 results and 0 failures
[2026-01-15 00:25:38,259][flwr][INFO] - fit progress: (77, 159.6459669470787, {'accuracy': 0.661, 'adaptive_mu': 0.42122813985471563, 'mu_adapted': True}, 178.73773979200632)
[2026-01-15 00:25:38,259][flwr][DEBUG] - evaluate_round 77: strategy sampled 20 clients (out of 20)
[2026-01-15 00:25:38,361][flwr][DEBUG] - evaluate_round 77 received 20 results and 0 failures
[2026-01-15 00:25:38,361][flwr][DEBUG] - fit_round 78: strategy sampled 20 clients (out of 20)
[2026-01-15 00:25:40,284][flwr][DEBUG] - fit_round 78 received 20 results and 0 failures
[2026-01-15 00:25:40,369][flwr][INFO] - fit progress: (78, 155.31445994228125, {'accuracy': 0.6615, 'adaptive_mu': 0.40016673286197985, 'mu_adapted': True}, 180.84797679199255)
[2026-01-15 00:25:40,369][flwr][DEBUG] - evaluate_round 78: strategy sampled 20 clients (out of 20)
[2026-01-15 00:25:40,473][flwr][DEBUG] - evaluate_round 78 received 20 results and 0 failures
[2026-01-15 00:25:40,474][flwr][DEBUG] - fit_round 79: strategy sampled 20 clients (out of 20)
[2026-01-15 00:25:42,699][flwr][DEBUG] - fit_round 79 received 20 results and 0 failures
[2026-01-15 00:25:42,801][flwr][INFO] - fit progress: (79, 160.6734026223421, {'accuracy': 0.66, 'adaptive_mu': 0.44018340614817786, 'mu_adapted': True}, 183.28013237501727)
[2026-01-15 00:25:42,801][flwr][DEBUG] - evaluate_round 79: strategy sampled 20 clients (out of 20)
[2026-01-15 00:25:42,905][flwr][DEBUG] - evaluate_round 79 received 20 results and 0 failures
[2026-01-15 00:25:42,905][flwr][DEBUG] - fit_round 80: strategy sampled 20 clients (out of 20)
[2026-01-15 00:25:45,098][flwr][DEBUG] - fit_round 80 received 20 results and 0 failures
[2026-01-15 00:25:45,183][flwr][INFO] - fit progress: (80, 158.0101696252823, {'accuracy': 0.6605, 'adaptive_mu': 0.41817423584076896, 'mu_adapted': True}, 185.6614801250107)
[2026-01-15 00:25:45,183][flwr][DEBUG] - evaluate_round 80: strategy sampled 20 clients (out of 20)
[2026-01-15 00:25:45,284][flwr][DEBUG] - evaluate_round 80 received 20 results and 0 failures
[2026-01-15 00:25:45,284][flwr][DEBUG] - fit_round 81: strategy sampled 20 clients (out of 20)
[2026-01-15 00:25:47,716][flwr][DEBUG] - fit_round 81 received 20 results and 0 failures
[2026-01-15 00:25:47,804][flwr][INFO] - fit progress: (81, 164.1266016215086, {'accuracy': 0.662, 'adaptive_mu': 0.4599916594248459, 'mu_adapted': True}, 188.28296529201907)
[2026-01-15 00:25:47,804][flwr][DEBUG] - evaluate_round 81: strategy sampled 20 clients (out of 20)
[2026-01-15 00:25:47,918][flwr][DEBUG] - evaluate_round 81 received 20 results and 0 failures
[2026-01-15 00:25:47,918][flwr][DEBUG] - fit_round 82: strategy sampled 20 clients (out of 20)
[2026-01-15 00:25:49,885][flwr][DEBUG] - fit_round 82 received 20 results and 0 failures
[2026-01-15 00:25:49,966][flwr][INFO] - fit progress: (82, 168.04119627177715, {'accuracy': 0.6615, 'adaptive_mu': 0.5, 'mu_adapted': True}, 190.44496662501479)
[2026-01-15 00:25:49,966][flwr][DEBUG] - evaluate_round 82: strategy sampled 20 clients (out of 20)
[2026-01-15 00:25:50,118][flwr][DEBUG] - evaluate_round 82 received 20 results and 0 failures
[2026-01-15 00:25:50,119][flwr][DEBUG] - fit_round 83: strategy sampled 20 clients (out of 20)
[2026-01-15 00:25:52,104][flwr][DEBUG] - fit_round 83 received 20 results and 0 failures
[2026-01-15 00:25:52,188][flwr][INFO] - fit progress: (83, 161.8444559648633, {'accuracy': 0.661, 'adaptive_mu': 0.475, 'mu_adapted': True}, 192.66716595800244)
[2026-01-15 00:25:52,188][flwr][DEBUG] - evaluate_round 83: strategy sampled 20 clients (out of 20)
[2026-01-15 00:25:52,274][flwr][DEBUG] - evaluate_round 83 received 20 results and 0 failures
[2026-01-15 00:25:52,274][flwr][DEBUG] - fit_round 84: strategy sampled 20 clients (out of 20)
[2026-01-15 00:25:54,116][flwr][DEBUG] - fit_round 84 received 20 results and 0 failures
[2026-01-15 00:25:54,201][flwr][INFO] - fit progress: (84, 157.89964577555656, {'accuracy': 0.661, 'adaptive_mu': 0.45125, 'mu_adapted': True}, 194.68029158300487)
[2026-01-15 00:25:54,202][flwr][DEBUG] - evaluate_round 84: strategy sampled 20 clients (out of 20)
[2026-01-15 00:25:54,295][flwr][DEBUG] - evaluate_round 84 received 20 results and 0 failures
[2026-01-15 00:25:54,295][flwr][DEBUG] - fit_round 85: strategy sampled 20 clients (out of 20)
[2026-01-15 00:25:56,336][flwr][DEBUG] - fit_round 85 received 20 results and 0 failures
[2026-01-15 00:25:56,426][flwr][INFO] - fit progress: (85, 157.12563351541758, {'accuracy': 0.66, 'adaptive_mu': 0.42868749999999994, 'mu_adapted': True}, 196.90518362500006)
[2026-01-15 00:25:56,427][flwr][DEBUG] - evaluate_round 85: strategy sampled 20 clients (out of 20)
[2026-01-15 00:25:56,594][flwr][DEBUG] - evaluate_round 85 received 20 results and 0 failures
[2026-01-15 00:25:56,594][flwr][DEBUG] - fit_round 86: strategy sampled 20 clients (out of 20)
[2026-01-15 00:25:58,590][flwr][DEBUG] - fit_round 86 received 20 results and 0 failures
[2026-01-15 00:25:58,673][flwr][INFO] - fit progress: (86, 161.76225946843624, {'accuracy': 0.661, 'adaptive_mu': 0.47155624999999995, 'mu_adapted': True}, 199.15241112501826)
[2026-01-15 00:25:58,674][flwr][DEBUG] - evaluate_round 86: strategy sampled 20 clients (out of 20)
[2026-01-15 00:25:58,766][flwr][DEBUG] - evaluate_round 86 received 20 results and 0 failures
[2026-01-15 00:25:58,766][flwr][DEBUG] - fit_round 87: strategy sampled 20 clients (out of 20)
[2026-01-15 00:26:00,636][flwr][DEBUG] - fit_round 87 received 20 results and 0 failures
[2026-01-15 00:26:00,724][flwr][INFO] - fit progress: (87, 158.10828067362309, {'accuracy': 0.6605, 'adaptive_mu': 0.44797843749999994, 'mu_adapted': True}, 201.203175542003)
[2026-01-15 00:26:00,725][flwr][DEBUG] - evaluate_round 87: strategy sampled 20 clients (out of 20)
[2026-01-15 00:26:00,821][flwr][DEBUG] - evaluate_round 87 received 20 results and 0 failures
[2026-01-15 00:26:00,822][flwr][DEBUG] - fit_round 88: strategy sampled 20 clients (out of 20)
[2026-01-15 00:26:02,658][flwr][DEBUG] - fit_round 88 received 20 results and 0 failures
[2026-01-15 00:26:02,740][flwr][INFO] - fit progress: (88, 161.34590985625982, {'accuracy': 0.661, 'adaptive_mu': 0.49277628124999995, 'mu_adapted': True}, 203.21923533300287)
[2026-01-15 00:26:02,740][flwr][DEBUG] - evaluate_round 88: strategy sampled 20 clients (out of 20)
[2026-01-15 00:26:02,852][flwr][DEBUG] - evaluate_round 88 received 20 results and 0 failures
[2026-01-15 00:26:02,853][flwr][DEBUG] - fit_round 89: strategy sampled 20 clients (out of 20)
[2026-01-15 00:26:04,650][flwr][DEBUG] - fit_round 89 received 20 results and 0 failures
[2026-01-15 00:26:04,734][flwr][INFO] - fit progress: (89, 162.8539056777954, {'accuracy': 0.6615, 'adaptive_mu': 0.5, 'mu_adapted': True}, 205.21282254200196)
[2026-01-15 00:26:04,734][flwr][DEBUG] - evaluate_round 89: strategy sampled 20 clients (out of 20)
[2026-01-15 00:26:04,832][flwr][DEBUG] - evaluate_round 89 received 20 results and 0 failures
[2026-01-15 00:26:04,833][flwr][DEBUG] - fit_round 90: strategy sampled 20 clients (out of 20)
[2026-01-15 00:26:06,672][flwr][DEBUG] - fit_round 90 received 20 results and 0 failures
[2026-01-15 00:26:06,755][flwr][INFO] - fit progress: (90, 153.4257983416319, {'accuracy': 0.6595, 'adaptive_mu': 0.475, 'mu_adapted': True}, 207.23433187502087)
[2026-01-15 00:26:06,756][flwr][DEBUG] - evaluate_round 90: strategy sampled 20 clients (out of 20)
[2026-01-15 00:26:06,898][flwr][DEBUG] - evaluate_round 90 received 20 results and 0 failures
[2026-01-15 00:26:06,898][flwr][DEBUG] - fit_round 91: strategy sampled 20 clients (out of 20)
[2026-01-15 00:26:08,728][flwr][DEBUG] - fit_round 91 received 20 results and 0 failures
[2026-01-15 00:26:08,814][flwr][INFO] - fit progress: (91, 161.18655944615602, {'accuracy': 0.6605, 'adaptive_mu': 0.5, 'mu_adapted': True}, 209.2925598330039)
[2026-01-15 00:26:08,814][flwr][DEBUG] - evaluate_round 91: strategy sampled 20 clients (out of 20)
[2026-01-15 00:26:08,945][flwr][DEBUG] - evaluate_round 91 received 20 results and 0 failures
[2026-01-15 00:26:08,945][flwr][DEBUG] - fit_round 92: strategy sampled 20 clients (out of 20)
[2026-01-15 00:26:11,229][flwr][DEBUG] - fit_round 92 received 20 results and 0 failures
[2026-01-15 00:26:11,313][flwr][INFO] - fit progress: (92, 163.76563396304846, {'accuracy': 0.6625, 'adaptive_mu': 0.5, 'mu_adapted': True}, 211.79211783301434)
[2026-01-15 00:26:11,314][flwr][DEBUG] - evaluate_round 92: strategy sampled 20 clients (out of 20)
[2026-01-15 00:26:11,420][flwr][DEBUG] - evaluate_round 92 received 20 results and 0 failures
[2026-01-15 00:26:11,420][flwr][DEBUG] - fit_round 93: strategy sampled 20 clients (out of 20)
[2026-01-15 00:26:13,341][flwr][DEBUG] - fit_round 93 received 20 results and 0 failures
[2026-01-15 00:26:13,423][flwr][INFO] - fit progress: (93, 157.2868388965726, {'accuracy': 0.661, 'adaptive_mu': 0.475, 'mu_adapted': True}, 213.90206891699927)
[2026-01-15 00:26:13,423][flwr][DEBUG] - evaluate_round 93: strategy sampled 20 clients (out of 20)
[2026-01-15 00:26:13,526][flwr][DEBUG] - evaluate_round 93 received 20 results and 0 failures
[2026-01-15 00:26:13,526][flwr][DEBUG] - fit_round 94: strategy sampled 20 clients (out of 20)
[2026-01-15 00:26:15,404][flwr][DEBUG] - fit_round 94 received 20 results and 0 failures
[2026-01-15 00:26:15,486][flwr][INFO] - fit progress: (94, 156.14365355670452, {'accuracy': 0.659, 'adaptive_mu': 0.45125, 'mu_adapted': True}, 215.9651830829971)
[2026-01-15 00:26:15,486][flwr][DEBUG] - evaluate_round 94: strategy sampled 20 clients (out of 20)
[2026-01-15 00:26:15,586][flwr][DEBUG] - evaluate_round 94 received 20 results and 0 failures
[2026-01-15 00:26:15,586][flwr][DEBUG] - fit_round 95: strategy sampled 20 clients (out of 20)
[2026-01-15 00:26:17,843][flwr][DEBUG] - fit_round 95 received 20 results and 0 failures
[2026-01-15 00:26:17,928][flwr][INFO] - fit progress: (95, 164.74792408198118, {'accuracy': 0.6615, 'adaptive_mu': 0.496375, 'mu_adapted': True}, 218.40644641700783)
[2026-01-15 00:26:17,928][flwr][DEBUG] - evaluate_round 95: strategy sampled 20 clients (out of 20)
[2026-01-15 00:26:18,028][flwr][DEBUG] - evaluate_round 95 received 20 results and 0 failures
[2026-01-15 00:26:18,028][flwr][DEBUG] - fit_round 96: strategy sampled 20 clients (out of 20)
[2026-01-15 00:26:20,010][flwr][DEBUG] - fit_round 96 received 20 results and 0 failures
[2026-01-15 00:26:20,100][flwr][INFO] - fit progress: (96, 163.74632611870766, {'accuracy': 0.661, 'adaptive_mu': 0.47155625, 'mu_adapted': True}, 220.57847666699672)
[2026-01-15 00:26:20,100][flwr][DEBUG] - evaluate_round 96: strategy sampled 20 clients (out of 20)
[2026-01-15 00:26:20,205][flwr][DEBUG] - evaluate_round 96 received 20 results and 0 failures
[2026-01-15 00:26:20,205][flwr][DEBUG] - fit_round 97: strategy sampled 20 clients (out of 20)
[2026-01-15 00:26:22,166][flwr][DEBUG] - fit_round 97 received 20 results and 0 failures
[2026-01-15 00:26:22,248][flwr][INFO] - fit progress: (97, 161.2433454170823, {'accuracy': 0.661, 'adaptive_mu': 0.4479784375, 'mu_adapted': True}, 222.727439417009)
[2026-01-15 00:26:22,249][flwr][DEBUG] - evaluate_round 97: strategy sampled 20 clients (out of 20)
[2026-01-15 00:26:22,344][flwr][DEBUG] - evaluate_round 97 received 20 results and 0 failures
[2026-01-15 00:26:22,344][flwr][DEBUG] - fit_round 98: strategy sampled 20 clients (out of 20)
[2026-01-15 00:26:24,203][flwr][DEBUG] - fit_round 98 received 20 results and 0 failures
[2026-01-15 00:26:24,291][flwr][INFO] - fit progress: (98, 157.0697766393423, {'accuracy': 0.6605, 'adaptive_mu': 0.42557951562499996, 'mu_adapted': True}, 224.7695662920014)
[2026-01-15 00:26:24,291][flwr][DEBUG] - evaluate_round 98: strategy sampled 20 clients (out of 20)
[2026-01-15 00:26:24,377][flwr][DEBUG] - evaluate_round 98 received 20 results and 0 failures
[2026-01-15 00:26:24,377][flwr][DEBUG] - fit_round 99: strategy sampled 20 clients (out of 20)
[2026-01-15 00:26:26,202][flwr][DEBUG] - fit_round 99 received 20 results and 0 failures
[2026-01-15 00:26:26,293][flwr][INFO] - fit progress: (99, 165.30499878525734, {'accuracy': 0.661, 'adaptive_mu': 0.4681374671875, 'mu_adapted': True}, 226.77196487502079)
[2026-01-15 00:26:26,293][flwr][DEBUG] - evaluate_round 99: strategy sampled 20 clients (out of 20)
[2026-01-15 00:26:26,679][flwr][DEBUG] - evaluate_round 99 received 20 results and 0 failures
[2026-01-15 00:26:26,679][flwr][DEBUG] - fit_round 100: strategy sampled 20 clients (out of 20)
[2026-01-15 00:26:28,627][flwr][DEBUG] - fit_round 100 received 20 results and 0 failures
[2026-01-15 00:26:28,720][flwr][INFO] - fit progress: (100, 162.12270087003708, {'accuracy': 0.661, 'adaptive_mu': 0.44473059382812496, 'mu_adapted': True}, 229.19844495801954)
[2026-01-15 00:26:28,720][flwr][DEBUG] - evaluate_round 100: strategy sampled 20 clients (out of 20)
[2026-01-15 00:26:28,810][flwr][DEBUG] - evaluate_round 100 received 20 results and 0 failures
[2026-01-15 00:26:28,810][flwr][INFO] - FL finished in 229.28923575000954
[2026-01-15 00:26:28,811][flwr][INFO] - app_fit: losses_distributed [(1, 10.007409082167786), (2, 8.233060534256035), (3, 8.139958544252508), (4, 8.326705577958332), (5, 8.43110627307449), (6, 8.486239169434969), (7, 8.475633145241941), (8, 8.608910032479967), (9, 8.840327245612851), (10, 8.718194523350451), (11, 8.644568680877533), (12, 8.635267864725757), (13, 8.773407808470198), (14, 8.700627518928938), (15, 8.789682872842725), (16, 8.851667582078713), (17, 8.760243603943058), (18, 8.773542715379905), (19, 8.799149574940465), (20, 8.832412623693855), (21, 8.62808902412279), (22, 8.520317120788171), (23, 8.77847767726098), (24, 8.659067028992157), (25, 8.83372010341422), (26, 8.588948220174554), (27, 8.660622591017738), (28, 8.741768119980337), (29, 8.652142958139), (30, 8.569891428413898), (31, 8.813028171776944), (32, 8.738666261469959), (33, 8.744668280963442), (34, 8.717800800592471), (35, 8.691966542057855), (36, 8.747609578591407), (37, 8.69820769876969), (38, 8.871089769970903), (39, 8.700092858393358), (40, 8.533538024682434), (41, 8.955692839362579), (42, 8.447907525672054), (43, 8.777194132533898), (44, 8.495622149066625), (45, 8.603481973106394), (46, 8.623148029029153), (47, 8.590619450520228), (48, 8.349615102343996), (49, 8.950715017994805), (50, 8.747957741695197), (51, 8.669185221845536), (52, 8.938819435602225), (53, 8.868980985258462), (54, 8.767049352421825), (55, 8.845049609132506), (56, 8.278204344225475), (57, 8.463558348027675), (58, 8.577115125933375), (59, 8.876263032807064), (60, 8.774890804811855), (61, 8.884900437656539), (62, 8.830656052123999), (63, 8.403907690531737), (64, 8.793922329434738), (65, 8.345952264019234), (66, 8.531104651929544), (67, 7.92421505835408), (68, 8.102055871604676), (69, 8.57637559668547), (70, 8.43489174480403), (71, 8.564644725709671), (72, 8.220121303867243), (73, 8.48455503669386), (74, 8.2938260684757), (75, 8.09258446556958), (76, 8.305231867429768), (77, 8.236504853914486), (78, 7.977287602881504), (79, 8.297943920634658), (80, 8.137152013439026), (81, 8.491089715935576), (82, 8.718882230729097), (83, 8.361497579725242), (84, 8.130910123318717), (85, 8.08390831840118), (86, 8.353430659461889), (87, 8.13929044892331), (88, 8.329529641430911), (89, 8.415546918625497), (90, 7.8638711561118), (91, 8.3199155479815), (92, 8.464545172190931), (93, 8.086875547134985), (94, 8.019647114329992), (95, 8.52158574572449), (96, 8.463337565273072), (97, 8.32050759749299), (98, 8.079155817147962), (99, 8.55616192158667), (100, 8.372073688296569)]
[2026-01-15 00:26:28,811][flwr][INFO] - app_fit: metrics_distributed_fit {'adaptive_mu': [(1, 0.1), (2, 0.1), (3, 0.1), (4, 0.1), (5, 0.1), (6, 0.1), (7, 0.11000000000000001), (8, 0.10450000000000001), (9, 0.11495000000000002), (10, 0.12644500000000003), (11, 0.12012275000000003), (12, 0.11411661250000002), (13, 0.10841078187500001), (14, 0.11925186006250002), (15, 0.11328926705937502), (16, 0.12461819376531252), (17, 0.1370800131418438), (18, 0.1302260124847516), (19, 0.14324861373322678), (20, 0.15757347510654948), (21, 0.17333082261720445), (22, 0.1646642814863442), (23, 0.156431067412027), (24, 0.17207417415322973), (25, 0.16347046544556823), (26, 0.17981751199012508), (27, 0.17082663639061882), (28, 0.1879093000296807), (29, 0.20670023003264879), (30, 0.19636521853101635), (31, 0.18654695760446552), (32, 0.20520165336491208), (33, 0.19494157069666648), (34, 0.21443572776633316), (35, 0.2037139413780165), (36, 0.19352824430911567), (37, 0.21288106874002724), (38, 0.20223701530302587), (39, 0.2224607168333285), (40, 0.21133768099166206), (41, 0.20077079694207894), (42, 0.22084787663628686), (43, 0.2098054828044725), (44, 0.23078603108491977), (45, 0.21924672953067376), (46, 0.24117140248374117), (47, 0.26528854273211533), (48, 0.2520241155955095), (49, 0.23942290981573403), (50, 0.26336520079730746), (51, 0.2501969407574421), (52, 0.23768709371956998), (53, 0.261455803091527), (54, 0.24838301293695064), (55, 0.2359638622901031), (56, 0.2595602485191134), (57, 0.24658223609315774), (58, 0.2712404597024735), (59, 0.2983645056727209), (60, 0.328200956239993), (61, 0.31179090842799334), (62, 0.3429699992707927), (63, 0.325821499307253), (64, 0.3095304243418904), (65, 0.34048346677607944), (66, 0.3234592934372755), (67, 0.35580522278100307), (68, 0.3380149616419529), (69, 0.3718164578061482), (70, 0.40899810358676303), (71, 0.3885481984074249), (72, 0.4274030182481674), (73, 0.406032867335759), (74, 0.44663615406933493), (75, 0.42430434636586817), (76, 0.40308912904757477), (77, 0.4433980419523323), (78, 0.42122813985471563), (79, 0.40016673286197985), (80, 0.44018340614817786), (81, 0.41817423584076896), (82, 0.4599916594248459), (83, 0.5), (84, 0.475), (85, 0.45125), (86, 0.42868749999999994), (87, 0.47155624999999995), (88, 0.44797843749999994), (89, 0.49277628124999995), (90, 0.5), (91, 0.475), (92, 0.5), (93, 0.5), (94, 0.475), (95, 0.45125), (96, 0.496375), (97, 0.47155625), (98, 0.4479784375), (99, 0.42557951562499996), (100, 0.4681374671875)]}
[2026-01-15 00:26:28,811][flwr][INFO] - app_fit: metrics_distributed {}
[2026-01-15 00:26:28,811][flwr][INFO] - app_fit: losses_centralized [(0, 275.8148798942566), (1, 208.7739434838295), (2, 167.90593123435974), (3, 163.42177821695805), (4, 165.58148957788944), (5, 166.73019088804722), (6, 167.1273393407464), (7, 166.67248406261206), (8, 168.42110545933247), (9, 172.0987545773387), (10, 169.8518600538373), (11, 168.43504635989666), (12, 168.1022419258952), (13, 170.3573398590088), (14, 168.9852306097746), (15, 170.40129444748163), (16, 171.3470295369625), (17, 169.68926570564508), (18, 169.83975402265787), (19, 170.2096658796072), (20, 170.81117983162403), (21, 167.22699232399464), (22, 165.29248982667923), (23, 169.70712965726852), (24, 167.51636224240065), (25, 170.50999800860882), (26, 166.18643720448017), (27, 167.30227860808372), (28, 168.66452615708113), (29, 167.12462350726128), (30, 165.61139959096909), (31, 169.7948122471571), (32, 168.46749214828014), (33, 168.53826770931482), (34, 167.97728752344847), (35, 167.48256424069405), (36, 168.44036699831486), (37, 167.58245369046926), (38, 170.55113776028156), (39, 167.5538334697485), (40, 164.61922915279865), (41, 172.02415666729212), (42, 163.18755058944225), (43, 168.85606901347637), (44, 163.96343252062798), (45, 165.85220361500978), (46, 166.29488214850426), (47, 165.6629363372922), (48, 161.48377460986376), (49, 171.8766577169299), (50, 168.37790905684233), (51, 167.00218001008034), (52, 171.6673413068056), (53, 170.50279257446527), (54, 168.66729754954576), (55, 170.12398923933506), (56, 160.39072139561176), (57, 163.54111681878567), (58, 165.50953923165798), (59, 170.6709899455309), (60, 168.92644715309143), (61, 170.82956429570913), (62, 169.8523010239005), (63, 162.49260446429253), (64, 169.22096922248602), (65, 161.51903399825096), (66, 164.69805081933737), (67, 154.31711158156395), (68, 157.39930629730225), (69, 165.52425311505795), (70, 163.06420326977968), (71, 165.28682479262352), (72, 159.36386083811522), (73, 163.90367904305458), (74, 160.6116441115737), (75, 157.18282537907362), (76, 160.7891559973359), (77, 159.6459669470787), (78, 155.31445994228125), (79, 160.6734026223421), (80, 158.0101696252823), (81, 164.1266016215086), (82, 168.04119627177715), (83, 161.8444559648633), (84, 157.89964577555656), (85, 157.12563351541758), (86, 161.76225946843624), (87, 158.10828067362309), (88, 161.34590985625982), (89, 162.8539056777954), (90, 153.4257983416319), (91, 161.18655944615602), (92, 163.76563396304846), (93, 157.2868388965726), (94, 156.14365355670452), (95, 164.74792408198118), (96, 163.74632611870766), (97, 161.2433454170823), (98, 157.0697766393423), (99, 165.30499878525734), (100, 162.12270087003708)]
[2026-01-15 00:26:28,812][flwr][INFO] - app_fit: metrics_centralized {'accuracy': [(0, 0.3415), (1, 0.605), (2, 0.6305), (3, 0.6395), (4, 0.642), (5, 0.6445), (6, 0.651), (7, 0.6485), (8, 0.6505), (9, 0.654), (10, 0.655), (11, 0.6565), (12, 0.657), (13, 0.658), (14, 0.6585), (15, 0.662), (16, 0.6615), (17, 0.661), (18, 0.6615), (19, 0.661), (20, 0.66), (21, 0.6605), (22, 0.661), (23, 0.659), (24, 0.6595), (25, 0.659), (26, 0.66), (27, 0.6585), (28, 0.6585), (29, 0.6585), (30, 0.6595), (31, 0.659), (32, 0.6595), (33, 0.659), (34, 0.6595), (35, 0.659), (36, 0.6595), (37, 0.659), (38, 0.6595), (39, 0.66), (40, 0.66), (41, 0.659), (42, 0.6595), (43, 0.6585), (44, 0.6595), (45, 0.66), (46, 0.659), (47, 0.659), (48, 0.6595), (49, 0.6595), (50, 0.6595), (51, 0.66), (52, 0.66), (53, 0.6615), (54, 0.66), (55, 0.66), (56, 0.6605), (57, 0.66), (58, 0.66), (59, 0.6595), (60, 0.6595), (61, 0.659), (62, 0.6595), (63, 0.66), (64, 0.6605), (65, 0.6605), (66, 0.66), (67, 0.6585), (68, 0.6605), (69, 0.6595), (70, 0.6605), (71, 0.6605), (72, 0.66), (73, 0.661), (74, 0.661), (75, 0.661), (76, 0.661), (77, 0.661), (78, 0.6615), (79, 0.66), (80, 0.6605), (81, 0.662), (82, 0.6615), (83, 0.661), (84, 0.661), (85, 0.66), (86, 0.661), (87, 0.6605), (88, 0.661), (89, 0.6615), (90, 0.6595), (91, 0.6605), (92, 0.6625), (93, 0.661), (94, 0.659), (95, 0.6615), (96, 0.661), (97, 0.661), (98, 0.6605), (99, 0.661), (100, 0.661)], 'adaptive_mu': [(0, 0.1), (1, 0.1), (2, 0.1), (3, 0.1), (4, 0.1), (5, 0.1), (6, 0.11000000000000001), (7, 0.10450000000000001), (8, 0.11495000000000002), (9, 0.12644500000000003), (10, 0.12012275000000003), (11, 0.11411661250000002), (12, 0.10841078187500001), (13, 0.11925186006250002), (14, 0.11328926705937502), (15, 0.12461819376531252), (16, 0.1370800131418438), (17, 0.1302260124847516), (18, 0.14324861373322678), (19, 0.15757347510654948), (20, 0.17333082261720445), (21, 0.1646642814863442), (22, 0.156431067412027), (23, 0.17207417415322973), (24, 0.16347046544556823), (25, 0.17981751199012508), (26, 0.17082663639061882), (27, 0.1879093000296807), (28, 0.20670023003264879), (29, 0.19636521853101635), (30, 0.18654695760446552), (31, 0.20520165336491208), (32, 0.19494157069666648), (33, 0.21443572776633316), (34, 0.2037139413780165), (35, 0.19352824430911567), (36, 0.21288106874002724), (37, 0.20223701530302587), (38, 0.2224607168333285), (39, 0.21133768099166206), (40, 0.20077079694207894), (41, 0.22084787663628686), (42, 0.2098054828044725), (43, 0.23078603108491977), (44, 0.21924672953067376), (45, 0.24117140248374117), (46, 0.26528854273211533), (47, 0.2520241155955095), (48, 0.23942290981573403), (49, 0.26336520079730746), (50, 0.2501969407574421), (51, 0.23768709371956998), (52, 0.261455803091527), (53, 0.24838301293695064), (54, 0.2359638622901031), (55, 0.2595602485191134), (56, 0.24658223609315774), (57, 0.2712404597024735), (58, 0.2983645056727209), (59, 0.328200956239993), (60, 0.31179090842799334), (61, 0.3429699992707927), (62, 0.325821499307253), (63, 0.3095304243418904), (64, 0.34048346677607944), (65, 0.3234592934372755), (66, 0.35580522278100307), (67, 0.3380149616419529), (68, 0.3718164578061482), (69, 0.40899810358676303), (70, 0.3885481984074249), (71, 0.4274030182481674), (72, 0.406032867335759), (73, 0.44663615406933493), (74, 0.42430434636586817), (75, 0.40308912904757477), (76, 0.4433980419523323), (77, 0.42122813985471563), (78, 0.40016673286197985), (79, 0.44018340614817786), (80, 0.41817423584076896), (81, 0.4599916594248459), (82, 0.5), (83, 0.475), (84, 0.45125), (85, 0.42868749999999994), (86, 0.47155624999999995), (87, 0.44797843749999994), (88, 0.49277628124999995), (89, 0.5), (90, 0.475), (91, 0.5), (92, 0.5), (93, 0.475), (94, 0.45125), (95, 0.496375), (96, 0.47155625), (97, 0.4479784375), (98, 0.42557951562499996), (99, 0.4681374671875), (100, 0.44473059382812496)], 'mu_adapted': [(0, False), (1, False), (2, False), (3, False), (4, False), (5, False), (6, True), (7, True), (8, True), (9, True), (10, True), (11, True), (12, True), (13, True), (14, True), (15, True), (16, True), (17, True), (18, True), (19, True), (20, True), (21, True), (22, True), (23, True), (24, True), (25, True), (26, True), (27, True), (28, True), (29, True), (30, True), (31, True), (32, True), (33, True), (34, True), (35, True), (36, True), (37, True), (38, True), (39, True), (40, True), (41, True), (42, True), (43, True), (44, True), (45, True), (46, True), (47, True), (48, True), (49, True), (50, True), (51, True), (52, True), (53, True), (54, True), (55, True), (56, True), (57, True), (58, True), (59, True), (60, True), (61, True), (62, True), (63, True), (64, True), (65, True), (66, True), (67, True), (68, True), (69, True), (70, True), (71, True), (72, True), (73, True), (74, True), (75, True), (76, True), (77, True), (78, True), (79, True), (80, True), (81, True), (82, True), (83, True), (84, True), (85, True), (86, True), (87, True), (88, True), (89, True), (90, True), (91, True), (92, True), (93, True), (94, True), (95, True), (96, True), (97, True), (98, True), (99, True), (100, True)]}
[2026-01-15 00:26:28,861][flwr][INFO] - Starting Flower simulation, config: ServerConfig(num_rounds=100, round_timeout=None)
[2026-01-15 00:26:36,539][flwr][INFO] - Flower VCE: Ray initialized with resources: {'node:127.0.0.1': 1.0, 'CPU': 10.0, 'memory': 12386480128.0, 'object_store_memory': 2147483648.0}
[2026-01-15 00:26:36,539][flwr][INFO] - Initializing global parameters
[2026-01-15 00:26:36,539][flwr][INFO] - Using initial parameters provided by strategy
[2026-01-15 00:26:36,540][flwr][INFO] - Evaluating initial parameters
[2026-01-15 00:26:36,615][flwr][INFO] - initial parameters (loss, other metrics): 275.8148798942566, {'accuracy': 0.3415}
[2026-01-15 00:26:36,615][flwr][INFO] - FL starting
[2026-01-15 00:26:36,617][flwr][DEBUG] - fit_round 1: strategy sampled 5 clients (out of 20)
[2026-01-15 00:26:41,601][flwr][DEBUG] - fit_round 1 received 5 results and 0 failures
[2026-01-15 00:26:41,675][flwr][INFO] - fit progress: (1, 186.87400650978088, {'accuracy': 0.5565}, 5.059445999999298)
[2026-01-15 00:26:41,675][flwr][INFO] - evaluate_round 1: no clients selected, cancel
[2026-01-15 00:26:41,676][flwr][DEBUG] - fit_round 2: strategy sampled 5 clients (out of 20)
[2026-01-15 00:26:42,515][flwr][DEBUG] - fit_round 2 received 5 results and 0 failures
[2026-01-15 00:26:42,591][flwr][INFO] - fit progress: (2, 180.06721921265125, {'accuracy': 0.5695}, 5.975768082978902)
[2026-01-15 00:26:42,591][flwr][INFO] - evaluate_round 2: no clients selected, cancel
[2026-01-15 00:26:42,592][flwr][DEBUG] - fit_round 3: strategy sampled 5 clients (out of 20)
[2026-01-15 00:26:43,388][flwr][DEBUG] - fit_round 3 received 5 results and 0 failures
[2026-01-15 00:26:43,461][flwr][INFO] - fit progress: (3, 284.36808066256344, {'accuracy': 0.656}, 6.845046915987041)
[2026-01-15 00:26:43,461][flwr][INFO] - evaluate_round 3: no clients selected, cancel
[2026-01-15 00:26:43,461][flwr][DEBUG] - fit_round 4: strategy sampled 5 clients (out of 20)
[2026-01-15 00:26:44,298][flwr][DEBUG] - fit_round 4 received 5 results and 0 failures
[2026-01-15 00:26:44,373][flwr][INFO] - fit progress: (4, 189.91845609992743, {'accuracy': 0.661}, 7.757571333000669)
[2026-01-15 00:26:44,373][flwr][INFO] - evaluate_round 4: no clients selected, cancel
[2026-01-15 00:26:44,374][flwr][DEBUG] - fit_round 5: strategy sampled 5 clients (out of 20)
[2026-01-15 00:26:45,122][flwr][DEBUG] - fit_round 5 received 5 results and 0 failures
[2026-01-15 00:26:45,198][flwr][INFO] - fit progress: (5, 154.55333787947893, {'accuracy': 0.662}, 8.582619665976381)
[2026-01-15 00:26:45,198][flwr][INFO] - evaluate_round 5: no clients selected, cancel
[2026-01-15 00:26:45,199][flwr][DEBUG] - fit_round 6: strategy sampled 5 clients (out of 20)
[2026-01-15 00:26:46,036][flwr][DEBUG] - fit_round 6 received 5 results and 0 failures
[2026-01-15 00:26:46,118][flwr][INFO] - fit progress: (6, 175.32105123996735, {'accuracy': 0.553}, 9.502647124987561)
[2026-01-15 00:26:46,118][flwr][INFO] - evaluate_round 6: no clients selected, cancel
[2026-01-15 00:26:46,119][flwr][DEBUG] - fit_round 7: strategy sampled 5 clients (out of 20)
[2026-01-15 00:26:46,951][flwr][DEBUG] - fit_round 7 received 5 results and 0 failures
[2026-01-15 00:26:47,034][flwr][INFO] - fit progress: (7, 237.89595336467028, {'accuracy': 0.659}, 10.41887970798416)
[2026-01-15 00:26:47,035][flwr][INFO] - evaluate_round 7: no clients selected, cancel
[2026-01-15 00:26:47,035][flwr][DEBUG] - fit_round 8: strategy sampled 5 clients (out of 20)
[2026-01-15 00:26:47,864][flwr][DEBUG] - fit_round 8 received 5 results and 0 failures
[2026-01-15 00:26:47,939][flwr][INFO] - fit progress: (8, 146.6169934272766, {'accuracy': 0.6345}, 11.323841207980877)
[2026-01-15 00:26:47,940][flwr][INFO] - evaluate_round 8: no clients selected, cancel
[2026-01-15 00:26:47,940][flwr][DEBUG] - fit_round 9: strategy sampled 5 clients (out of 20)
[2026-01-15 00:26:48,779][flwr][DEBUG] - fit_round 9 received 5 results and 0 failures
[2026-01-15 00:26:48,857][flwr][INFO] - fit progress: (9, 143.24196207523346, {'accuracy': 0.636}, 12.241369540977757)
[2026-01-15 00:26:48,857][flwr][INFO] - evaluate_round 9: no clients selected, cancel
[2026-01-15 00:26:48,857][flwr][DEBUG] - fit_round 10: strategy sampled 5 clients (out of 20)
[2026-01-15 00:26:49,702][flwr][DEBUG] - fit_round 10 received 5 results and 0 failures
[2026-01-15 00:26:49,779][flwr][INFO] - fit progress: (10, 140.45366203784943, {'accuracy': 0.6585}, 13.163110458001029)
[2026-01-15 00:26:49,779][flwr][INFO] - evaluate_round 10: no clients selected, cancel
[2026-01-15 00:26:49,779][flwr][DEBUG] - fit_round 11: strategy sampled 5 clients (out of 20)
[2026-01-15 00:26:50,537][flwr][DEBUG] - fit_round 11 received 5 results and 0 failures
[2026-01-15 00:26:50,610][flwr][INFO] - fit progress: (11, 178.23336916416883, {'accuracy': 0.66}, 13.994240125000942)
[2026-01-15 00:26:50,610][flwr][INFO] - evaluate_round 11: no clients selected, cancel
[2026-01-15 00:26:50,610][flwr][DEBUG] - fit_round 12: strategy sampled 5 clients (out of 20)
[2026-01-15 00:26:51,440][flwr][DEBUG] - fit_round 12 received 5 results and 0 failures
[2026-01-15 00:26:51,511][flwr][INFO] - fit progress: (12, 213.9520927965641, {'accuracy': 0.6605}, 14.895739665982546)
[2026-01-15 00:26:51,511][flwr][INFO] - evaluate_round 12: no clients selected, cancel
[2026-01-15 00:26:51,512][flwr][DEBUG] - fit_round 13: strategy sampled 5 clients (out of 20)
[2026-01-15 00:26:52,345][flwr][DEBUG] - fit_round 13 received 5 results and 0 failures
[2026-01-15 00:26:52,452][flwr][INFO] - fit progress: (13, 141.5714591741562, {'accuracy': 0.6375}, 15.836166165972827)
[2026-01-15 00:26:52,452][flwr][INFO] - evaluate_round 13: no clients selected, cancel
[2026-01-15 00:26:52,452][flwr][DEBUG] - fit_round 14: strategy sampled 5 clients (out of 20)
[2026-01-15 00:26:53,186][flwr][DEBUG] - fit_round 14 received 5 results and 0 failures
[2026-01-15 00:26:53,259][flwr][INFO] - fit progress: (14, 299.22991570085287, {'accuracy': 0.6605}, 16.643750999995973)
[2026-01-15 00:26:53,259][flwr][INFO] - evaluate_round 14: no clients selected, cancel
[2026-01-15 00:26:53,260][flwr][DEBUG] - fit_round 15: strategy sampled 5 clients (out of 20)
[2026-01-15 00:26:54,097][flwr][DEBUG] - fit_round 15 received 5 results and 0 failures
[2026-01-15 00:26:54,171][flwr][INFO] - fit progress: (15, 139.70085260272026, {'accuracy': 0.659}, 17.555782165989513)
[2026-01-15 00:26:54,172][flwr][INFO] - evaluate_round 15: no clients selected, cancel
[2026-01-15 00:26:54,172][flwr][DEBUG] - fit_round 16: strategy sampled 5 clients (out of 20)
[2026-01-15 00:26:55,020][flwr][DEBUG] - fit_round 16 received 5 results and 0 failures
[2026-01-15 00:26:55,093][flwr][INFO] - fit progress: (16, 171.33883064985275, {'accuracy': 0.634}, 18.477436249988386)
[2026-01-15 00:26:55,093][flwr][INFO] - evaluate_round 16: no clients selected, cancel
[2026-01-15 00:26:55,093][flwr][DEBUG] - fit_round 17: strategy sampled 5 clients (out of 20)
[2026-01-15 00:26:55,869][flwr][DEBUG] - fit_round 17 received 5 results and 0 failures
[2026-01-15 00:26:55,946][flwr][INFO] - fit progress: (17, 171.12943878769875, {'accuracy': 0.66}, 19.33038704097271)
[2026-01-15 00:26:55,946][flwr][INFO] - evaluate_round 17: no clients selected, cancel
[2026-01-15 00:26:55,946][flwr][DEBUG] - fit_round 18: strategy sampled 5 clients (out of 20)
[2026-01-15 00:26:56,810][flwr][DEBUG] - fit_round 18 received 5 results and 0 failures
[2026-01-15 00:26:56,887][flwr][INFO] - fit progress: (18, 137.28871503472328, {'accuracy': 0.6475}, 20.271342457999708)
[2026-01-15 00:26:56,887][flwr][INFO] - evaluate_round 18: no clients selected, cancel
[2026-01-15 00:26:56,887][flwr][DEBUG] - fit_round 19: strategy sampled 5 clients (out of 20)
[2026-01-15 00:26:57,773][flwr][DEBUG] - fit_round 19 received 5 results and 0 failures
[2026-01-15 00:26:57,858][flwr][INFO] - fit progress: (19, 173.15776535868645, {'accuracy': 0.66}, 21.2423229579872)
[2026-01-15 00:26:57,858][flwr][INFO] - evaluate_round 19: no clients selected, cancel
[2026-01-15 00:26:57,858][flwr][DEBUG] - fit_round 20: strategy sampled 5 clients (out of 20)
[2026-01-15 00:26:58,602][flwr][DEBUG] - fit_round 20 received 5 results and 0 failures
[2026-01-15 00:26:58,675][flwr][INFO] - fit progress: (20, 160.76518493890762, {'accuracy': 0.665}, 22.059625165973557)
[2026-01-15 00:26:58,675][flwr][INFO] - evaluate_round 20: no clients selected, cancel
[2026-01-15 00:26:58,676][flwr][DEBUG] - fit_round 21: strategy sampled 5 clients (out of 20)
[2026-01-15 00:26:59,439][flwr][DEBUG] - fit_round 21 received 5 results and 0 failures
[2026-01-15 00:26:59,512][flwr][INFO] - fit progress: (21, 162.7698943465948, {'accuracy': 0.6645}, 22.896400207973784)
[2026-01-15 00:26:59,512][flwr][INFO] - evaluate_round 21: no clients selected, cancel
[2026-01-15 00:26:59,512][flwr][DEBUG] - fit_round 22: strategy sampled 5 clients (out of 20)
[2026-01-15 00:27:00,397][flwr][DEBUG] - fit_round 22 received 5 results and 0 failures
[2026-01-15 00:27:00,469][flwr][INFO] - fit progress: (22, 170.97847594320774, {'accuracy': 0.637}, 23.853466665983433)
[2026-01-15 00:27:00,469][flwr][INFO] - evaluate_round 22: no clients selected, cancel
[2026-01-15 00:27:00,470][flwr][DEBUG] - fit_round 23: strategy sampled 5 clients (out of 20)
[2026-01-15 00:27:01,307][flwr][DEBUG] - fit_round 23 received 5 results and 0 failures
[2026-01-15 00:27:01,380][flwr][INFO] - fit progress: (23, 137.1386376619339, {'accuracy': 0.661}, 24.764631207974162)
[2026-01-15 00:27:01,380][flwr][INFO] - evaluate_round 23: no clients selected, cancel
[2026-01-15 00:27:01,381][flwr][DEBUG] - fit_round 24: strategy sampled 5 clients (out of 20)
[2026-01-15 00:27:02,149][flwr][DEBUG] - fit_round 24 received 5 results and 0 failures
[2026-01-15 00:27:02,222][flwr][INFO] - fit progress: (24, 177.44779538363218, {'accuracy': 0.664}, 25.60595587498392)
[2026-01-15 00:27:02,222][flwr][INFO] - evaluate_round 24: no clients selected, cancel
[2026-01-15 00:27:02,222][flwr][DEBUG] - fit_round 25: strategy sampled 5 clients (out of 20)
[2026-01-15 00:27:03,065][flwr][DEBUG] - fit_round 25 received 5 results and 0 failures
[2026-01-15 00:27:03,138][flwr][INFO] - fit progress: (25, 150.06257486343384, {'accuracy': 0.663}, 26.521934415999567)
[2026-01-15 00:27:03,138][flwr][INFO] - evaluate_round 25: no clients selected, cancel
[2026-01-15 00:27:03,138][flwr][DEBUG] - fit_round 26: strategy sampled 5 clients (out of 20)
[2026-01-15 00:27:03,978][flwr][DEBUG] - fit_round 26 received 5 results and 0 failures
[2026-01-15 00:27:04,053][flwr][INFO] - fit progress: (26, 150.51137290149927, {'accuracy': 0.664}, 27.43753545798245)
[2026-01-15 00:27:04,053][flwr][INFO] - evaluate_round 26: no clients selected, cancel
[2026-01-15 00:27:04,054][flwr][DEBUG] - fit_round 27: strategy sampled 5 clients (out of 20)
[2026-01-15 00:27:04,762][flwr][DEBUG] - fit_round 27 received 5 results and 0 failures
[2026-01-15 00:27:04,836][flwr][INFO] - fit progress: (27, 274.5845192633569, {'accuracy': 0.664}, 28.22037608298706)
[2026-01-15 00:27:04,836][flwr][INFO] - evaluate_round 27: no clients selected, cancel
[2026-01-15 00:27:04,836][flwr][DEBUG] - fit_round 28: strategy sampled 5 clients (out of 20)
[2026-01-15 00:27:05,673][flwr][DEBUG] - fit_round 28 received 5 results and 0 failures
[2026-01-15 00:27:05,746][flwr][INFO] - fit progress: (28, 165.57760819792747, {'accuracy': 0.6645}, 29.130880582990358)
[2026-01-15 00:27:05,747][flwr][INFO] - evaluate_round 28: no clients selected, cancel
[2026-01-15 00:27:05,747][flwr][DEBUG] - fit_round 29: strategy sampled 5 clients (out of 20)
[2026-01-15 00:27:06,585][flwr][DEBUG] - fit_round 29 received 5 results and 0 failures
[2026-01-15 00:27:06,657][flwr][INFO] - fit progress: (29, 257.3587484061718, {'accuracy': 0.444}, 30.041280415985966)
[2026-01-15 00:27:06,657][flwr][INFO] - evaluate_round 29: no clients selected, cancel
[2026-01-15 00:27:06,657][flwr][DEBUG] - fit_round 30: strategy sampled 5 clients (out of 20)
[2026-01-15 00:27:07,430][flwr][DEBUG] - fit_round 30 received 5 results and 0 failures
[2026-01-15 00:27:07,505][flwr][INFO] - fit progress: (30, 144.5636614561081, {'accuracy': 0.662}, 30.8892893329903)
[2026-01-15 00:27:07,505][flwr][INFO] - evaluate_round 30: no clients selected, cancel
[2026-01-15 00:27:07,505][flwr][DEBUG] - fit_round 31: strategy sampled 5 clients (out of 20)
[2026-01-15 00:27:08,362][flwr][DEBUG] - fit_round 31 received 5 results and 0 failures
[2026-01-15 00:27:08,437][flwr][INFO] - fit progress: (31, 217.45865194126964, {'accuracy': 0.662}, 31.821020249975845)
[2026-01-15 00:27:08,437][flwr][INFO] - evaluate_round 31: no clients selected, cancel
[2026-01-15 00:27:08,437][flwr][DEBUG] - fit_round 32: strategy sampled 5 clients (out of 20)
[2026-01-15 00:27:09,285][flwr][DEBUG] - fit_round 32 received 5 results and 0 failures
[2026-01-15 00:27:09,359][flwr][INFO] - fit progress: (32, 151.26236683875322, {'accuracy': 0.64}, 32.743665540998336)
[2026-01-15 00:27:09,359][flwr][INFO] - evaluate_round 32: no clients selected, cancel
[2026-01-15 00:27:09,360][flwr][DEBUG] - fit_round 33: strategy sampled 5 clients (out of 20)
[2026-01-15 00:27:10,551][flwr][DEBUG] - fit_round 33 received 5 results and 0 failures
[2026-01-15 00:27:10,624][flwr][INFO] - fit progress: (33, 144.5719646140933, {'accuracy': 0.6375}, 34.00816866598325)
[2026-01-15 00:27:10,624][flwr][INFO] - evaluate_round 33: no clients selected, cancel
[2026-01-15 00:27:10,624][flwr][DEBUG] - fit_round 34: strategy sampled 5 clients (out of 20)
[2026-01-15 00:27:11,382][flwr][DEBUG] - fit_round 34 received 5 results and 0 failures
[2026-01-15 00:27:11,457][flwr][INFO] - fit progress: (34, 220.83398121967912, {'accuracy': 0.665}, 34.841362665989436)
[2026-01-15 00:27:11,457][flwr][INFO] - evaluate_round 34: no clients selected, cancel
[2026-01-15 00:27:11,457][flwr][DEBUG] - fit_round 35: strategy sampled 5 clients (out of 20)
[2026-01-15 00:27:12,535][flwr][DEBUG] - fit_round 35 received 5 results and 0 failures
[2026-01-15 00:27:12,611][flwr][INFO] - fit progress: (35, 150.33291286230087, {'accuracy': 0.663}, 35.99502824997762)
[2026-01-15 00:27:12,611][flwr][INFO] - evaluate_round 35: no clients selected, cancel
[2026-01-15 00:27:12,611][flwr][DEBUG] - fit_round 36: strategy sampled 5 clients (out of 20)
[2026-01-15 00:27:13,451][flwr][DEBUG] - fit_round 36 received 5 results and 0 failures
[2026-01-15 00:27:13,524][flwr][INFO] - fit progress: (36, 156.09840939193964, {'accuracy': 0.639}, 36.908645374991465)
[2026-01-15 00:27:13,524][flwr][INFO] - evaluate_round 36: no clients selected, cancel
[2026-01-15 00:27:13,525][flwr][DEBUG] - fit_round 37: strategy sampled 5 clients (out of 20)
[2026-01-15 00:27:14,291][flwr][DEBUG] - fit_round 37 received 5 results and 0 failures
[2026-01-15 00:27:14,364][flwr][INFO] - fit progress: (37, 143.22802896797657, {'accuracy': 0.6655}, 37.74802749999799)
[2026-01-15 00:27:14,364][flwr][INFO] - evaluate_round 37: no clients selected, cancel
[2026-01-15 00:27:14,364][flwr][DEBUG] - fit_round 38: strategy sampled 5 clients (out of 20)
[2026-01-15 00:27:15,135][flwr][DEBUG] - fit_round 38 received 5 results and 0 failures
[2026-01-15 00:27:15,210][flwr][INFO] - fit progress: (38, 257.5926241967827, {'accuracy': 0.666}, 38.59456220798893)
[2026-01-15 00:27:15,210][flwr][INFO] - evaluate_round 38: no clients selected, cancel
[2026-01-15 00:27:15,211][flwr][DEBUG] - fit_round 39: strategy sampled 5 clients (out of 20)
[2026-01-15 00:27:15,950][flwr][DEBUG] - fit_round 39 received 5 results and 0 failures
[2026-01-15 00:27:16,030][flwr][INFO] - fit progress: (39, 159.8478585407138, {'accuracy': 0.664}, 39.41489933297271)
[2026-01-15 00:27:16,031][flwr][INFO] - evaluate_round 39: no clients selected, cancel
[2026-01-15 00:27:16,031][flwr][DEBUG] - fit_round 40: strategy sampled 5 clients (out of 20)
[2026-01-15 00:27:16,883][flwr][DEBUG] - fit_round 40 received 5 results and 0 failures
[2026-01-15 00:27:16,962][flwr][INFO] - fit progress: (40, 174.44776052236557, {'accuracy': 0.637}, 40.34626195798046)
[2026-01-15 00:27:16,962][flwr][INFO] - evaluate_round 40: no clients selected, cancel
[2026-01-15 00:27:16,962][flwr][DEBUG] - fit_round 41: strategy sampled 5 clients (out of 20)
[2026-01-15 00:27:17,872][flwr][DEBUG] - fit_round 41 received 5 results and 0 failures
[2026-01-15 00:27:17,980][flwr][INFO] - fit progress: (41, 234.38670799322426, {'accuracy': 0.6645}, 41.364496582973516)
[2026-01-15 00:27:17,980][flwr][INFO] - evaluate_round 41: no clients selected, cancel
[2026-01-15 00:27:17,981][flwr][DEBUG] - fit_round 42: strategy sampled 5 clients (out of 20)
[2026-01-15 00:27:18,918][flwr][DEBUG] - fit_round 42 received 5 results and 0 failures
[2026-01-15 00:27:19,026][flwr][INFO] - fit progress: (42, 266.8081184774637, {'accuracy': 0.6645}, 42.41075087498757)
[2026-01-15 00:27:19,027][flwr][INFO] - evaluate_round 42: no clients selected, cancel
[2026-01-15 00:27:19,027][flwr][DEBUG] - fit_round 43: strategy sampled 5 clients (out of 20)
[2026-01-15 00:27:19,944][flwr][DEBUG] - fit_round 43 received 5 results and 0 failures
[2026-01-15 00:27:20,032][flwr][INFO] - fit progress: (43, 261.73812166415155, {'accuracy': 0.6645}, 43.416408249991946)
[2026-01-15 00:27:20,032][flwr][INFO] - evaluate_round 43: no clients selected, cancel
[2026-01-15 00:27:20,032][flwr][DEBUG] - fit_round 44: strategy sampled 5 clients (out of 20)
[2026-01-15 00:27:20,812][flwr][DEBUG] - fit_round 44 received 5 results and 0 failures
[2026-01-15 00:27:20,895][flwr][INFO] - fit progress: (44, 259.9289130885154, {'accuracy': 0.6645}, 44.27969929098617)
[2026-01-15 00:27:20,895][flwr][INFO] - evaluate_round 44: no clients selected, cancel
[2026-01-15 00:27:20,896][flwr][DEBUG] - fit_round 45: strategy sampled 5 clients (out of 20)
[2026-01-15 00:27:21,777][flwr][DEBUG] - fit_round 45 received 5 results and 0 failures
[2026-01-15 00:27:21,852][flwr][INFO] - fit progress: (45, 198.72577510401607, {'accuracy': 0.664}, 45.236299915995914)
[2026-01-15 00:27:21,852][flwr][INFO] - evaluate_round 45: no clients selected, cancel
[2026-01-15 00:27:21,852][flwr][DEBUG] - fit_round 46: strategy sampled 5 clients (out of 20)
[2026-01-15 00:27:22,694][flwr][DEBUG] - fit_round 46 received 5 results and 0 failures
[2026-01-15 00:27:22,768][flwr][INFO] - fit progress: (46, 142.71394466608763, {'accuracy': 0.6365}, 46.15210808298434)
[2026-01-15 00:27:22,768][flwr][INFO] - evaluate_round 46: no clients selected, cancel
[2026-01-15 00:27:22,768][flwr][DEBUG] - fit_round 47: strategy sampled 5 clients (out of 20)
[2026-01-15 00:27:23,604][flwr][DEBUG] - fit_round 47 received 5 results and 0 failures
[2026-01-15 00:27:23,676][flwr][INFO] - fit progress: (47, 136.14253057539463, {'accuracy': 0.6605}, 47.06050124997273)
[2026-01-15 00:27:23,676][flwr][INFO] - evaluate_round 47: no clients selected, cancel
[2026-01-15 00:27:23,677][flwr][DEBUG] - fit_round 48: strategy sampled 5 clients (out of 20)
[2026-01-15 00:27:24,459][flwr][DEBUG] - fit_round 48 received 5 results and 0 failures
[2026-01-15 00:27:24,540][flwr][INFO] - fit progress: (48, 194.11217290908098, {'accuracy': 0.6655}, 47.92424504098017)
[2026-01-15 00:27:24,540][flwr][INFO] - evaluate_round 48: no clients selected, cancel
[2026-01-15 00:27:24,540][flwr][DEBUG] - fit_round 49: strategy sampled 5 clients (out of 20)
[2026-01-15 00:27:25,376][flwr][DEBUG] - fit_round 49 received 5 results and 0 failures
[2026-01-15 00:27:25,451][flwr][INFO] - fit progress: (49, 140.37131674587727, {'accuracy': 0.6645}, 48.835200790985255)
[2026-01-15 00:27:25,451][flwr][INFO] - evaluate_round 49: no clients selected, cancel
[2026-01-15 00:27:25,451][flwr][DEBUG] - fit_round 50: strategy sampled 5 clients (out of 20)
[2026-01-15 00:27:26,199][flwr][DEBUG] - fit_round 50 received 5 results and 0 failures
[2026-01-15 00:27:26,274][flwr][INFO] - fit progress: (50, 212.48996672779322, {'accuracy': 0.6655}, 49.65884854097385)
[2026-01-15 00:27:26,275][flwr][INFO] - evaluate_round 50: no clients selected, cancel
[2026-01-15 00:27:26,275][flwr][DEBUG] - fit_round 51: strategy sampled 5 clients (out of 20)
[2026-01-15 00:27:27,119][flwr][DEBUG] - fit_round 51 received 5 results and 0 failures
[2026-01-15 00:27:27,197][flwr][INFO] - fit progress: (51, 152.70065927505493, {'accuracy': 0.6625}, 50.58115399998496)
[2026-01-15 00:27:27,197][flwr][INFO] - evaluate_round 51: no clients selected, cancel
[2026-01-15 00:27:27,197][flwr][DEBUG] - fit_round 52: strategy sampled 5 clients (out of 20)
[2026-01-15 00:27:27,886][flwr][DEBUG] - fit_round 52 received 5 results and 0 failures
[2026-01-15 00:27:27,961][flwr][INFO] - fit progress: (52, 361.6667407080531, {'accuracy': 0.665}, 51.3455237079761)
[2026-01-15 00:27:27,962][flwr][INFO] - evaluate_round 52: no clients selected, cancel
[2026-01-15 00:27:27,962][flwr][DEBUG] - fit_round 53: strategy sampled 5 clients (out of 20)
[2026-01-15 00:27:28,670][flwr][DEBUG] - fit_round 53 received 5 results and 0 failures
[2026-01-15 00:27:28,744][flwr][INFO] - fit progress: (53, 359.43920638924465, {'accuracy': 0.666}, 52.12795591598842)
[2026-01-15 00:27:28,744][flwr][INFO] - evaluate_round 53: no clients selected, cancel
[2026-01-15 00:27:28,744][flwr][DEBUG] - fit_round 54: strategy sampled 5 clients (out of 20)
[2026-01-15 00:27:29,597][flwr][DEBUG] - fit_round 54 received 5 results and 0 failures
[2026-01-15 00:27:29,671][flwr][INFO] - fit progress: (54, 215.92137518525124, {'accuracy': 0.636}, 53.05539449999924)
[2026-01-15 00:27:29,671][flwr][INFO] - evaluate_round 54: no clients selected, cancel
[2026-01-15 00:27:29,671][flwr][DEBUG] - fit_round 55: strategy sampled 5 clients (out of 20)
[2026-01-15 00:27:30,436][flwr][DEBUG] - fit_round 55 received 5 results and 0 failures
[2026-01-15 00:27:30,511][flwr][INFO] - fit progress: (55, 136.33585077524185, {'accuracy': 0.6655}, 53.895340957999)
[2026-01-15 00:27:30,511][flwr][INFO] - evaluate_round 55: no clients selected, cancel
[2026-01-15 00:27:30,511][flwr][DEBUG] - fit_round 56: strategy sampled 5 clients (out of 20)
[2026-01-15 00:27:31,347][flwr][DEBUG] - fit_round 56 received 5 results and 0 failures
[2026-01-15 00:27:31,420][flwr][INFO] - fit progress: (56, 144.4430203512311, {'accuracy': 0.6655}, 54.804631749982946)
[2026-01-15 00:27:31,420][flwr][INFO] - evaluate_round 56: no clients selected, cancel
[2026-01-15 00:27:31,421][flwr][DEBUG] - fit_round 57: strategy sampled 5 clients (out of 20)
[2026-01-15 00:27:32,312][flwr][DEBUG] - fit_round 57 received 5 results and 0 failures
[2026-01-15 00:27:32,390][flwr][INFO] - fit progress: (57, 140.4901740550995, {'accuracy': 0.6655}, 55.77450829098234)
[2026-01-15 00:27:32,390][flwr][INFO] - evaluate_round 57: no clients selected, cancel
[2026-01-15 00:27:32,391][flwr][DEBUG] - fit_round 58: strategy sampled 5 clients (out of 20)
[2026-01-15 00:27:33,240][flwr][DEBUG] - fit_round 58 received 5 results and 0 failures
[2026-01-15 00:27:33,314][flwr][INFO] - fit progress: (58, 206.89925234764814, {'accuracy': 0.665}, 56.698291374981636)
[2026-01-15 00:27:33,314][flwr][INFO] - evaluate_round 58: no clients selected, cancel
[2026-01-15 00:27:33,314][flwr][DEBUG] - fit_round 59: strategy sampled 5 clients (out of 20)
[2026-01-15 00:27:34,194][flwr][DEBUG] - fit_round 59 received 5 results and 0 failures
[2026-01-15 00:27:34,266][flwr][INFO] - fit progress: (59, 135.87891621887684, {'accuracy': 0.666}, 57.65084904097603)
[2026-01-15 00:27:34,267][flwr][INFO] - evaluate_round 59: no clients selected, cancel
[2026-01-15 00:27:34,267][flwr][DEBUG] - fit_round 60: strategy sampled 5 clients (out of 20)
[2026-01-15 00:27:35,050][flwr][DEBUG] - fit_round 60 received 5 results and 0 failures
[2026-01-15 00:27:35,127][flwr][INFO] - fit progress: (60, 191.93126608803868, {'accuracy': 0.666}, 58.51113666599849)
[2026-01-15 00:27:35,127][flwr][INFO] - evaluate_round 60: no clients selected, cancel
[2026-01-15 00:27:35,127][flwr][DEBUG] - fit_round 61: strategy sampled 5 clients (out of 20)
[2026-01-15 00:27:35,997][flwr][DEBUG] - fit_round 61 received 5 results and 0 failures
[2026-01-15 00:27:36,099][flwr][INFO] - fit progress: (61, 157.55636061728, {'accuracy': 0.6385}, 59.48328474999289)
[2026-01-15 00:27:36,099][flwr][INFO] - evaluate_round 61: no clients selected, cancel
[2026-01-15 00:27:36,099][flwr][DEBUG] - fit_round 62: strategy sampled 5 clients (out of 20)
[2026-01-15 00:27:37,043][flwr][DEBUG] - fit_round 62 received 5 results and 0 failures
[2026-01-15 00:27:37,129][flwr][INFO] - fit progress: (62, 167.66630294919014, {'accuracy': 0.6375}, 60.51374499997473)
[2026-01-15 00:27:37,130][flwr][INFO] - evaluate_round 62: no clients selected, cancel
[2026-01-15 00:27:37,130][flwr][DEBUG] - fit_round 63: strategy sampled 5 clients (out of 20)
[2026-01-15 00:27:37,959][flwr][DEBUG] - fit_round 63 received 5 results and 0 failures
[2026-01-15 00:27:38,037][flwr][INFO] - fit progress: (63, 135.9958350509405, {'accuracy': 0.666}, 61.42141924999305)
[2026-01-15 00:27:38,037][flwr][INFO] - evaluate_round 63: no clients selected, cancel
[2026-01-15 00:27:38,037][flwr][DEBUG] - fit_round 64: strategy sampled 5 clients (out of 20)
[2026-01-15 00:27:38,942][flwr][DEBUG] - fit_round 64 received 5 results and 0 failures
[2026-01-15 00:27:39,022][flwr][INFO] - fit progress: (64, 157.0085171982646, {'accuracy': 0.666}, 62.405950540996855)
[2026-01-15 00:27:39,022][flwr][INFO] - evaluate_round 64: no clients selected, cancel
[2026-01-15 00:27:39,022][flwr][DEBUG] - fit_round 65: strategy sampled 5 clients (out of 20)
[2026-01-15 00:27:39,924][flwr][DEBUG] - fit_round 65 received 5 results and 0 failures
[2026-01-15 00:27:40,016][flwr][INFO] - fit progress: (65, 187.9941258765757, {'accuracy': 0.6655}, 63.40027933300007)
[2026-01-15 00:27:40,016][flwr][INFO] - evaluate_round 65: no clients selected, cancel
[2026-01-15 00:27:40,016][flwr][DEBUG] - fit_round 66: strategy sampled 5 clients (out of 20)
[2026-01-15 00:27:40,835][flwr][DEBUG] - fit_round 66 received 5 results and 0 failures
[2026-01-15 00:27:40,939][flwr][INFO] - fit progress: (66, 182.8667312785983, {'accuracy': 0.665}, 64.32382529097958)
[2026-01-15 00:27:40,940][flwr][INFO] - evaluate_round 66: no clients selected, cancel
[2026-01-15 00:27:40,940][flwr][DEBUG] - fit_round 67: strategy sampled 5 clients (out of 20)
[2026-01-15 00:27:42,164][flwr][DEBUG] - fit_round 67 received 5 results and 0 failures
[2026-01-15 00:27:42,247][flwr][INFO] - fit progress: (67, 166.30343130975962, {'accuracy': 0.665}, 65.6311636249884)
[2026-01-15 00:27:42,247][flwr][INFO] - evaluate_round 67: no clients selected, cancel
[2026-01-15 00:27:42,247][flwr][DEBUG] - fit_round 68: strategy sampled 5 clients (out of 20)
[2026-01-15 00:27:43,209][flwr][DEBUG] - fit_round 68 received 5 results and 0 failures
[2026-01-15 00:27:43,289][flwr][INFO] - fit progress: (68, 135.50921547412872, {'accuracy': 0.656}, 66.673334082996)
[2026-01-15 00:27:43,289][flwr][INFO] - evaluate_round 68: no clients selected, cancel
[2026-01-15 00:27:43,289][flwr][DEBUG] - fit_round 69: strategy sampled 5 clients (out of 20)
[2026-01-15 00:27:44,159][flwr][DEBUG] - fit_round 69 received 5 results and 0 failures
[2026-01-15 00:27:44,239][flwr][INFO] - fit progress: (69, 220.72130749374628, {'accuracy': 0.6645}, 67.62322287497227)
[2026-01-15 00:27:44,239][flwr][INFO] - evaluate_round 69: no clients selected, cancel
[2026-01-15 00:27:44,239][flwr][DEBUG] - fit_round 70: strategy sampled 5 clients (out of 20)
[2026-01-15 00:27:45,012][flwr][DEBUG] - fit_round 70 received 5 results and 0 failures
[2026-01-15 00:27:45,089][flwr][INFO] - fit progress: (70, 276.12262987717986, {'accuracy': 0.665}, 68.47335979097988)
[2026-01-15 00:27:45,089][flwr][INFO] - evaluate_round 70: no clients selected, cancel
[2026-01-15 00:27:45,089][flwr][DEBUG] - fit_round 71: strategy sampled 5 clients (out of 20)
[2026-01-15 00:27:45,902][flwr][DEBUG] - fit_round 71 received 5 results and 0 failures
[2026-01-15 00:27:45,978][flwr][INFO] - fit progress: (71, 241.684358086437, {'accuracy': 0.6655}, 69.36191199999303)
[2026-01-15 00:27:45,978][flwr][INFO] - evaluate_round 71: no clients selected, cancel
[2026-01-15 00:27:45,978][flwr][DEBUG] - fit_round 72: strategy sampled 5 clients (out of 20)
[2026-01-15 00:27:46,859][flwr][DEBUG] - fit_round 72 received 5 results and 0 failures
[2026-01-15 00:27:46,936][flwr][INFO] - fit progress: (72, 156.9658233448863, {'accuracy': 0.64}, 70.32008241600124)
[2026-01-15 00:27:46,936][flwr][INFO] - evaluate_round 72: no clients selected, cancel
[2026-01-15 00:27:46,936][flwr][DEBUG] - fit_round 73: strategy sampled 5 clients (out of 20)
[2026-01-15 00:27:47,869][flwr][DEBUG] - fit_round 73 received 5 results and 0 failures
[2026-01-15 00:27:47,944][flwr][INFO] - fit progress: (73, 151.46939109265804, {'accuracy': 0.639}, 71.32874620798975)
[2026-01-15 00:27:47,945][flwr][INFO] - evaluate_round 73: no clients selected, cancel
[2026-01-15 00:27:47,945][flwr][DEBUG] - fit_round 74: strategy sampled 5 clients (out of 20)
[2026-01-15 00:27:48,837][flwr][DEBUG] - fit_round 74 received 5 results and 0 failures
[2026-01-15 00:27:48,915][flwr][INFO] - fit progress: (74, 160.35166464745998, {'accuracy': 0.6655}, 72.29974820799544)
[2026-01-15 00:27:48,916][flwr][INFO] - evaluate_round 74: no clients selected, cancel
[2026-01-15 00:27:48,916][flwr][DEBUG] - fit_round 75: strategy sampled 5 clients (out of 20)
[2026-01-15 00:27:49,825][flwr][DEBUG] - fit_round 75 received 5 results and 0 failures
[2026-01-15 00:27:49,899][flwr][INFO] - fit progress: (75, 152.1987622231245, {'accuracy': 0.666}, 73.28349637499196)
[2026-01-15 00:27:49,899][flwr][INFO] - evaluate_round 75: no clients selected, cancel
[2026-01-15 00:27:49,900][flwr][DEBUG] - fit_round 76: strategy sampled 5 clients (out of 20)
[2026-01-15 00:27:50,743][flwr][DEBUG] - fit_round 76 received 5 results and 0 failures
[2026-01-15 00:27:50,816][flwr][INFO] - fit progress: (76, 135.69443199038506, {'accuracy': 0.6635}, 74.20033304099343)
[2026-01-15 00:27:50,816][flwr][INFO] - evaluate_round 76: no clients selected, cancel
[2026-01-15 00:27:50,816][flwr][DEBUG] - fit_round 77: strategy sampled 5 clients (out of 20)
[2026-01-15 00:27:51,776][flwr][DEBUG] - fit_round 77 received 5 results and 0 failures
[2026-01-15 00:27:51,858][flwr][INFO] - fit progress: (77, 162.13086164742708, {'accuracy': 0.665}, 75.24264770798618)
[2026-01-15 00:27:51,858][flwr][INFO] - evaluate_round 77: no clients selected, cancel
[2026-01-15 00:27:51,859][flwr][DEBUG] - fit_round 78: strategy sampled 5 clients (out of 20)
[2026-01-15 00:27:52,730][flwr][DEBUG] - fit_round 78 received 5 results and 0 failures
[2026-01-15 00:27:52,804][flwr][INFO] - fit progress: (78, 134.98588632047176, {'accuracy': 0.642}, 76.18842391599901)
[2026-01-15 00:27:52,804][flwr][INFO] - evaluate_round 78: no clients selected, cancel
[2026-01-15 00:27:52,805][flwr][DEBUG] - fit_round 79: strategy sampled 5 clients (out of 20)
[2026-01-15 00:27:53,607][flwr][DEBUG] - fit_round 79 received 5 results and 0 failures
[2026-01-15 00:27:53,690][flwr][INFO] - fit progress: (79, 235.65739163942635, {'accuracy': 0.665}, 77.07455954098259)
[2026-01-15 00:27:53,690][flwr][INFO] - evaluate_round 79: no clients selected, cancel
[2026-01-15 00:27:53,691][flwr][DEBUG] - fit_round 80: strategy sampled 5 clients (out of 20)
[2026-01-15 00:27:54,464][flwr][DEBUG] - fit_round 80 received 5 results and 0 failures
[2026-01-15 00:27:54,537][flwr][INFO] - fit progress: (80, 238.8925655633211, {'accuracy': 0.666}, 77.92131170799257)
[2026-01-15 00:27:54,537][flwr][INFO] - evaluate_round 80: no clients selected, cancel
[2026-01-15 00:27:54,537][flwr][DEBUG] - fit_round 81: strategy sampled 5 clients (out of 20)
[2026-01-15 00:27:55,441][flwr][DEBUG] - fit_round 81 received 5 results and 0 failures
[2026-01-15 00:27:55,517][flwr][INFO] - fit progress: (81, 284.83043894171715, {'accuracy': 0.364}, 78.90146387499408)
[2026-01-15 00:27:55,517][flwr][INFO] - evaluate_round 81: no clients selected, cancel
[2026-01-15 00:27:55,518][flwr][DEBUG] - fit_round 82: strategy sampled 5 clients (out of 20)
[2026-01-15 00:27:56,409][flwr][DEBUG] - fit_round 82 received 5 results and 0 failures
[2026-01-15 00:27:56,488][flwr][INFO] - fit progress: (82, 142.46654897928238, {'accuracy': 0.6385}, 79.87233674997697)
[2026-01-15 00:27:56,488][flwr][INFO] - evaluate_round 82: no clients selected, cancel
[2026-01-15 00:27:56,488][flwr][DEBUG] - fit_round 83: strategy sampled 5 clients (out of 20)
[2026-01-15 00:27:57,734][flwr][DEBUG] - fit_round 83 received 5 results and 0 failures
[2026-01-15 00:27:57,807][flwr][INFO] - fit progress: (83, 149.29023359715939, {'accuracy': 0.6665}, 81.19095920797554)
[2026-01-15 00:27:57,807][flwr][INFO] - evaluate_round 83: no clients selected, cancel
[2026-01-15 00:27:57,807][flwr][DEBUG] - fit_round 84: strategy sampled 5 clients (out of 20)
[2026-01-15 00:27:58,546][flwr][DEBUG] - fit_round 84 received 5 results and 0 failures
[2026-01-15 00:27:58,618][flwr][INFO] - fit progress: (84, 272.9207493951544, {'accuracy': 0.6655}, 82.0020145829767)
[2026-01-15 00:27:58,618][flwr][INFO] - evaluate_round 84: no clients selected, cancel
[2026-01-15 00:27:58,618][flwr][DEBUG] - fit_round 85: strategy sampled 5 clients (out of 20)
[2026-01-15 00:27:59,402][flwr][DEBUG] - fit_round 85 received 5 results and 0 failures
[2026-01-15 00:27:59,475][flwr][INFO] - fit progress: (85, 170.26713263988495, {'accuracy': 0.665}, 82.85981474997243)
[2026-01-15 00:27:59,476][flwr][INFO] - evaluate_round 85: no clients selected, cancel
[2026-01-15 00:27:59,476][flwr][DEBUG] - fit_round 86: strategy sampled 5 clients (out of 20)
[2026-01-15 00:28:00,475][flwr][DEBUG] - fit_round 86 received 5 results and 0 failures
[2026-01-15 00:28:00,549][flwr][INFO] - fit progress: (86, 499.2383499145508, {'accuracy': 0.332}, 83.93297841597814)
[2026-01-15 00:28:00,549][flwr][INFO] - evaluate_round 86: no clients selected, cancel
[2026-01-15 00:28:00,549][flwr][DEBUG] - fit_round 87: strategy sampled 5 clients (out of 20)
[2026-01-15 00:28:01,466][flwr][DEBUG] - fit_round 87 received 5 results and 0 failures
[2026-01-15 00:28:01,539][flwr][INFO] - fit progress: (87, 247.92633165419102, {'accuracy': 0.6355}, 84.92319220799254)
[2026-01-15 00:28:01,539][flwr][INFO] - evaluate_round 87: no clients selected, cancel
[2026-01-15 00:28:01,539][flwr][DEBUG] - fit_round 88: strategy sampled 5 clients (out of 20)
[2026-01-15 00:28:02,434][flwr][DEBUG] - fit_round 88 received 5 results and 0 failures
[2026-01-15 00:28:02,508][flwr][INFO] - fit progress: (88, 157.64560602605343, {'accuracy': 0.6385}, 85.89246866598842)
[2026-01-15 00:28:02,508][flwr][INFO] - evaluate_round 88: no clients selected, cancel
[2026-01-15 00:28:02,509][flwr][DEBUG] - fit_round 89: strategy sampled 5 clients (out of 20)
[2026-01-15 00:28:03,351][flwr][DEBUG] - fit_round 89 received 5 results and 0 failures
[2026-01-15 00:28:03,422][flwr][INFO] - fit progress: (89, 198.91634545475245, {'accuracy': 0.6655}, 86.80680283298716)
[2026-01-15 00:28:03,423][flwr][INFO] - evaluate_round 89: no clients selected, cancel
[2026-01-15 00:28:03,423][flwr][DEBUG] - fit_round 90: strategy sampled 5 clients (out of 20)
[2026-01-15 00:28:04,298][flwr][DEBUG] - fit_round 90 received 5 results and 0 failures
[2026-01-15 00:28:04,372][flwr][INFO] - fit progress: (90, 136.8693497478962, {'accuracy': 0.6625}, 87.75609512499068)
[2026-01-15 00:28:04,372][flwr][INFO] - evaluate_round 90: no clients selected, cancel
[2026-01-15 00:28:04,372][flwr][DEBUG] - fit_round 91: strategy sampled 5 clients (out of 20)
[2026-01-15 00:28:05,212][flwr][DEBUG] - fit_round 91 received 5 results and 0 failures
[2026-01-15 00:28:05,286][flwr][INFO] - fit progress: (91, 135.73773631453514, {'accuracy': 0.663}, 88.67074645799585)
[2026-01-15 00:28:05,287][flwr][INFO] - evaluate_round 91: no clients selected, cancel
[2026-01-15 00:28:05,287][flwr][DEBUG] - fit_round 92: strategy sampled 5 clients (out of 20)
[2026-01-15 00:28:06,117][flwr][DEBUG] - fit_round 92 received 5 results and 0 failures
[2026-01-15 00:28:06,193][flwr][INFO] - fit progress: (92, 142.05154207348824, {'accuracy': 0.6635}, 89.5772872499947)
[2026-01-15 00:28:06,193][flwr][INFO] - evaluate_round 92: no clients selected, cancel
[2026-01-15 00:28:06,193][flwr][DEBUG] - fit_round 93: strategy sampled 5 clients (out of 20)
[2026-01-15 00:28:07,076][flwr][DEBUG] - fit_round 93 received 5 results and 0 failures
[2026-01-15 00:28:07,154][flwr][INFO] - fit progress: (93, 144.87717300653458, {'accuracy': 0.662}, 90.53785695799161)
[2026-01-15 00:28:07,154][flwr][INFO] - evaluate_round 93: no clients selected, cancel
[2026-01-15 00:28:07,154][flwr][DEBUG] - fit_round 94: strategy sampled 5 clients (out of 20)
[2026-01-15 00:28:07,999][flwr][DEBUG] - fit_round 94 received 5 results and 0 failures
[2026-01-15 00:28:08,074][flwr][INFO] - fit progress: (94, 138.9314585775137, {'accuracy': 0.664}, 91.45801308299997)
[2026-01-15 00:28:08,074][flwr][INFO] - evaluate_round 94: no clients selected, cancel
[2026-01-15 00:28:08,074][flwr][DEBUG] - fit_round 95: strategy sampled 5 clients (out of 20)
[2026-01-15 00:28:09,016][flwr][DEBUG] - fit_round 95 received 5 results and 0 failures
[2026-01-15 00:28:09,095][flwr][INFO] - fit progress: (95, 135.7464026361704, {'accuracy': 0.6635}, 92.47912404098315)
[2026-01-15 00:28:09,095][flwr][INFO] - evaluate_round 95: no clients selected, cancel
[2026-01-15 00:28:09,095][flwr][DEBUG] - fit_round 96: strategy sampled 5 clients (out of 20)
[2026-01-15 00:28:10,385][flwr][DEBUG] - fit_round 96 received 5 results and 0 failures
[2026-01-15 00:28:10,461][flwr][INFO] - fit progress: (96, 228.54356281459332, {'accuracy': 0.6375}, 93.84506216598675)
[2026-01-15 00:28:10,461][flwr][INFO] - evaluate_round 96: no clients selected, cancel
[2026-01-15 00:28:10,461][flwr][DEBUG] - fit_round 97: strategy sampled 5 clients (out of 20)
[2026-01-15 00:28:11,234][flwr][DEBUG] - fit_round 97 received 5 results and 0 failures
[2026-01-15 00:28:11,328][flwr][INFO] - fit progress: (97, 218.60357298143208, {'accuracy': 0.6655}, 94.71201774998917)
[2026-01-15 00:28:11,328][flwr][INFO] - evaluate_round 97: no clients selected, cancel
[2026-01-15 00:28:11,328][flwr][DEBUG] - fit_round 98: strategy sampled 5 clients (out of 20)
[2026-01-15 00:28:12,511][flwr][DEBUG] - fit_round 98 received 5 results and 0 failures
[2026-01-15 00:28:12,587][flwr][INFO] - fit progress: (98, 208.85527138412, {'accuracy': 0.6665}, 95.97135429098853)
[2026-01-15 00:28:12,587][flwr][INFO] - evaluate_round 98: no clients selected, cancel
[2026-01-15 00:28:12,587][flwr][DEBUG] - fit_round 99: strategy sampled 5 clients (out of 20)
[2026-01-15 00:28:13,457][flwr][DEBUG] - fit_round 99 received 5 results and 0 failures
[2026-01-15 00:28:13,548][flwr][INFO] - fit progress: (99, 135.14778696000576, {'accuracy': 0.6645}, 96.93263791597565)
[2026-01-15 00:28:13,548][flwr][INFO] - evaluate_round 99: no clients selected, cancel
[2026-01-15 00:28:13,549][flwr][DEBUG] - fit_round 100: strategy sampled 5 clients (out of 20)
[2026-01-15 00:28:14,469][flwr][DEBUG] - fit_round 100 received 5 results and 0 failures
[2026-01-15 00:28:14,543][flwr][INFO] - fit progress: (100, 143.876209795475, {'accuracy': 0.665}, 97.92729895797675)
[2026-01-15 00:28:14,543][flwr][INFO] - evaluate_round 100: no clients selected, cancel
[2026-01-15 00:28:14,543][flwr][INFO] - FL finished in 97.92760825000005
[2026-01-15 00:28:14,544][flwr][INFO] - app_fit: losses_distributed []
[2026-01-15 00:28:14,545][flwr][INFO] - app_fit: metrics_distributed_fit {'c_global_norm': [(1, 0.15667779485257563), (2, 0.1451702466380454), (3, 0.17053601019948308), (4, 0.10571693058695458), (5, 0.07783974366872241), (6, 0.06103084529613197), (7, 0.07072963922165544), (8, 0.050867441466385645), (9, 0.0499486755789863), (10, 0.04482563593714025), (11, 0.043327795386686345), (12, 0.046615732618330664), (13, 0.041452299985908554), (14, 0.05035090278654441), (15, 0.042369211274539076), (16, 0.034800121883813165), (17, 0.03802030917506282), (18, 0.03089504833445227), (19, 0.03614997048698801), (20, 0.03715899199653365), (21, 0.03452596670210854), (22, 0.029995348680597035), (23, 0.028087278547474125), (24, 0.026755842693091697), (25, 0.029777982508412442), (26, 0.03714610352120986), (27, 0.044813900366730476), (28, 0.03480081941499988), (29, 0.043506546210021126), (30, 0.030339748392835122), (31, 0.031677958424590216), (32, 0.03045207946417856), (33, 0.025090065289796036), (34, 0.032348301917168504), (35, 0.02224875210555657), (36, 0.03259314294935469), (37, 0.024765777834583086), (38, 0.032668536303216214), (39, 0.03580468164656581), (40, 0.02993217949607696), (41, 0.03201747640204209), (42, 0.024180440023728305), (43, 0.028819033473950793), (44, 0.0363400085119356), (45, 0.04774435482946553), (46, 0.03529089486259928), (47, 0.03736674381556281), (48, 0.03949870529163117), (49, 0.028125221318561166), (50, 0.055142129217957525), (51, 0.042521005179407066), (52, 0.08010891005848893), (53, 0.11902787434940426), (54, 0.04895695112127469), (55, 0.03152687534004904), (56, 0.02655472115178716), (57, 0.04494972554016212), (58, 0.05185760614839209), (59, 0.029407755653692132), (60, 0.0433270153637868), (61, 0.027916203845675166), (62, 0.03121384409371107), (63, 0.020899690410413937), (64, 0.023138324910140024), (65, 0.026387699426202674), (66, 0.02248117697143947), (67, 0.02601025773151905), (68, 0.019318238656116513), (69, 0.029235949321583035), (70, 0.03407296739578115), (71, 0.05799102749483881), (72, 0.06967303973507204), (73, 0.03584140590629104), (74, 0.07503848588818474), (75, 0.07536150089549488), (76, 0.0487860747638352), (77, 0.06231702460796222), (78, 0.03827178492443732), (79, 0.07408572360271314), (80, 0.09432993760065847), (81, 0.06506235198339333), (82, 0.04131253381023165), (83, 0.0707193337877285), (84, 0.09110818273826068), (85, 0.14120200967402718), (86, 0.0706701098437005), (87, 0.048586016038457), (88, 0.038164296353161854), (89, 0.03786493396091147), (90, 0.035671097228269714), (91, 0.023826846019602093), (92, 0.01767390318495014), (93, 0.019927841331729784), (94, 0.020440386294704523), (95, 0.019283670733095504), (96, 0.024634876009321904), (97, 0.033560245323413715), (98, 0.01915741857988178), (99, 0.020394099160937516), (100, 0.019021234078103445)], 'num_clients': [(1, 5), (2, 5), (3, 5), (4, 5), (5, 5), (6, 5), (7, 5), (8, 5), (9, 5), (10, 5), (11, 5), (12, 5), (13, 5), (14, 5), (15, 5), (16, 5), (17, 5), (18, 5), (19, 5), (20, 5), (21, 5), (22, 5), (23, 5), (24, 5), (25, 5), (26, 5), (27, 5), (28, 5), (29, 5), (30, 5), (31, 5), (32, 5), (33, 5), (34, 5), (35, 5), (36, 5), (37, 5), (38, 5), (39, 5), (40, 5), (41, 5), (42, 5), (43, 5), (44, 5), (45, 5), (46, 5), (47, 5), (48, 5), (49, 5), (50, 5), (51, 5), (52, 5), (53, 5), (54, 5), (55, 5), (56, 5), (57, 5), (58, 5), (59, 5), (60, 5), (61, 5), (62, 5), (63, 5), (64, 5), (65, 5), (66, 5), (67, 5), (68, 5), (69, 5), (70, 5), (71, 5), (72, 5), (73, 5), (74, 5), (75, 5), (76, 5), (77, 5), (78, 5), (79, 5), (80, 5), (81, 5), (82, 5), (83, 5), (84, 5), (85, 5), (86, 5), (87, 5), (88, 5), (89, 5), (90, 5), (91, 5), (92, 5), (93, 5), (94, 5), (95, 5), (96, 5), (97, 5), (98, 5), (99, 5), (100, 5)]}
[2026-01-15 00:28:14,545][flwr][INFO] - app_fit: metrics_distributed {}
[2026-01-15 00:28:14,546][flwr][INFO] - app_fit: losses_centralized [(0, 275.8148798942566), (1, 186.87400650978088), (2, 180.06721921265125), (3, 284.36808066256344), (4, 189.91845609992743), (5, 154.55333787947893), (6, 175.32105123996735), (7, 237.89595336467028), (8, 146.6169934272766), (9, 143.24196207523346), (10, 140.45366203784943), (11, 178.23336916416883), (12, 213.9520927965641), (13, 141.5714591741562), (14, 299.22991570085287), (15, 139.70085260272026), (16, 171.33883064985275), (17, 171.12943878769875), (18, 137.28871503472328), (19, 173.15776535868645), (20, 160.76518493890762), (21, 162.7698943465948), (22, 170.97847594320774), (23, 137.1386376619339), (24, 177.44779538363218), (25, 150.06257486343384), (26, 150.51137290149927), (27, 274.5845192633569), (28, 165.57760819792747), (29, 257.3587484061718), (30, 144.5636614561081), (31, 217.45865194126964), (32, 151.26236683875322), (33, 144.5719646140933), (34, 220.83398121967912), (35, 150.33291286230087), (36, 156.09840939193964), (37, 143.22802896797657), (38, 257.5926241967827), (39, 159.8478585407138), (40, 174.44776052236557), (41, 234.38670799322426), (42, 266.8081184774637), (43, 261.73812166415155), (44, 259.9289130885154), (45, 198.72577510401607), (46, 142.71394466608763), (47, 136.14253057539463), (48, 194.11217290908098), (49, 140.37131674587727), (50, 212.48996672779322), (51, 152.70065927505493), (52, 361.6667407080531), (53, 359.43920638924465), (54, 215.92137518525124), (55, 136.33585077524185), (56, 144.4430203512311), (57, 140.4901740550995), (58, 206.89925234764814), (59, 135.87891621887684), (60, 191.93126608803868), (61, 157.55636061728), (62, 167.66630294919014), (63, 135.9958350509405), (64, 157.0085171982646), (65, 187.9941258765757), (66, 182.8667312785983), (67, 166.30343130975962), (68, 135.50921547412872), (69, 220.72130749374628), (70, 276.12262987717986), (71, 241.684358086437), (72, 156.9658233448863), (73, 151.46939109265804), (74, 160.35166464745998), (75, 152.1987622231245), (76, 135.69443199038506), (77, 162.13086164742708), (78, 134.98588632047176), (79, 235.65739163942635), (80, 238.8925655633211), (81, 284.83043894171715), (82, 142.46654897928238), (83, 149.29023359715939), (84, 272.9207493951544), (85, 170.26713263988495), (86, 499.2383499145508), (87, 247.92633165419102), (88, 157.64560602605343), (89, 198.91634545475245), (90, 136.8693497478962), (91, 135.73773631453514), (92, 142.05154207348824), (93, 144.87717300653458), (94, 138.9314585775137), (95, 135.7464026361704), (96, 228.54356281459332), (97, 218.60357298143208), (98, 208.85527138412), (99, 135.14778696000576), (100, 143.876209795475)]
[2026-01-15 00:28:14,546][flwr][INFO] - app_fit: metrics_centralized {'accuracy': [(0, 0.3415), (1, 0.5565), (2, 0.5695), (3, 0.656), (4, 0.661), (5, 0.662), (6, 0.553), (7, 0.659), (8, 0.6345), (9, 0.636), (10, 0.6585), (11, 0.66), (12, 0.6605), (13, 0.6375), (14, 0.6605), (15, 0.659), (16, 0.634), (17, 0.66), (18, 0.6475), (19, 0.66), (20, 0.665), (21, 0.6645), (22, 0.637), (23, 0.661), (24, 0.664), (25, 0.663), (26, 0.664), (27, 0.664), (28, 0.6645), (29, 0.444), (30, 0.662), (31, 0.662), (32, 0.64), (33, 0.6375), (34, 0.665), (35, 0.663), (36, 0.639), (37, 0.6655), (38, 0.666), (39, 0.664), (40, 0.637), (41, 0.6645), (42, 0.6645), (43, 0.6645), (44, 0.6645), (45, 0.664), (46, 0.6365), (47, 0.6605), (48, 0.6655), (49, 0.6645), (50, 0.6655), (51, 0.6625), (52, 0.665), (53, 0.666), (54, 0.636), (55, 0.6655), (56, 0.6655), (57, 0.6655), (58, 0.665), (59, 0.666), (60, 0.666), (61, 0.6385), (62, 0.6375), (63, 0.666), (64, 0.666), (65, 0.6655), (66, 0.665), (67, 0.665), (68, 0.656), (69, 0.6645), (70, 0.665), (71, 0.6655), (72, 0.64), (73, 0.639), (74, 0.6655), (75, 0.666), (76, 0.6635), (77, 0.665), (78, 0.642), (79, 0.665), (80, 0.666), (81, 0.364), (82, 0.6385), (83, 0.6665), (84, 0.6655), (85, 0.665), (86, 0.332), (87, 0.6355), (88, 0.6385), (89, 0.6655), (90, 0.6625), (91, 0.663), (92, 0.6635), (93, 0.662), (94, 0.664), (95, 0.6635), (96, 0.6375), (97, 0.6655), (98, 0.6665), (99, 0.6645), (100, 0.665)]}
[2026-01-15 00:28:14,588][flwr][INFO] - Starting Flower simulation, config: ServerConfig(num_rounds=100, round_timeout=None)
[2026-01-15 00:28:21,780][flwr][INFO] - Flower VCE: Ray initialized with resources: {'object_store_memory': 2147483648.0, 'memory': 12270332724.0, 'CPU': 10.0, 'node:127.0.0.1': 1.0}
[2026-01-15 00:28:21,780][flwr][INFO] - Initializing global parameters
[2026-01-15 00:28:21,781][flwr][INFO] - Using initial parameters provided by strategy
[2026-01-15 00:28:21,781][flwr][INFO] - Evaluating initial parameters
[2026-01-15 00:28:21,851][flwr][INFO] - initial parameters (loss, other metrics): 275.8148798942566, {'accuracy': 0.3415}
[2026-01-15 00:28:21,851][flwr][INFO] - FL starting
[2026-01-15 00:28:21,853][flwr][DEBUG] - fit_round 1: strategy sampled 5 clients (out of 20)
[2026-01-15 00:28:26,674][flwr][DEBUG] - fit_round 1 received 5 results and 0 failures
[2026-01-15 00:28:26,747][flwr][INFO] - fit progress: (1, 219.22877645492554, {'accuracy': 0.557}, 4.895867875020485)
[2026-01-15 00:28:26,747][flwr][INFO] - evaluate_round 1: no clients selected, cancel
[2026-01-15 00:28:26,750][flwr][DEBUG] - fit_round 2: strategy sampled 5 clients (out of 20)
[2026-01-15 00:28:27,450][flwr][DEBUG] - fit_round 2 received 5 results and 0 failures
[2026-01-15 00:28:27,523][flwr][INFO] - fit progress: (2, 715.0391742165666, {'accuracy': 0.653}, 5.6716265410068445)
[2026-01-15 00:28:27,523][flwr][INFO] - evaluate_round 2: no clients selected, cancel
[2026-01-15 00:28:27,524][flwr][DEBUG] - fit_round 3: strategy sampled 5 clients (out of 20)
[2026-01-15 00:28:28,282][flwr][DEBUG] - fit_round 3 received 5 results and 0 failures
[2026-01-15 00:28:28,357][flwr][INFO] - fit progress: (3, 479.75771801522933, {'accuracy': 0.654}, 6.505482375010615)
[2026-01-15 00:28:28,357][flwr][INFO] - evaluate_round 3: no clients selected, cancel
[2026-01-15 00:28:28,358][flwr][DEBUG] - fit_round 4: strategy sampled 5 clients (out of 20)
[2026-01-15 00:28:29,071][flwr][DEBUG] - fit_round 4 received 5 results and 0 failures
[2026-01-15 00:28:29,144][flwr][INFO] - fit progress: (4, 282.5423493850976, {'accuracy': 0.6565}, 7.292858458007686)
[2026-01-15 00:28:29,144][flwr][INFO] - evaluate_round 4: no clients selected, cancel
[2026-01-15 00:28:29,146][flwr][DEBUG] - fit_round 5: strategy sampled 5 clients (out of 20)
[2026-01-15 00:28:30,001][flwr][DEBUG] - fit_round 5 received 5 results and 0 failures
[2026-01-15 00:28:30,074][flwr][INFO] - fit progress: (5, 144.62548559904099, {'accuracy': 0.658}, 8.22290870800498)
[2026-01-15 00:28:30,074][flwr][INFO] - evaluate_round 5: no clients selected, cancel
[2026-01-15 00:28:30,076][flwr][DEBUG] - fit_round 6: strategy sampled 5 clients (out of 20)
[2026-01-15 00:28:30,934][flwr][DEBUG] - fit_round 6 received 5 results and 0 failures
[2026-01-15 00:28:31,009][flwr][INFO] - fit progress: (6, 156.756528288126, {'accuracy': 0.6585}, 9.157097583025461)
[2026-01-15 00:28:31,009][flwr][INFO] - evaluate_round 6: no clients selected, cancel
[2026-01-15 00:28:31,010][flwr][DEBUG] - fit_round 7: strategy sampled 5 clients (out of 20)
[2026-01-15 00:28:31,855][flwr][DEBUG] - fit_round 7 received 5 results and 0 failures
[2026-01-15 00:28:31,929][flwr][INFO] - fit progress: (7, 150.79892380535603, {'accuracy': 0.6325}, 10.077542041020934)
[2026-01-15 00:28:31,929][flwr][INFO] - evaluate_round 7: no clients selected, cancel
[2026-01-15 00:28:31,930][flwr][DEBUG] - fit_round 8: strategy sampled 5 clients (out of 20)
[2026-01-15 00:28:32,776][flwr][DEBUG] - fit_round 8 received 5 results and 0 failures
[2026-01-15 00:28:32,852][flwr][INFO] - fit progress: (8, 139.0716290473938, {'accuracy': 0.6545}, 11.00075283300248)
[2026-01-15 00:28:32,852][flwr][INFO] - evaluate_round 8: no clients selected, cancel
[2026-01-15 00:28:32,854][flwr][DEBUG] - fit_round 9: strategy sampled 5 clients (out of 20)
[2026-01-15 00:28:33,622][flwr][DEBUG] - fit_round 9 received 5 results and 0 failures
[2026-01-15 00:28:33,696][flwr][INFO] - fit progress: (9, 333.76507455296814, {'accuracy': 0.6625}, 11.844189583003754)
[2026-01-15 00:28:33,696][flwr][INFO] - evaluate_round 9: no clients selected, cancel
[2026-01-15 00:28:33,697][flwr][DEBUG] - fit_round 10: strategy sampled 5 clients (out of 20)
[2026-01-15 00:28:34,571][flwr][DEBUG] - fit_round 10 received 5 results and 0 failures
[2026-01-15 00:28:34,644][flwr][INFO] - fit progress: (10, 143.35379493236542, {'accuracy': 0.656}, 12.792823249998037)
[2026-01-15 00:28:34,644][flwr][INFO] - evaluate_round 10: no clients selected, cancel
[2026-01-15 00:28:34,646][flwr][DEBUG] - fit_round 11: strategy sampled 5 clients (out of 20)
[2026-01-15 00:28:36,401][flwr][DEBUG] - fit_round 11 received 5 results and 0 failures
[2026-01-15 00:28:36,481][flwr][INFO] - fit progress: (11, 207.518678791821, {'accuracy': 0.661}, 14.629334875004133)
[2026-01-15 00:28:36,481][flwr][INFO] - evaluate_round 11: no clients selected, cancel
[2026-01-15 00:28:36,482][flwr][DEBUG] - fit_round 12: strategy sampled 5 clients (out of 20)
[2026-01-15 00:28:38,245][flwr][DEBUG] - fit_round 12 received 5 results and 0 failures
[2026-01-15 00:28:38,321][flwr][INFO] - fit progress: (12, 160.03860744833946, {'accuracy': 0.629}, 16.46997120801825)
[2026-01-15 00:28:38,322][flwr][INFO] - evaluate_round 12: no clients selected, cancel
[2026-01-15 00:28:38,323][flwr][DEBUG] - fit_round 13: strategy sampled 5 clients (out of 20)
[2026-01-15 00:28:39,765][flwr][DEBUG] - fit_round 13 received 5 results and 0 failures
[2026-01-15 00:28:39,838][flwr][INFO] - fit progress: (13, 193.11203099787235, {'accuracy': 0.66}, 17.986991125013446)
[2026-01-15 00:28:39,839][flwr][INFO] - evaluate_round 13: no clients selected, cancel
[2026-01-15 00:28:39,840][flwr][DEBUG] - fit_round 14: strategy sampled 5 clients (out of 20)
[2026-01-15 00:28:41,608][flwr][DEBUG] - fit_round 14 received 5 results and 0 failures
[2026-01-15 00:28:41,683][flwr][INFO] - fit progress: (14, 140.30006557703018, {'accuracy': 0.6505}, 19.831240625004284)
[2026-01-15 00:28:41,683][flwr][INFO] - evaluate_round 14: no clients selected, cancel
[2026-01-15 00:28:41,684][flwr][DEBUG] - fit_round 15: strategy sampled 5 clients (out of 20)
[2026-01-15 00:28:43,363][flwr][DEBUG] - fit_round 15 received 5 results and 0 failures
[2026-01-15 00:28:43,439][flwr][INFO] - fit progress: (15, 150.82209934294224, {'accuracy': 0.66}, 21.58713258302305)
[2026-01-15 00:28:43,439][flwr][INFO] - evaluate_round 15: no clients selected, cancel
[2026-01-15 00:28:43,440][flwr][DEBUG] - fit_round 16: strategy sampled 5 clients (out of 20)
[2026-01-15 00:28:45,221][flwr][DEBUG] - fit_round 16 received 5 results and 0 failures
[2026-01-15 00:28:45,298][flwr][INFO] - fit progress: (16, 170.3318188264966, {'accuracy': 0.662}, 23.446138166007586)
[2026-01-15 00:28:45,298][flwr][INFO] - evaluate_round 16: no clients selected, cancel
[2026-01-15 00:28:45,299][flwr][DEBUG] - fit_round 17: strategy sampled 5 clients (out of 20)
[2026-01-15 00:28:47,069][flwr][DEBUG] - fit_round 17 received 5 results and 0 failures
[2026-01-15 00:28:47,144][flwr][INFO] - fit progress: (17, 153.96760980039835, {'accuracy': 0.6625}, 25.292229833023157)
[2026-01-15 00:28:47,144][flwr][INFO] - evaluate_round 17: no clients selected, cancel
[2026-01-15 00:28:47,145][flwr][DEBUG] - fit_round 18: strategy sampled 5 clients (out of 20)
[2026-01-15 00:28:48,826][flwr][DEBUG] - fit_round 18 received 5 results and 0 failures
[2026-01-15 00:28:48,897][flwr][INFO] - fit progress: (18, 186.6774925366044, {'accuracy': 0.6615}, 27.046013750019483)
[2026-01-15 00:28:48,898][flwr][INFO] - evaluate_round 18: no clients selected, cancel
[2026-01-15 00:28:48,899][flwr][DEBUG] - fit_round 19: strategy sampled 5 clients (out of 20)
[2026-01-15 00:28:50,338][flwr][DEBUG] - fit_round 19 received 5 results and 0 failures
[2026-01-15 00:28:50,415][flwr][INFO] - fit progress: (19, 387.6860051075928, {'accuracy': 0.6615}, 28.563116250006715)
[2026-01-15 00:28:50,415][flwr][INFO] - evaluate_round 19: no clients selected, cancel
[2026-01-15 00:28:50,416][flwr][DEBUG] - fit_round 20: strategy sampled 5 clients (out of 20)
[2026-01-15 00:28:51,893][flwr][DEBUG] - fit_round 20 received 5 results and 0 failures
[2026-01-15 00:28:51,967][flwr][INFO] - fit progress: (20, 377.10716489935294, {'accuracy': 0.6655}, 30.115559500001837)
[2026-01-15 00:28:51,967][flwr][INFO] - evaluate_round 20: no clients selected, cancel
[2026-01-15 00:28:51,968][flwr][DEBUG] - fit_round 21: strategy sampled 5 clients (out of 20)
[2026-01-15 00:28:53,738][flwr][DEBUG] - fit_round 21 received 5 results and 0 failures
[2026-01-15 00:28:53,811][flwr][INFO] - fit progress: (21, 243.73454541526735, {'accuracy': 0.664}, 31.959755333024077)
[2026-01-15 00:28:53,811][flwr][INFO] - evaluate_round 21: no clients selected, cancel
[2026-01-15 00:28:53,813][flwr][DEBUG] - fit_round 22: strategy sampled 5 clients (out of 20)
[2026-01-15 00:28:55,573][flwr][DEBUG] - fit_round 22 received 5 results and 0 failures
[2026-01-15 00:28:55,695][flwr][INFO] - fit progress: (22, 179.12491815537214, {'accuracy': 0.6335}, 33.84346858301433)
[2026-01-15 00:28:55,695][flwr][INFO] - evaluate_round 22: no clients selected, cancel
[2026-01-15 00:28:55,696][flwr][DEBUG] - fit_round 23: strategy sampled 5 clients (out of 20)
[2026-01-15 00:28:57,496][flwr][DEBUG] - fit_round 23 received 5 results and 0 failures
[2026-01-15 00:28:57,574][flwr][INFO] - fit progress: (23, 202.8290392458439, {'accuracy': 0.6635}, 35.722646291018464)
[2026-01-15 00:28:57,574][flwr][INFO] - evaluate_round 23: no clients selected, cancel
[2026-01-15 00:28:57,576][flwr][DEBUG] - fit_round 24: strategy sampled 5 clients (out of 20)
[2026-01-15 00:28:59,375][flwr][DEBUG] - fit_round 24 received 5 results and 0 failures
[2026-01-15 00:28:59,452][flwr][INFO] - fit progress: (24, 136.95761267840862, {'accuracy': 0.66}, 37.60017175000394)
[2026-01-15 00:28:59,452][flwr][INFO] - evaluate_round 24: no clients selected, cancel
[2026-01-15 00:28:59,453][flwr][DEBUG] - fit_round 25: strategy sampled 5 clients (out of 20)
[2026-01-15 00:29:01,071][flwr][DEBUG] - fit_round 25 received 5 results and 0 failures
[2026-01-15 00:29:01,148][flwr][INFO] - fit progress: (25, 263.2534615881741, {'accuracy': 0.6645}, 39.29649525001878)
[2026-01-15 00:29:01,148][flwr][INFO] - evaluate_round 25: no clients selected, cancel
[2026-01-15 00:29:01,150][flwr][DEBUG] - fit_round 26: strategy sampled 5 clients (out of 20)
[2026-01-15 00:29:02,778][flwr][DEBUG] - fit_round 26 received 5 results and 0 failures
[2026-01-15 00:29:02,873][flwr][INFO] - fit progress: (26, 290.8964643869549, {'accuracy': 0.664}, 41.021809208003106)
[2026-01-15 00:29:02,874][flwr][INFO] - evaluate_round 26: no clients selected, cancel
[2026-01-15 00:29:02,878][flwr][DEBUG] - fit_round 27: strategy sampled 5 clients (out of 20)
[2026-01-15 00:29:04,744][flwr][DEBUG] - fit_round 27 received 5 results and 0 failures
[2026-01-15 00:29:04,832][flwr][INFO] - fit progress: (27, 137.75816832482815, {'accuracy': 0.6605}, 42.98042362500564)
[2026-01-15 00:29:04,832][flwr][INFO] - evaluate_round 27: no clients selected, cancel
[2026-01-15 00:29:04,834][flwr][DEBUG] - fit_round 28: strategy sampled 5 clients (out of 20)
[2026-01-15 00:29:06,752][flwr][DEBUG] - fit_round 28 received 5 results and 0 failures
[2026-01-15 00:29:06,838][flwr][INFO] - fit progress: (28, 145.30310235917568, {'accuracy': 0.638}, 44.98612041599699)
[2026-01-15 00:29:06,838][flwr][INFO] - evaluate_round 28: no clients selected, cancel
[2026-01-15 00:29:06,840][flwr][DEBUG] - fit_round 29: strategy sampled 5 clients (out of 20)
[2026-01-15 00:29:08,655][flwr][DEBUG] - fit_round 29 received 5 results and 0 failures
[2026-01-15 00:29:08,739][flwr][INFO] - fit progress: (29, 266.82063923217356, {'accuracy': 0.664}, 46.88720308302436)
[2026-01-15 00:29:08,739][flwr][INFO] - evaluate_round 29: no clients selected, cancel
[2026-01-15 00:29:08,741][flwr][DEBUG] - fit_round 30: strategy sampled 5 clients (out of 20)
[2026-01-15 00:29:10,870][flwr][DEBUG] - fit_round 30 received 5 results and 0 failures
[2026-01-15 00:29:10,950][flwr][INFO] - fit progress: (30, 234.4740338549018, {'accuracy': 0.665}, 49.09830325000803)
[2026-01-15 00:29:10,950][flwr][INFO] - evaluate_round 30: no clients selected, cancel
[2026-01-15 00:29:10,951][flwr][DEBUG] - fit_round 31: strategy sampled 5 clients (out of 20)
[2026-01-15 00:29:12,736][flwr][DEBUG] - fit_round 31 received 5 results and 0 failures
[2026-01-15 00:29:12,809][flwr][INFO] - fit progress: (31, 146.33134470134974, {'accuracy': 0.663}, 50.95756325000548)
[2026-01-15 00:29:12,809][flwr][INFO] - evaluate_round 31: no clients selected, cancel
[2026-01-15 00:29:12,811][flwr][DEBUG] - fit_round 32: strategy sampled 5 clients (out of 20)
[2026-01-15 00:29:14,635][flwr][DEBUG] - fit_round 32 received 5 results and 0 failures
[2026-01-15 00:29:14,709][flwr][INFO] - fit progress: (32, 135.7016300112009, {'accuracy': 0.6615}, 52.857682833011495)
[2026-01-15 00:29:14,709][flwr][INFO] - evaluate_round 32: no clients selected, cancel
[2026-01-15 00:29:14,711][flwr][DEBUG] - fit_round 33: strategy sampled 5 clients (out of 20)
[2026-01-15 00:29:16,462][flwr][DEBUG] - fit_round 33 received 5 results and 0 failures
[2026-01-15 00:29:16,537][flwr][INFO] - fit progress: (33, 147.9421218112111, {'accuracy': 0.6365}, 54.6857694160135)
[2026-01-15 00:29:16,537][flwr][INFO] - evaluate_round 33: no clients selected, cancel
[2026-01-15 00:29:16,539][flwr][DEBUG] - fit_round 34: strategy sampled 5 clients (out of 20)
[2026-01-15 00:29:18,338][flwr][DEBUG] - fit_round 34 received 5 results and 0 failures
[2026-01-15 00:29:18,415][flwr][INFO] - fit progress: (34, 137.05045548081398, {'accuracy': 0.638}, 56.5632025829982)
[2026-01-15 00:29:18,415][flwr][INFO] - evaluate_round 34: no clients selected, cancel
[2026-01-15 00:29:18,416][flwr][DEBUG] - fit_round 35: strategy sampled 5 clients (out of 20)
[2026-01-15 00:29:19,941][flwr][DEBUG] - fit_round 35 received 5 results and 0 failures
[2026-01-15 00:29:20,013][flwr][INFO] - fit progress: (35, 206.15963154286146, {'accuracy': 0.6645}, 58.16185954102548)
[2026-01-15 00:29:20,013][flwr][INFO] - evaluate_round 35: no clients selected, cancel
[2026-01-15 00:29:20,015][flwr][DEBUG] - fit_round 36: strategy sampled 5 clients (out of 20)
[2026-01-15 00:29:21,779][flwr][DEBUG] - fit_round 36 received 5 results and 0 failures
[2026-01-15 00:29:21,851][flwr][INFO] - fit progress: (36, 137.8216559290886, {'accuracy': 0.6625}, 59.999914665997494)
[2026-01-15 00:29:21,852][flwr][INFO] - evaluate_round 36: no clients selected, cancel
[2026-01-15 00:29:21,853][flwr][DEBUG] - fit_round 37: strategy sampled 5 clients (out of 20)
[2026-01-15 00:29:23,522][flwr][DEBUG] - fit_round 37 received 5 results and 0 failures
[2026-01-15 00:29:23,596][flwr][INFO] - fit progress: (37, 139.91155728697777, {'accuracy': 0.639}, 61.744556707999436)
[2026-01-15 00:29:23,596][flwr][INFO] - evaluate_round 37: no clients selected, cancel
[2026-01-15 00:29:23,597][flwr][DEBUG] - fit_round 38: strategy sampled 5 clients (out of 20)
[2026-01-15 00:29:25,557][flwr][DEBUG] - fit_round 38 received 5 results and 0 failures
[2026-01-15 00:29:25,635][flwr][INFO] - fit progress: (38, 149.3946309387684, {'accuracy': 0.665}, 63.78329104100703)
[2026-01-15 00:29:25,635][flwr][INFO] - evaluate_round 38: no clients selected, cancel
[2026-01-15 00:29:25,636][flwr][DEBUG] - fit_round 39: strategy sampled 5 clients (out of 20)
[2026-01-15 00:29:27,498][flwr][DEBUG] - fit_round 39 received 5 results and 0 failures
[2026-01-15 00:29:27,573][flwr][INFO] - fit progress: (39, 137.63377630710602, {'accuracy': 0.661}, 65.72186958300881)
[2026-01-15 00:29:27,574][flwr][INFO] - evaluate_round 39: no clients selected, cancel
[2026-01-15 00:29:27,575][flwr][DEBUG] - fit_round 40: strategy sampled 5 clients (out of 20)
[2026-01-15 00:29:29,415][flwr][DEBUG] - fit_round 40 received 5 results and 0 failures
[2026-01-15 00:29:29,503][flwr][INFO] - fit progress: (40, 154.0040748566389, {'accuracy': 0.6645}, 67.65166220802348)
[2026-01-15 00:29:29,503][flwr][INFO] - evaluate_round 40: no clients selected, cancel
[2026-01-15 00:29:29,505][flwr][DEBUG] - fit_round 41: strategy sampled 5 clients (out of 20)
[2026-01-15 00:29:31,733][flwr][DEBUG] - fit_round 41 received 5 results and 0 failures
[2026-01-15 00:29:31,807][flwr][INFO] - fit progress: (41, 136.28905342519283, {'accuracy': 0.6495}, 69.95581633300753)
[2026-01-15 00:29:31,807][flwr][INFO] - evaluate_round 41: no clients selected, cancel
[2026-01-15 00:29:31,809][flwr][DEBUG] - fit_round 42: strategy sampled 5 clients (out of 20)
[2026-01-15 00:29:33,372][flwr][DEBUG] - fit_round 42 received 5 results and 0 failures
[2026-01-15 00:29:33,447][flwr][INFO] - fit progress: (42, 165.63931331783533, {'accuracy': 0.6645}, 71.59516304099816)
[2026-01-15 00:29:33,447][flwr][INFO] - evaluate_round 42: no clients selected, cancel
[2026-01-15 00:29:33,448][flwr][DEBUG] - fit_round 43: strategy sampled 5 clients (out of 20)
[2026-01-15 00:29:35,257][flwr][DEBUG] - fit_round 43 received 5 results and 0 failures
[2026-01-15 00:29:35,336][flwr][INFO] - fit progress: (43, 151.2200459614396, {'accuracy': 0.6405}, 73.48476483300328)
[2026-01-15 00:29:35,336][flwr][INFO] - evaluate_round 43: no clients selected, cancel
[2026-01-15 00:29:35,338][flwr][DEBUG] - fit_round 44: strategy sampled 5 clients (out of 20)
[2026-01-15 00:29:37,293][flwr][DEBUG] - fit_round 44 received 5 results and 0 failures
[2026-01-15 00:29:37,366][flwr][INFO] - fit progress: (44, 157.4639269784093, {'accuracy': 0.6405}, 75.51452116601286)
[2026-01-15 00:29:37,366][flwr][INFO] - evaluate_round 44: no clients selected, cancel
[2026-01-15 00:29:37,367][flwr][DEBUG] - fit_round 45: strategy sampled 5 clients (out of 20)
[2026-01-15 00:29:39,037][flwr][DEBUG] - fit_round 45 received 5 results and 0 failures
[2026-01-15 00:29:39,111][flwr][INFO] - fit progress: (45, 139.8969473093748, {'accuracy': 0.663}, 77.2591020410182)
[2026-01-15 00:29:39,111][flwr][INFO] - evaluate_round 45: no clients selected, cancel
[2026-01-15 00:29:39,112][flwr][DEBUG] - fit_round 46: strategy sampled 5 clients (out of 20)
[2026-01-15 00:29:40,823][flwr][DEBUG] - fit_round 46 received 5 results and 0 failures
[2026-01-15 00:29:40,896][flwr][INFO] - fit progress: (46, 142.1914502978325, {'accuracy': 0.6655}, 79.04478162500891)
[2026-01-15 00:29:40,896][flwr][INFO] - evaluate_round 46: no clients selected, cancel
[2026-01-15 00:29:40,898][flwr][DEBUG] - fit_round 47: strategy sampled 5 clients (out of 20)
[2026-01-15 00:29:42,695][flwr][DEBUG] - fit_round 47 received 5 results and 0 failures
[2026-01-15 00:29:42,768][flwr][INFO] - fit progress: (47, 265.59869864583015, {'accuracy': 0.371}, 80.91646770801162)
[2026-01-15 00:29:42,768][flwr][INFO] - evaluate_round 47: no clients selected, cancel
[2026-01-15 00:29:42,769][flwr][DEBUG] - fit_round 48: strategy sampled 5 clients (out of 20)
[2026-01-15 00:29:44,524][flwr][DEBUG] - fit_round 48 received 5 results and 0 failures
[2026-01-15 00:29:44,599][flwr][INFO] - fit progress: (48, 228.340211302042, {'accuracy': 0.624}, 82.74738524999702)
[2026-01-15 00:29:44,599][flwr][INFO] - evaluate_round 48: no clients selected, cancel
[2026-01-15 00:29:44,601][flwr][DEBUG] - fit_round 49: strategy sampled 5 clients (out of 20)
[2026-01-15 00:29:46,661][flwr][DEBUG] - fit_round 49 received 5 results and 0 failures
[2026-01-15 00:29:46,735][flwr][INFO] - fit progress: (49, 137.5034736841917, {'accuracy': 0.639}, 84.88317404102418)
[2026-01-15 00:29:46,735][flwr][INFO] - evaluate_round 49: no clients selected, cancel
[2026-01-15 00:29:46,736][flwr][DEBUG] - fit_round 50: strategy sampled 5 clients (out of 20)
[2026-01-15 00:29:48,575][flwr][DEBUG] - fit_round 50 received 5 results and 0 failures
[2026-01-15 00:29:48,650][flwr][INFO] - fit progress: (50, 136.10959035158157, {'accuracy': 0.6385}, 86.79864633301622)
[2026-01-15 00:29:48,650][flwr][INFO] - evaluate_round 50: no clients selected, cancel
[2026-01-15 00:29:48,652][flwr][DEBUG] - fit_round 51: strategy sampled 5 clients (out of 20)
[2026-01-15 00:29:50,509][flwr][DEBUG] - fit_round 51 received 5 results and 0 failures
[2026-01-15 00:29:50,585][flwr][INFO] - fit progress: (51, 149.84202933311462, {'accuracy': 0.6645}, 88.73362574999919)
[2026-01-15 00:29:50,585][flwr][INFO] - evaluate_round 51: no clients selected, cancel
[2026-01-15 00:29:50,587][flwr][DEBUG] - fit_round 52: strategy sampled 5 clients (out of 20)
[2026-01-15 00:29:52,394][flwr][DEBUG] - fit_round 52 received 5 results and 0 failures
[2026-01-15 00:29:52,470][flwr][INFO] - fit progress: (52, 219.4591392725706, {'accuracy': 0.6375}, 90.61894937499892)
[2026-01-15 00:29:52,471][flwr][INFO] - evaluate_round 52: no clients selected, cancel
[2026-01-15 00:29:52,472][flwr][DEBUG] - fit_round 53: strategy sampled 5 clients (out of 20)
[2026-01-15 00:29:54,006][flwr][DEBUG] - fit_round 53 received 5 results and 0 failures
[2026-01-15 00:29:54,079][flwr][INFO] - fit progress: (53, 147.23845532536507, {'accuracy': 0.6385}, 92.22712716599926)
[2026-01-15 00:29:54,079][flwr][INFO] - evaluate_round 53: no clients selected, cancel
[2026-01-15 00:29:54,080][flwr][DEBUG] - fit_round 54: strategy sampled 5 clients (out of 20)
[2026-01-15 00:29:55,757][flwr][DEBUG] - fit_round 54 received 5 results and 0 failures
[2026-01-15 00:29:55,833][flwr][INFO] - fit progress: (54, 199.19806633517146, {'accuracy': 0.666}, 93.9810020410223)
[2026-01-15 00:29:55,833][flwr][INFO] - evaluate_round 54: no clients selected, cancel
[2026-01-15 00:29:55,834][flwr][DEBUG] - fit_round 55: strategy sampled 5 clients (out of 20)
[2026-01-15 00:29:57,744][flwr][DEBUG] - fit_round 55 received 5 results and 0 failures
[2026-01-15 00:29:57,823][flwr][INFO] - fit progress: (55, 154.62162923812866, {'accuracy': 0.6655}, 95.97142108299886)
[2026-01-15 00:29:57,823][flwr][INFO] - evaluate_round 55: no clients selected, cancel
[2026-01-15 00:29:57,825][flwr][DEBUG] - fit_round 56: strategy sampled 5 clients (out of 20)
[2026-01-15 00:29:59,522][flwr][DEBUG] - fit_round 56 received 5 results and 0 failures
[2026-01-15 00:29:59,598][flwr][INFO] - fit progress: (56, 145.83493246883154, {'accuracy': 0.6655}, 97.74662941601127)
[2026-01-15 00:29:59,598][flwr][INFO] - evaluate_round 56: no clients selected, cancel
[2026-01-15 00:29:59,600][flwr][DEBUG] - fit_round 57: strategy sampled 5 clients (out of 20)
[2026-01-15 00:30:01,670][flwr][DEBUG] - fit_round 57 received 5 results and 0 failures
[2026-01-15 00:30:01,764][flwr][INFO] - fit progress: (57, 249.0215758755803, {'accuracy': 0.6645}, 99.91226675000507)
[2026-01-15 00:30:01,764][flwr][INFO] - evaluate_round 57: no clients selected, cancel
[2026-01-15 00:30:01,766][flwr][DEBUG] - fit_round 58: strategy sampled 5 clients (out of 20)
[2026-01-15 00:30:03,606][flwr][DEBUG] - fit_round 58 received 5 results and 0 failures
[2026-01-15 00:30:03,685][flwr][INFO] - fit progress: (58, 139.89457315951586, {'accuracy': 0.656}, 101.83398625001428)
[2026-01-15 00:30:03,686][flwr][INFO] - evaluate_round 58: no clients selected, cancel
[2026-01-15 00:30:03,687][flwr][DEBUG] - fit_round 59: strategy sampled 5 clients (out of 20)
[2026-01-15 00:30:05,505][flwr][DEBUG] - fit_round 59 received 5 results and 0 failures
[2026-01-15 00:30:05,581][flwr][INFO] - fit progress: (59, 140.90250697731972, {'accuracy': 0.6635}, 103.72932275000494)
[2026-01-15 00:30:05,581][flwr][INFO] - evaluate_round 59: no clients selected, cancel
[2026-01-15 00:30:05,582][flwr][DEBUG] - fit_round 60: strategy sampled 5 clients (out of 20)
[2026-01-15 00:30:07,428][flwr][DEBUG] - fit_round 60 received 5 results and 0 failures
[2026-01-15 00:30:07,502][flwr][INFO] - fit progress: (60, 149.91185112297535, {'accuracy': 0.638}, 105.65013441600604)
[2026-01-15 00:30:07,502][flwr][INFO] - evaluate_round 60: no clients selected, cancel
[2026-01-15 00:30:07,503][flwr][DEBUG] - fit_round 61: strategy sampled 5 clients (out of 20)
[2026-01-15 00:30:09,494][flwr][DEBUG] - fit_round 61 received 5 results and 0 failures
[2026-01-15 00:30:09,576][flwr][INFO] - fit progress: (61, 147.4361455962062, {'accuracy': 0.664}, 107.72453045801376)
[2026-01-15 00:30:09,576][flwr][INFO] - evaluate_round 61: no clients selected, cancel
[2026-01-15 00:30:09,578][flwr][DEBUG] - fit_round 62: strategy sampled 5 clients (out of 20)
[2026-01-15 00:30:11,603][flwr][DEBUG] - fit_round 62 received 5 results and 0 failures
[2026-01-15 00:30:11,682][flwr][INFO] - fit progress: (62, 194.05188573896885, {'accuracy': 0.664}, 109.83069324999815)
[2026-01-15 00:30:11,682][flwr][INFO] - evaluate_round 62: no clients selected, cancel
[2026-01-15 00:30:11,684][flwr][DEBUG] - fit_round 63: strategy sampled 5 clients (out of 20)
[2026-01-15 00:30:13,549][flwr][DEBUG] - fit_round 63 received 5 results and 0 failures
[2026-01-15 00:30:13,629][flwr][INFO] - fit progress: (63, 149.57228890806437, {'accuracy': 0.6395}, 111.77724487500382)
[2026-01-15 00:30:13,629][flwr][INFO] - evaluate_round 63: no clients selected, cancel
[2026-01-15 00:30:13,631][flwr][DEBUG] - fit_round 64: strategy sampled 5 clients (out of 20)
[2026-01-15 00:30:15,465][flwr][DEBUG] - fit_round 64 received 5 results and 0 failures
[2026-01-15 00:30:15,539][flwr][INFO] - fit progress: (64, 141.30849942564964, {'accuracy': 0.6645}, 113.68755450000754)
[2026-01-15 00:30:15,539][flwr][INFO] - evaluate_round 64: no clients selected, cancel
[2026-01-15 00:30:15,541][flwr][DEBUG] - fit_round 65: strategy sampled 5 clients (out of 20)
[2026-01-15 00:30:17,373][flwr][DEBUG] - fit_round 65 received 5 results and 0 failures
[2026-01-15 00:30:17,446][flwr][INFO] - fit progress: (65, 148.22676301002502, {'accuracy': 0.6395}, 115.59482608301914)
[2026-01-15 00:30:17,447][flwr][INFO] - evaluate_round 65: no clients selected, cancel
[2026-01-15 00:30:17,448][flwr][DEBUG] - fit_round 66: strategy sampled 5 clients (out of 20)
[2026-01-15 00:30:19,104][flwr][DEBUG] - fit_round 66 received 5 results and 0 failures
[2026-01-15 00:30:19,187][flwr][INFO] - fit progress: (66, 306.96526869758964, {'accuracy': 0.665}, 117.33512804101338)
[2026-01-15 00:30:19,187][flwr][INFO] - evaluate_round 66: no clients selected, cancel
[2026-01-15 00:30:19,188][flwr][DEBUG] - fit_round 67: strategy sampled 5 clients (out of 20)
[2026-01-15 00:30:21,167][flwr][DEBUG] - fit_round 67 received 5 results and 0 failures
[2026-01-15 00:30:21,244][flwr][INFO] - fit progress: (67, 226.3575720768422, {'accuracy': 0.665}, 119.39201004101778)
[2026-01-15 00:30:21,244][flwr][INFO] - evaluate_round 67: no clients selected, cancel
[2026-01-15 00:30:21,245][flwr][DEBUG] - fit_round 68: strategy sampled 5 clients (out of 20)
[2026-01-15 00:30:23,076][flwr][DEBUG] - fit_round 68 received 5 results and 0 failures
[2026-01-15 00:30:23,150][flwr][INFO] - fit progress: (68, 148.78650030493736, {'accuracy': 0.665}, 121.29803058301331)
[2026-01-15 00:30:23,150][flwr][INFO] - evaluate_round 68: no clients selected, cancel
[2026-01-15 00:30:23,151][flwr][DEBUG] - fit_round 69: strategy sampled 5 clients (out of 20)
[2026-01-15 00:30:24,988][flwr][DEBUG] - fit_round 69 received 5 results and 0 failures
[2026-01-15 00:30:25,062][flwr][INFO] - fit progress: (69, 238.86504904925823, {'accuracy': 0.638}, 123.210921083024)
[2026-01-15 00:30:25,063][flwr][INFO] - evaluate_round 69: no clients selected, cancel
[2026-01-15 00:30:25,064][flwr][DEBUG] - fit_round 70: strategy sampled 5 clients (out of 20)
[2026-01-15 00:30:26,684][flwr][DEBUG] - fit_round 70 received 5 results and 0 failures
[2026-01-15 00:30:26,760][flwr][INFO] - fit progress: (70, 223.26257275417447, {'accuracy': 0.665}, 124.90852175001055)
[2026-01-15 00:30:26,760][flwr][INFO] - evaluate_round 70: no clients selected, cancel
[2026-01-15 00:30:26,762][flwr][DEBUG] - fit_round 71: strategy sampled 5 clients (out of 20)
[2026-01-15 00:30:28,355][flwr][DEBUG] - fit_round 71 received 5 results and 0 failures
[2026-01-15 00:30:28,429][flwr][INFO] - fit progress: (71, 193.67098987102509, {'accuracy': 0.6645}, 126.5771073330252)
[2026-01-15 00:30:28,429][flwr][INFO] - evaluate_round 71: no clients selected, cancel
[2026-01-15 00:30:28,430][flwr][DEBUG] - fit_round 72: strategy sampled 5 clients (out of 20)
[2026-01-15 00:30:30,342][flwr][DEBUG] - fit_round 72 received 5 results and 0 failures
[2026-01-15 00:30:30,416][flwr][INFO] - fit progress: (72, 136.49387954175472, {'accuracy': 0.665}, 128.56482541601872)
[2026-01-15 00:30:30,417][flwr][INFO] - evaluate_round 72: no clients selected, cancel
[2026-01-15 00:30:30,418][flwr][DEBUG] - fit_round 73: strategy sampled 5 clients (out of 20)
[2026-01-15 00:30:32,143][flwr][DEBUG] - fit_round 73 received 5 results and 0 failures
[2026-01-15 00:30:32,218][flwr][INFO] - fit progress: (73, 152.81840194761753, {'accuracy': 0.665}, 130.36655579099897)
[2026-01-15 00:30:32,218][flwr][INFO] - evaluate_round 73: no clients selected, cancel
[2026-01-15 00:30:32,220][flwr][DEBUG] - fit_round 74: strategy sampled 5 clients (out of 20)
[2026-01-15 00:30:34,079][flwr][DEBUG] - fit_round 74 received 5 results and 0 failures
[2026-01-15 00:30:34,153][flwr][INFO] - fit progress: (74, 152.46573904901743, {'accuracy': 0.6645}, 132.30174266602262)
[2026-01-15 00:30:34,153][flwr][INFO] - evaluate_round 74: no clients selected, cancel
[2026-01-15 00:30:34,155][flwr][DEBUG] - fit_round 75: strategy sampled 5 clients (out of 20)
[2026-01-15 00:30:35,883][flwr][DEBUG] - fit_round 75 received 5 results and 0 failures
[2026-01-15 00:30:35,957][flwr][INFO] - fit progress: (75, 175.69662348553538, {'accuracy': 0.6645}, 134.1054283750127)
[2026-01-15 00:30:35,957][flwr][INFO] - evaluate_round 75: no clients selected, cancel
[2026-01-15 00:30:35,959][flwr][DEBUG] - fit_round 76: strategy sampled 5 clients (out of 20)
[2026-01-15 00:30:37,693][flwr][DEBUG] - fit_round 76 received 5 results and 0 failures
[2026-01-15 00:30:37,770][flwr][INFO] - fit progress: (76, 148.85281760245562, {'accuracy': 0.6655}, 135.91867054102477)
[2026-01-15 00:30:37,770][flwr][INFO] - evaluate_round 76: no clients selected, cancel
[2026-01-15 00:30:37,772][flwr][DEBUG] - fit_round 77: strategy sampled 5 clients (out of 20)
[2026-01-15 00:30:39,357][flwr][DEBUG] - fit_round 77 received 5 results and 0 failures
[2026-01-15 00:30:39,429][flwr][INFO] - fit progress: (77, 255.81731854379177, {'accuracy': 0.665}, 137.57718804100296)
[2026-01-15 00:30:39,429][flwr][INFO] - evaluate_round 77: no clients selected, cancel
[2026-01-15 00:30:39,430][flwr][DEBUG] - fit_round 78: strategy sampled 5 clients (out of 20)
[2026-01-15 00:30:40,966][flwr][DEBUG] - fit_round 78 received 5 results and 0 failures
[2026-01-15 00:30:41,041][flwr][INFO] - fit progress: (78, 412.512127838796, {'accuracy': 0.6645}, 139.18990016600583)
[2026-01-15 00:30:41,042][flwr][INFO] - evaluate_round 78: no clients selected, cancel
[2026-01-15 00:30:41,043][flwr][DEBUG] - fit_round 79: strategy sampled 5 clients (out of 20)
[2026-01-15 00:30:43,040][flwr][DEBUG] - fit_round 79 received 5 results and 0 failures
[2026-01-15 00:30:43,113][flwr][INFO] - fit progress: (79, 137.6719333678484, {'accuracy': 0.6395}, 141.26163983301376)
[2026-01-15 00:30:43,113][flwr][INFO] - evaluate_round 79: no clients selected, cancel
[2026-01-15 00:30:43,115][flwr][DEBUG] - fit_round 80: strategy sampled 5 clients (out of 20)
[2026-01-15 00:30:44,788][flwr][DEBUG] - fit_round 80 received 5 results and 0 failures
[2026-01-15 00:30:44,863][flwr][INFO] - fit progress: (80, 141.27907176315784, {'accuracy': 0.665}, 143.01164883302408)
[2026-01-15 00:30:44,863][flwr][INFO] - evaluate_round 80: no clients selected, cancel
[2026-01-15 00:30:44,865][flwr][DEBUG] - fit_round 81: strategy sampled 5 clients (out of 20)
[2026-01-15 00:30:46,418][flwr][DEBUG] - fit_round 81 received 5 results and 0 failures
[2026-01-15 00:30:46,500][flwr][INFO] - fit progress: (81, 246.65481934323907, {'accuracy': 0.6655}, 144.648253708001)
[2026-01-15 00:30:46,500][flwr][INFO] - evaluate_round 81: no clients selected, cancel
[2026-01-15 00:30:46,501][flwr][DEBUG] - fit_round 82: strategy sampled 5 clients (out of 20)
[2026-01-15 00:30:48,332][flwr][DEBUG] - fit_round 82 received 5 results and 0 failures
[2026-01-15 00:30:48,405][flwr][INFO] - fit progress: (82, 162.1329065039754, {'accuracy': 0.664}, 146.55317391600693)
[2026-01-15 00:30:48,405][flwr][INFO] - evaluate_round 82: no clients selected, cancel
[2026-01-15 00:30:48,406][flwr][DEBUG] - fit_round 83: strategy sampled 5 clients (out of 20)
[2026-01-15 00:30:50,184][flwr][DEBUG] - fit_round 83 received 5 results and 0 failures
[2026-01-15 00:30:50,262][flwr][INFO] - fit progress: (83, 163.4665443971753, {'accuracy': 0.6395}, 148.41012545800186)
[2026-01-15 00:30:50,262][flwr][INFO] - evaluate_round 83: no clients selected, cancel
[2026-01-15 00:30:50,263][flwr][DEBUG] - fit_round 84: strategy sampled 5 clients (out of 20)
[2026-01-15 00:30:52,008][flwr][DEBUG] - fit_round 84 received 5 results and 0 failures
[2026-01-15 00:30:52,094][flwr][INFO] - fit progress: (84, 140.97861640155315, {'accuracy': 0.665}, 150.24211812502472)
[2026-01-15 00:30:52,094][flwr][INFO] - evaluate_round 84: no clients selected, cancel
[2026-01-15 00:30:52,096][flwr][DEBUG] - fit_round 85: strategy sampled 5 clients (out of 20)
[2026-01-15 00:30:53,695][flwr][DEBUG] - fit_round 85 received 5 results and 0 failures
[2026-01-15 00:30:53,777][flwr][INFO] - fit progress: (85, 184.27559272572398, {'accuracy': 0.6655}, 151.92543945802026)
[2026-01-15 00:30:53,778][flwr][INFO] - evaluate_round 85: no clients selected, cancel
[2026-01-15 00:30:53,780][flwr][DEBUG] - fit_round 86: strategy sampled 5 clients (out of 20)
[2026-01-15 00:30:55,616][flwr][DEBUG] - fit_round 86 received 5 results and 0 failures
[2026-01-15 00:30:55,690][flwr][INFO] - fit progress: (86, 201.65461732819676, {'accuracy': 0.6655}, 153.83823395799845)
[2026-01-15 00:30:55,690][flwr][INFO] - evaluate_round 86: no clients selected, cancel
[2026-01-15 00:30:55,691][flwr][DEBUG] - fit_round 87: strategy sampled 5 clients (out of 20)
[2026-01-15 00:30:57,563][flwr][DEBUG] - fit_round 87 received 5 results and 0 failures
[2026-01-15 00:30:57,637][flwr][INFO] - fit progress: (87, 141.72127835452557, {'accuracy': 0.666}, 155.78532187500969)
[2026-01-15 00:30:57,637][flwr][INFO] - evaluate_round 87: no clients selected, cancel
[2026-01-15 00:30:57,638][flwr][DEBUG] - fit_round 88: strategy sampled 5 clients (out of 20)
[2026-01-15 00:30:59,402][flwr][DEBUG] - fit_round 88 received 5 results and 0 failures
[2026-01-15 00:30:59,484][flwr][INFO] - fit progress: (88, 142.84498551487923, {'accuracy': 0.6395}, 157.63211508301902)
[2026-01-15 00:30:59,484][flwr][INFO] - evaluate_round 88: no clients selected, cancel
[2026-01-15 00:30:59,485][flwr][DEBUG] - fit_round 89: strategy sampled 5 clients (out of 20)
[2026-01-15 00:31:01,382][flwr][DEBUG] - fit_round 89 received 5 results and 0 failures
[2026-01-15 00:31:01,455][flwr][INFO] - fit progress: (89, 242.0609288327396, {'accuracy': 0.6655}, 159.60387562500546)
[2026-01-15 00:31:01,456][flwr][INFO] - evaluate_round 89: no clients selected, cancel
[2026-01-15 00:31:01,457][flwr][DEBUG] - fit_round 90: strategy sampled 5 clients (out of 20)
[2026-01-15 00:31:03,208][flwr][DEBUG] - fit_round 90 received 5 results and 0 failures
[2026-01-15 00:31:03,285][flwr][INFO] - fit progress: (90, 192.52193288505077, {'accuracy': 0.6655}, 161.433489750023)
[2026-01-15 00:31:03,285][flwr][INFO] - evaluate_round 90: no clients selected, cancel
[2026-01-15 00:31:03,287][flwr][DEBUG] - fit_round 91: strategy sampled 5 clients (out of 20)
[2026-01-15 00:31:05,141][flwr][DEBUG] - fit_round 91 received 5 results and 0 failures
[2026-01-15 00:31:05,215][flwr][INFO] - fit progress: (91, 136.4876390993595, {'accuracy': 0.64}, 163.363071166008)
[2026-01-15 00:31:05,215][flwr][INFO] - evaluate_round 91: no clients selected, cancel
[2026-01-15 00:31:05,216][flwr][DEBUG] - fit_round 92: strategy sampled 5 clients (out of 20)
[2026-01-15 00:31:06,912][flwr][DEBUG] - fit_round 92 received 5 results and 0 failures
[2026-01-15 00:31:06,984][flwr][INFO] - fit progress: (92, 137.48156709969044, {'accuracy': 0.665}, 165.13260979100596)
[2026-01-15 00:31:06,984][flwr][INFO] - evaluate_round 92: no clients selected, cancel
[2026-01-15 00:31:06,986][flwr][DEBUG] - fit_round 93: strategy sampled 5 clients (out of 20)
[2026-01-15 00:31:08,803][flwr][DEBUG] - fit_round 93 received 5 results and 0 failures
[2026-01-15 00:31:08,905][flwr][INFO] - fit progress: (93, 148.14991111308336, {'accuracy': 0.6655}, 167.053142165998)
[2026-01-15 00:31:08,905][flwr][INFO] - evaluate_round 93: no clients selected, cancel
[2026-01-15 00:31:08,908][flwr][DEBUG] - fit_round 94: strategy sampled 5 clients (out of 20)
[2026-01-15 00:31:11,065][flwr][DEBUG] - fit_round 94 received 5 results and 0 failures
[2026-01-15 00:31:11,138][flwr][INFO] - fit progress: (94, 135.02989815175533, {'accuracy': 0.6615}, 169.28654025000287)
[2026-01-15 00:31:11,138][flwr][INFO] - evaluate_round 94: no clients selected, cancel
[2026-01-15 00:31:11,140][flwr][DEBUG] - fit_round 95: strategy sampled 5 clients (out of 20)
[2026-01-15 00:31:12,993][flwr][DEBUG] - fit_round 95 received 5 results and 0 failures
[2026-01-15 00:31:13,067][flwr][INFO] - fit progress: (95, 140.75134727358818, {'accuracy': 0.6645}, 171.21584237500792)
[2026-01-15 00:31:13,068][flwr][INFO] - evaluate_round 95: no clients selected, cancel
[2026-01-15 00:31:13,069][flwr][DEBUG] - fit_round 96: strategy sampled 5 clients (out of 20)
[2026-01-15 00:31:14,749][flwr][DEBUG] - fit_round 96 received 5 results and 0 failures
[2026-01-15 00:31:14,834][flwr][INFO] - fit progress: (96, 214.50839910283685, {'accuracy': 0.6655}, 172.98244500000146)
[2026-01-15 00:31:14,834][flwr][INFO] - evaluate_round 96: no clients selected, cancel
[2026-01-15 00:31:14,836][flwr][DEBUG] - fit_round 97: strategy sampled 5 clients (out of 20)
[2026-01-15 00:31:16,712][flwr][DEBUG] - fit_round 97 received 5 results and 0 failures
[2026-01-15 00:31:16,787][flwr][INFO] - fit progress: (97, 151.14971909672022, {'accuracy': 0.6655}, 174.93503412502469)
[2026-01-15 00:31:16,787][flwr][INFO] - evaluate_round 97: no clients selected, cancel
[2026-01-15 00:31:16,788][flwr][DEBUG] - fit_round 98: strategy sampled 5 clients (out of 20)
[2026-01-15 00:31:18,690][flwr][DEBUG] - fit_round 98 received 5 results and 0 failures
[2026-01-15 00:31:18,768][flwr][INFO] - fit progress: (98, 165.80301186442375, {'accuracy': 0.6395}, 176.9167740830162)
[2026-01-15 00:31:18,769][flwr][INFO] - evaluate_round 98: no clients selected, cancel
[2026-01-15 00:31:18,770][flwr][DEBUG] - fit_round 99: strategy sampled 5 clients (out of 20)
[2026-01-15 00:31:20,698][flwr][DEBUG] - fit_round 99 received 5 results and 0 failures
[2026-01-15 00:31:20,774][flwr][INFO] - fit progress: (99, 152.17349241673946, {'accuracy': 0.6395}, 178.92287145802402)
[2026-01-15 00:31:20,775][flwr][INFO] - evaluate_round 99: no clients selected, cancel
[2026-01-15 00:31:20,776][flwr][DEBUG] - fit_round 100: strategy sampled 5 clients (out of 20)
[2026-01-15 00:31:22,562][flwr][DEBUG] - fit_round 100 received 5 results and 0 failures
[2026-01-15 00:31:22,646][flwr][INFO] - fit progress: (100, 216.52482695877552, {'accuracy': 0.6655}, 180.79415295799845)
[2026-01-15 00:31:22,646][flwr][INFO] - evaluate_round 100: no clients selected, cancel
[2026-01-15 00:31:22,646][flwr][INFO] - FL finished in 180.79437762501766
[2026-01-15 00:31:22,646][flwr][INFO] - app_fit: losses_distributed []
[2026-01-15 00:31:22,648][flwr][INFO] - app_fit: metrics_distributed_fit {'c_global_norm': [(1, 0.18721120597557897), (2, 0.2431166022779968), (3, 0.11034471157738077), (4, 0.08371214699268453), (5, 0.08663894474783405), (6, 0.0696566427910799), (7, 0.06488457638967064), (8, 0.059543202004304345), (9, 0.08318632181202627), (10, 0.05470179602841165), (11, 0.04834811777711777), (12, 0.03776255405838828), (13, 0.042709451598548484), (14, 0.03172420655255315), (15, 0.03903959250342492), (16, 0.03804667045269062), (17, 0.03418448435276296), (18, 0.044354045286042566), (19, 0.052389176510676906), (20, 0.04133421163100099), (21, 0.021925277003169086), (22, 0.03396150899119077), (23, 0.0394740506556254), (24, 0.030727029118451897), (25, 0.053537222502984726), (26, 0.020475854144312893), (27, 0.024621635606296224), (28, 0.022047748599188316), (29, 0.04287723260946785), (30, 0.02610701497333393), (31, 0.022010189645233744), (32, 0.019727714202373705), (33, 0.01829810976729755), (34, 0.020327087888407477), (35, 0.02571289012495971), (36, 0.0179316234169589), (37, 0.01469340346460814), (38, 0.017983679679505666), (39, 0.0174083920817813), (40, 0.024707026699863015), (41, 0.01565048063284969), (42, 0.016976859341309977), (43, 0.017516078448534096), (44, 0.014494580036423104), (45, 0.01914523388222048), (46, 0.019017245323995256), (47, 0.01982565234827915), (48, 0.014208762395070733), (49, 0.016604986791153263), (50, 0.01562502237719162), (51, 0.016012167332851674), (52, 0.017513361025940404), (53, 0.014043104925655667), (54, 0.019665351740475845), (55, 0.013084948607956023), (56, 0.012362079650014254), (57, 0.019240147656897712), (58, 0.018029433952536814), (59, 0.015271628783198299), (60, 0.017525018401514544), (61, 0.016067578651704866), (62, 0.018548520254159), (63, 0.01570699045971974), (64, 0.014476614329692968), (65, 0.01287408901551826), (66, 0.025589400162419083), (67, 0.01374348140642421), (68, 0.012971166099172444), (69, 0.015523349676718168), (70, 0.02299827965547722), (71, 0.012903745118962286), (72, 0.01220304837434064), (73, 0.014571944909542436), (74, 0.011119796748707595), (75, 0.01427550358903806), (76, 0.014262368874467534), (77, 0.016712769986725527), (78, 0.02093704626317995), (79, 0.022143780583425775), (80, 0.015548163094199947), (81, 0.020626311407396708), (82, 0.01363413544296138), (83, 0.014817262362447204), (84, 0.017313028663273233), (85, 0.016222268556581144), (86, 0.01345436868214204), (87, 0.012192730205245788), (88, 0.011924570233218313), (89, 0.0204020416580672), (90, 0.01020741840761809), (91, 0.014354564539874154), (92, 0.01218235922105413), (93, 0.012286474345343978), (94, 0.013250432755452818), (95, 0.01165258640520936), (96, 0.01586999583446863), (97, 0.012574641608280104), (98, 0.01720030752695477), (99, 0.022086841127652444), (100, 0.019594222388411364)], 'current_mu': [(1, 0.0), (2, 0.0), (3, 0.0), (4, 0.0), (5, 0.0), (6, 0.0), (7, 0.0), (8, 0.0), (9, 0.0), (10, 0.0), (11, 0.001), (12, 0.001), (13, 0.001), (14, 0.001), (15, 0.0015), (16, 0.0015), (17, 0.0015), (18, 0.0015), (19, 0.0015), (20, 0.0022500000000000003), (21, 0.0022500000000000003), (22, 0.0022500000000000003), (23, 0.0022500000000000003), (24, 0.0022500000000000003), (25, 0.003375), (26, 0.003375), (27, 0.003375), (28, 0.003375), (29, 0.003375), (30, 0.0050625), (31, 0.0050625), (32, 0.0050625), (33, 0.0050625), (34, 0.0050625), (35, 0.00759375), (36, 0.00759375), (37, 0.00759375), (38, 0.00759375), (39, 0.00759375), (40, 0.011390625), (41, 0.011390625), (42, 0.011390625), (43, 0.011390625), (44, 0.011390625), (45, 0.0170859375), (46, 0.0170859375), (47, 0.0170859375), (48, 0.0170859375), (49, 0.0170859375), (50, 0.02562890625), (51, 0.02562890625), (52, 0.02562890625), (53, 0.02562890625), (54, 0.02562890625), (55, 0.038443359375), (56, 0.038443359375), (57, 0.038443359375), (58, 0.038443359375), (59, 0.038443359375), (60, 0.0576650390625), (61, 0.0576650390625), (62, 0.0576650390625), (63, 0.0576650390625), (64, 0.0576650390625), (65, 0.08649755859375), (66, 0.08649755859375), (67, 0.08649755859375), (68, 0.08649755859375), (69, 0.08649755859375), (70, 0.129746337890625), (71, 0.129746337890625), (72, 0.129746337890625), (73, 0.129746337890625), (74, 0.129746337890625), (75, 0.1946195068359375), (76, 0.1946195068359375), (77, 0.1946195068359375), (78, 0.1946195068359375), (79, 0.1946195068359375), (80, 0.29192926025390625), (81, 0.29192926025390625), (82, 0.29192926025390625), (83, 0.29192926025390625), (84, 0.29192926025390625), (85, 0.3), (86, 0.3), (87, 0.3), (88, 0.3), (89, 0.3), (90, 0.3), (91, 0.3), (92, 0.3), (93, 0.3), (94, 0.3), (95, 0.3), (96, 0.3), (97, 0.3), (98, 0.3), (99, 0.3), (100, 0.3)], 'phase': [(1, 'Phase1_SCAFFOLD'), (2, 'Phase1_SCAFFOLD'), (3, 'Phase1_SCAFFOLD'), (4, 'Phase1_SCAFFOLD'), (5, 'Phase1_SCAFFOLD'), (6, 'Phase1_SCAFFOLD'), (7, 'Phase1_SCAFFOLD'), (8, 'Phase1_SCAFFOLD'), (9, 'Phase1_SCAFFOLD'), (10, 'Phase1_SCAFFOLD'), (11, 'Phase2_Hybrid'), (12, 'Phase2_Hybrid'), (13, 'Phase2_Hybrid'), (14, 'Phase2_Hybrid'), (15, 'Phase2_Hybrid'), (16, 'Phase2_Hybrid'), (17, 'Phase2_Hybrid'), (18, 'Phase2_Hybrid'), (19, 'Phase2_Hybrid'), (20, 'Phase2_Hybrid'), (21, 'Phase2_Hybrid'), (22, 'Phase2_Hybrid'), (23, 'Phase2_Hybrid'), (24, 'Phase2_Hybrid'), (25, 'Phase2_Hybrid'), (26, 'Phase2_Hybrid'), (27, 'Phase2_Hybrid'), (28, 'Phase2_Hybrid'), (29, 'Phase2_Hybrid'), (30, 'Phase2_Hybrid'), (31, 'Phase2_Hybrid'), (32, 'Phase2_Hybrid'), (33, 'Phase2_Hybrid'), (34, 'Phase2_Hybrid'), (35, 'Phase2_Hybrid'), (36, 'Phase2_Hybrid'), (37, 'Phase2_Hybrid'), (38, 'Phase2_Hybrid'), (39, 'Phase2_Hybrid'), (40, 'Phase2_Hybrid'), (41, 'Phase2_Hybrid'), (42, 'Phase2_Hybrid'), (43, 'Phase2_Hybrid'), (44, 'Phase2_Hybrid'), (45, 'Phase2_Hybrid'), (46, 'Phase2_Hybrid'), (47, 'Phase2_Hybrid'), (48, 'Phase2_Hybrid'), (49, 'Phase2_Hybrid'), (50, 'Phase2_Hybrid'), (51, 'Phase2_Hybrid'), (52, 'Phase2_Hybrid'), (53, 'Phase2_Hybrid'), (54, 'Phase2_Hybrid'), (55, 'Phase2_Hybrid'), (56, 'Phase2_Hybrid'), (57, 'Phase2_Hybrid'), (58, 'Phase2_Hybrid'), (59, 'Phase2_Hybrid'), (60, 'Phase2_Hybrid'), (61, 'Phase2_Hybrid'), (62, 'Phase2_Hybrid'), (63, 'Phase2_Hybrid'), (64, 'Phase2_Hybrid'), (65, 'Phase2_Hybrid'), (66, 'Phase2_Hybrid'), (67, 'Phase2_Hybrid'), (68, 'Phase2_Hybrid'), (69, 'Phase2_Hybrid'), (70, 'Phase2_Hybrid'), (71, 'Phase2_Hybrid'), (72, 'Phase2_Hybrid'), (73, 'Phase2_Hybrid'), (74, 'Phase2_Hybrid'), (75, 'Phase2_Hybrid'), (76, 'Phase2_Hybrid'), (77, 'Phase2_Hybrid'), (78, 'Phase2_Hybrid'), (79, 'Phase2_Hybrid'), (80, 'Phase2_Hybrid'), (81, 'Phase2_Hybrid'), (82, 'Phase2_Hybrid'), (83, 'Phase2_Hybrid'), (84, 'Phase2_Hybrid'), (85, 'Phase2_Hybrid'), (86, 'Phase2_Hybrid'), (87, 'Phase2_Hybrid'), (88, 'Phase2_Hybrid'), (89, 'Phase2_Hybrid'), (90, 'Phase2_Hybrid'), (91, 'Phase2_Hybrid'), (92, 'Phase2_Hybrid'), (93, 'Phase2_Hybrid'), (94, 'Phase2_Hybrid'), (95, 'Phase2_Hybrid'), (96, 'Phase2_Hybrid'), (97, 'Phase2_Hybrid'), (98, 'Phase2_Hybrid'), (99, 'Phase2_Hybrid'), (100, 'Phase2_Hybrid')], 'warmup_rounds': [(1, 10), (2, 10), (3, 10), (4, 10), (5, 10), (6, 10), (7, 10), (8, 10), (9, 10), (10, 10), (11, 10), (12, 10), (13, 10), (14, 10), (15, 10), (16, 10), (17, 10), (18, 10), (19, 10), (20, 10), (21, 10), (22, 10), (23, 10), (24, 10), (25, 10), (26, 10), (27, 10), (28, 10), (29, 10), (30, 10), (31, 10), (32, 10), (33, 10), (34, 10), (35, 10), (36, 10), (37, 10), (38, 10), (39, 10), (40, 10), (41, 10), (42, 10), (43, 10), (44, 10), (45, 10), (46, 10), (47, 10), (48, 10), (49, 10), (50, 10), (51, 10), (52, 10), (53, 10), (54, 10), (55, 10), (56, 10), (57, 10), (58, 10), (59, 10), (60, 10), (61, 10), (62, 10), (63, 10), (64, 10), (65, 10), (66, 10), (67, 10), (68, 10), (69, 10), (70, 10), (71, 10), (72, 10), (73, 10), (74, 10), (75, 10), (76, 10), (77, 10), (78, 10), (79, 10), (80, 10), (81, 10), (82, 10), (83, 10), (84, 10), (85, 10), (86, 10), (87, 10), (88, 10), (89, 10), (90, 10), (91, 10), (92, 10), (93, 10), (94, 10), (95, 10), (96, 10), (97, 10), (98, 10), (99, 10), (100, 10)], 'use_dual_mu': [(1, 1), (2, 1), (3, 1), (4, 1), (5, 1), (6, 1), (7, 1), (8, 1), (9, 1), (10, 1), (11, 1), (12, 1), (13, 1), (14, 1), (15, 1), (16, 1), (17, 1), (18, 1), (19, 1), (20, 1), (21, 1), (22, 1), (23, 1), (24, 1), (25, 1), (26, 1), (27, 1), (28, 1), (29, 1), (30, 1), (31, 1), (32, 1), (33, 1), (34, 1), (35, 1), (36, 1), (37, 1), (38, 1), (39, 1), (40, 1), (41, 1), (42, 1), (43, 1), (44, 1), (45, 1), (46, 1), (47, 1), (48, 1), (49, 1), (50, 1), (51, 1), (52, 1), (53, 1), (54, 1), (55, 1), (56, 1), (57, 1), (58, 1), (59, 1), (60, 1), (61, 1), (62, 1), (63, 1), (64, 1), (65, 1), (66, 1), (67, 1), (68, 1), (69, 1), (70, 1), (71, 1), (72, 1), (73, 1), (74, 1), (75, 1), (76, 1), (77, 1), (78, 1), (79, 1), (80, 1), (81, 1), (82, 1), (83, 1), (84, 1), (85, 1), (86, 1), (87, 1), (88, 1), (89, 1), (90, 1), (91, 1), (92, 1), (93, 1), (94, 1), (95, 1), (96, 1), (97, 1), (98, 1), (99, 1), (100, 1)], 'use_drift_detection': [(1, 1), (2, 1), (3, 1), (4, 1), (5, 1), (6, 1), (7, 1), (8, 1), (9, 1), (10, 1), (11, 1), (12, 1), (13, 1), (14, 1), (15, 1), (16, 1), (17, 1), (18, 1), (19, 1), (20, 1), (21, 1), (22, 1), (23, 1), (24, 1), (25, 1), (26, 1), (27, 1), (28, 1), (29, 1), (30, 1), (31, 1), (32, 1), (33, 1), (34, 1), (35, 1), (36, 1), (37, 1), (38, 1), (39, 1), (40, 1), (41, 1), (42, 1), (43, 1), (44, 1), (45, 1), (46, 1), (47, 1), (48, 1), (49, 1), (50, 1), (51, 1), (52, 1), (53, 1), (54, 1), (55, 1), (56, 1), (57, 1), (58, 1), (59, 1), (60, 1), (61, 1), (62, 1), (63, 1), (64, 1), (65, 1), (66, 1), (67, 1), (68, 1), (69, 1), (70, 1), (71, 1), (72, 1), (73, 1), (74, 1), (75, 1), (76, 1), (77, 1), (78, 1), (79, 1), (80, 1), (81, 1), (82, 1), (83, 1), (84, 1), (85, 1), (86, 1), (87, 1), (88, 1), (89, 1), (90, 1), (91, 1), (92, 1), (93, 1), (94, 1), (95, 1), (96, 1), (97, 1), (98, 1), (99, 1), (100, 1)], 'num_clients': [(1, 5), (2, 5), (3, 5), (4, 5), (5, 5), (6, 5), (7, 5), (8, 5), (9, 5), (10, 5), (11, 5), (12, 5), (13, 5), (14, 5), (15, 5), (16, 5), (17, 5), (18, 5), (19, 5), (20, 5), (21, 5), (22, 5), (23, 5), (24, 5), (25, 5), (26, 5), (27, 5), (28, 5), (29, 5), (30, 5), (31, 5), (32, 5), (33, 5), (34, 5), (35, 5), (36, 5), (37, 5), (38, 5), (39, 5), (40, 5), (41, 5), (42, 5), (43, 5), (44, 5), (45, 5), (46, 5), (47, 5), (48, 5), (49, 5), (50, 5), (51, 5), (52, 5), (53, 5), (54, 5), (55, 5), (56, 5), (57, 5), (58, 5), (59, 5), (60, 5), (61, 5), (62, 5), (63, 5), (64, 5), (65, 5), (66, 5), (67, 5), (68, 5), (69, 5), (70, 5), (71, 5), (72, 5), (73, 5), (74, 5), (75, 5), (76, 5), (77, 5), (78, 5), (79, 5), (80, 5), (81, 5), (82, 5), (83, 5), (84, 5), (85, 5), (86, 5), (87, 5), (88, 5), (89, 5), (90, 5), (91, 5), (92, 5), (93, 5), (94, 5), (95, 5), (96, 5), (97, 5), (98, 5), (99, 5), (100, 5)], 'mu_raw': [(1, 0.1), (2, 0.1), (3, 0.1), (4, 0.1), (5, 0.1), (6, 0.1), (7, 0.1), (8, 0.1), (9, 0.1), (10, 0.1), (11, 0.1), (12, 0.1), (13, 0.1), (14, 0.1), (15, 0.1), (16, 0.1), (17, 0.1), (18, 0.1), (19, 0.1), (20, 0.1), (21, 0.1), (22, 0.1), (23, 0.1), (24, 0.1), (25, 0.1), (26, 0.1), (27, 0.1), (28, 0.1), (29, 0.1), (30, 0.1), (31, 0.1), (32, 0.1), (33, 0.1), (34, 0.1), (35, 0.1), (36, 0.1), (37, 0.1), (38, 0.1), (39, 0.1), (40, 0.1), (41, 0.1), (42, 0.1), (43, 0.1), (44, 0.1), (45, 0.1), (46, 0.1), (47, 0.1), (48, 0.1), (49, 0.1), (50, 0.1), (51, 0.1), (52, 0.1), (53, 0.1), (54, 0.1), (55, 0.1), (56, 0.1), (57, 0.1), (58, 0.1), (59, 0.1), (60, 0.1), (61, 0.1), (62, 0.1), (63, 0.1), (64, 0.1), (65, 0.1), (66, 0.1), (67, 0.1), (68, 0.1), (69, 0.1), (70, 0.1), (71, 0.1), (72, 0.1), (73, 0.1), (74, 0.1), (75, 0.1), (76, 0.1), (77, 0.1), (78, 0.1), (79, 0.1), (80, 0.1), (81, 0.1), (82, 0.1), (83, 0.1), (84, 0.1), (85, 0.1), (86, 0.1), (87, 0.1), (88, 0.1), (89, 0.1), (90, 0.1), (91, 0.1), (92, 0.1), (93, 0.1), (94, 0.1), (95, 0.1), (96, 0.1), (97, 0.1), (98, 0.1), (99, 0.1), (100, 0.1)], 'mu_corrected': [(1, 0.001), (2, 0.001), (3, 0.001), (4, 0.001), (5, 0.001), (6, 0.001), (7, 0.001), (8, 0.001), (9, 0.001), (10, 0.001), (11, 0.001), (12, 0.001), (13, 0.001), (14, 0.001), (15, 0.001), (16, 0.001), (17, 0.001), (18, 0.001), (19, 0.001), (20, 0.001), (21, 0.001), (22, 0.001), (23, 0.001), (24, 0.001), (25, 0.001), (26, 0.001), (27, 0.001), (28, 0.001), (29, 0.001), (30, 0.001), (31, 0.001), (32, 0.001), (33, 0.001), (34, 0.001), (35, 0.001), (36, 0.001), (37, 0.001), (38, 0.001), (39, 0.001), (40, 0.001), (41, 0.001), (42, 0.001), (43, 0.001), (44, 0.001), (45, 0.001), (46, 0.001), (47, 0.001), (48, 0.001), (49, 0.001), (50, 0.001), (51, 0.001), (52, 0.001), (53, 0.001), (54, 0.001), (55, 0.001), (56, 0.001), (57, 0.001), (58, 0.001), (59, 0.001), (60, 0.001), (61, 0.001), (62, 0.001), (63, 0.001), (64, 0.001), (65, 0.001), (66, 0.001), (67, 0.001), (68, 0.001), (69, 0.001), (70, 0.001), (71, 0.001), (72, 0.001), (73, 0.001), (74, 0.001), (75, 0.001), (76, 0.001), (77, 0.001), (78, 0.001), (79, 0.001), (80, 0.001), (81, 0.001), (82, 0.001), (83, 0.001), (84, 0.001), (85, 0.001), (86, 0.001), (87, 0.001), (88, 0.001), (89, 0.001), (90, 0.001), (91, 0.001), (92, 0.001), (93, 0.001), (94, 0.001), (95, 0.001), (96, 0.001), (97, 0.001), (98, 0.001), (99, 0.001), (100, 0.001)]}
[2026-01-15 00:31:22,649][flwr][INFO] - app_fit: metrics_distributed {}
[2026-01-15 00:31:22,649][flwr][INFO] - app_fit: losses_centralized [(0, 275.8148798942566), (1, 219.22877645492554), (2, 715.0391742165666), (3, 479.75771801522933), (4, 282.5423493850976), (5, 144.62548559904099), (6, 156.756528288126), (7, 150.79892380535603), (8, 139.0716290473938), (9, 333.76507455296814), (10, 143.35379493236542), (11, 207.518678791821), (12, 160.03860744833946), (13, 193.11203099787235), (14, 140.30006557703018), (15, 150.82209934294224), (16, 170.3318188264966), (17, 153.96760980039835), (18, 186.6774925366044), (19, 387.6860051075928), (20, 377.10716489935294), (21, 243.73454541526735), (22, 179.12491815537214), (23, 202.8290392458439), (24, 136.95761267840862), (25, 263.2534615881741), (26, 290.8964643869549), (27, 137.75816832482815), (28, 145.30310235917568), (29, 266.82063923217356), (30, 234.4740338549018), (31, 146.33134470134974), (32, 135.7016300112009), (33, 147.9421218112111), (34, 137.05045548081398), (35, 206.15963154286146), (36, 137.8216559290886), (37, 139.91155728697777), (38, 149.3946309387684), (39, 137.63377630710602), (40, 154.0040748566389), (41, 136.28905342519283), (42, 165.63931331783533), (43, 151.2200459614396), (44, 157.4639269784093), (45, 139.8969473093748), (46, 142.1914502978325), (47, 265.59869864583015), (48, 228.340211302042), (49, 137.5034736841917), (50, 136.10959035158157), (51, 149.84202933311462), (52, 219.4591392725706), (53, 147.23845532536507), (54, 199.19806633517146), (55, 154.62162923812866), (56, 145.83493246883154), (57, 249.0215758755803), (58, 139.89457315951586), (59, 140.90250697731972), (60, 149.91185112297535), (61, 147.4361455962062), (62, 194.05188573896885), (63, 149.57228890806437), (64, 141.30849942564964), (65, 148.22676301002502), (66, 306.96526869758964), (67, 226.3575720768422), (68, 148.78650030493736), (69, 238.86504904925823), (70, 223.26257275417447), (71, 193.67098987102509), (72, 136.49387954175472), (73, 152.81840194761753), (74, 152.46573904901743), (75, 175.69662348553538), (76, 148.85281760245562), (77, 255.81731854379177), (78, 412.512127838796), (79, 137.6719333678484), (80, 141.27907176315784), (81, 246.65481934323907), (82, 162.1329065039754), (83, 163.4665443971753), (84, 140.97861640155315), (85, 184.27559272572398), (86, 201.65461732819676), (87, 141.72127835452557), (88, 142.84498551487923), (89, 242.0609288327396), (90, 192.52193288505077), (91, 136.4876390993595), (92, 137.48156709969044), (93, 148.14991111308336), (94, 135.02989815175533), (95, 140.75134727358818), (96, 214.50839910283685), (97, 151.14971909672022), (98, 165.80301186442375), (99, 152.17349241673946), (100, 216.52482695877552)]
[2026-01-15 00:31:22,650][flwr][INFO] - app_fit: metrics_centralized {'accuracy': [(0, 0.3415), (1, 0.557), (2, 0.653), (3, 0.654), (4, 0.6565), (5, 0.658), (6, 0.6585), (7, 0.6325), (8, 0.6545), (9, 0.6625), (10, 0.656), (11, 0.661), (12, 0.629), (13, 0.66), (14, 0.6505), (15, 0.66), (16, 0.662), (17, 0.6625), (18, 0.6615), (19, 0.6615), (20, 0.6655), (21, 0.664), (22, 0.6335), (23, 0.6635), (24, 0.66), (25, 0.6645), (26, 0.664), (27, 0.6605), (28, 0.638), (29, 0.664), (30, 0.665), (31, 0.663), (32, 0.6615), (33, 0.6365), (34, 0.638), (35, 0.6645), (36, 0.6625), (37, 0.639), (38, 0.665), (39, 0.661), (40, 0.6645), (41, 0.6495), (42, 0.6645), (43, 0.6405), (44, 0.6405), (45, 0.663), (46, 0.6655), (47, 0.371), (48, 0.624), (49, 0.639), (50, 0.6385), (51, 0.6645), (52, 0.6375), (53, 0.6385), (54, 0.666), (55, 0.6655), (56, 0.6655), (57, 0.6645), (58, 0.656), (59, 0.6635), (60, 0.638), (61, 0.664), (62, 0.664), (63, 0.6395), (64, 0.6645), (65, 0.6395), (66, 0.665), (67, 0.665), (68, 0.665), (69, 0.638), (70, 0.665), (71, 0.6645), (72, 0.665), (73, 0.665), (74, 0.6645), (75, 0.6645), (76, 0.6655), (77, 0.665), (78, 0.6645), (79, 0.6395), (80, 0.665), (81, 0.6655), (82, 0.664), (83, 0.6395), (84, 0.665), (85, 0.6655), (86, 0.6655), (87, 0.666), (88, 0.6395), (89, 0.6655), (90, 0.6655), (91, 0.64), (92, 0.665), (93, 0.6655), (94, 0.6615), (95, 0.6645), (96, 0.6655), (97, 0.6655), (98, 0.6395), (99, 0.6395), (100, 0.6655)]}
