[2026-01-21 23:19:43,673][flwr][INFO] - Starting Flower simulation, config: ServerConfig(num_rounds=40, round_timeout=None)
[2026-01-21 23:19:49,466][flwr][INFO] - Flower VCE: Ray initialized with resources: {'CPU': 10.0, 'object_store_memory': 2147483648.0, 'node:127.0.0.1': 1.0, 'memory': 11797758362.0}
[2026-01-21 23:19:49,467][flwr][INFO] - Initializing global parameters
[2026-01-21 23:19:49,467][flwr][INFO] - Using initial parameters provided by strategy
[2026-01-21 23:19:49,467][flwr][INFO] - Evaluating initial parameters
[2026-01-21 23:19:50,207][flwr][INFO] - initial parameters (loss, other metrics): 1.4340404903996313, {'rmse': 11782.010694274555, 'mae': 9149.193359375, 'r2': 0.00890437044283554, 'mape': 79.91940307617188, 'accuracy_10': 11.735205352306366, 'accuracy_20': 21.46439254283905}
[2026-01-21 23:19:50,207][flwr][INFO] - FL starting
[2026-01-21 23:19:50,208][flwr][DEBUG] - fit_round 1: strategy sampled 8 clients (out of 12)
[2026-01-21 23:20:03,405][flwr][DEBUG] - fit_round 1 received 8 results and 0 failures
[2026-01-21 23:20:03,412][flwr][WARNING] - No fit_metrics_aggregation_fn provided
[2026-01-21 23:20:03,666][flwr][INFO] - fit progress: (1, 0.16635125495844644, {'rmse': 6298.814174112457, 'mae': 3290.458984375, 'r2': 0.7167340930865911, 'mape': 17.66020393371582, 'accuracy_10': 35.0050151348114, 'accuracy_20': 74.77432489395142}, 13.458060124947224)
[2026-01-21 23:20:03,666][flwr][DEBUG] - evaluate_round 1: strategy sampled 6 clients (out of 12)
[2026-01-21 23:20:03,920][flwr][DEBUG] - evaluate_round 1 received 6 results and 0 failures
[2026-01-21 23:20:03,920][flwr][WARNING] - No evaluate_metrics_aggregation_fn provided
[2026-01-21 23:20:03,920][flwr][DEBUG] - fit_round 2: strategy sampled 8 clients (out of 12)
[2026-01-21 23:20:08,814][flwr][DEBUG] - fit_round 2 received 8 results and 0 failures
[2026-01-21 23:20:09,050][flwr][INFO] - fit progress: (2, 0.08742608057116434, {'rmse': 4878.169328754384, 'mae': 2184.53515625, 'r2': 0.830101143736365, 'mape': 11.675688743591309, 'accuracy_10': 56.82046413421631, 'accuracy_20': 88.16449642181396}, 18.842401332978625)
[2026-01-21 23:20:09,050][flwr][DEBUG] - evaluate_round 2: strategy sampled 6 clients (out of 12)
[2026-01-21 23:20:09,267][flwr][DEBUG] - evaluate_round 2 received 6 results and 0 failures
[2026-01-21 23:20:09,267][flwr][DEBUG] - fit_round 3: strategy sampled 8 clients (out of 12)
[2026-01-21 23:20:14,047][flwr][DEBUG] - fit_round 3 received 8 results and 0 failures
[2026-01-21 23:20:14,307][flwr][INFO] - fit progress: (3, 0.06212615678712741, {'rmse': 4531.7325605114875, 'mae': 1735.970703125, 'r2': 0.8533759300293625, 'mape': 8.989354133605957, 'accuracy_10': 72.3671019077301, 'accuracy_20': 93.53058934211731}, 24.09966995799914)
[2026-01-21 23:20:14,308][flwr][DEBUG] - evaluate_round 3: strategy sampled 6 clients (out of 12)
[2026-01-21 23:20:14,527][flwr][DEBUG] - evaluate_round 3 received 6 results and 0 failures
[2026-01-21 23:20:14,527][flwr][DEBUG] - fit_round 4: strategy sampled 8 clients (out of 12)
[2026-01-21 23:20:19,267][flwr][DEBUG] - fit_round 4 received 8 results and 0 failures
[2026-01-21 23:20:19,514][flwr][INFO] - fit progress: (4, 0.04918082702975933, {'rmse': 4180.164350835981, 'mae': 1559.891845703125, 'r2': 0.8752434261733792, 'mape': 7.866327285766602, 'accuracy_10': 76.73019170761108, 'accuracy_20': 94.9849545955658}, 29.30628112499835)
[2026-01-21 23:20:19,514][flwr][DEBUG] - evaluate_round 4: strategy sampled 6 clients (out of 12)
[2026-01-21 23:20:19,730][flwr][DEBUG] - evaluate_round 4 received 6 results and 0 failures
[2026-01-21 23:20:19,730][flwr][DEBUG] - fit_round 5: strategy sampled 8 clients (out of 12)
[2026-01-21 23:20:24,378][flwr][DEBUG] - fit_round 5 received 8 results and 0 failures
[2026-01-21 23:20:24,643][flwr][INFO] - fit progress: (5, 0.04482802629298946, {'rmse': 4177.785537817852, 'mae': 1413.7952880859375, 'r2': 0.8753853783322019, 'mape': 6.886218547821045, 'accuracy_10': 84.1524600982666, 'accuracy_20': 94.88465189933777}, 34.43499229097506)
[2026-01-21 23:20:24,643][flwr][DEBUG] - evaluate_round 5: strategy sampled 6 clients (out of 12)
[2026-01-21 23:20:24,838][flwr][DEBUG] - evaluate_round 5 received 6 results and 0 failures
[2026-01-21 23:20:24,839][flwr][DEBUG] - fit_round 6: strategy sampled 8 clients (out of 12)
[2026-01-21 23:20:29,545][flwr][DEBUG] - fit_round 6 received 8 results and 0 failures
[2026-01-21 23:20:29,796][flwr][INFO] - fit progress: (6, 0.046408070373716005, {'rmse': 4343.830337386579, 'mae': 1393.5938720703125, 'r2': 0.8652829868130418, 'mape': 6.737357139587402, 'accuracy_10': 86.40922904014587, 'accuracy_20': 95.08525729179382}, 39.588813707989175)
[2026-01-21 23:20:29,797][flwr][DEBUG] - evaluate_round 6: strategy sampled 6 clients (out of 12)
[2026-01-21 23:20:29,978][flwr][DEBUG] - evaluate_round 6 received 6 results and 0 failures
[2026-01-21 23:20:29,978][flwr][DEBUG] - fit_round 7: strategy sampled 8 clients (out of 12)
[2026-01-21 23:20:34,715][flwr][DEBUG] - fit_round 7 received 8 results and 0 failures
[2026-01-21 23:20:34,951][flwr][INFO] - fit progress: (7, 0.03601787300031247, {'rmse': 4034.085150315992, 'mae': 1366.3414306640625, 'r2': 0.8838105080793203, 'mape': 6.049465179443359, 'accuracy_10': 86.60982847213745, 'accuracy_20': 96.13841772079468}, 44.7432591659599)
[2026-01-21 23:20:34,951][flwr][DEBUG] - evaluate_round 7: strategy sampled 6 clients (out of 12)
[2026-01-21 23:20:35,189][flwr][DEBUG] - evaluate_round 7 received 6 results and 0 failures
[2026-01-21 23:20:35,189][flwr][DEBUG] - fit_round 8: strategy sampled 8 clients (out of 12)
[2026-01-21 23:20:39,760][flwr][DEBUG] - fit_round 8 received 8 results and 0 failures
[2026-01-21 23:20:40,014][flwr][INFO] - fit progress: (8, 0.03583554170816509, {'rmse': 4053.7221167712028, 'mae': 1396.5269775390625, 'r2': 0.882676592064078, 'mape': 6.079810619354248, 'accuracy_10': 86.15847826004028, 'accuracy_20': 96.13841772079468}, 49.80587216594722)
[2026-01-21 23:20:40,014][flwr][DEBUG] - evaluate_round 8: strategy sampled 6 clients (out of 12)
[2026-01-21 23:20:40,226][flwr][DEBUG] - evaluate_round 8 received 6 results and 0 failures
[2026-01-21 23:20:40,226][flwr][DEBUG] - fit_round 9: strategy sampled 8 clients (out of 12)
[2026-01-21 23:20:44,976][flwr][DEBUG] - fit_round 9 received 8 results and 0 failures
[2026-01-21 23:20:45,275][flwr][INFO] - fit progress: (9, 0.038345043513823, {'rmse': 4176.633812054871, 'mae': 1333.9371337890625, 'r2': 0.8754540738494997, 'mape': 5.901822566986084, 'accuracy_10': 88.41524720191956, 'accuracy_20': 94.9849545955658}, 55.06738999998197)
[2026-01-21 23:20:45,276][flwr][DEBUG] - evaluate_round 9: strategy sampled 6 clients (out of 12)
[2026-01-21 23:20:45,592][flwr][DEBUG] - evaluate_round 9 received 6 results and 0 failures
[2026-01-21 23:20:45,593][flwr][DEBUG] - fit_round 10: strategy sampled 8 clients (out of 12)
[2026-01-21 23:20:50,708][flwr][DEBUG] - fit_round 10 received 8 results and 0 failures
[2026-01-21 23:20:50,952][flwr][INFO] - fit progress: (10, 0.03724309048683587, {'rmse': 4196.1105800491005, 'mae': 1347.24267578125, 'r2': 0.8742897845600636, 'mape': 5.849758148193359, 'accuracy_10': 88.31494450569153, 'accuracy_20': 95.68706154823303}, 60.744500374945346)
[2026-01-21 23:20:50,953][flwr][DEBUG] - evaluate_round 10: strategy sampled 6 clients (out of 12)
[2026-01-21 23:20:51,187][flwr][DEBUG] - evaluate_round 10 received 6 results and 0 failures
[2026-01-21 23:20:51,188][flwr][DEBUG] - fit_round 11: strategy sampled 8 clients (out of 12)
[2026-01-21 23:20:56,757][flwr][DEBUG] - fit_round 11 received 8 results and 0 failures
[2026-01-21 23:20:57,025][flwr][INFO] - fit progress: (11, 0.03596589485241274, {'rmse': 4367.532026213431, 'mae': 1530.36767578125, 'r2': 0.8638088343960508, 'mape': 5.828583240509033, 'accuracy_10': 84.7041130065918, 'accuracy_20': 95.33600807189941}, 66.81724974996177)
[2026-01-21 23:20:57,025][flwr][DEBUG] - evaluate_round 11: strategy sampled 6 clients (out of 12)
[2026-01-21 23:20:57,344][flwr][DEBUG] - evaluate_round 11 received 6 results and 0 failures
[2026-01-21 23:20:57,344][flwr][DEBUG] - fit_round 12: strategy sampled 8 clients (out of 12)
[2026-01-21 23:21:01,967][flwr][DEBUG] - fit_round 12 received 8 results and 0 failures
[2026-01-21 23:21:02,219][flwr][INFO] - fit progress: (12, 0.036394012261484726, {'rmse': 4173.432160704185, 'mae': 1292.943603515625, 'r2': 0.8756449517653047, 'mape': 5.585604667663574, 'accuracy_10': 88.91674876213074, 'accuracy_20': 95.43631076812744}, 72.01154641597532)
[2026-01-21 23:21:02,220][flwr][DEBUG] - evaluate_round 12: strategy sampled 6 clients (out of 12)
[2026-01-21 23:21:02,428][flwr][DEBUG] - evaluate_round 12 received 6 results and 0 failures
[2026-01-21 23:21:02,429][flwr][DEBUG] - fit_round 13: strategy sampled 8 clients (out of 12)
[2026-01-21 23:21:07,084][flwr][DEBUG] - fit_round 13 received 8 results and 0 failures
[2026-01-21 23:21:07,351][flwr][INFO] - fit progress: (13, 0.03294861204212264, {'rmse': 4072.6536803416025, 'mae': 1350.2620849609375, 'r2': 0.8815781970870284, 'mape': 5.4936628341674805, 'accuracy_10': 87.6629889011383, 'accuracy_20': 96.03811502456665}, 77.14323391596554)
[2026-01-21 23:21:07,351][flwr][DEBUG] - evaluate_round 13: strategy sampled 6 clients (out of 12)
[2026-01-21 23:21:07,651][flwr][DEBUG] - evaluate_round 13 received 6 results and 0 failures
[2026-01-21 23:21:07,651][flwr][DEBUG] - fit_round 14: strategy sampled 8 clients (out of 12)
[2026-01-21 23:21:12,188][flwr][DEBUG] - fit_round 14 received 8 results and 0 failures
[2026-01-21 23:21:12,442][flwr][INFO] - fit progress: (14, 0.035047516389306234, {'rmse': 4103.638873000401, 'mae': 1246.7412109375, 'r2': 0.879769410678111, 'mape': 5.396646976470947, 'accuracy_10': 89.91975784301758, 'accuracy_20': 95.2858567237854}, 82.23430187499616)
[2026-01-21 23:21:12,443][flwr][DEBUG] - evaluate_round 14: strategy sampled 6 clients (out of 12)
[2026-01-21 23:21:12,638][flwr][DEBUG] - evaluate_round 14 received 6 results and 0 failures
[2026-01-21 23:21:12,638][flwr][DEBUG] - fit_round 15: strategy sampled 8 clients (out of 12)
[2026-01-21 23:21:17,355][flwr][DEBUG] - fit_round 15 received 8 results and 0 failures
[2026-01-21 23:21:17,610][flwr][INFO] - fit progress: (15, 0.03490278997468793, {'rmse': 4116.828633790821, 'mae': 1269.7904052734375, 'r2': 0.8789952881680155, 'mape': 5.441223621368408, 'accuracy_10': 89.66900706291199, 'accuracy_20': 95.586758852005}, 87.40178637497593)
[2026-01-21 23:21:17,610][flwr][DEBUG] - evaluate_round 15: strategy sampled 6 clients (out of 12)
[2026-01-21 23:21:17,793][flwr][DEBUG] - evaluate_round 15 received 6 results and 0 failures
[2026-01-21 23:21:17,793][flwr][DEBUG] - fit_round 16: strategy sampled 8 clients (out of 12)
[2026-01-21 23:21:22,200][flwr][DEBUG] - fit_round 16 received 8 results and 0 failures
[2026-01-21 23:21:22,444][flwr][INFO] - fit progress: (16, 0.03238546996449336, {'rmse': 4049.1075559930487, 'mae': 1343.605224609375, 'r2': 0.8829435498253104, 'mape': 5.420359134674072, 'accuracy_10': 87.71314024925232, 'accuracy_20': 95.8375096321106}, 92.23656362498878)
[2026-01-21 23:21:22,445][flwr][DEBUG] - evaluate_round 16: strategy sampled 6 clients (out of 12)
[2026-01-21 23:21:22,528][flwr][DEBUG] - evaluate_round 16 received 6 results and 0 failures
[2026-01-21 23:21:22,528][flwr][DEBUG] - fit_round 17: strategy sampled 8 clients (out of 12)
[2026-01-21 23:21:27,184][flwr][DEBUG] - fit_round 17 received 8 results and 0 failures
[2026-01-21 23:21:27,431][flwr][INFO] - fit progress: (17, 0.03732823005175907, {'rmse': 4193.8683813395955, 'mae': 1226.1448974609375, 'r2': 0.8744240957358563, 'mape': 5.457304000854492, 'accuracy_10': 89.76930975914001, 'accuracy_20': 95.18555402755737}, 97.22368524997728)
[2026-01-21 23:21:27,432][flwr][DEBUG] - evaluate_round 17: strategy sampled 6 clients (out of 12)
[2026-01-21 23:21:27,588][flwr][DEBUG] - evaluate_round 17 received 6 results and 0 failures
[2026-01-21 23:21:27,588][flwr][DEBUG] - fit_round 18: strategy sampled 8 clients (out of 12)
[2026-01-21 23:21:32,258][flwr][DEBUG] - fit_round 18 received 8 results and 0 failures
[2026-01-21 23:21:32,510][flwr][INFO] - fit progress: (18, 0.033130871719580776, {'rmse': 4022.1405992331993, 'mae': 1253.906982421875, 'r2': 0.8844975439152667, 'mape': 5.32411527633667, 'accuracy_10': 89.61885571479797, 'accuracy_20': 95.73721289634705}, 102.3019919579965)
[2026-01-21 23:21:32,510][flwr][DEBUG] - evaluate_round 18: strategy sampled 6 clients (out of 12)
[2026-01-21 23:21:32,672][flwr][DEBUG] - evaluate_round 18 received 6 results and 0 failures
[2026-01-21 23:21:32,672][flwr][DEBUG] - fit_round 19: strategy sampled 8 clients (out of 12)
[2026-01-21 23:21:38,427][flwr][DEBUG] - fit_round 19 received 8 results and 0 failures
[2026-01-21 23:21:38,685][flwr][INFO] - fit progress: (19, 0.0332849240920683, {'rmse': 4130.694856800729, 'mae': 1259.9332275390625, 'r2': 0.8781787809343952, 'mape': 5.289027690887451, 'accuracy_10': 90.07021188735962, 'accuracy_20': 95.73721289634705}, 108.47724295797525)
[2026-01-21 23:21:38,685][flwr][DEBUG] - evaluate_round 19: strategy sampled 6 clients (out of 12)
[2026-01-21 23:21:38,800][flwr][DEBUG] - evaluate_round 19 received 6 results and 0 failures
[2026-01-21 23:21:38,800][flwr][DEBUG] - fit_round 20: strategy sampled 8 clients (out of 12)
[2026-01-21 23:21:43,431][flwr][DEBUG] - fit_round 20 received 8 results and 0 failures
[2026-01-21 23:21:43,684][flwr][INFO] - fit progress: (20, 0.031602535082948364, {'rmse': 4077.313698993493, 'mae': 1382.4110107421875, 'r2': 0.8813070375184293, 'mape': 5.489591121673584, 'accuracy_10': 87.31193542480469, 'accuracy_20': 95.88766098022461}, 113.47581337497104)
[2026-01-21 23:21:43,684][flwr][DEBUG] - evaluate_round 20: strategy sampled 6 clients (out of 12)
[2026-01-21 23:21:43,867][flwr][DEBUG] - evaluate_round 20 received 6 results and 0 failures
[2026-01-21 23:21:43,867][flwr][DEBUG] - fit_round 21: strategy sampled 8 clients (out of 12)
[2026-01-21 23:21:48,440][flwr][DEBUG] - fit_round 21 received 8 results and 0 failures
[2026-01-21 23:21:48,694][flwr][INFO] - fit progress: (21, 0.038244582169923706, {'rmse': 4327.869221684038, 'mae': 1226.8172607421875, 'r2': 0.866271196174921, 'mape': 5.493159294128418, 'accuracy_10': 90.12036323547363, 'accuracy_20': 95.03510594367981}, 118.48659291595686)
[2026-01-21 23:21:48,695][flwr][DEBUG] - evaluate_round 21: strategy sampled 6 clients (out of 12)
[2026-01-21 23:21:48,793][flwr][DEBUG] - evaluate_round 21 received 6 results and 0 failures
[2026-01-21 23:21:48,794][flwr][DEBUG] - fit_round 22: strategy sampled 8 clients (out of 12)
[2026-01-21 23:21:53,525][flwr][DEBUG] - fit_round 22 received 8 results and 0 failures
[2026-01-21 23:21:53,805][flwr][INFO] - fit progress: (22, 0.032025509554081955, {'rmse': 4220.876686187361, 'mae': 1477.946044921875, 'r2': 0.8728014794585737, 'mape': 5.590876579284668, 'accuracy_10': 85.305917263031, 'accuracy_20': 95.68706154823303}, 123.59744249994401)
[2026-01-21 23:21:53,806][flwr][DEBUG] - evaluate_round 22: strategy sampled 6 clients (out of 12)
[2026-01-21 23:21:54,056][flwr][DEBUG] - evaluate_round 22 received 6 results and 0 failures
[2026-01-21 23:21:54,056][flwr][DEBUG] - fit_round 23: strategy sampled 8 clients (out of 12)
[2026-01-21 23:22:00,048][flwr][DEBUG] - fit_round 23 received 8 results and 0 failures
[2026-01-21 23:22:00,341][flwr][INFO] - fit progress: (23, 0.03249004038112423, {'rmse': 4065.16801620794, 'mae': 1240.1390380859375, 'r2': 0.8820131171479733, 'mape': 5.258856773376465, 'accuracy_10': 89.719158411026, 'accuracy_20': 95.586758852005}, 130.13339020794956)
[2026-01-21 23:22:00,342][flwr][DEBUG] - evaluate_round 23: strategy sampled 6 clients (out of 12)
[2026-01-21 23:22:00,437][flwr][DEBUG] - evaluate_round 23 received 6 results and 0 failures
[2026-01-21 23:22:00,437][flwr][DEBUG] - fit_round 24: strategy sampled 8 clients (out of 12)
[2026-01-21 23:22:04,947][flwr][DEBUG] - fit_round 24 received 8 results and 0 failures
[2026-01-21 23:22:05,199][flwr][INFO] - fit progress: (24, 0.03274335886502158, {'rmse': 4085.7156043953914, 'mae': 1238.840576171875, 'r2': 0.8808173619677682, 'mape': 5.2318267822265625, 'accuracy_10': 89.86960649490356, 'accuracy_20': 95.63691020011902}, 134.9912167909788)
[2026-01-21 23:22:05,199][flwr][DEBUG] - evaluate_round 24: strategy sampled 6 clients (out of 12)
[2026-01-21 23:22:05,271][flwr][DEBUG] - evaluate_round 24 received 6 results and 0 failures
[2026-01-21 23:22:05,272][flwr][DEBUG] - fit_round 25: strategy sampled 8 clients (out of 12)
[2026-01-21 23:22:09,663][flwr][DEBUG] - fit_round 25 received 8 results and 0 failures
[2026-01-21 23:22:09,888][flwr][INFO] - fit progress: (25, 0.029347583821553405, {'rmse': 4037.426779521828, 'mae': 1331.2071533203125, 'r2': 0.8836179435741709, 'mape': 5.24459981918335, 'accuracy_10': 87.56268620491028, 'accuracy_20': 95.93781232833862}, 139.68021304096328)
[2026-01-21 23:22:09,888][flwr][DEBUG] - evaluate_round 25: strategy sampled 6 clients (out of 12)
[2026-01-21 23:22:10,069][flwr][DEBUG] - evaluate_round 25 received 6 results and 0 failures
[2026-01-21 23:22:10,069][flwr][DEBUG] - fit_round 26: strategy sampled 8 clients (out of 12)
[2026-01-21 23:22:15,249][flwr][DEBUG] - fit_round 26 received 8 results and 0 failures
[2026-01-21 23:22:15,512][flwr][INFO] - fit progress: (26, 0.032259718925993865, {'rmse': 4066.156416076489, 'mae': 1245.7716064453125, 'r2': 0.8819557364452775, 'mape': 5.22883939743042, 'accuracy_10': 89.36810493469238, 'accuracy_20': 95.43631076812744}, 145.30372954095947)
[2026-01-21 23:22:15,513][flwr][DEBUG] - evaluate_round 26: strategy sampled 6 clients (out of 12)
[2026-01-21 23:22:15,625][flwr][DEBUG] - evaluate_round 26 received 6 results and 0 failures
[2026-01-21 23:22:15,626][flwr][DEBUG] - fit_round 27: strategy sampled 8 clients (out of 12)
[2026-01-21 23:22:19,947][flwr][DEBUG] - fit_round 27 received 8 results and 0 failures
[2026-01-21 23:22:20,187][flwr][INFO] - fit progress: (27, 0.031078225612610488, {'rmse': 4112.165852686392, 'mae': 1405.3623046875, 'r2': 0.8792692342755316, 'mape': 5.538431167602539, 'accuracy_10': 87.16148734092712, 'accuracy_20': 95.88766098022461}, 149.97908149997238)
[2026-01-21 23:22:20,187][flwr][DEBUG] - evaluate_round 27: strategy sampled 6 clients (out of 12)
[2026-01-21 23:22:20,271][flwr][DEBUG] - evaluate_round 27 received 6 results and 0 failures
[2026-01-21 23:22:20,271][flwr][DEBUG] - fit_round 28: strategy sampled 8 clients (out of 12)
[2026-01-21 23:22:24,674][flwr][DEBUG] - fit_round 28 received 8 results and 0 failures
[2026-01-21 23:22:24,910][flwr][INFO] - fit progress: (28, 0.032059274378457785, {'rmse': 4053.776880885281, 'mae': 1235.3975830078125, 'r2': 0.8826734242093093, 'mape': 5.268644332885742, 'accuracy_10': 90.12036323547363, 'accuracy_20': 95.8375096321106}, 154.70248674997129)
[2026-01-21 23:22:24,911][flwr][DEBUG] - evaluate_round 28: strategy sampled 6 clients (out of 12)
[2026-01-21 23:22:25,128][flwr][DEBUG] - evaluate_round 28 received 6 results and 0 failures
[2026-01-21 23:22:25,128][flwr][DEBUG] - fit_round 29: strategy sampled 8 clients (out of 12)
[2026-01-21 23:22:29,373][flwr][DEBUG] - fit_round 29 received 8 results and 0 failures
[2026-01-21 23:22:29,613][flwr][INFO] - fit progress: (29, 0.029919924218218808, {'rmse': 4062.102411313629, 'mae': 1379.1561279296875, 'r2': 0.8821910009928291, 'mape': 5.440821647644043, 'accuracy_10': 87.16148734092712, 'accuracy_20': 96.18856310844421}, 159.4050468749483)
[2026-01-21 23:22:29,613][flwr][DEBUG] - evaluate_round 29: strategy sampled 6 clients (out of 12)
[2026-01-21 23:22:29,686][flwr][DEBUG] - evaluate_round 29 received 6 results and 0 failures
[2026-01-21 23:22:29,686][flwr][DEBUG] - fit_round 30: strategy sampled 8 clients (out of 12)
[2026-01-21 23:22:34,006][flwr][DEBUG] - fit_round 30 received 8 results and 0 failures
[2026-01-21 23:22:34,249][flwr][INFO] - fit progress: (30, 0.030608749952178483, {'rmse': 3981.1218268221837, 'mae': 1248.3765869140625, 'r2': 0.8868413751282102, 'mape': 5.302566051483154, 'accuracy_10': 88.71614933013916, 'accuracy_20': 95.93781232833862}, 164.04116187494947)
[2026-01-21 23:22:34,249][flwr][DEBUG] - evaluate_round 30: strategy sampled 6 clients (out of 12)
[2026-01-21 23:22:34,326][flwr][DEBUG] - evaluate_round 30 received 6 results and 0 failures
[2026-01-21 23:22:34,326][flwr][DEBUG] - fit_round 31: strategy sampled 8 clients (out of 12)
[2026-01-21 23:22:38,661][flwr][DEBUG] - fit_round 31 received 8 results and 0 failures
[2026-01-21 23:22:38,908][flwr][INFO] - fit progress: (31, 0.02897175428165177, {'rmse': 3944.4768981450507, 'mae': 1354.765380859375, 'r2': 0.8889149633971981, 'mape': 5.436481475830078, 'accuracy_10': 87.61283755302429, 'accuracy_20': 95.98796367645264}, 168.69967883295612)
[2026-01-21 23:22:38,908][flwr][DEBUG] - evaluate_round 31: strategy sampled 6 clients (out of 12)
[2026-01-21 23:22:38,986][flwr][DEBUG] - evaluate_round 31 received 6 results and 0 failures
[2026-01-21 23:22:38,987][flwr][DEBUG] - fit_round 32: strategy sampled 8 clients (out of 12)
[2026-01-21 23:22:43,306][flwr][DEBUG] - fit_round 32 received 8 results and 0 failures
[2026-01-21 23:22:43,539][flwr][INFO] - fit progress: (32, 0.029817067256707366, {'rmse': 3984.1190996254118, 'mae': 1381.773193359375, 'r2': 0.886670926942464, 'mape': 5.56714391708374, 'accuracy_10': 87.31193542480469, 'accuracy_20': 96.38916850090027}, 173.33084158296697)
[2026-01-21 23:22:43,539][flwr][DEBUG] - evaluate_round 32: strategy sampled 6 clients (out of 12)
[2026-01-21 23:22:43,730][flwr][DEBUG] - evaluate_round 32 received 6 results and 0 failures
[2026-01-21 23:22:43,730][flwr][DEBUG] - fit_round 33: strategy sampled 8 clients (out of 12)
[2026-01-21 23:22:48,123][flwr][DEBUG] - fit_round 33 received 8 results and 0 failures
[2026-01-21 23:22:48,389][flwr][INFO] - fit progress: (33, 0.03014947068779435, {'rmse': 3924.9253496085757, 'mae': 1239.7147216796875, 'r2': 0.8900134683692048, 'mape': 5.344364166259766, 'accuracy_10': 90.07021188735962, 'accuracy_20': 96.23871445655823}, 178.1811823329772)
[2026-01-21 23:22:48,389][flwr][DEBUG] - evaluate_round 33: strategy sampled 6 clients (out of 12)
[2026-01-21 23:22:48,474][flwr][DEBUG] - evaluate_round 33 received 6 results and 0 failures
[2026-01-21 23:22:48,474][flwr][DEBUG] - fit_round 34: strategy sampled 8 clients (out of 12)
[2026-01-21 23:22:52,768][flwr][DEBUG] - fit_round 34 received 8 results and 0 failures
[2026-01-21 23:22:53,002][flwr][INFO] - fit progress: (34, 0.02910622483009142, {'rmse': 3975.9900653799427, 'mae': 1409.3585205078125, 'r2': 0.8871329204288853, 'mape': 5.640897750854492, 'accuracy_10': 86.50952577590942, 'accuracy_20': 96.13841772079468}, 182.7943670829991)
[2026-01-21 23:22:53,003][flwr][DEBUG] - evaluate_round 34: strategy sampled 6 clients (out of 12)
[2026-01-21 23:22:53,220][flwr][DEBUG] - evaluate_round 34 received 6 results and 0 failures
[2026-01-21 23:22:53,220][flwr][DEBUG] - fit_round 35: strategy sampled 8 clients (out of 12)
[2026-01-21 23:22:57,788][flwr][DEBUG] - fit_round 35 received 8 results and 0 failures
[2026-01-21 23:22:58,040][flwr][INFO] - fit progress: (35, 0.030242469225269384, {'rmse': 3948.456787151152, 'mae': 1228.9378662109375, 'r2': 0.8886906910123736, 'mape': 5.310325622558594, 'accuracy_10': 88.86659741401672, 'accuracy_20': 95.98796367645264}, 187.8317604579497)
[2026-01-21 23:22:58,040][flwr][DEBUG] - evaluate_round 35: strategy sampled 6 clients (out of 12)
[2026-01-21 23:22:58,122][flwr][DEBUG] - evaluate_round 35 received 6 results and 0 failures
[2026-01-21 23:22:58,122][flwr][DEBUG] - fit_round 36: strategy sampled 8 clients (out of 12)
[2026-01-21 23:23:02,666][flwr][DEBUG] - fit_round 36 received 8 results and 0 failures
[2026-01-21 23:23:02,909][flwr][INFO] - fit progress: (36, 0.029681037827474305, {'rmse': 3922.3221438326555, 'mae': 1216.47607421875, 'r2': 0.8901593143495139, 'mape': 5.237465858459473, 'accuracy_10': 89.4182562828064, 'accuracy_20': 95.98796367645264}, 192.7008372079581)
[2026-01-21 23:23:02,909][flwr][DEBUG] - evaluate_round 36: strategy sampled 6 clients (out of 12)
[2026-01-21 23:23:02,995][flwr][DEBUG] - evaluate_round 36 received 6 results and 0 failures
[2026-01-21 23:23:02,995][flwr][DEBUG] - fit_round 37: strategy sampled 8 clients (out of 12)
[2026-01-21 23:23:07,246][flwr][DEBUG] - fit_round 37 received 8 results and 0 failures
[2026-01-21 23:23:07,506][flwr][INFO] - fit progress: (37, 0.02894789010936482, {'rmse': 3939.6102599115056, 'mae': 1391.1287841796875, 'r2': 0.8891889095047141, 'mape': 5.624690532684326, 'accuracy_10': 86.76028251647949, 'accuracy_20': 96.53961658477783}, 197.29753466596594)
[2026-01-21 23:23:07,506][flwr][DEBUG] - evaluate_round 37: strategy sampled 6 clients (out of 12)
[2026-01-21 23:23:07,594][flwr][DEBUG] - evaluate_round 37 received 6 results and 0 failures
[2026-01-21 23:23:07,595][flwr][DEBUG] - fit_round 38: strategy sampled 8 clients (out of 12)
[2026-01-21 23:23:11,907][flwr][DEBUG] - fit_round 38 received 8 results and 0 failures
[2026-01-21 23:23:12,138][flwr][INFO] - fit progress: (38, 0.02875970798724872, {'rmse': 3949.366025072885, 'mae': 1392.177978515625, 'r2': 0.8886394186963034, 'mape': 5.616833209991455, 'accuracy_10': 86.86057925224304, 'accuracy_20': 96.43931984901428}, 201.93014562496683)
[2026-01-21 23:23:12,138][flwr][DEBUG] - evaluate_round 38: strategy sampled 6 clients (out of 12)
[2026-01-21 23:23:12,228][flwr][DEBUG] - evaluate_round 38 received 6 results and 0 failures
[2026-01-21 23:23:12,228][flwr][DEBUG] - fit_round 39: strategy sampled 8 clients (out of 12)
[2026-01-21 23:23:16,653][flwr][DEBUG] - fit_round 39 received 8 results and 0 failures
[2026-01-21 23:23:16,889][flwr][INFO] - fit progress: (39, 0.026161744426506213, {'rmse': 3819.4082002320724, 'mae': 1307.5902099609375, 'r2': 0.895847696230417, 'mape': 5.312897682189941, 'accuracy_10': 88.2146418094635, 'accuracy_20': 96.4894711971283}, 206.68132808298105)
[2026-01-21 23:23:16,890][flwr][DEBUG] - evaluate_round 39: strategy sampled 6 clients (out of 12)
[2026-01-21 23:23:16,964][flwr][DEBUG] - evaluate_round 39 received 6 results and 0 failures
[2026-01-21 23:23:16,964][flwr][DEBUG] - fit_round 40: strategy sampled 8 clients (out of 12)
[2026-01-21 23:23:21,366][flwr][DEBUG] - fit_round 40 received 8 results and 0 failures
[2026-01-21 23:23:21,614][flwr][INFO] - fit progress: (40, 0.026518873393969047, {'rmse': 3814.945871175632, 'mae': 1304.776123046875, 'r2': 0.8960909244128733, 'mape': 5.399641036987305, 'accuracy_10': 88.06419372558594, 'accuracy_20': 96.38916850090027}, 211.40630891598994)
[2026-01-21 23:23:21,615][flwr][DEBUG] - evaluate_round 40: strategy sampled 6 clients (out of 12)
[2026-01-21 23:23:21,776][flwr][DEBUG] - evaluate_round 40 received 6 results and 0 failures
[2026-01-21 23:23:21,776][flwr][INFO] - FL finished in 211.56774454098195
[2026-01-21 23:23:21,777][flwr][INFO] - app_fit: losses_distributed [(1, 0.20245807212517128), (2, 0.07913190241643163), (3, 0.042631592251879284), (4, 0.03665212676908163), (5, 0.061817455013903476), (6, 0.042192628406109926), (7, 0.03491808821779496), (8, 0.03524627937387685), (9, 0.058114983806228065), (10, 0.020389995600225225), (11, 0.03339116498827934), (12, 0.03703371093123804), (13, 0.027800513057633727), (14, 0.08293315962290586), (15, 0.05890534900874295), (16, 0.03721769160607785), (17, 0.029581794483626404), (18, 0.05240469161959466), (19, 0.03150069725009755), (20, 0.028524779095838768), (21, 0.06608475747798928), (22, 0.041971909623634535), (23, 0.05950166655327555), (24, 0.054331846447078745), (25, 0.036027816699762086), (26, 0.05403471798769928), (27, 0.021398971069467084), (28, 0.027660618102571373), (29, 0.02337738927525604), (30, 0.03834844052121787), (31, 0.04829347300556354), (32, 0.023501546072086023), (33, 0.03335999979653172), (34, 0.04266301338992988), (35, 0.03488591649046218), (36, 0.05094627468794678), (37, 0.0295116675601611), (38, 0.023119213379251352), (39, 0.0534560437604205), (40, 0.03032086658442676)]
[2026-01-21 23:23:21,778][flwr][INFO] - app_fit: metrics_distributed_fit {}
[2026-01-21 23:23:21,778][flwr][INFO] - app_fit: metrics_distributed {}
[2026-01-21 23:23:21,778][flwr][INFO] - app_fit: losses_centralized [(0, 1.4340404903996313), (1, 0.16635125495844644), (2, 0.08742608057116434), (3, 0.06212615678712741), (4, 0.04918082702975933), (5, 0.04482802629298946), (6, 0.046408070373716005), (7, 0.03601787300031247), (8, 0.03583554170816509), (9, 0.038345043513823), (10, 0.03724309048683587), (11, 0.03596589485241274), (12, 0.036394012261484726), (13, 0.03294861204212264), (14, 0.035047516389306234), (15, 0.03490278997468793), (16, 0.03238546996449336), (17, 0.03732823005175907), (18, 0.033130871719580776), (19, 0.0332849240920683), (20, 0.031602535082948364), (21, 0.038244582169923706), (22, 0.032025509554081955), (23, 0.03249004038112423), (24, 0.03274335886502158), (25, 0.029347583821553405), (26, 0.032259718925993865), (27, 0.031078225612610488), (28, 0.032059274378457785), (29, 0.029919924218218808), (30, 0.030608749952178483), (31, 0.02897175428165177), (32, 0.029817067256707366), (33, 0.03014947068779435), (34, 0.02910622483009142), (35, 0.030242469225269384), (36, 0.029681037827474305), (37, 0.02894789010936482), (38, 0.02875970798724872), (39, 0.026161744426506213), (40, 0.026518873393969047)]
[2026-01-21 23:23:21,778][flwr][INFO] - app_fit: metrics_centralized {'rmse': [(0, 11782.010694274555), (1, 6298.814174112457), (2, 4878.169328754384), (3, 4531.7325605114875), (4, 4180.164350835981), (5, 4177.785537817852), (6, 4343.830337386579), (7, 4034.085150315992), (8, 4053.7221167712028), (9, 4176.633812054871), (10, 4196.1105800491005), (11, 4367.532026213431), (12, 4173.432160704185), (13, 4072.6536803416025), (14, 4103.638873000401), (15, 4116.828633790821), (16, 4049.1075559930487), (17, 4193.8683813395955), (18, 4022.1405992331993), (19, 4130.694856800729), (20, 4077.313698993493), (21, 4327.869221684038), (22, 4220.876686187361), (23, 4065.16801620794), (24, 4085.7156043953914), (25, 4037.426779521828), (26, 4066.156416076489), (27, 4112.165852686392), (28, 4053.776880885281), (29, 4062.102411313629), (30, 3981.1218268221837), (31, 3944.4768981450507), (32, 3984.1190996254118), (33, 3924.9253496085757), (34, 3975.9900653799427), (35, 3948.456787151152), (36, 3922.3221438326555), (37, 3939.6102599115056), (38, 3949.366025072885), (39, 3819.4082002320724), (40, 3814.945871175632)], 'mae': [(0, 9149.193359375), (1, 3290.458984375), (2, 2184.53515625), (3, 1735.970703125), (4, 1559.891845703125), (5, 1413.7952880859375), (6, 1393.5938720703125), (7, 1366.3414306640625), (8, 1396.5269775390625), (9, 1333.9371337890625), (10, 1347.24267578125), (11, 1530.36767578125), (12, 1292.943603515625), (13, 1350.2620849609375), (14, 1246.7412109375), (15, 1269.7904052734375), (16, 1343.605224609375), (17, 1226.1448974609375), (18, 1253.906982421875), (19, 1259.9332275390625), (20, 1382.4110107421875), (21, 1226.8172607421875), (22, 1477.946044921875), (23, 1240.1390380859375), (24, 1238.840576171875), (25, 1331.2071533203125), (26, 1245.7716064453125), (27, 1405.3623046875), (28, 1235.3975830078125), (29, 1379.1561279296875), (30, 1248.3765869140625), (31, 1354.765380859375), (32, 1381.773193359375), (33, 1239.7147216796875), (34, 1409.3585205078125), (35, 1228.9378662109375), (36, 1216.47607421875), (37, 1391.1287841796875), (38, 1392.177978515625), (39, 1307.5902099609375), (40, 1304.776123046875)], 'r2': [(0, 0.00890437044283554), (1, 0.7167340930865911), (2, 0.830101143736365), (3, 0.8533759300293625), (4, 0.8752434261733792), (5, 0.8753853783322019), (6, 0.8652829868130418), (7, 0.8838105080793203), (8, 0.882676592064078), (9, 0.8754540738494997), (10, 0.8742897845600636), (11, 0.8638088343960508), (12, 0.8756449517653047), (13, 0.8815781970870284), (14, 0.879769410678111), (15, 0.8789952881680155), (16, 0.8829435498253104), (17, 0.8744240957358563), (18, 0.8844975439152667), (19, 0.8781787809343952), (20, 0.8813070375184293), (21, 0.866271196174921), (22, 0.8728014794585737), (23, 0.8820131171479733), (24, 0.8808173619677682), (25, 0.8836179435741709), (26, 0.8819557364452775), (27, 0.8792692342755316), (28, 0.8826734242093093), (29, 0.8821910009928291), (30, 0.8868413751282102), (31, 0.8889149633971981), (32, 0.886670926942464), (33, 0.8900134683692048), (34, 0.8871329204288853), (35, 0.8886906910123736), (36, 0.8901593143495139), (37, 0.8891889095047141), (38, 0.8886394186963034), (39, 0.895847696230417), (40, 0.8960909244128733)], 'mape': [(0, 79.91940307617188), (1, 17.66020393371582), (2, 11.675688743591309), (3, 8.989354133605957), (4, 7.866327285766602), (5, 6.886218547821045), (6, 6.737357139587402), (7, 6.049465179443359), (8, 6.079810619354248), (9, 5.901822566986084), (10, 5.849758148193359), (11, 5.828583240509033), (12, 5.585604667663574), (13, 5.4936628341674805), (14, 5.396646976470947), (15, 5.441223621368408), (16, 5.420359134674072), (17, 5.457304000854492), (18, 5.32411527633667), (19, 5.289027690887451), (20, 5.489591121673584), (21, 5.493159294128418), (22, 5.590876579284668), (23, 5.258856773376465), (24, 5.2318267822265625), (25, 5.24459981918335), (26, 5.22883939743042), (27, 5.538431167602539), (28, 5.268644332885742), (29, 5.440821647644043), (30, 5.302566051483154), (31, 5.436481475830078), (32, 5.56714391708374), (33, 5.344364166259766), (34, 5.640897750854492), (35, 5.310325622558594), (36, 5.237465858459473), (37, 5.624690532684326), (38, 5.616833209991455), (39, 5.312897682189941), (40, 5.399641036987305)], 'accuracy_10': [(0, 11.735205352306366), (1, 35.0050151348114), (2, 56.82046413421631), (3, 72.3671019077301), (4, 76.73019170761108), (5, 84.1524600982666), (6, 86.40922904014587), (7, 86.60982847213745), (8, 86.15847826004028), (9, 88.41524720191956), (10, 88.31494450569153), (11, 84.7041130065918), (12, 88.91674876213074), (13, 87.6629889011383), (14, 89.91975784301758), (15, 89.66900706291199), (16, 87.71314024925232), (17, 89.76930975914001), (18, 89.61885571479797), (19, 90.07021188735962), (20, 87.31193542480469), (21, 90.12036323547363), (22, 85.305917263031), (23, 89.719158411026), (24, 89.86960649490356), (25, 87.56268620491028), (26, 89.36810493469238), (27, 87.16148734092712), (28, 90.12036323547363), (29, 87.16148734092712), (30, 88.71614933013916), (31, 87.61283755302429), (32, 87.31193542480469), (33, 90.07021188735962), (34, 86.50952577590942), (35, 88.86659741401672), (36, 89.4182562828064), (37, 86.76028251647949), (38, 86.86057925224304), (39, 88.2146418094635), (40, 88.06419372558594)], 'accuracy_20': [(0, 21.46439254283905), (1, 74.77432489395142), (2, 88.16449642181396), (3, 93.53058934211731), (4, 94.9849545955658), (5, 94.88465189933777), (6, 95.08525729179382), (7, 96.13841772079468), (8, 96.13841772079468), (9, 94.9849545955658), (10, 95.68706154823303), (11, 95.33600807189941), (12, 95.43631076812744), (13, 96.03811502456665), (14, 95.2858567237854), (15, 95.586758852005), (16, 95.8375096321106), (17, 95.18555402755737), (18, 95.73721289634705), (19, 95.73721289634705), (20, 95.88766098022461), (21, 95.03510594367981), (22, 95.68706154823303), (23, 95.586758852005), (24, 95.63691020011902), (25, 95.93781232833862), (26, 95.43631076812744), (27, 95.88766098022461), (28, 95.8375096321106), (29, 96.18856310844421), (30, 95.93781232833862), (31, 95.98796367645264), (32, 96.38916850090027), (33, 96.23871445655823), (34, 96.13841772079468), (35, 95.98796367645264), (36, 95.98796367645264), (37, 96.53961658477783), (38, 96.43931984901428), (39, 96.4894711971283), (40, 96.38916850090027)]}
[2026-01-21 23:23:22,286][flwr][INFO] - Starting Flower simulation, config: ServerConfig(num_rounds=40, round_timeout=None)
[2026-01-21 23:23:29,850][flwr][INFO] - Flower VCE: Ray initialized with resources: {'node:127.0.0.1': 1.0, 'object_store_memory': 2147483648.0, 'CPU': 10.0, 'memory': 12609746944.0}
[2026-01-21 23:23:29,850][flwr][INFO] - Initializing global parameters
[2026-01-21 23:23:29,850][flwr][INFO] - Using initial parameters provided by strategy
[2026-01-21 23:23:29,850][flwr][INFO] - Evaluating initial parameters
[2026-01-21 23:23:30,081][flwr][INFO] - initial parameters (loss, other metrics): 1.4340404903996313, {'rmse': 11782.010694274555, 'mae': 9149.193359375, 'r2': 0.00890437044283554, 'mape': 79.91940307617188, 'accuracy_10': 11.735205352306366, 'accuracy_20': 21.46439254283905}
[2026-01-21 23:23:30,081][flwr][INFO] - FL starting
[2026-01-21 23:23:30,082][flwr][DEBUG] - fit_round 1: strategy sampled 8 clients (out of 12)
[2026-01-21 23:23:42,920][flwr][DEBUG] - fit_round 1 received 8 results and 0 failures
[2026-01-21 23:23:42,926][flwr][WARNING] - No fit_metrics_aggregation_fn provided
[2026-01-21 23:23:43,205][flwr][INFO] - fit progress: (1, 0.15321883994155566, {'rmse': 5782.362320021118, 'mae': 3079.160400390625, 'r2': 0.7612808188271006, 'mape': 16.514793395996094, 'accuracy_10': 36.71013116836548, 'accuracy_20': 74.27281737327576}, 13.123187332996167)
[2026-01-21 23:23:43,205][flwr][DEBUG] - evaluate_round 1: strategy sampled 6 clients (out of 12)
[2026-01-21 23:23:43,436][flwr][DEBUG] - evaluate_round 1 received 6 results and 0 failures
[2026-01-21 23:23:43,436][flwr][WARNING] - No evaluate_metrics_aggregation_fn provided
[2026-01-21 23:23:43,436][flwr][DEBUG] - fit_round 2: strategy sampled 8 clients (out of 12)
[2026-01-21 23:23:50,478][flwr][DEBUG] - fit_round 2 received 8 results and 0 failures
[2026-01-21 23:23:50,734][flwr][INFO] - fit progress: (2, 0.09428666999849417, {'rmse': 4948.044866409358, 'mae': 2347.160888671875, 'r2': 0.8251989764778571, 'mape': 12.405699729919434, 'accuracy_10': 52.10632085800171, 'accuracy_20': 86.55967712402344}, 20.652155457995832)
[2026-01-21 23:23:50,734][flwr][DEBUG] - evaluate_round 2: strategy sampled 6 clients (out of 12)
[2026-01-21 23:23:50,928][flwr][DEBUG] - evaluate_round 2 received 6 results and 0 failures
[2026-01-21 23:23:50,929][flwr][DEBUG] - fit_round 3: strategy sampled 8 clients (out of 12)
[2026-01-21 23:23:58,668][flwr][DEBUG] - fit_round 3 received 8 results and 0 failures
[2026-01-21 23:23:58,929][flwr][INFO] - fit progress: (3, 0.06971073695790087, {'rmse': 4674.582548206845, 'mae': 1941.474365234375, 'r2': 0.8439864231611014, 'mape': 9.936715126037598, 'accuracy_10': 68.30491423606873, 'accuracy_20': 91.62487387657166}, 28.847325124952476)
[2026-01-21 23:23:58,929][flwr][DEBUG] - evaluate_round 3: strategy sampled 6 clients (out of 12)
[2026-01-21 23:23:59,157][flwr][DEBUG] - evaluate_round 3 received 6 results and 0 failures
[2026-01-21 23:23:59,157][flwr][DEBUG] - fit_round 4: strategy sampled 8 clients (out of 12)
[2026-01-21 23:24:06,864][flwr][DEBUG] - fit_round 4 received 8 results and 0 failures
[2026-01-21 23:24:07,104][flwr][INFO] - fit progress: (4, 0.05942212498056494, {'rmse': 4561.994739146462, 'mae': 1734.4224853515625, 'r2': 0.8514111267730894, 'mape': 8.61313533782959, 'accuracy_10': 77.3821473121643, 'accuracy_20': 93.07923913002014}, 37.022889207990374)
[2026-01-21 23:24:07,105][flwr][DEBUG] - evaluate_round 4: strategy sampled 6 clients (out of 12)
[2026-01-21 23:24:07,304][flwr][DEBUG] - evaluate_round 4 received 6 results and 0 failures
[2026-01-21 23:24:07,304][flwr][DEBUG] - fit_round 5: strategy sampled 8 clients (out of 12)
[2026-01-21 23:24:14,637][flwr][DEBUG] - fit_round 5 received 8 results and 0 failures
[2026-01-21 23:24:14,875][flwr][INFO] - fit progress: (5, 0.049462817175876174, {'rmse': 4366.738599916418, 'mae': 1608.36181640625, 'r2': 0.8638583174608165, 'mape': 7.7070159912109375, 'accuracy_10': 79.28786277770996, 'accuracy_20': 94.03209686279297}, 44.79308495798614)
[2026-01-21 23:24:14,875][flwr][DEBUG] - evaluate_round 5: strategy sampled 6 clients (out of 12)
[2026-01-21 23:24:15,077][flwr][DEBUG] - evaluate_round 5 received 6 results and 0 failures
[2026-01-21 23:24:15,077][flwr][DEBUG] - fit_round 6: strategy sampled 8 clients (out of 12)
[2026-01-21 23:24:22,667][flwr][DEBUG] - fit_round 6 received 8 results and 0 failures
[2026-01-21 23:24:22,909][flwr][INFO] - fit progress: (6, 0.04476293929130467, {'rmse': 4260.557709971783, 'mae': 1527.16064453125, 'r2': 0.8703986176185757, 'mape': 7.092429161071777, 'accuracy_10': 82.44734406471252, 'accuracy_20': 94.83450055122375}, 52.823154374957085)
[2026-01-21 23:24:22,909][flwr][DEBUG] - evaluate_round 6: strategy sampled 6 clients (out of 12)
[2026-01-21 23:24:23,096][flwr][DEBUG] - evaluate_round 6 received 6 results and 0 failures
[2026-01-21 23:24:23,096][flwr][DEBUG] - fit_round 7: strategy sampled 8 clients (out of 12)
[2026-01-21 23:24:30,867][flwr][DEBUG] - fit_round 7 received 8 results and 0 failures
[2026-01-21 23:24:31,109][flwr][INFO] - fit progress: (7, 0.04168471261492763, {'rmse': 4223.144563000419, 'mae': 1480.0848388671875, 'r2': 0.872664763059716, 'mape': 6.734334468841553, 'accuracy_10': 83.65095257759094, 'accuracy_20': 95.13540863990784}, 61.02117545797955)
[2026-01-21 23:24:31,110][flwr][DEBUG] - evaluate_round 7: strategy sampled 6 clients (out of 12)
[2026-01-21 23:24:31,315][flwr][DEBUG] - evaluate_round 7 received 6 results and 0 failures
[2026-01-21 23:24:31,315][flwr][DEBUG] - fit_round 8: strategy sampled 8 clients (out of 12)
[2026-01-21 23:24:38,630][flwr][DEBUG] - fit_round 8 received 8 results and 0 failures
[2026-01-21 23:24:38,885][flwr][INFO] - fit progress: (8, 0.04091717908112192, {'rmse': 4173.303727264528, 'mae': 1394.445068359375, 'r2': 0.8756526074143289, 'mape': 6.365289688110352, 'accuracy_10': 86.25877499580383, 'accuracy_20': 94.9849545955658}, 68.79587237496162)
[2026-01-21 23:24:38,886][flwr][DEBUG] - evaluate_round 8: strategy sampled 6 clients (out of 12)
[2026-01-21 23:24:39,059][flwr][DEBUG] - evaluate_round 8 received 6 results and 0 failures
[2026-01-21 23:24:39,060][flwr][DEBUG] - fit_round 9: strategy sampled 8 clients (out of 12)
[2026-01-21 23:24:45,938][flwr][DEBUG] - fit_round 9 received 8 results and 0 failures
[2026-01-21 23:24:46,271][flwr][INFO] - fit progress: (9, 0.03908183292645509, {'rmse': 4230.443002807153, 'mae': 1534.3800048828125, 'r2': 0.8722242552549431, 'mape': 6.53858757019043, 'accuracy_10': 83.75125527381897, 'accuracy_20': 95.43631076812744}, 76.18089516699547)
[2026-01-21 23:24:46,272][flwr][DEBUG] - evaluate_round 9: strategy sampled 6 clients (out of 12)
[2026-01-21 23:24:46,590][flwr][DEBUG] - evaluate_round 9 received 6 results and 0 failures
[2026-01-21 23:24:46,590][flwr][DEBUG] - fit_round 10: strategy sampled 8 clients (out of 12)
[2026-01-21 23:24:54,145][flwr][DEBUG] - fit_round 10 received 8 results and 0 failures
[2026-01-21 23:24:54,403][flwr][INFO] - fit progress: (10, 0.03800380687297526, {'rmse': 4230.9495388151345, 'mae': 1517.233642578125, 'r2': 0.8721936619908348, 'mape': 6.382299900054932, 'accuracy_10': 84.25275683403015, 'accuracy_20': 95.33600807189941}, 84.31218058295781)
[2026-01-21 23:24:54,403][flwr][DEBUG] - evaluate_round 10: strategy sampled 6 clients (out of 12)
[2026-01-21 23:24:54,626][flwr][DEBUG] - evaluate_round 10 received 6 results and 0 failures
[2026-01-21 23:24:54,626][flwr][DEBUG] - fit_round 11: strategy sampled 8 clients (out of 12)
[2026-01-21 23:25:02,286][flwr][DEBUG] - fit_round 11 received 8 results and 0 failures
[2026-01-21 23:25:02,545][flwr][INFO] - fit progress: (11, 0.03687262511368441, {'rmse': 4047.566429349863, 'mae': 1306.2550048828125, 'r2': 0.8830326384076813, 'mape': 5.867980480194092, 'accuracy_10': 87.16148734092712, 'accuracy_20': 95.38615942001343}, 92.45341699995333)
[2026-01-21 23:25:02,545][flwr][DEBUG] - evaluate_round 11: strategy sampled 6 clients (out of 12)
[2026-01-21 23:25:02,749][flwr][DEBUG] - evaluate_round 11 received 6 results and 0 failures
[2026-01-21 23:25:02,749][flwr][DEBUG] - fit_round 12: strategy sampled 8 clients (out of 12)
[2026-01-21 23:25:09,370][flwr][DEBUG] - fit_round 12 received 8 results and 0 failures
[2026-01-21 23:25:09,609][flwr][INFO] - fit progress: (12, 0.03561926113559286, {'rmse': 4057.6408170265636, 'mae': 1380.862548828125, 'r2': 0.882449650468291, 'mape': 5.894679069519043, 'accuracy_10': 85.65697073936462, 'accuracy_20': 95.73721289634705}, 99.51696008298313)
[2026-01-21 23:25:09,609][flwr][DEBUG] - evaluate_round 12: strategy sampled 6 clients (out of 12)
[2026-01-21 23:25:09,808][flwr][DEBUG] - evaluate_round 12 received 6 results and 0 failures
[2026-01-21 23:25:09,808][flwr][DEBUG] - fit_round 13: strategy sampled 8 clients (out of 12)
[2026-01-21 23:25:17,005][flwr][DEBUG] - fit_round 13 received 8 results and 0 failures
[2026-01-21 23:25:17,256][flwr][INFO] - fit progress: (13, 0.037674029785560566, {'rmse': 4045.8905076633005, 'mae': 1313.677001953125, 'r2': 0.8831294853010365, 'mape': 5.924769878387451, 'accuracy_10': 87.3620867729187, 'accuracy_20': 95.23570537567139}, 107.1640337499557)
[2026-01-21 23:25:17,256][flwr][DEBUG] - evaluate_round 13: strategy sampled 6 clients (out of 12)
[2026-01-21 23:25:17,386][flwr][DEBUG] - evaluate_round 13 received 6 results and 0 failures
[2026-01-21 23:25:17,386][flwr][DEBUG] - fit_round 14: strategy sampled 8 clients (out of 12)
[2026-01-21 23:25:24,295][flwr][DEBUG] - fit_round 14 received 8 results and 0 failures
[2026-01-21 23:25:24,543][flwr][INFO] - fit progress: (14, 0.03455722280810685, {'rmse': 4006.8123240301634, 'mae': 1380.612060546875, 'r2': 0.8853762202987217, 'mape': 5.874869346618652, 'accuracy_10': 86.00802421569824, 'accuracy_20': 95.93781232833862}, 114.45068670797627)
[2026-01-21 23:25:24,543][flwr][DEBUG] - evaluate_round 14: strategy sampled 6 clients (out of 12)
[2026-01-21 23:25:24,637][flwr][DEBUG] - evaluate_round 14 received 6 results and 0 failures
[2026-01-21 23:25:24,637][flwr][DEBUG] - fit_round 15: strategy sampled 8 clients (out of 12)
[2026-01-21 23:25:31,916][flwr][DEBUG] - fit_round 15 received 8 results and 0 failures
[2026-01-21 23:25:32,175][flwr][INFO] - fit progress: (15, 0.03439363177936737, {'rmse': 3964.592665079226, 'mae': 1361.4783935546875, 'r2': 0.8877790674727254, 'mape': 5.8802714347839355, 'accuracy_10': 86.20862364768982, 'accuracy_20': 95.78736424446106}, 122.08281766698929)
[2026-01-21 23:25:32,175][flwr][DEBUG] - evaluate_round 15: strategy sampled 6 clients (out of 12)
[2026-01-21 23:25:32,399][flwr][DEBUG] - evaluate_round 15 received 6 results and 0 failures
[2026-01-21 23:25:32,399][flwr][DEBUG] - fit_round 16: strategy sampled 8 clients (out of 12)
[2026-01-21 23:25:39,704][flwr][DEBUG] - fit_round 16 received 8 results and 0 failures
[2026-01-21 23:25:39,969][flwr][INFO] - fit progress: (16, 0.03426775603425299, {'rmse': 4021.43332656405, 'mae': 1388.79931640625, 'r2': 0.8845381613864786, 'mape': 5.844879150390625, 'accuracy_10': 85.45637130737305, 'accuracy_20': 95.586758852005}, 129.87654987495625)
[2026-01-21 23:25:39,969][flwr][DEBUG] - evaluate_round 16: strategy sampled 6 clients (out of 12)
[2026-01-21 23:25:40,156][flwr][DEBUG] - evaluate_round 16 received 6 results and 0 failures
[2026-01-21 23:25:40,156][flwr][DEBUG] - fit_round 17: strategy sampled 8 clients (out of 12)
[2026-01-21 23:25:47,253][flwr][DEBUG] - fit_round 17 received 8 results and 0 failures
[2026-01-21 23:25:47,552][flwr][INFO] - fit progress: (17, 0.034247073896954146, {'rmse': 4111.649547322826, 'mae': 1462.7965087890625, 'r2': 0.879299541552751, 'mape': 5.924036502838135, 'accuracy_10': 85.25576591491699, 'accuracy_20': 95.43631076812744}, 137.46038641699124)
[2026-01-21 23:25:47,553][flwr][DEBUG] - evaluate_round 17: strategy sampled 6 clients (out of 12)
[2026-01-21 23:25:47,802][flwr][DEBUG] - evaluate_round 17 received 6 results and 0 failures
[2026-01-21 23:25:47,802][flwr][DEBUG] - fit_round 18: strategy sampled 8 clients (out of 12)
[2026-01-21 23:25:56,939][flwr][DEBUG] - fit_round 18 received 8 results and 0 failures
[2026-01-21 23:25:57,185][flwr][INFO] - fit progress: (18, 0.03198642288161854, {'rmse': 3914.582736384556, 'mae': 1340.51904296875, 'r2': 0.8905923571631884, 'mape': 5.61855411529541, 'accuracy_10': 86.55967712402344, 'accuracy_20': 95.98796367645264}, 147.09265775000677)
[2026-01-21 23:25:57,185][flwr][DEBUG] - evaluate_round 18: strategy sampled 6 clients (out of 12)
[2026-01-21 23:25:57,401][flwr][DEBUG] - evaluate_round 18 received 6 results and 0 failures
[2026-01-21 23:25:57,401][flwr][DEBUG] - fit_round 19: strategy sampled 8 clients (out of 12)
[2026-01-21 23:26:05,104][flwr][DEBUG] - fit_round 19 received 8 results and 0 failures
[2026-01-21 23:26:05,395][flwr][INFO] - fit progress: (19, 0.03242525908770927, {'rmse': 3881.2613928979326, 'mae': 1315.381591796875, 'r2': 0.8924470041362798, 'mape': 5.627498149871826, 'accuracy_10': 86.86057925224304, 'accuracy_20': 95.8375096321106}, 155.3026294169831)
[2026-01-21 23:26:05,395][flwr][DEBUG] - evaluate_round 19: strategy sampled 6 clients (out of 12)
[2026-01-21 23:26:05,502][flwr][DEBUG] - evaluate_round 19 received 6 results and 0 failures
[2026-01-21 23:26:05,502][flwr][DEBUG] - fit_round 20: strategy sampled 8 clients (out of 12)
[2026-01-21 23:26:12,761][flwr][DEBUG] - fit_round 20 received 8 results and 0 failures
[2026-01-21 23:26:13,012][flwr][INFO] - fit progress: (20, 0.03185579677485116, {'rmse': 3852.7012601550095, 'mae': 1332.69287109375, 'r2': 0.894024031170283, 'mape': 5.6981587409973145, 'accuracy_10': 86.96088194847107, 'accuracy_20': 95.8375096321106}, 162.91942137497244)
[2026-01-21 23:26:13,012][flwr][DEBUG] - evaluate_round 20: strategy sampled 6 clients (out of 12)
[2026-01-21 23:26:13,261][flwr][DEBUG] - evaluate_round 20 received 6 results and 0 failures
[2026-01-21 23:26:13,262][flwr][DEBUG] - fit_round 21: strategy sampled 8 clients (out of 12)
[2026-01-21 23:26:20,401][flwr][DEBUG] - fit_round 21 received 8 results and 0 failures
[2026-01-21 23:26:20,646][flwr][INFO] - fit progress: (21, 0.03364646350245628, {'rmse': 3831.3343628558446, 'mae': 1256.8572998046875, 'r2': 0.8951962474296379, 'mape': 5.635516166687012, 'accuracy_10': 87.56268620491028, 'accuracy_20': 95.33600807189941}, 170.5536792500061)
[2026-01-21 23:26:20,646][flwr][DEBUG] - evaluate_round 21: strategy sampled 6 clients (out of 12)
[2026-01-21 23:26:20,836][flwr][DEBUG] - evaluate_round 21 received 6 results and 0 failures
[2026-01-21 23:26:20,837][flwr][DEBUG] - fit_round 22: strategy sampled 8 clients (out of 12)
[2026-01-21 23:26:29,159][flwr][DEBUG] - fit_round 22 received 8 results and 0 failures
[2026-01-21 23:26:29,458][flwr][INFO] - fit progress: (22, 0.03200098916649101, {'rmse': 3905.789036801655, 'mae': 1338.847412109375, 'r2': 0.8910833453203393, 'mape': 5.663802623748779, 'accuracy_10': 86.71013116836548, 'accuracy_20': 95.586758852005}, 179.36593874997925)
[2026-01-21 23:26:29,459][flwr][DEBUG] - evaluate_round 22: strategy sampled 6 clients (out of 12)
[2026-01-21 23:26:29,635][flwr][DEBUG] - evaluate_round 22 received 6 results and 0 failures
[2026-01-21 23:26:29,636][flwr][DEBUG] - fit_round 23: strategy sampled 8 clients (out of 12)
[2026-01-21 23:26:36,822][flwr][DEBUG] - fit_round 23 received 8 results and 0 failures
[2026-01-21 23:26:37,063][flwr][INFO] - fit progress: (23, 0.03384287943624505, {'rmse': 3871.28893264246, 'mae': 1268.3084716796875, 'r2': 0.8929989881637213, 'mape': 5.655367851257324, 'accuracy_10': 87.71314024925232, 'accuracy_20': 95.33600807189941}, 186.9708908330067)
[2026-01-21 23:26:37,063][flwr][DEBUG] - evaluate_round 23: strategy sampled 6 clients (out of 12)
[2026-01-21 23:26:37,292][flwr][DEBUG] - evaluate_round 23 received 6 results and 0 failures
[2026-01-21 23:26:37,292][flwr][DEBUG] - fit_round 24: strategy sampled 8 clients (out of 12)
[2026-01-21 23:26:44,236][flwr][DEBUG] - fit_round 24 received 8 results and 0 failures
[2026-01-21 23:26:44,478][flwr][INFO] - fit progress: (24, 0.034368813254589306, {'rmse': 3894.6667379892724, 'mae': 1250.86083984375, 'r2': 0.8917027782555633, 'mape': 5.574612140655518, 'accuracy_10': 87.41223812103271, 'accuracy_20': 95.23570537567139}, 194.38606308295857)
[2026-01-21 23:26:44,479][flwr][DEBUG] - evaluate_round 24: strategy sampled 6 clients (out of 12)
[2026-01-21 23:26:44,654][flwr][DEBUG] - evaluate_round 24 received 6 results and 0 failures
[2026-01-21 23:26:44,654][flwr][DEBUG] - fit_round 25: strategy sampled 8 clients (out of 12)
[2026-01-21 23:26:51,330][flwr][DEBUG] - fit_round 25 received 8 results and 0 failures
[2026-01-21 23:26:51,571][flwr][INFO] - fit progress: (25, 0.033002060967887055, {'rmse': 4089.031792490736, 'mae': 1477.689208984375, 'r2': 0.8806238148410007, 'mape': 5.902238368988037, 'accuracy_10': 85.305917263031, 'accuracy_20': 95.53660750389099}, 201.47900962497806)
[2026-01-21 23:26:51,572][flwr][DEBUG] - evaluate_round 25: strategy sampled 6 clients (out of 12)
[2026-01-21 23:26:51,681][flwr][DEBUG] - evaluate_round 25 received 6 results and 0 failures
[2026-01-21 23:26:51,681][flwr][DEBUG] - fit_round 26: strategy sampled 8 clients (out of 12)
[2026-01-21 23:26:58,372][flwr][DEBUG] - fit_round 26 received 8 results and 0 failures
[2026-01-21 23:26:58,603][flwr][INFO] - fit progress: (26, 0.03137629932594096, {'rmse': 3892.246395078297, 'mae': 1361.220947265625, 'r2': 0.8918373387532591, 'mape': 5.724782466888428, 'accuracy_10': 87.21163272857666, 'accuracy_20': 95.98796367645264}, 208.51108620798914)
[2026-01-21 23:26:58,604][flwr][DEBUG] - evaluate_round 26: strategy sampled 6 clients (out of 12)
[2026-01-21 23:26:58,788][flwr][DEBUG] - evaluate_round 26 received 6 results and 0 failures
[2026-01-21 23:26:58,789][flwr][DEBUG] - fit_round 27: strategy sampled 8 clients (out of 12)
[2026-01-21 23:27:05,650][flwr][DEBUG] - fit_round 27 received 8 results and 0 failures
[2026-01-21 23:27:05,911][flwr][INFO] - fit progress: (27, 0.031475533982561366, {'rmse': 3901.7738273764667, 'mae': 1392.8956298828125, 'r2': 0.8913071703923376, 'mape': 5.837103843688965, 'accuracy_10': 86.91073060035706, 'accuracy_20': 95.88766098022461}, 215.81823912495747)
[2026-01-21 23:27:05,911][flwr][DEBUG] - evaluate_round 27: strategy sampled 6 clients (out of 12)
[2026-01-21 23:27:06,011][flwr][DEBUG] - evaluate_round 27 received 6 results and 0 failures
[2026-01-21 23:27:06,012][flwr][DEBUG] - fit_round 28: strategy sampled 8 clients (out of 12)
[2026-01-21 23:27:12,995][flwr][DEBUG] - fit_round 28 received 8 results and 0 failures
[2026-01-21 23:27:13,275][flwr][INFO] - fit progress: (28, 0.03267034433161842, {'rmse': 4096.030273325626, 'mae': 1477.0665283203125, 'r2': 0.8802148315909741, 'mape': 5.890591144561768, 'accuracy_10': 85.40621995925903, 'accuracy_20': 95.2858567237854}, 223.18223712500185)
[2026-01-21 23:27:13,275][flwr][DEBUG] - evaluate_round 28: strategy sampled 6 clients (out of 12)
[2026-01-21 23:27:13,496][flwr][DEBUG] - evaluate_round 28 received 6 results and 0 failures
[2026-01-21 23:27:13,497][flwr][DEBUG] - fit_round 29: strategy sampled 8 clients (out of 12)
[2026-01-21 23:27:20,614][flwr][DEBUG] - fit_round 29 received 8 results and 0 failures
[2026-01-21 23:27:20,847][flwr][INFO] - fit progress: (29, 0.0327262457781504, {'rmse': 3845.5531461676615, 'mae': 1289.124267578125, 'r2': 0.8944169111585689, 'mape': 5.738668441772461, 'accuracy_10': 87.56268620491028, 'accuracy_20': 95.43631076812744}, 230.75443233299302)
[2026-01-21 23:27:20,847][flwr][DEBUG] - evaluate_round 29: strategy sampled 6 clients (out of 12)
[2026-01-21 23:27:20,938][flwr][DEBUG] - evaluate_round 29 received 6 results and 0 failures
[2026-01-21 23:27:20,938][flwr][DEBUG] - fit_round 30: strategy sampled 8 clients (out of 12)
[2026-01-21 23:27:27,612][flwr][DEBUG] - fit_round 30 received 8 results and 0 failures
[2026-01-21 23:27:27,856][flwr][INFO] - fit progress: (30, 0.031163722349549366, {'rmse': 3872.1029170206725, 'mae': 1370.48974609375, 'r2': 0.892953985560214, 'mape': 5.752809524536133, 'accuracy_10': 86.10832691192627, 'accuracy_20': 95.8375096321106}, 237.7633857919718)
[2026-01-21 23:27:27,856][flwr][DEBUG] - evaluate_round 30: strategy sampled 6 clients (out of 12)
[2026-01-21 23:27:28,040][flwr][DEBUG] - evaluate_round 30 received 6 results and 0 failures
[2026-01-21 23:27:28,040][flwr][DEBUG] - fit_round 31: strategy sampled 8 clients (out of 12)
[2026-01-21 23:27:34,770][flwr][DEBUG] - fit_round 31 received 8 results and 0 failures
[2026-01-21 23:27:35,021][flwr][INFO] - fit progress: (31, 0.03062140973566946, {'rmse': 3819.802743598156, 'mae': 1323.6295166015625, 'r2': 0.89582618121678, 'mape': 5.635091304779053, 'accuracy_10': 86.60982847213745, 'accuracy_20': 95.68706154823303}, 244.92815049999626)
[2026-01-21 23:27:35,021][flwr][DEBUG] - evaluate_round 31: strategy sampled 6 clients (out of 12)
[2026-01-21 23:27:35,117][flwr][DEBUG] - evaluate_round 31 received 6 results and 0 failures
[2026-01-21 23:27:35,117][flwr][DEBUG] - fit_round 32: strategy sampled 8 clients (out of 12)
[2026-01-21 23:27:42,177][flwr][DEBUG] - fit_round 32 received 8 results and 0 failures
[2026-01-21 23:27:42,436][flwr][INFO] - fit progress: (32, 0.031070906977162676, {'rmse': 3815.2623762986473, 'mae': 1336.5189208984375, 'r2': 0.8960736845365745, 'mape': 5.7300238609313965, 'accuracy_10': 86.45938038825989, 'accuracy_20': 95.48646211624146}, 252.34362754196627)
[2026-01-21 23:27:42,437][flwr][DEBUG] - evaluate_round 32: strategy sampled 6 clients (out of 12)
[2026-01-21 23:27:42,522][flwr][DEBUG] - evaluate_round 32 received 6 results and 0 failures
[2026-01-21 23:27:42,522][flwr][DEBUG] - fit_round 33: strategy sampled 8 clients (out of 12)
[2026-01-21 23:27:51,176][flwr][DEBUG] - fit_round 33 received 8 results and 0 failures
[2026-01-21 23:27:51,440][flwr][INFO] - fit progress: (33, 0.03144749159267996, {'rmse': 3808.816220297325, 'mae': 1336.6409912109375, 'r2': 0.8964245684501846, 'mape': 5.78947639465332, 'accuracy_10': 86.60982847213745, 'accuracy_20': 95.586758852005}, 261.3472925419919)
[2026-01-21 23:27:51,441][flwr][DEBUG] - evaluate_round 33: strategy sampled 6 clients (out of 12)
[2026-01-21 23:27:51,569][flwr][DEBUG] - evaluate_round 33 received 6 results and 0 failures
[2026-01-21 23:27:51,569][flwr][DEBUG] - fit_round 34: strategy sampled 8 clients (out of 12)
[2026-01-21 23:27:58,473][flwr][DEBUG] - fit_round 34 received 8 results and 0 failures
[2026-01-21 23:27:58,714][flwr][INFO] - fit progress: (34, 0.032420050704042795, {'rmse': 3813.955427112383, 'mae': 1243.829833984375, 'r2': 0.8961448732729032, 'mape': 5.604799270629883, 'accuracy_10': 87.9137396812439, 'accuracy_20': 95.2858567237854}, 268.621493041981)
[2026-01-21 23:27:58,714][flwr][DEBUG] - evaluate_round 34: strategy sampled 6 clients (out of 12)
[2026-01-21 23:27:58,802][flwr][DEBUG] - evaluate_round 34 received 6 results and 0 failures
[2026-01-21 23:27:58,802][flwr][DEBUG] - fit_round 35: strategy sampled 8 clients (out of 12)
[2026-01-21 23:28:05,630][flwr][DEBUG] - fit_round 35 received 8 results and 0 failures
[2026-01-21 23:28:05,886][flwr][INFO] - fit progress: (35, 0.031127561418079923, {'rmse': 3828.5331394673863, 'mae': 1348.7628173828125, 'r2': 0.8953494410730909, 'mape': 5.7523956298828125, 'accuracy_10': 86.55967712402344, 'accuracy_20': 95.38615942001343}, 275.7937160419533)
[2026-01-21 23:28:05,887][flwr][DEBUG] - evaluate_round 35: strategy sampled 6 clients (out of 12)
[2026-01-21 23:28:05,985][flwr][DEBUG] - evaluate_round 35 received 6 results and 0 failures
[2026-01-21 23:28:05,985][flwr][DEBUG] - fit_round 36: strategy sampled 8 clients (out of 12)
[2026-01-21 23:28:12,975][flwr][DEBUG] - fit_round 36 received 8 results and 0 failures
[2026-01-21 23:28:13,218][flwr][INFO] - fit progress: (36, 0.030665940787258334, {'rmse': 3798.0716159651333, 'mae': 1350.1376953125, 'r2': 0.8970081136973582, 'mape': 5.7833147048950195, 'accuracy_10': 86.65997982025146, 'accuracy_20': 95.53660750389099}, 283.12541058298666)
[2026-01-21 23:28:13,218][flwr][DEBUG] - evaluate_round 36: strategy sampled 6 clients (out of 12)
[2026-01-21 23:28:13,311][flwr][DEBUG] - evaluate_round 36 received 6 results and 0 failures
[2026-01-21 23:28:13,311][flwr][DEBUG] - fit_round 37: strategy sampled 8 clients (out of 12)
[2026-01-21 23:28:20,056][flwr][DEBUG] - fit_round 37 received 8 results and 0 failures
[2026-01-21 23:28:20,305][flwr][INFO] - fit progress: (37, 0.031008053371083054, {'rmse': 3830.8658290261224, 'mae': 1385.10107421875, 'r2': 0.895221883587673, 'mape': 5.853434085845947, 'accuracy_10': 86.00802421569824, 'accuracy_20': 95.586758852005}, 290.21270962496055)
[2026-01-21 23:28:20,306][flwr][DEBUG] - evaluate_round 37: strategy sampled 6 clients (out of 12)
[2026-01-21 23:28:20,414][flwr][DEBUG] - evaluate_round 37 received 6 results and 0 failures
[2026-01-21 23:28:20,415][flwr][DEBUG] - fit_round 38: strategy sampled 8 clients (out of 12)
[2026-01-21 23:28:27,916][flwr][DEBUG] - fit_round 38 received 8 results and 0 failures
[2026-01-21 23:28:28,164][flwr][INFO] - fit progress: (38, 0.03533625310341059, {'rmse': 3859.2211649502547, 'mae': 1207.0025634765625, 'r2': 0.8936650442948226, 'mape': 5.630819797515869, 'accuracy_10': 87.31193542480469, 'accuracy_20': 94.78435516357422}, 298.07094041700475)
[2026-01-21 23:28:28,164][flwr][DEBUG] - evaluate_round 38: strategy sampled 6 clients (out of 12)
[2026-01-21 23:28:28,240][flwr][DEBUG] - evaluate_round 38 received 6 results and 0 failures
[2026-01-21 23:28:28,240][flwr][DEBUG] - fit_round 39: strategy sampled 8 clients (out of 12)
[2026-01-21 23:28:35,407][flwr][DEBUG] - fit_round 39 received 8 results and 0 failures
[2026-01-21 23:28:35,690][flwr][INFO] - fit progress: (39, 0.03260443737186723, {'rmse': 3797.192252177917, 'mae': 1247.8809814453125, 'r2': 0.8970558001778223, 'mape': 5.633827209472656, 'accuracy_10': 87.3620867729187, 'accuracy_20': 95.38615942001343}, 305.59688991698204)
[2026-01-21 23:28:35,690][flwr][DEBUG] - evaluate_round 39: strategy sampled 6 clients (out of 12)
[2026-01-21 23:28:35,793][flwr][DEBUG] - evaluate_round 39 received 6 results and 0 failures
[2026-01-21 23:28:35,794][flwr][DEBUG] - fit_round 40: strategy sampled 8 clients (out of 12)
[2026-01-21 23:28:43,338][flwr][DEBUG] - fit_round 40 received 8 results and 0 failures
[2026-01-21 23:28:43,629][flwr][INFO] - fit progress: (40, 0.031124482958866218, {'rmse': 3825.0407840962953, 'mae': 1349.5203857421875, 'r2': 0.8955402823239101, 'mape': 5.7516021728515625, 'accuracy_10': 86.40922904014587, 'accuracy_20': 95.33600807189941}, 313.5357466249843)
[2026-01-21 23:28:43,629][flwr][DEBUG] - evaluate_round 40: strategy sampled 6 clients (out of 12)
[2026-01-21 23:28:43,720][flwr][DEBUG] - evaluate_round 40 received 6 results and 0 failures
[2026-01-21 23:28:43,720][flwr][INFO] - FL finished in 313.627073791984
[2026-01-21 23:28:43,720][flwr][INFO] - app_fit: losses_distributed [(1, 0.1628393836972716), (2, 0.08679380465108691), (3, 0.09053166964509356), (4, 0.08897682304577853), (5, 0.024857403119813295), (6, 0.02850028785566489), (7, 0.05342240985368186), (8, 0.04789651130542126), (9, 0.048148726385532976), (10, 0.04161953701927237), (11, 0.02219176431135602), (12, 0.03516501931266652), (13, 0.015727396490750112), (14, 0.023175458931879372), (15, 0.024324823599709472), (16, 0.0425841757537503), (17, 0.04914929806399419), (18, 0.0355615734408215), (19, 0.03490254973042347), (20, 0.037620901726268), (21, 0.033858162797080385), (22, 0.05098873700895538), (23, 0.03293438412500045), (24, 0.03497846800597212), (25, 0.033646462921507775), (26, 0.026288262874490577), (27, 0.03201555372714081), (28, 0.03598195130904794), (29, 0.037161988113124), (30, 0.032745781653193), (31, 0.04512739344080061), (32, 0.052722135038755225), (33, 0.04322010530518865), (34, 0.03993580839985172), (35, 0.028766585364288652), (36, 0.04498771712559629), (37, 0.033386281441586715), (38, 0.06479608658760501), (39, 0.02981442261387702), (40, 0.04573440898937746)]
[2026-01-21 23:28:43,720][flwr][INFO] - app_fit: metrics_distributed_fit {}
[2026-01-21 23:28:43,720][flwr][INFO] - app_fit: metrics_distributed {}
[2026-01-21 23:28:43,720][flwr][INFO] - app_fit: losses_centralized [(0, 1.4340404903996313), (1, 0.15321883994155566), (2, 0.09428666999849417), (3, 0.06971073695790087), (4, 0.05942212498056494), (5, 0.049462817175876174), (6, 0.04476293929130467), (7, 0.04168471261492763), (8, 0.04091717908112192), (9, 0.03908183292645509), (10, 0.03800380687297526), (11, 0.03687262511368441), (12, 0.03561926113559286), (13, 0.037674029785560566), (14, 0.03455722280810685), (15, 0.03439363177936737), (16, 0.03426775603425299), (17, 0.034247073896954146), (18, 0.03198642288161854), (19, 0.03242525908770927), (20, 0.03185579677485116), (21, 0.03364646350245628), (22, 0.03200098916649101), (23, 0.03384287943624505), (24, 0.034368813254589306), (25, 0.033002060967887055), (26, 0.03137629932594096), (27, 0.031475533982561366), (28, 0.03267034433161842), (29, 0.0327262457781504), (30, 0.031163722349549366), (31, 0.03062140973566946), (32, 0.031070906977162676), (33, 0.03144749159267996), (34, 0.032420050704042795), (35, 0.031127561418079923), (36, 0.030665940787258334), (37, 0.031008053371083054), (38, 0.03533625310341059), (39, 0.03260443737186723), (40, 0.031124482958866218)]
[2026-01-21 23:28:43,721][flwr][INFO] - app_fit: metrics_centralized {'rmse': [(0, 11782.010694274555), (1, 5782.362320021118), (2, 4948.044866409358), (3, 4674.582548206845), (4, 4561.994739146462), (5, 4366.738599916418), (6, 4260.557709971783), (7, 4223.144563000419), (8, 4173.303727264528), (9, 4230.443002807153), (10, 4230.9495388151345), (11, 4047.566429349863), (12, 4057.6408170265636), (13, 4045.8905076633005), (14, 4006.8123240301634), (15, 3964.592665079226), (16, 4021.43332656405), (17, 4111.649547322826), (18, 3914.582736384556), (19, 3881.2613928979326), (20, 3852.7012601550095), (21, 3831.3343628558446), (22, 3905.789036801655), (23, 3871.28893264246), (24, 3894.6667379892724), (25, 4089.031792490736), (26, 3892.246395078297), (27, 3901.7738273764667), (28, 4096.030273325626), (29, 3845.5531461676615), (30, 3872.1029170206725), (31, 3819.802743598156), (32, 3815.2623762986473), (33, 3808.816220297325), (34, 3813.955427112383), (35, 3828.5331394673863), (36, 3798.0716159651333), (37, 3830.8658290261224), (38, 3859.2211649502547), (39, 3797.192252177917), (40, 3825.0407840962953)], 'mae': [(0, 9149.193359375), (1, 3079.160400390625), (2, 2347.160888671875), (3, 1941.474365234375), (4, 1734.4224853515625), (5, 1608.36181640625), (6, 1527.16064453125), (7, 1480.0848388671875), (8, 1394.445068359375), (9, 1534.3800048828125), (10, 1517.233642578125), (11, 1306.2550048828125), (12, 1380.862548828125), (13, 1313.677001953125), (14, 1380.612060546875), (15, 1361.4783935546875), (16, 1388.79931640625), (17, 1462.7965087890625), (18, 1340.51904296875), (19, 1315.381591796875), (20, 1332.69287109375), (21, 1256.8572998046875), (22, 1338.847412109375), (23, 1268.3084716796875), (24, 1250.86083984375), (25, 1477.689208984375), (26, 1361.220947265625), (27, 1392.8956298828125), (28, 1477.0665283203125), (29, 1289.124267578125), (30, 1370.48974609375), (31, 1323.6295166015625), (32, 1336.5189208984375), (33, 1336.6409912109375), (34, 1243.829833984375), (35, 1348.7628173828125), (36, 1350.1376953125), (37, 1385.10107421875), (38, 1207.0025634765625), (39, 1247.8809814453125), (40, 1349.5203857421875)], 'r2': [(0, 0.00890437044283554), (1, 0.7612808188271006), (2, 0.8251989764778571), (3, 0.8439864231611014), (4, 0.8514111267730894), (5, 0.8638583174608165), (6, 0.8703986176185757), (7, 0.872664763059716), (8, 0.8756526074143289), (9, 0.8722242552549431), (10, 0.8721936619908348), (11, 0.8830326384076813), (12, 0.882449650468291), (13, 0.8831294853010365), (14, 0.8853762202987217), (15, 0.8877790674727254), (16, 0.8845381613864786), (17, 0.879299541552751), (18, 0.8905923571631884), (19, 0.8924470041362798), (20, 0.894024031170283), (21, 0.8951962474296379), (22, 0.8910833453203393), (23, 0.8929989881637213), (24, 0.8917027782555633), (25, 0.8806238148410007), (26, 0.8918373387532591), (27, 0.8913071703923376), (28, 0.8802148315909741), (29, 0.8944169111585689), (30, 0.892953985560214), (31, 0.89582618121678), (32, 0.8960736845365745), (33, 0.8964245684501846), (34, 0.8961448732729032), (35, 0.8953494410730909), (36, 0.8970081136973582), (37, 0.895221883587673), (38, 0.8936650442948226), (39, 0.8970558001778223), (40, 0.8955402823239101)], 'mape': [(0, 79.91940307617188), (1, 16.514793395996094), (2, 12.405699729919434), (3, 9.936715126037598), (4, 8.61313533782959), (5, 7.7070159912109375), (6, 7.092429161071777), (7, 6.734334468841553), (8, 6.365289688110352), (9, 6.53858757019043), (10, 6.382299900054932), (11, 5.867980480194092), (12, 5.894679069519043), (13, 5.924769878387451), (14, 5.874869346618652), (15, 5.8802714347839355), (16, 5.844879150390625), (17, 5.924036502838135), (18, 5.61855411529541), (19, 5.627498149871826), (20, 5.6981587409973145), (21, 5.635516166687012), (22, 5.663802623748779), (23, 5.655367851257324), (24, 5.574612140655518), (25, 5.902238368988037), (26, 5.724782466888428), (27, 5.837103843688965), (28, 5.890591144561768), (29, 5.738668441772461), (30, 5.752809524536133), (31, 5.635091304779053), (32, 5.7300238609313965), (33, 5.78947639465332), (34, 5.604799270629883), (35, 5.7523956298828125), (36, 5.7833147048950195), (37, 5.853434085845947), (38, 5.630819797515869), (39, 5.633827209472656), (40, 5.7516021728515625)], 'accuracy_10': [(0, 11.735205352306366), (1, 36.71013116836548), (2, 52.10632085800171), (3, 68.30491423606873), (4, 77.3821473121643), (5, 79.28786277770996), (6, 82.44734406471252), (7, 83.65095257759094), (8, 86.25877499580383), (9, 83.75125527381897), (10, 84.25275683403015), (11, 87.16148734092712), (12, 85.65697073936462), (13, 87.3620867729187), (14, 86.00802421569824), (15, 86.20862364768982), (16, 85.45637130737305), (17, 85.25576591491699), (18, 86.55967712402344), (19, 86.86057925224304), (20, 86.96088194847107), (21, 87.56268620491028), (22, 86.71013116836548), (23, 87.71314024925232), (24, 87.41223812103271), (25, 85.305917263031), (26, 87.21163272857666), (27, 86.91073060035706), (28, 85.40621995925903), (29, 87.56268620491028), (30, 86.10832691192627), (31, 86.60982847213745), (32, 86.45938038825989), (33, 86.60982847213745), (34, 87.9137396812439), (35, 86.55967712402344), (36, 86.65997982025146), (37, 86.00802421569824), (38, 87.31193542480469), (39, 87.3620867729187), (40, 86.40922904014587)], 'accuracy_20': [(0, 21.46439254283905), (1, 74.27281737327576), (2, 86.55967712402344), (3, 91.62487387657166), (4, 93.07923913002014), (5, 94.03209686279297), (6, 94.83450055122375), (7, 95.13540863990784), (8, 94.9849545955658), (9, 95.43631076812744), (10, 95.33600807189941), (11, 95.38615942001343), (12, 95.73721289634705), (13, 95.23570537567139), (14, 95.93781232833862), (15, 95.78736424446106), (16, 95.586758852005), (17, 95.43631076812744), (18, 95.98796367645264), (19, 95.8375096321106), (20, 95.8375096321106), (21, 95.33600807189941), (22, 95.586758852005), (23, 95.33600807189941), (24, 95.23570537567139), (25, 95.53660750389099), (26, 95.98796367645264), (27, 95.88766098022461), (28, 95.2858567237854), (29, 95.43631076812744), (30, 95.8375096321106), (31, 95.68706154823303), (32, 95.48646211624146), (33, 95.586758852005), (34, 95.2858567237854), (35, 95.38615942001343), (36, 95.53660750389099), (37, 95.586758852005), (38, 94.78435516357422), (39, 95.38615942001343), (40, 95.33600807189941)]}
[2026-01-21 23:28:44,264][flwr][INFO] - Starting Flower simulation, config: ServerConfig(num_rounds=40, round_timeout=None)
[2026-01-21 23:28:51,618][flwr][INFO] - Flower VCE: Ray initialized with resources: {'memory': 12190887117.0, 'CPU': 10.0, 'object_store_memory': 2147483648.0, 'node:127.0.0.1': 1.0}
[2026-01-21 23:28:51,619][flwr][INFO] - Initializing global parameters
[2026-01-21 23:28:51,619][flwr][INFO] - Using initial parameters provided by strategy
[2026-01-21 23:28:51,620][flwr][INFO] - Evaluating initial parameters
[2026-01-21 23:28:51,890][flwr][INFO] - initial parameters (loss, other metrics): 1.4340404903996313, {'rmse': 11782.010694274555, 'mae': 9149.193359375, 'r2': 0.00890437044283554, 'mape': 79.91940307617188, 'accuracy_10': 11.735205352306366, 'accuracy_20': 21.46439254283905}
[2026-01-21 23:28:51,890][flwr][INFO] - FL starting
[2026-01-21 23:28:51,891][flwr][DEBUG] - fit_round 1: strategy sampled 8 clients (out of 12)
[2026-01-21 23:29:03,141][flwr][DEBUG] - fit_round 1 received 8 results and 0 failures
[2026-01-21 23:29:03,147][flwr][WARNING] - No fit_metrics_aggregation_fn provided
[2026-01-21 23:29:03,401][flwr][INFO] - fit progress: (1, 0.15672021058043362, {'rmse': 5901.520820940988, 'mae': 3166.57421875, 'r2': 0.7513407651988392, 'mape': 17.165220260620117, 'accuracy_10': 32.84854590892792, 'accuracy_20': 73.16950559616089}, 11.510805291996803)
[2026-01-21 23:29:03,401][flwr][DEBUG] - evaluate_round 1: strategy sampled 6 clients (out of 12)
[2026-01-21 23:29:03,615][flwr][DEBUG] - evaluate_round 1 received 6 results and 0 failures
[2026-01-21 23:29:03,615][flwr][WARNING] - No evaluate_metrics_aggregation_fn provided
[2026-01-21 23:29:03,616][flwr][DEBUG] - fit_round 2: strategy sampled 8 clients (out of 12)
[2026-01-21 23:29:08,927][flwr][DEBUG] - fit_round 2 received 8 results and 0 failures
[2026-01-21 23:29:09,171][flwr][INFO] - fit progress: (2, 0.10484464861893486, {'rmse': 5506.860630159438, 'mae': 2435.150390625, 'r2': 0.7834865421316471, 'mape': 12.706957817077637, 'accuracy_10': 57.622867822647095, 'accuracy_20': 87.46238946914673}, 17.280409917002544)
[2026-01-21 23:29:09,171][flwr][DEBUG] - evaluate_round 2: strategy sampled 6 clients (out of 12)
[2026-01-21 23:29:09,357][flwr][DEBUG] - evaluate_round 2 received 6 results and 0 failures
[2026-01-21 23:29:09,358][flwr][DEBUG] - fit_round 3: strategy sampled 8 clients (out of 12)
[2026-01-21 23:29:14,337][flwr][DEBUG] - fit_round 3 received 8 results and 0 failures
[2026-01-21 23:29:14,578][flwr][INFO] - fit progress: (3, 0.0555087223073604, {'rmse': 4431.2099927672125, 'mae': 1695.7919921875, 'r2': 0.8598085964549593, 'mape': 8.468842506408691, 'accuracy_10': 72.51754999160767, 'accuracy_20': 93.93179416656494}, 22.687476542021614)
[2026-01-21 23:29:14,578][flwr][DEBUG] - evaluate_round 3: strategy sampled 6 clients (out of 12)
[2026-01-21 23:29:14,776][flwr][DEBUG] - evaluate_round 3 received 6 results and 0 failures
[2026-01-21 23:29:14,777][flwr][DEBUG] - fit_round 4: strategy sampled 8 clients (out of 12)
[2026-01-21 23:29:19,918][flwr][DEBUG] - fit_round 4 received 8 results and 0 failures
[2026-01-21 23:29:20,157][flwr][INFO] - fit progress: (4, 0.04860354309066488, {'rmse': 4273.576488141987, 'mae': 1573.412109375, 'r2': 0.8696053779849111, 'mape': 7.754377841949463, 'accuracy_10': 78.48545908927917, 'accuracy_20': 94.88465189933777}, 28.26647229201626)
[2026-01-21 23:29:20,157][flwr][DEBUG] - evaluate_round 4: strategy sampled 6 clients (out of 12)
[2026-01-21 23:29:20,349][flwr][DEBUG] - evaluate_round 4 received 6 results and 0 failures
[2026-01-21 23:29:20,350][flwr][DEBUG] - fit_round 5: strategy sampled 8 clients (out of 12)
[2026-01-21 23:29:25,931][flwr][DEBUG] - fit_round 5 received 8 results and 0 failures
[2026-01-21 23:29:26,224][flwr][INFO] - fit progress: (5, 0.04137049794361489, {'rmse': 4095.046886178472, 'mae': 1459.0555419921875, 'r2': 0.8802723442876187, 'mape': 6.919416904449463, 'accuracy_10': 83.40020179748535, 'accuracy_20': 96.03811502456665}, 34.33355712500634)
[2026-01-21 23:29:26,224][flwr][DEBUG] - evaluate_round 5: strategy sampled 6 clients (out of 12)
[2026-01-21 23:29:26,539][flwr][DEBUG] - evaluate_round 5 received 6 results and 0 failures
[2026-01-21 23:29:26,540][flwr][DEBUG] - fit_round 6: strategy sampled 8 clients (out of 12)
[2026-01-21 23:29:32,106][flwr][DEBUG] - fit_round 6 received 8 results and 0 failures
[2026-01-21 23:29:32,371][flwr][INFO] - fit progress: (6, 0.042239333160124425, {'rmse': 4200.799685774126, 'mae': 1372.30029296875, 'r2': 0.8740086667813352, 'mape': 6.500842571258545, 'accuracy_10': 86.8104338645935, 'accuracy_20': 95.18555402755737}, 40.48096275003627)
[2026-01-21 23:29:32,372][flwr][DEBUG] - evaluate_round 6: strategy sampled 6 clients (out of 12)
[2026-01-21 23:29:32,615][flwr][DEBUG] - evaluate_round 6 received 6 results and 0 failures
[2026-01-21 23:29:32,616][flwr][DEBUG] - fit_round 7: strategy sampled 8 clients (out of 12)
[2026-01-21 23:29:37,583][flwr][DEBUG] - fit_round 7 received 8 results and 0 failures
[2026-01-21 23:29:37,850][flwr][INFO] - fit progress: (7, 0.03516788931270182, {'rmse': 4123.783456972493, 'mae': 1469.7225341796875, 'r2': 0.8785860922610715, 'mape': 6.023375988006592, 'accuracy_10': 84.90471243858337, 'accuracy_20': 95.73721289634705}, 45.9594068750157)
[2026-01-21 23:29:37,850][flwr][DEBUG] - evaluate_round 7: strategy sampled 6 clients (out of 12)
[2026-01-21 23:29:38,021][flwr][DEBUG] - evaluate_round 7 received 6 results and 0 failures
[2026-01-21 23:29:38,022][flwr][DEBUG] - fit_round 8: strategy sampled 8 clients (out of 12)
[2026-01-21 23:29:43,342][flwr][DEBUG] - fit_round 8 received 8 results and 0 failures
[2026-01-21 23:29:43,591][flwr][INFO] - fit progress: (8, 0.03662030777913577, {'rmse': 3990.423661718139, 'mae': 1270.10400390625, 'r2': 0.8863119693989923, 'mape': 5.776486396789551, 'accuracy_10': 88.71614933013916, 'accuracy_20': 95.33600807189941}, 51.700571249995846)
[2026-01-21 23:29:43,591][flwr][DEBUG] - evaluate_round 8: strategy sampled 6 clients (out of 12)
[2026-01-21 23:29:43,798][flwr][DEBUG] - evaluate_round 8 received 6 results and 0 failures
[2026-01-21 23:29:43,799][flwr][DEBUG] - fit_round 9: strategy sampled 8 clients (out of 12)
[2026-01-21 23:29:48,724][flwr][DEBUG] - fit_round 9 received 8 results and 0 failures
[2026-01-21 23:29:48,964][flwr][INFO] - fit progress: (9, 0.03312308699968705, {'rmse': 4109.1054987673415, 'mae': 1436.2633056640625, 'r2': 0.8794488707067062, 'mape': 5.747754096984863, 'accuracy_10': 85.40621995925903, 'accuracy_20': 95.88766098022461}, 57.073926167038735)
[2026-01-21 23:29:48,965][flwr][DEBUG] - evaluate_round 9: strategy sampled 6 clients (out of 12)
[2026-01-21 23:29:49,125][flwr][DEBUG] - evaluate_round 9 received 6 results and 0 failures
[2026-01-21 23:29:49,125][flwr][DEBUG] - fit_round 10: strategy sampled 8 clients (out of 12)
[2026-01-21 23:29:54,034][flwr][DEBUG] - fit_round 10 received 8 results and 0 failures
[2026-01-21 23:29:54,304][flwr][INFO] - fit progress: (10, 0.03175750823734457, {'rmse': 3896.2410089726227, 'mae': 1339.10009765625, 'r2': 0.8916152076036024, 'mape': 5.585975170135498, 'accuracy_10': 87.0611846446991, 'accuracy_20': 96.28886580467224}, 62.41359641699819)
[2026-01-21 23:29:54,305][flwr][DEBUG] - evaluate_round 10: strategy sampled 6 clients (out of 12)
[2026-01-21 23:29:54,536][flwr][DEBUG] - evaluate_round 10 received 6 results and 0 failures
[2026-01-21 23:29:54,536][flwr][DEBUG] - fit_round 11: strategy sampled 8 clients (out of 12)
[2026-01-21 23:29:59,853][flwr][DEBUG] - fit_round 11 received 8 results and 0 failures
[2026-01-21 23:30:00,101][flwr][INFO] - fit progress: (11, 0.03446246896951703, {'rmse': 3892.5252728787773, 'mae': 1245.072021484375, 'r2': 0.8918218367972848, 'mape': 5.5948333740234375, 'accuracy_10': 88.61584663391113, 'accuracy_20': 95.13540863990784}, 68.21023775002686)
[2026-01-21 23:30:00,101][flwr][DEBUG] - evaluate_round 11: strategy sampled 6 clients (out of 12)
[2026-01-21 23:30:00,320][flwr][DEBUG] - evaluate_round 11 received 6 results and 0 failures
[2026-01-21 23:30:00,320][flwr][DEBUG] - fit_round 12: strategy sampled 8 clients (out of 12)
[2026-01-21 23:30:05,498][flwr][DEBUG] - fit_round 12 received 8 results and 0 failures
[2026-01-21 23:30:05,738][flwr][INFO] - fit progress: (12, 0.03128835901901978, {'rmse': 3875.5667972568863, 'mae': 1300.3450927734375, 'r2': 0.8927623816776912, 'mape': 5.411997318267822, 'accuracy_10': 87.71314024925232, 'accuracy_20': 95.8375096321106}, 73.84695812501013)
[2026-01-21 23:30:05,738][flwr][DEBUG] - evaluate_round 12: strategy sampled 6 clients (out of 12)
[2026-01-21 23:30:05,933][flwr][DEBUG] - evaluate_round 12 received 6 results and 0 failures
[2026-01-21 23:30:05,934][flwr][DEBUG] - fit_round 13: strategy sampled 8 clients (out of 12)
[2026-01-21 23:30:11,168][flwr][DEBUG] - fit_round 13 received 8 results and 0 failures
[2026-01-21 23:30:11,450][flwr][INFO] - fit progress: (13, 0.03097212715532141, {'rmse': 3882.294038323218, 'mae': 1291.166259765625, 'r2': 0.8923897700935268, 'mape': 5.376890182495117, 'accuracy_10': 88.06419372558594, 'accuracy_20': 96.18856310844421}, 79.55948633304797)
[2026-01-21 23:30:11,451][flwr][DEBUG] - evaluate_round 13: strategy sampled 6 clients (out of 12)
[2026-01-21 23:30:11,534][flwr][DEBUG] - evaluate_round 13 received 6 results and 0 failures
[2026-01-21 23:30:11,534][flwr][DEBUG] - fit_round 14: strategy sampled 8 clients (out of 12)
[2026-01-21 23:30:16,763][flwr][DEBUG] - fit_round 14 received 8 results and 0 failures
[2026-01-21 23:30:17,011][flwr][INFO] - fit progress: (14, 0.033073061230847446, {'rmse': 3924.419320103294, 'mae': 1214.1878662109375, 'r2': 0.8900418250691824, 'mape': 5.319726943969727, 'accuracy_10': 89.56870436668396, 'accuracy_20': 95.73721289634705}, 85.12074629199924)
[2026-01-21 23:30:17,012][flwr][DEBUG] - evaluate_round 14: strategy sampled 6 clients (out of 12)
[2026-01-21 23:30:17,090][flwr][DEBUG] - evaluate_round 14 received 6 results and 0 failures
[2026-01-21 23:30:17,090][flwr][DEBUG] - fit_round 15: strategy sampled 8 clients (out of 12)
[2026-01-21 23:30:22,219][flwr][DEBUG] - fit_round 15 received 8 results and 0 failures
[2026-01-21 23:30:22,461][flwr][INFO] - fit progress: (15, 0.031299866599552965, {'rmse': 3948.816025089039, 'mae': 1319.33935546875, 'r2': 0.8886704299412492, 'mape': 5.419157981872559, 'accuracy_10': 87.01103329658508, 'accuracy_20': 96.33901715278625}, 90.57030745805241)
[2026-01-21 23:30:22,462][flwr][DEBUG] - evaluate_round 15: strategy sampled 6 clients (out of 12)
[2026-01-21 23:30:22,556][flwr][DEBUG] - evaluate_round 15 received 6 results and 0 failures
[2026-01-21 23:30:22,556][flwr][DEBUG] - fit_round 16: strategy sampled 8 clients (out of 12)
[2026-01-21 23:30:27,613][flwr][DEBUG] - fit_round 16 received 8 results and 0 failures
[2026-01-21 23:30:27,868][flwr][INFO] - fit progress: (16, 0.030644307649108686, {'rmse': 3924.2585286904837, 'mae': 1300.8184814453125, 'r2': 0.8900508373226793, 'mape': 5.33762264251709, 'accuracy_10': 87.3620867729187, 'accuracy_20': 96.03811502456665}, 95.97732250002446)
[2026-01-21 23:30:27,868][flwr][DEBUG] - evaluate_round 16: strategy sampled 6 clients (out of 12)
[2026-01-21 23:30:28,082][flwr][DEBUG] - evaluate_round 16 received 6 results and 0 failures
[2026-01-21 23:30:28,083][flwr][DEBUG] - fit_round 17: strategy sampled 8 clients (out of 12)
[2026-01-21 23:30:33,319][flwr][DEBUG] - fit_round 17 received 8 results and 0 failures
[2026-01-21 23:30:33,615][flwr][INFO] - fit progress: (17, 0.030238685481168082, {'rmse': 3856.98366602712, 'mae': 1305.068359375, 'r2': 0.893788311976908, 'mape': 5.3816938400268555, 'accuracy_10': 87.26178407669067, 'accuracy_20': 95.93781232833862}, 101.72401720803464)
[2026-01-21 23:30:33,615][flwr][DEBUG] - evaluate_round 17: strategy sampled 6 clients (out of 12)
[2026-01-21 23:30:33,697][flwr][DEBUG] - evaluate_round 17 received 6 results and 0 failures
[2026-01-21 23:30:33,697][flwr][DEBUG] - fit_round 18: strategy sampled 8 clients (out of 12)
[2026-01-21 23:30:39,296][flwr][DEBUG] - fit_round 18 received 8 results and 0 failures
[2026-01-21 23:30:39,556][flwr][INFO] - fit progress: (18, 0.03103079046743923, {'rmse': 4086.1226119635717, 'mae': 1443.0198974609375, 'r2': 0.8807936177229976, 'mape': 5.6113176345825195, 'accuracy_10': 85.25576591491699, 'accuracy_20': 95.8375096321106}, 107.66510879201815)
[2026-01-21 23:30:39,556][flwr][DEBUG] - evaluate_round 18: strategy sampled 6 clients (out of 12)
[2026-01-21 23:30:39,769][flwr][DEBUG] - evaluate_round 18 received 6 results and 0 failures
[2026-01-21 23:30:39,769][flwr][DEBUG] - fit_round 19: strategy sampled 8 clients (out of 12)
[2026-01-21 23:30:45,229][flwr][DEBUG] - fit_round 19 received 8 results and 0 failures
[2026-01-21 23:30:45,622][flwr][INFO] - fit progress: (19, 0.028987639009160408, {'rmse': 3838.7154101339684, 'mae': 1301.4305419921875, 'r2': 0.89479205262675, 'mape': 5.321525573730469, 'accuracy_10': 87.6629889011383, 'accuracy_20': 96.23871445655823}, 113.7314825830399)
[2026-01-21 23:30:45,623][flwr][DEBUG] - evaluate_round 19: strategy sampled 6 clients (out of 12)
[2026-01-21 23:30:45,807][flwr][DEBUG] - evaluate_round 19 received 6 results and 0 failures
[2026-01-21 23:30:45,808][flwr][DEBUG] - fit_round 20: strategy sampled 8 clients (out of 12)
[2026-01-21 23:30:52,976][flwr][DEBUG] - fit_round 20 received 8 results and 0 failures
[2026-01-21 23:30:53,248][flwr][INFO] - fit progress: (20, 0.03138167619959282, {'rmse': 3807.251370739789, 'mae': 1215.4991455078125, 'r2': 0.896509660549109, 'mape': 5.372662544250488, 'accuracy_10': 89.46840763092041, 'accuracy_20': 95.43631076812744}, 121.35686962504406)
[2026-01-21 23:30:53,248][flwr][DEBUG] - evaluate_round 20: strategy sampled 6 clients (out of 12)
[2026-01-21 23:30:53,367][flwr][DEBUG] - evaluate_round 20 received 6 results and 0 failures
[2026-01-21 23:30:53,368][flwr][DEBUG] - fit_round 21: strategy sampled 8 clients (out of 12)
[2026-01-21 23:30:58,900][flwr][DEBUG] - fit_round 21 received 8 results and 0 failures
[2026-01-21 23:30:59,153][flwr][INFO] - fit progress: (21, 0.029105591997803153, {'rmse': 3860.582987062964, 'mae': 1308.7794189453125, 'r2': 0.893589983735999, 'mape': 5.360159397125244, 'accuracy_10': 87.56268620491028, 'accuracy_20': 96.13841772079468}, 127.26242675003596)
[2026-01-21 23:30:59,154][flwr][DEBUG] - evaluate_round 21: strategy sampled 6 clients (out of 12)
[2026-01-21 23:30:59,393][flwr][DEBUG] - evaluate_round 21 received 6 results and 0 failures
[2026-01-21 23:30:59,393][flwr][DEBUG] - fit_round 22: strategy sampled 8 clients (out of 12)
[2026-01-21 23:31:04,590][flwr][DEBUG] - fit_round 22 received 8 results and 0 failures
[2026-01-21 23:31:04,845][flwr][INFO] - fit progress: (22, 0.031216064903328386, {'rmse': 3837.816566747296, 'mae': 1219.3892822265625, 'r2': 0.8948413157016012, 'mape': 5.363450050354004, 'accuracy_10': 89.21765089035034, 'accuracy_20': 95.48646211624146}, 132.95449908304727)
[2026-01-21 23:31:04,846][flwr][DEBUG] - evaluate_round 22: strategy sampled 6 clients (out of 12)
[2026-01-21 23:31:05,024][flwr][DEBUG] - evaluate_round 22 received 6 results and 0 failures
[2026-01-21 23:31:05,025][flwr][DEBUG] - fit_round 23: strategy sampled 8 clients (out of 12)
[2026-01-21 23:31:10,138][flwr][DEBUG] - fit_round 23 received 8 results and 0 failures
[2026-01-21 23:31:10,381][flwr][INFO] - fit progress: (23, 0.02857071264771186, {'rmse': 3835.7922258641697, 'mae': 1335.791748046875, 'r2': 0.8949522199504923, 'mape': 5.455304145812988, 'accuracy_10': 87.01103329658508, 'accuracy_20': 96.4894711971283}, 138.48962016700534)
[2026-01-21 23:31:10,381][flwr][DEBUG] - evaluate_round 23: strategy sampled 6 clients (out of 12)
[2026-01-21 23:31:10,441][flwr][DEBUG] - evaluate_round 23 received 6 results and 0 failures
[2026-01-21 23:31:10,441][flwr][DEBUG] - fit_round 24: strategy sampled 8 clients (out of 12)
[2026-01-21 23:31:15,261][flwr][DEBUG] - fit_round 24 received 8 results and 0 failures
[2026-01-21 23:31:15,507][flwr][INFO] - fit progress: (24, 0.02861389348894328, {'rmse': 3799.2697982638715, 'mae': 1315.7598876953125, 'r2': 0.896943121343621, 'mape': 5.45443058013916, 'accuracy_10': 87.0611846446991, 'accuracy_20': 96.69007062911987}, 143.61557250004262)
[2026-01-21 23:31:15,507][flwr][DEBUG] - evaluate_round 24: strategy sampled 6 clients (out of 12)
[2026-01-21 23:31:15,589][flwr][DEBUG] - evaluate_round 24 received 6 results and 0 failures
[2026-01-21 23:31:15,590][flwr][DEBUG] - fit_round 25: strategy sampled 8 clients (out of 12)
[2026-01-21 23:31:20,352][flwr][DEBUG] - fit_round 25 received 8 results and 0 failures
[2026-01-21 23:31:20,592][flwr][INFO] - fit progress: (25, 0.028385087630992668, {'rmse': 3923.3606767667943, 'mae': 1410.4091796875, 'r2': 0.8901011416831258, 'mape': 5.5492987632751465, 'accuracy_10': 85.90772151947021, 'accuracy_20': 96.43931984901428}, 148.70100533304503)
[2026-01-21 23:31:20,592][flwr][DEBUG] - evaluate_round 25: strategy sampled 6 clients (out of 12)
[2026-01-21 23:31:20,671][flwr][DEBUG] - evaluate_round 25 received 6 results and 0 failures
[2026-01-21 23:31:20,672][flwr][DEBUG] - fit_round 26: strategy sampled 8 clients (out of 12)
[2026-01-21 23:31:25,665][flwr][DEBUG] - fit_round 26 received 8 results and 0 failures
[2026-01-21 23:31:25,924][flwr][INFO] - fit progress: (26, 0.03265471225034599, {'rmse': 3910.6504574047526, 'mae': 1139.726806640625, 'r2': 0.8908120464247943, 'mape': 5.318551063537598, 'accuracy_10': 89.719158411026, 'accuracy_20': 95.48646211624146}, 154.03310166700976)
[2026-01-21 23:31:25,924][flwr][DEBUG] - evaluate_round 26: strategy sampled 6 clients (out of 12)
[2026-01-21 23:31:26,025][flwr][DEBUG] - evaluate_round 26 received 6 results and 0 failures
[2026-01-21 23:31:26,026][flwr][DEBUG] - fit_round 27: strategy sampled 8 clients (out of 12)
[2026-01-21 23:31:31,851][flwr][DEBUG] - fit_round 27 received 8 results and 0 failures
[2026-01-21 23:31:32,178][flwr][INFO] - fit progress: (27, 0.028292453938435647, {'rmse': 3737.641903660649, 'mae': 1307.7547607421875, 'r2': 0.9002593739755803, 'mape': 5.537001609802246, 'accuracy_10': 87.61283755302429, 'accuracy_20': 96.4894711971283}, 160.2867819170351)
[2026-01-21 23:31:32,178][flwr][DEBUG] - evaluate_round 27: strategy sampled 6 clients (out of 12)
[2026-01-21 23:31:32,398][flwr][DEBUG] - evaluate_round 27 received 6 results and 0 failures
[2026-01-21 23:31:32,398][flwr][DEBUG] - fit_round 28: strategy sampled 8 clients (out of 12)
[2026-01-21 23:31:38,174][flwr][DEBUG] - fit_round 28 received 8 results and 0 failures
[2026-01-21 23:31:38,489][flwr][INFO] - fit progress: (28, 0.030030074296752692, {'rmse': 4061.8094490017625, 'mae': 1478.816162109375, 'r2': 0.882207998880222, 'mape': 5.707342624664307, 'accuracy_10': 84.60381031036377, 'accuracy_20': 95.63691020011902}, 166.59812770801364)
[2026-01-21 23:31:38,490][flwr][DEBUG] - evaluate_round 28: strategy sampled 6 clients (out of 12)
[2026-01-21 23:31:38,708][flwr][DEBUG] - evaluate_round 28 received 6 results and 0 failures
[2026-01-21 23:31:38,708][flwr][DEBUG] - fit_round 29: strategy sampled 8 clients (out of 12)
[2026-01-21 23:31:44,520][flwr][DEBUG] - fit_round 29 received 8 results and 0 failures
[2026-01-21 23:31:44,813][flwr][INFO] - fit progress: (29, 0.026628206025364407, {'rmse': 3736.6286944249623, 'mae': 1261.443359375, 'r2': 0.9003134401635645, 'mape': 5.255563259124756, 'accuracy_10': 88.36509585380554, 'accuracy_20': 96.69007062911987}, 172.92218904203037)
[2026-01-21 23:31:44,814][flwr][DEBUG] - evaluate_round 29: strategy sampled 6 clients (out of 12)
[2026-01-21 23:31:45,039][flwr][DEBUG] - evaluate_round 29 received 6 results and 0 failures
[2026-01-21 23:31:45,040][flwr][DEBUG] - fit_round 30: strategy sampled 8 clients (out of 12)
[2026-01-21 23:31:50,825][flwr][DEBUG] - fit_round 30 received 8 results and 0 failures
[2026-01-21 23:31:51,105][flwr][INFO] - fit progress: (30, 0.026543498241016594, {'rmse': 3711.451063937123, 'mae': 1274.8985595703125, 'r2': 0.901652306116142, 'mape': 5.297375202178955, 'accuracy_10': 87.6629889011383, 'accuracy_20': 96.89067006111145}, 179.21375095803523)
[2026-01-21 23:31:51,105][flwr][DEBUG] - evaluate_round 30: strategy sampled 6 clients (out of 12)
[2026-01-21 23:31:51,333][flwr][DEBUG] - evaluate_round 30 received 6 results and 0 failures
[2026-01-21 23:31:51,333][flwr][DEBUG] - fit_round 31: strategy sampled 8 clients (out of 12)
[2026-01-21 23:31:56,462][flwr][DEBUG] - fit_round 31 received 8 results and 0 failures
[2026-01-21 23:31:56,786][flwr][INFO] - fit progress: (31, 0.028228400943944663, {'rmse': 3817.324455688827, 'mae': 1377.0142822265625, 'r2': 0.8959613136882535, 'mape': 5.656008243560791, 'accuracy_10': 86.50952577590942, 'accuracy_20': 96.58976793289185}, 184.8953392500407)
[2026-01-21 23:31:56,787][flwr][DEBUG] - evaluate_round 31: strategy sampled 6 clients (out of 12)
[2026-01-21 23:31:57,126][flwr][DEBUG] - evaluate_round 31 received 6 results and 0 failures
[2026-01-21 23:31:57,127][flwr][DEBUG] - fit_round 32: strategy sampled 8 clients (out of 12)
[2026-01-21 23:32:02,423][flwr][DEBUG] - fit_round 32 received 8 results and 0 failures
[2026-01-21 23:32:02,700][flwr][INFO] - fit progress: (32, 0.028790241474455733, {'rmse': 3695.7233392125013, 'mae': 1178.33642578125, 'r2': 0.9024840586508365, 'mape': 5.275167942047119, 'accuracy_10': 89.06720280647278, 'accuracy_20': 95.78736424446106}, 190.8083852500422)
[2026-01-21 23:32:02,700][flwr][DEBUG] - evaluate_round 32: strategy sampled 6 clients (out of 12)
[2026-01-21 23:32:02,783][flwr][DEBUG] - evaluate_round 32 received 6 results and 0 failures
[2026-01-21 23:32:02,783][flwr][DEBUG] - fit_round 33: strategy sampled 8 clients (out of 12)
[2026-01-21 23:32:07,885][flwr][DEBUG] - fit_round 33 received 8 results and 0 failures
[2026-01-21 23:32:08,129][flwr][INFO] - fit progress: (33, 0.026277083955862097, {'rmse': 3696.4377446401013, 'mae': 1273.45263671875, 'r2': 0.902446352379493, 'mape': 5.290431976318359, 'accuracy_10': 87.76329159736633, 'accuracy_20': 96.74022197723389}, 196.2382016670308)
[2026-01-21 23:32:08,130][flwr][DEBUG] - evaluate_round 33: strategy sampled 6 clients (out of 12)
[2026-01-21 23:32:08,218][flwr][DEBUG] - evaluate_round 33 received 6 results and 0 failures
[2026-01-21 23:32:08,219][flwr][DEBUG] - fit_round 34: strategy sampled 8 clients (out of 12)
[2026-01-21 23:32:13,281][flwr][DEBUG] - fit_round 34 received 8 results and 0 failures
[2026-01-21 23:32:13,569][flwr][INFO] - fit progress: (34, 0.026959192801786283, {'rmse': 3717.33385640838, 'mae': 1326.4779052734375, 'r2': 0.9013402870874251, 'mape': 5.55137825012207, 'accuracy_10': 87.11133599281311, 'accuracy_20': 96.69007062911987}, 201.6776772920275)
[2026-01-21 23:32:13,569][flwr][DEBUG] - evaluate_round 34: strategy sampled 6 clients (out of 12)
[2026-01-21 23:32:13,808][flwr][DEBUG] - evaluate_round 34 received 6 results and 0 failures
[2026-01-21 23:32:13,809][flwr][DEBUG] - fit_round 35: strategy sampled 8 clients (out of 12)
[2026-01-21 23:32:18,792][flwr][DEBUG] - fit_round 35 received 8 results and 0 failures
[2026-01-21 23:32:19,046][flwr][INFO] - fit progress: (35, 0.02747375594308168, {'rmse': 3746.4321694113187, 'mae': 1339.12890625, 'r2': 0.8997896735091547, 'mape': 5.570149898529053, 'accuracy_10': 86.50952577590942, 'accuracy_20': 96.63991928100586}, 207.15432629204588)
[2026-01-21 23:32:19,046][flwr][DEBUG] - evaluate_round 35: strategy sampled 6 clients (out of 12)
[2026-01-21 23:32:19,303][flwr][DEBUG] - evaluate_round 35 received 6 results and 0 failures
[2026-01-21 23:32:19,304][flwr][DEBUG] - fit_round 36: strategy sampled 8 clients (out of 12)
[2026-01-21 23:32:24,501][flwr][DEBUG] - fit_round 36 received 8 results and 0 failures
[2026-01-21 23:32:24,767][flwr][INFO] - fit progress: (36, 0.028056770664011105, {'rmse': 3807.934085563982, 'mae': 1357.6395263671875, 'r2': 0.8964725409175375, 'mape': 5.62843132019043, 'accuracy_10': 86.40922904014587, 'accuracy_20': 96.23871445655823}, 212.8753680830123)
[2026-01-21 23:32:24,767][flwr][DEBUG] - evaluate_round 36: strategy sampled 6 clients (out of 12)
[2026-01-21 23:32:24,864][flwr][DEBUG] - evaluate_round 36 received 6 results and 0 failures
[2026-01-21 23:32:24,865][flwr][DEBUG] - fit_round 37: strategy sampled 8 clients (out of 12)
[2026-01-21 23:32:30,449][flwr][DEBUG] - fit_round 37 received 8 results and 0 failures
[2026-01-21 23:32:30,727][flwr][INFO] - fit progress: (37, 0.03423041576583129, {'rmse': 3863.062774535252, 'mae': 1152.4351806640625, 'r2': 0.8934532380051525, 'mape': 5.558230400085449, 'accuracy_10': 88.31494450569153, 'accuracy_20': 95.2858567237854}, 218.83528579201084)
[2026-01-21 23:32:30,727][flwr][DEBUG] - evaluate_round 37: strategy sampled 6 clients (out of 12)
[2026-01-21 23:32:30,851][flwr][DEBUG] - evaluate_round 37 received 6 results and 0 failures
[2026-01-21 23:32:30,851][flwr][DEBUG] - fit_round 38: strategy sampled 8 clients (out of 12)
[2026-01-21 23:32:36,056][flwr][DEBUG] - fit_round 38 received 8 results and 0 failures
[2026-01-21 23:32:36,328][flwr][INFO] - fit progress: (38, 0.028309947101132143, {'rmse': 3646.0126165442707, 'mae': 1173.517578125, 'r2': 0.9050897658579876, 'mape': 5.265749454498291, 'accuracy_10': 89.31795358657837, 'accuracy_20': 95.88766098022461}, 224.43664545804495)
[2026-01-21 23:32:36,328][flwr][DEBUG] - evaluate_round 38: strategy sampled 6 clients (out of 12)
[2026-01-21 23:32:36,409][flwr][DEBUG] - evaluate_round 38 received 6 results and 0 failures
[2026-01-21 23:32:36,410][flwr][DEBUG] - fit_round 39: strategy sampled 8 clients (out of 12)
[2026-01-21 23:32:41,564][flwr][DEBUG] - fit_round 39 received 8 results and 0 failures
[2026-01-21 23:32:41,825][flwr][INFO] - fit progress: (39, 0.029006872516697126, {'rmse': 3883.919025932441, 'mae': 1395.075439453125, 'r2': 0.892299662224552, 'mape': 5.713754177093506, 'accuracy_10': 85.95787286758423, 'accuracy_20': 95.98796367645264}, 229.93321854202077)
[2026-01-21 23:32:41,825][flwr][DEBUG] - evaluate_round 39: strategy sampled 6 clients (out of 12)
[2026-01-21 23:32:41,927][flwr][DEBUG] - evaluate_round 39 received 6 results and 0 failures
[2026-01-21 23:32:41,928][flwr][DEBUG] - fit_round 40: strategy sampled 8 clients (out of 12)
[2026-01-21 23:32:47,044][flwr][DEBUG] - fit_round 40 received 8 results and 0 failures
[2026-01-21 23:32:47,315][flwr][INFO] - fit progress: (40, 0.02784067723776775, {'rmse': 3807.5477672643847, 'mae': 1352.84814453125, 'r2': 0.896493542621374, 'mape': 5.592533111572266, 'accuracy_10': 86.05817556381226, 'accuracy_20': 96.4894711971283}, 235.4234267080319)
[2026-01-21 23:32:47,316][flwr][DEBUG] - evaluate_round 40: strategy sampled 6 clients (out of 12)
[2026-01-21 23:32:47,429][flwr][DEBUG] - evaluate_round 40 received 6 results and 0 failures
[2026-01-21 23:32:47,429][flwr][INFO] - FL finished in 235.53781908302335
[2026-01-21 23:32:47,431][flwr][INFO] - app_fit: losses_distributed [(1, 0.2047071994996396), (2, 0.11085051546614028), (3, 0.03446146589821094), (4, 0.03362752262231859), (5, 0.031242542208189512), (6, 0.043916216352695804), (7, 0.037352081609450014), (8, 0.04984325591275202), (9, 0.029703410332466193), (10, 0.027346073993216348), (11, 0.05062082148091957), (12, 0.029744315554203038), (13, 0.043022484571872216), (14, 0.04696270680620653), (15, 0.017869033840381437), (16, 0.03297571194389802), (17, 0.036065480744984245), (18, 0.0457075294226408), (19, 0.032822504955662905), (20, 0.02065581521062758), (21, 0.03204358223041285), (22, 0.05384749983922576), (23, 0.05859635297314353), (24, 0.0370510969667924), (25, 0.036236827424942115), (26, 0.056245071300990365), (27, 0.028754529308369643), (28, 0.028450432525841025), (29, 0.028778627192627883), (30, 0.03308148738351982), (31, 0.032546635409623076), (32, 0.02757141455233843), (33, 0.028284027187040095), (34, 0.036578881088644266), (35, 0.02837389348761998), (36, 0.02515401169826527), (37, 0.0713438944341163), (38, 0.03894340434862849), (39, 0.050839461309429575), (40, 0.02824768773462862)]
[2026-01-21 23:32:47,431][flwr][INFO] - app_fit: metrics_distributed_fit {'scaffold_updates': [(1, 8), (2, 8), (3, 8), (4, 8), (5, 8), (6, 8), (7, 8), (8, 8), (9, 8), (10, 8), (11, 8), (12, 8), (13, 8), (14, 8), (15, 8), (16, 8), (17, 8), (18, 8), (19, 8), (20, 8), (21, 8), (22, 8), (23, 8), (24, 8), (25, 8), (26, 8), (27, 8), (28, 8), (29, 8), (30, 8), (31, 8), (32, 8), (33, 8), (34, 8), (35, 8), (36, 8), (37, 8), (38, 8), (39, 8), (40, 8)], 'avg_control_delta_norm': [(1, 0.001826156231211235), (2, 0.0011866837775277527), (3, 0.0009369877011096411), (4, 0.0007926935806732773), (5, 0.0007272696331939618), (6, 0.0006986729675925578), (7, 0.0006713064067633544), (8, 0.000698887959785558), (9, 0.0006089618840258645), (10, 0.0005824319873009386), (11, 0.000545986347890397), (12, 0.00056135574755617), (13, 0.0004825565007594649), (14, 0.0004767899335592665), (15, 0.0005279062608550931), (16, 0.0004342600258692505), (17, 0.00046487927175862745), (18, 0.0004992050586232378), (19, 0.0004459358972793897), (20, 0.00046854655423493195), (21, 0.00046759740693002027), (22, 0.000485741617453862), (23, 0.0004560177080065137), (24, 0.00047444126678077063), (25, 0.00045171969020219694), (26, 0.0004946408678666478), (27, 0.0004823160297063648), (28, 0.00046136555553124393), (29, 0.0003618483649290809), (30, 0.0004553541578489374), (31, 0.000473084304555745), (32, 0.00039718011661344494), (33, 0.00040923140524270953), (34, 0.00042840758747242396), (35, 0.000424067294884457), (36, 0.00042557413729839814), (37, 0.0005188787160299706), (38, 0.00038247850916540245), (39, 0.0004487631946601245), (40, 0.00040230360556090173)]}
[2026-01-21 23:32:47,431][flwr][INFO] - app_fit: metrics_distributed {}
[2026-01-21 23:32:47,432][flwr][INFO] - app_fit: losses_centralized [(0, 1.4340404903996313), (1, 0.15672021058043362), (2, 0.10484464861893486), (3, 0.0555087223073604), (4, 0.04860354309066488), (5, 0.04137049794361489), (6, 0.042239333160124425), (7, 0.03516788931270182), (8, 0.03662030777913577), (9, 0.03312308699968705), (10, 0.03175750823734457), (11, 0.03446246896951703), (12, 0.03128835901901978), (13, 0.03097212715532141), (14, 0.033073061230847446), (15, 0.031299866599552965), (16, 0.030644307649108686), (17, 0.030238685481168082), (18, 0.03103079046743923), (19, 0.028987639009160408), (20, 0.03138167619959282), (21, 0.029105591997803153), (22, 0.031216064903328386), (23, 0.02857071264771186), (24, 0.02861389348894328), (25, 0.028385087630992668), (26, 0.03265471225034599), (27, 0.028292453938435647), (28, 0.030030074296752692), (29, 0.026628206025364407), (30, 0.026543498241016594), (31, 0.028228400943944663), (32, 0.028790241474455733), (33, 0.026277083955862097), (34, 0.026959192801786283), (35, 0.02747375594308168), (36, 0.028056770664011105), (37, 0.03423041576583129), (38, 0.028309947101132143), (39, 0.029006872516697126), (40, 0.02784067723776775)]
[2026-01-21 23:32:47,432][flwr][INFO] - app_fit: metrics_centralized {'rmse': [(0, 11782.010694274555), (1, 5901.520820940988), (2, 5506.860630159438), (3, 4431.2099927672125), (4, 4273.576488141987), (5, 4095.046886178472), (6, 4200.799685774126), (7, 4123.783456972493), (8, 3990.423661718139), (9, 4109.1054987673415), (10, 3896.2410089726227), (11, 3892.5252728787773), (12, 3875.5667972568863), (13, 3882.294038323218), (14, 3924.419320103294), (15, 3948.816025089039), (16, 3924.2585286904837), (17, 3856.98366602712), (18, 4086.1226119635717), (19, 3838.7154101339684), (20, 3807.251370739789), (21, 3860.582987062964), (22, 3837.816566747296), (23, 3835.7922258641697), (24, 3799.2697982638715), (25, 3923.3606767667943), (26, 3910.6504574047526), (27, 3737.641903660649), (28, 4061.8094490017625), (29, 3736.6286944249623), (30, 3711.451063937123), (31, 3817.324455688827), (32, 3695.7233392125013), (33, 3696.4377446401013), (34, 3717.33385640838), (35, 3746.4321694113187), (36, 3807.934085563982), (37, 3863.062774535252), (38, 3646.0126165442707), (39, 3883.919025932441), (40, 3807.5477672643847)], 'mae': [(0, 9149.193359375), (1, 3166.57421875), (2, 2435.150390625), (3, 1695.7919921875), (4, 1573.412109375), (5, 1459.0555419921875), (6, 1372.30029296875), (7, 1469.7225341796875), (8, 1270.10400390625), (9, 1436.2633056640625), (10, 1339.10009765625), (11, 1245.072021484375), (12, 1300.3450927734375), (13, 1291.166259765625), (14, 1214.1878662109375), (15, 1319.33935546875), (16, 1300.8184814453125), (17, 1305.068359375), (18, 1443.0198974609375), (19, 1301.4305419921875), (20, 1215.4991455078125), (21, 1308.7794189453125), (22, 1219.3892822265625), (23, 1335.791748046875), (24, 1315.7598876953125), (25, 1410.4091796875), (26, 1139.726806640625), (27, 1307.7547607421875), (28, 1478.816162109375), (29, 1261.443359375), (30, 1274.8985595703125), (31, 1377.0142822265625), (32, 1178.33642578125), (33, 1273.45263671875), (34, 1326.4779052734375), (35, 1339.12890625), (36, 1357.6395263671875), (37, 1152.4351806640625), (38, 1173.517578125), (39, 1395.075439453125), (40, 1352.84814453125)], 'r2': [(0, 0.00890437044283554), (1, 0.7513407651988392), (2, 0.7834865421316471), (3, 0.8598085964549593), (4, 0.8696053779849111), (5, 0.8802723442876187), (6, 0.8740086667813352), (7, 0.8785860922610715), (8, 0.8863119693989923), (9, 0.8794488707067062), (10, 0.8916152076036024), (11, 0.8918218367972848), (12, 0.8927623816776912), (13, 0.8923897700935268), (14, 0.8900418250691824), (15, 0.8886704299412492), (16, 0.8900508373226793), (17, 0.893788311976908), (18, 0.8807936177229976), (19, 0.89479205262675), (20, 0.896509660549109), (21, 0.893589983735999), (22, 0.8948413157016012), (23, 0.8949522199504923), (24, 0.896943121343621), (25, 0.8901011416831258), (26, 0.8908120464247943), (27, 0.9002593739755803), (28, 0.882207998880222), (29, 0.9003134401635645), (30, 0.901652306116142), (31, 0.8959613136882535), (32, 0.9024840586508365), (33, 0.902446352379493), (34, 0.9013402870874251), (35, 0.8997896735091547), (36, 0.8964725409175375), (37, 0.8934532380051525), (38, 0.9050897658579876), (39, 0.892299662224552), (40, 0.896493542621374)], 'mape': [(0, 79.91940307617188), (1, 17.165220260620117), (2, 12.706957817077637), (3, 8.468842506408691), (4, 7.754377841949463), (5, 6.919416904449463), (6, 6.500842571258545), (7, 6.023375988006592), (8, 5.776486396789551), (9, 5.747754096984863), (10, 5.585975170135498), (11, 5.5948333740234375), (12, 5.411997318267822), (13, 5.376890182495117), (14, 5.319726943969727), (15, 5.419157981872559), (16, 5.33762264251709), (17, 5.3816938400268555), (18, 5.6113176345825195), (19, 5.321525573730469), (20, 5.372662544250488), (21, 5.360159397125244), (22, 5.363450050354004), (23, 5.455304145812988), (24, 5.45443058013916), (25, 5.5492987632751465), (26, 5.318551063537598), (27, 5.537001609802246), (28, 5.707342624664307), (29, 5.255563259124756), (30, 5.297375202178955), (31, 5.656008243560791), (32, 5.275167942047119), (33, 5.290431976318359), (34, 5.55137825012207), (35, 5.570149898529053), (36, 5.62843132019043), (37, 5.558230400085449), (38, 5.265749454498291), (39, 5.713754177093506), (40, 5.592533111572266)], 'accuracy_10': [(0, 11.735205352306366), (1, 32.84854590892792), (2, 57.622867822647095), (3, 72.51754999160767), (4, 78.48545908927917), (5, 83.40020179748535), (6, 86.8104338645935), (7, 84.90471243858337), (8, 88.71614933013916), (9, 85.40621995925903), (10, 87.0611846446991), (11, 88.61584663391113), (12, 87.71314024925232), (13, 88.06419372558594), (14, 89.56870436668396), (15, 87.01103329658508), (16, 87.3620867729187), (17, 87.26178407669067), (18, 85.25576591491699), (19, 87.6629889011383), (20, 89.46840763092041), (21, 87.56268620491028), (22, 89.21765089035034), (23, 87.01103329658508), (24, 87.0611846446991), (25, 85.90772151947021), (26, 89.719158411026), (27, 87.61283755302429), (28, 84.60381031036377), (29, 88.36509585380554), (30, 87.6629889011383), (31, 86.50952577590942), (32, 89.06720280647278), (33, 87.76329159736633), (34, 87.11133599281311), (35, 86.50952577590942), (36, 86.40922904014587), (37, 88.31494450569153), (38, 89.31795358657837), (39, 85.95787286758423), (40, 86.05817556381226)], 'accuracy_20': [(0, 21.46439254283905), (1, 73.16950559616089), (2, 87.46238946914673), (3, 93.93179416656494), (4, 94.88465189933777), (5, 96.03811502456665), (6, 95.18555402755737), (7, 95.73721289634705), (8, 95.33600807189941), (9, 95.88766098022461), (10, 96.28886580467224), (11, 95.13540863990784), (12, 95.8375096321106), (13, 96.18856310844421), (14, 95.73721289634705), (15, 96.33901715278625), (16, 96.03811502456665), (17, 95.93781232833862), (18, 95.8375096321106), (19, 96.23871445655823), (20, 95.43631076812744), (21, 96.13841772079468), (22, 95.48646211624146), (23, 96.4894711971283), (24, 96.69007062911987), (25, 96.43931984901428), (26, 95.48646211624146), (27, 96.4894711971283), (28, 95.63691020011902), (29, 96.69007062911987), (30, 96.89067006111145), (31, 96.58976793289185), (32, 95.78736424446106), (33, 96.74022197723389), (34, 96.69007062911987), (35, 96.63991928100586), (36, 96.23871445655823), (37, 95.2858567237854), (38, 95.88766098022461), (39, 95.98796367645264), (40, 96.4894711971283)]}
[2026-01-21 23:32:47,980][flwr][INFO] - Starting Flower simulation, config: ServerConfig(num_rounds=40, round_timeout=None)
[2026-01-21 23:32:55,335][flwr][INFO] - Flower VCE: Ray initialized with resources: {'CPU': 10.0, 'object_store_memory': 2147483648.0, 'node:127.0.0.1': 1.0, 'memory': 12602381517.0}
[2026-01-21 23:32:55,336][flwr][INFO] - Initializing global parameters
[2026-01-21 23:32:55,336][flwr][INFO] - Using initial parameters provided by strategy
[2026-01-21 23:32:55,336][flwr][INFO] - Evaluating initial parameters
[2026-01-21 23:32:55,582][flwr][INFO] - initial parameters (loss, other metrics): 1.4340404903996313, {'rmse': 11782.010694274555, 'mae': 9149.193359375, 'r2': 0.00890437044283554, 'mape': 79.91940307617188, 'accuracy_10': 11.735205352306366, 'accuracy_20': 21.46439254283905}
[2026-01-21 23:32:55,582][flwr][INFO] - FL starting
[2026-01-21 23:32:55,583][flwr][DEBUG] - fit_round 1: strategy sampled 8 clients (out of 12)
[2026-01-21 23:33:09,693][flwr][DEBUG] - fit_round 1 received 8 results and 0 failures
[2026-01-21 23:33:09,700][flwr][WARNING] - No fit_metrics_aggregation_fn provided
[2026-01-21 23:33:09,965][flwr][INFO] - fit progress: (1, 12.840389186185725, {'rmse': 80386.9585442813, 'mae': 68496.609375, 'r2': -45.136847102198985, 'mape': 656.2691650390625, 'accuracy_10': 2.206619828939438, 'accuracy_20': 4.513540491461754}, 14.382636709022336)
[2026-01-21 23:33:09,965][flwr][DEBUG] - evaluate_round 1: strategy sampled 6 clients (out of 12)
[2026-01-21 23:33:10,182][flwr][DEBUG] - evaluate_round 1 received 6 results and 0 failures
[2026-01-21 23:33:10,182][flwr][WARNING] - No evaluate_metrics_aggregation_fn provided
[2026-01-21 23:33:10,183][flwr][DEBUG] - fit_round 2: strategy sampled 8 clients (out of 12)
[2026-01-21 23:33:17,521][flwr][DEBUG] - fit_round 2 received 8 results and 0 failures
[2026-01-21 23:33:17,768][flwr][INFO] - fit progress: (2, 0.11422876430789351, {'rmse': 4975.217583181664, 'mae': 2418.5732421875, 'r2': 0.8232738300701692, 'mape': 13.850884437561035, 'accuracy_10': 42.477431893348694, 'accuracy_20': 81.19357824325562}, 22.186209708976094)
[2026-01-21 23:33:17,768][flwr][DEBUG] - evaluate_round 2: strategy sampled 6 clients (out of 12)
[2026-01-21 23:33:17,976][flwr][DEBUG] - evaluate_round 2 received 6 results and 0 failures
[2026-01-21 23:33:17,976][flwr][DEBUG] - fit_round 3: strategy sampled 8 clients (out of 12)
[2026-01-21 23:33:27,560][flwr][DEBUG] - fit_round 3 received 8 results and 0 failures
[2026-01-21 23:33:27,840][flwr][INFO] - fit progress: (3, 0.07213112497431344, {'rmse': 4482.80693316141, 'mae': 1933.703369140625, 'r2': 0.8565248216673758, 'mape': 10.40471363067627, 'accuracy_10': 60.18053889274597, 'accuracy_20': 91.72517657279968}, 32.257581042009406)
[2026-01-21 23:33:27,840][flwr][DEBUG] - evaluate_round 3: strategy sampled 6 clients (out of 12)
[2026-01-21 23:33:28,106][flwr][DEBUG] - evaluate_round 3 received 6 results and 0 failures
[2026-01-21 23:33:28,107][flwr][DEBUG] - fit_round 4: strategy sampled 8 clients (out of 12)
[2026-01-21 23:33:38,092][flwr][DEBUG] - fit_round 4 received 8 results and 0 failures
[2026-01-21 23:33:38,363][flwr][INFO] - fit progress: (4, 0.05469601996683907, {'rmse': 4148.289044895498, 'mae': 1695.3543701171875, 'r2': 0.8771388079456368, 'mape': 8.735559463500977, 'accuracy_10': 71.26379013061523, 'accuracy_20': 94.18254494667053}, 42.78071383398492)
[2026-01-21 23:33:38,363][flwr][DEBUG] - evaluate_round 4: strategy sampled 6 clients (out of 12)
[2026-01-21 23:33:38,591][flwr][DEBUG] - evaluate_round 4 received 6 results and 0 failures
[2026-01-21 23:33:38,592][flwr][DEBUG] - fit_round 5: strategy sampled 8 clients (out of 12)
[2026-01-21 23:33:48,783][flwr][DEBUG] - fit_round 5 received 8 results and 0 failures
[2026-01-21 23:33:49,060][flwr][INFO] - fit progress: (5, 0.05726431540345237, {'rmse': 4522.123837313613, 'mae': 1606.41162109375, 'r2': 0.8539970495539309, 'mape': 8.098159790039062, 'accuracy_10': 79.48846817016602, 'accuracy_20': 94.23269629478455}, 53.478083916998)
[2026-01-21 23:33:49,061][flwr][DEBUG] - evaluate_round 5: strategy sampled 6 clients (out of 12)
[2026-01-21 23:33:49,278][flwr][DEBUG] - evaluate_round 5 received 6 results and 0 failures
[2026-01-21 23:33:49,279][flwr][DEBUG] - fit_round 6: strategy sampled 8 clients (out of 12)
[2026-01-21 23:33:58,696][flwr][DEBUG] - fit_round 6 received 8 results and 0 failures
[2026-01-21 23:33:58,967][flwr][INFO] - fit progress: (6, 0.043009149936310866, {'rmse': 4124.323944599891, 'mae': 1455.949462890625, 'r2': 0.8785542670534422, 'mape': 6.864326477050781, 'accuracy_10': 84.85456109046936, 'accuracy_20': 95.2858567237854}, 63.384394166991115)
[2026-01-21 23:33:58,967][flwr][DEBUG] - evaluate_round 6: strategy sampled 6 clients (out of 12)
[2026-01-21 23:33:59,154][flwr][DEBUG] - evaluate_round 6 received 6 results and 0 failures
[2026-01-21 23:33:59,155][flwr][DEBUG] - fit_round 7: strategy sampled 8 clients (out of 12)
[2026-01-21 23:34:09,286][flwr][DEBUG] - fit_round 7 received 8 results and 0 failures
[2026-01-21 23:34:09,552][flwr][INFO] - fit progress: (7, 0.04429652463035694, {'rmse': 4207.4310451865995, 'mae': 1448.0155029296875, 'r2': 0.8736105730320758, 'mape': 6.87478494644165, 'accuracy_10': 85.0050151348114, 'accuracy_20': 94.93480324745178}, 73.9694720840198)
[2026-01-21 23:34:09,552][flwr][DEBUG] - evaluate_round 7: strategy sampled 6 clients (out of 12)
[2026-01-21 23:34:09,763][flwr][DEBUG] - evaluate_round 7 received 6 results and 0 failures
[2026-01-21 23:34:09,763][flwr][DEBUG] - fit_round 8: strategy sampled 8 clients (out of 12)
[2026-01-21 23:34:20,103][flwr][DEBUG] - fit_round 8 received 8 results and 0 failures
[2026-01-21 23:34:20,371][flwr][INFO] - fit progress: (8, 0.03943815628587901, {'rmse': 4020.7963141646455, 'mae': 1466.9971923828125, 'r2': 0.8845747383762609, 'mape': 6.6962199211120605, 'accuracy_10': 84.40321087837219, 'accuracy_20': 95.68706154823303}, 84.7881398749887)
[2026-01-21 23:34:20,371][flwr][DEBUG] - evaluate_round 8: strategy sampled 6 clients (out of 12)
[2026-01-21 23:34:20,722][flwr][DEBUG] - evaluate_round 8 received 6 results and 0 failures
[2026-01-21 23:34:20,723][flwr][DEBUG] - fit_round 9: strategy sampled 8 clients (out of 12)
[2026-01-21 23:34:30,243][flwr][DEBUG] - fit_round 9 received 8 results and 0 failures
[2026-01-21 23:34:30,526][flwr][INFO] - fit progress: (9, 0.03833159168018262, {'rmse': 4056.8927764977966, 'mae': 1475.94482421875, 'r2': 0.8824929884814454, 'mape': 6.64194393157959, 'accuracy_10': 84.30290818214417, 'accuracy_20': 95.63691020011902}, 94.9437791670207)
[2026-01-21 23:34:30,527][flwr][DEBUG] - evaluate_round 9: strategy sampled 6 clients (out of 12)
[2026-01-21 23:34:30,721][flwr][DEBUG] - evaluate_round 9 received 6 results and 0 failures
[2026-01-21 23:34:30,722][flwr][DEBUG] - fit_round 10: strategy sampled 8 clients (out of 12)
[2026-01-21 23:34:40,613][flwr][DEBUG] - fit_round 10 received 8 results and 0 failures
[2026-01-21 23:34:40,917][flwr][INFO] - fit progress: (10, 0.0383896012468228, {'rmse': 4065.6968652372498, 'mae': 1357.36669921875, 'r2': 0.881982421221905, 'mape': 6.233429908752441, 'accuracy_10': 87.31193542480469, 'accuracy_20': 95.38615942001343}, 105.33428037498379)
[2026-01-21 23:34:40,917][flwr][DEBUG] - evaluate_round 10: strategy sampled 6 clients (out of 12)
[2026-01-21 23:34:41,168][flwr][DEBUG] - evaluate_round 10 received 6 results and 0 failures
[2026-01-21 23:34:41,168][flwr][DEBUG] - fit_round 11: strategy sampled 8 clients (out of 12)
[2026-01-21 23:34:51,909][flwr][DEBUG] - fit_round 11 received 8 results and 0 failures
[2026-01-21 23:34:52,180][flwr][INFO] - fit progress: (11, 0.03578879100194905, {'rmse': 4093.4152000499535, 'mae': 1512.1549072265625, 'r2': 0.8803677392475383, 'mape': 6.346582412719727, 'accuracy_10': 83.85155200958252, 'accuracy_20': 95.53660750389099}, 116.59762679197593)
[2026-01-21 23:34:52,180][flwr][DEBUG] - evaluate_round 11: strategy sampled 6 clients (out of 12)
[2026-01-21 23:34:52,382][flwr][DEBUG] - evaluate_round 11 received 6 results and 0 failures
[2026-01-21 23:34:52,383][flwr][DEBUG] - fit_round 12: strategy sampled 8 clients (out of 12)
[2026-01-21 23:35:01,629][flwr][DEBUG] - fit_round 12 received 8 results and 0 failures
[2026-01-21 23:35:01,882][flwr][INFO] - fit progress: (12, 0.03528535666286108, {'rmse': 3958.9002260728926, 'mae': 1316.8341064453125, 'r2': 0.8881010960425516, 'mape': 5.871724605560303, 'accuracy_10': 88.26479315757751, 'accuracy_20': 95.53660750389099}, 126.29948908399092)
[2026-01-21 23:35:01,882][flwr][DEBUG] - evaluate_round 12: strategy sampled 6 clients (out of 12)
[2026-01-21 23:35:02,023][flwr][DEBUG] - evaluate_round 12 received 6 results and 0 failures
[2026-01-21 23:35:02,023][flwr][DEBUG] - fit_round 13: strategy sampled 8 clients (out of 12)
[2026-01-21 23:35:11,342][flwr][DEBUG] - fit_round 13 received 8 results and 0 failures
[2026-01-21 23:35:11,621][flwr][INFO] - fit progress: (13, 0.033824379267236415, {'rmse': 3957.941005118697, 'mae': 1399.54736328125, 'r2': 0.888155316223476, 'mape': 5.969777584075928, 'accuracy_10': 85.65697073936462, 'accuracy_20': 95.88766098022461}, 136.0381185419974)
[2026-01-21 23:35:11,621][flwr][DEBUG] - evaluate_round 13: strategy sampled 6 clients (out of 12)
[2026-01-21 23:35:11,941][flwr][DEBUG] - evaluate_round 13 received 6 results and 0 failures
[2026-01-21 23:35:11,942][flwr][DEBUG] - fit_round 14: strategy sampled 8 clients (out of 12)
[2026-01-21 23:35:21,341][flwr][DEBUG] - fit_round 14 received 8 results and 0 failures
[2026-01-21 23:35:21,694][flwr][INFO] - fit progress: (14, 0.032863346727166995, {'rmse': 3950.2574599638438, 'mae': 1403.34814453125, 'r2': 0.8885891436678455, 'mape': 5.889849662780762, 'accuracy_10': 86.15847826004028, 'accuracy_20': 96.08826637268066}, 146.11184437497286)
[2026-01-21 23:35:21,695][flwr][DEBUG] - evaluate_round 14: strategy sampled 6 clients (out of 12)
[2026-01-21 23:35:21,954][flwr][DEBUG] - evaluate_round 14 received 6 results and 0 failures
[2026-01-21 23:35:21,955][flwr][DEBUG] - fit_round 15: strategy sampled 8 clients (out of 12)
[2026-01-21 23:35:31,188][flwr][DEBUG] - fit_round 15 received 8 results and 0 failures
[2026-01-21 23:35:31,456][flwr][INFO] - fit progress: (15, 0.03306678224097164, {'rmse': 4088.3764503773377, 'mae': 1499.5782470703125, 'r2': 0.8806620784201274, 'mape': 5.988461017608643, 'accuracy_10': 84.65396165847778, 'accuracy_20': 95.73721289634705}, 155.8734535839758)
[2026-01-21 23:35:31,457][flwr][DEBUG] - evaluate_round 15: strategy sampled 6 clients (out of 12)
[2026-01-21 23:35:31,687][flwr][DEBUG] - evaluate_round 15 received 6 results and 0 failures
[2026-01-21 23:35:31,688][flwr][DEBUG] - fit_round 16: strategy sampled 8 clients (out of 12)
[2026-01-21 23:35:41,135][flwr][DEBUG] - fit_round 16 received 8 results and 0 failures
[2026-01-21 23:35:41,413][flwr][INFO] - fit progress: (16, 0.03381775513874253, {'rmse': 3917.4886087900754, 'mae': 1301.7618408203125, 'r2': 0.8904298652793496, 'mape': 5.717339515686035, 'accuracy_10': 88.26479315757751, 'accuracy_20': 95.53660750389099}, 165.83063079201384)
[2026-01-21 23:35:41,414][flwr][DEBUG] - evaluate_round 16: strategy sampled 6 clients (out of 12)
[2026-01-21 23:35:41,622][flwr][DEBUG] - evaluate_round 16 received 6 results and 0 failures
[2026-01-21 23:35:41,622][flwr][DEBUG] - fit_round 17: strategy sampled 8 clients (out of 12)
[2026-01-21 23:35:51,013][flwr][DEBUG] - fit_round 17 received 8 results and 0 failures
[2026-01-21 23:35:51,320][flwr][INFO] - fit progress: (17, 0.038119398440452014, {'rmse': 4086.4007390367383, 'mae': 1238.04833984375, 'r2': 0.8807773898003055, 'mape': 5.723653793334961, 'accuracy_10': 89.11735415458679, 'accuracy_20': 94.78435516357422}, 175.73683037498267)
[2026-01-21 23:35:51,320][flwr][DEBUG] - evaluate_round 17: strategy sampled 6 clients (out of 12)
[2026-01-21 23:35:51,561][flwr][DEBUG] - evaluate_round 17 received 6 results and 0 failures
[2026-01-21 23:35:51,561][flwr][DEBUG] - fit_round 18: strategy sampled 8 clients (out of 12)
[2026-01-21 23:36:01,186][flwr][DEBUG] - fit_round 18 received 8 results and 0 failures
[2026-01-21 23:36:01,468][flwr][INFO] - fit progress: (18, 0.03895301786377473, {'rmse': 4241.564098301475, 'mae': 1238.56689453125, 'r2': 0.8715515700944185, 'mape': 5.71121883392334, 'accuracy_10': 89.4182562828064, 'accuracy_20': 95.03510594367981}, 185.8852555420017)
[2026-01-21 23:36:01,468][flwr][DEBUG] - evaluate_round 18: strategy sampled 6 clients (out of 12)
[2026-01-21 23:36:01,674][flwr][DEBUG] - evaluate_round 18 received 6 results and 0 failures
[2026-01-21 23:36:01,675][flwr][DEBUG] - fit_round 19: strategy sampled 8 clients (out of 12)
[2026-01-21 23:36:10,988][flwr][DEBUG] - fit_round 19 received 8 results and 0 failures
[2026-01-21 23:36:11,264][flwr][INFO] - fit progress: (19, 0.034413857214571304, {'rmse': 3983.666652720832, 'mae': 1301.9200439453125, 'r2': 0.8866966657624592, 'mape': 5.6791911125183105, 'accuracy_10': 88.5155439376831, 'accuracy_20': 95.2858567237854}, 195.68155841698172)
[2026-01-21 23:36:11,265][flwr][DEBUG] - evaluate_round 19: strategy sampled 6 clients (out of 12)
[2026-01-21 23:36:11,359][flwr][DEBUG] - evaluate_round 19 received 6 results and 0 failures
[2026-01-21 23:36:11,360][flwr][DEBUG] - fit_round 20: strategy sampled 8 clients (out of 12)
[2026-01-21 23:36:20,462][flwr][DEBUG] - fit_round 20 received 8 results and 0 failures
[2026-01-21 23:36:20,731][flwr][INFO] - fit progress: (20, 0.03341072607587429, {'rmse': 3978.792279071628, 'mae': 1442.078857421875, 'r2': 0.8869737650587496, 'mape': 6.025040149688721, 'accuracy_10': 86.15847826004028, 'accuracy_20': 95.8375096321106}, 205.14780904201325)
[2026-01-21 23:36:20,731][flwr][DEBUG] - evaluate_round 20: strategy sampled 6 clients (out of 12)
[2026-01-21 23:36:20,924][flwr][DEBUG] - evaluate_round 20 received 6 results and 0 failures
[2026-01-21 23:36:20,925][flwr][DEBUG] - fit_round 21: strategy sampled 8 clients (out of 12)
[2026-01-21 23:36:30,072][flwr][DEBUG] - fit_round 21 received 8 results and 0 failures
[2026-01-21 23:36:30,348][flwr][INFO] - fit progress: (21, 0.03225436635547081, {'rmse': 3928.110105381467, 'mae': 1421.0938720703125, 'r2': 0.889834902555614, 'mape': 5.9133734703063965, 'accuracy_10': 86.45938038825989, 'accuracy_20': 95.93781232833862}, 214.7648840000038)
[2026-01-21 23:36:30,348][flwr][DEBUG] - evaluate_round 21: strategy sampled 6 clients (out of 12)
[2026-01-21 23:36:30,546][flwr][DEBUG] - evaluate_round 21 received 6 results and 0 failures
[2026-01-21 23:36:30,547][flwr][DEBUG] - fit_round 22: strategy sampled 8 clients (out of 12)
[2026-01-21 23:36:39,728][flwr][DEBUG] - fit_round 22 received 8 results and 0 failures
[2026-01-21 23:36:39,999][flwr][INFO] - fit progress: (22, 0.03381716403568401, {'rmse': 4135.803186806645, 'mae': 1584.0794677734375, 'r2': 0.8778772920895851, 'mape': 6.228185653686523, 'accuracy_10': 83.75125527381897, 'accuracy_20': 95.18555402755737}, 224.41599374997895)
[2026-01-21 23:36:39,999][flwr][DEBUG] - evaluate_round 22: strategy sampled 6 clients (out of 12)
[2026-01-21 23:36:40,112][flwr][DEBUG] - evaluate_round 22 received 6 results and 0 failures
[2026-01-21 23:36:40,113][flwr][DEBUG] - fit_round 23: strategy sampled 8 clients (out of 12)
[2026-01-21 23:36:49,536][flwr][DEBUG] - fit_round 23 received 8 results and 0 failures
[2026-01-21 23:36:49,832][flwr][INFO] - fit progress: (23, 0.031599280806473166, {'rmse': 3910.773197207938, 'mae': 1399.0350341796875, 'r2': 0.8908051974054565, 'mape': 5.801016807556152, 'accuracy_10': 86.35907769203186, 'accuracy_20': 95.98796367645264}, 234.24938175000716)
[2026-01-21 23:36:49,833][flwr][DEBUG] - evaluate_round 23: strategy sampled 6 clients (out of 12)
[2026-01-21 23:36:49,937][flwr][DEBUG] - evaluate_round 23 received 6 results and 0 failures
[2026-01-21 23:36:49,938][flwr][DEBUG] - fit_round 24: strategy sampled 8 clients (out of 12)
[2026-01-21 23:36:59,172][flwr][DEBUG] - fit_round 24 received 8 results and 0 failures
[2026-01-21 23:36:59,429][flwr][INFO] - fit progress: (24, 0.031749451917819416, {'rmse': 3942.8653286664508, 'mae': 1427.063232421875, 'r2': 0.8890057165699219, 'mape': 5.86257791519165, 'accuracy_10': 86.55967712402344, 'accuracy_20': 96.08826637268066}, 243.84614354197402)
[2026-01-21 23:36:59,429][flwr][DEBUG] - evaluate_round 24: strategy sampled 6 clients (out of 12)
[2026-01-21 23:36:59,640][flwr][DEBUG] - evaluate_round 24 received 6 results and 0 failures
[2026-01-21 23:36:59,640][flwr][DEBUG] - fit_round 25: strategy sampled 8 clients (out of 12)
[2026-01-21 23:37:08,698][flwr][DEBUG] - fit_round 25 received 8 results and 0 failures
[2026-01-21 23:37:08,973][flwr][INFO] - fit progress: (25, 0.03251567535819776, {'rmse': 3891.0002570033325, 'mae': 1319.4852294921875, 'r2': 0.8919065842453431, 'mape': 5.743489742279053, 'accuracy_10': 88.2146418094635, 'accuracy_20': 95.63691020011902}, 253.38992812501965)
[2026-01-21 23:37:08,973][flwr][DEBUG] - evaluate_round 25: strategy sampled 6 clients (out of 12)
[2026-01-21 23:37:09,178][flwr][DEBUG] - evaluate_round 25 received 6 results and 0 failures
[2026-01-21 23:37:09,179][flwr][DEBUG] - fit_round 26: strategy sampled 8 clients (out of 12)
[2026-01-21 23:37:18,427][flwr][DEBUG] - fit_round 26 received 8 results and 0 failures
[2026-01-21 23:37:18,685][flwr][INFO] - fit progress: (26, 0.03299417926247046, {'rmse': 4114.872051473776, 'mae': 1570.734130859375, 'r2': 0.8791102695633217, 'mape': 6.174979209899902, 'accuracy_10': 83.85155200958252, 'accuracy_20': 95.23570537567139}, 263.10167191701476)
[2026-01-21 23:37:18,685][flwr][DEBUG] - evaluate_round 26: strategy sampled 6 clients (out of 12)
[2026-01-21 23:37:18,849][flwr][DEBUG] - evaluate_round 26 received 6 results and 0 failures
[2026-01-21 23:37:18,849][flwr][DEBUG] - fit_round 27: strategy sampled 8 clients (out of 12)
[2026-01-21 23:37:27,696][flwr][DEBUG] - fit_round 27 received 8 results and 0 failures
[2026-01-21 23:37:27,954][flwr][INFO] - fit progress: (27, 0.031023847585620587, {'rmse': 3972.1124102925387, 'mae': 1450.87744140625, 'r2': 0.8873529616743544, 'mape': 5.818062782287598, 'accuracy_10': 85.65697073936462, 'accuracy_20': 95.68706154823303}, 272.3710726670106)
[2026-01-21 23:37:27,955][flwr][DEBUG] - evaluate_round 27: strategy sampled 6 clients (out of 12)
[2026-01-21 23:37:28,165][flwr][DEBUG] - evaluate_round 27 received 6 results and 0 failures
[2026-01-21 23:37:28,166][flwr][DEBUG] - fit_round 28: strategy sampled 8 clients (out of 12)
[2026-01-21 23:37:37,381][flwr][DEBUG] - fit_round 28 received 8 results and 0 failures
[2026-01-21 23:37:37,694][flwr][INFO] - fit progress: (28, 0.03076156111267828, {'rmse': 3904.890907567073, 'mae': 1435.1263427734375, 'r2': 0.8911334296908714, 'mape': 5.894181251525879, 'accuracy_10': 86.55967712402344, 'accuracy_20': 95.93781232833862}, 282.1107900419738)
[2026-01-21 23:37:37,694][flwr][DEBUG] - evaluate_round 28: strategy sampled 6 clients (out of 12)
[2026-01-21 23:37:37,795][flwr][DEBUG] - evaluate_round 28 received 6 results and 0 failures
[2026-01-21 23:37:37,796][flwr][DEBUG] - fit_round 29: strategy sampled 8 clients (out of 12)
[2026-01-21 23:37:46,806][flwr][DEBUG] - fit_round 29 received 8 results and 0 failures
[2026-01-21 23:37:47,059][flwr][INFO] - fit progress: (29, 0.03184275094741057, {'rmse': 3838.337270225221, 'mae': 1263.636474609375, 'r2': 0.8948127756766948, 'mape': 5.5840888023376465, 'accuracy_10': 88.11434507369995, 'accuracy_20': 95.63691020011902}, 291.47592891700333)
[2026-01-21 23:37:47,059][flwr][DEBUG] - evaluate_round 29: strategy sampled 6 clients (out of 12)
[2026-01-21 23:37:47,376][flwr][DEBUG] - evaluate_round 29 received 6 results and 0 failures
[2026-01-21 23:37:47,376][flwr][DEBUG] - fit_round 30: strategy sampled 8 clients (out of 12)
[2026-01-21 23:37:56,809][flwr][DEBUG] - fit_round 30 received 8 results and 0 failures
[2026-01-21 23:37:57,069][flwr][INFO] - fit progress: (30, 0.031871395210811164, {'rmse': 3829.9647517960266, 'mae': 1277.5968017578125, 'r2': 0.8952711686615157, 'mape': 5.653416156768799, 'accuracy_10': 88.01404237747192, 'accuracy_20': 95.98796367645264}, 301.4859264169936)
[2026-01-21 23:37:57,069][flwr][DEBUG] - evaluate_round 30: strategy sampled 6 clients (out of 12)
[2026-01-21 23:37:57,245][flwr][DEBUG] - evaluate_round 30 received 6 results and 0 failures
[2026-01-21 23:37:57,246][flwr][DEBUG] - fit_round 31: strategy sampled 8 clients (out of 12)
[2026-01-21 23:38:06,033][flwr][DEBUG] - fit_round 31 received 8 results and 0 failures
[2026-01-21 23:38:06,292][flwr][INFO] - fit progress: (31, 0.03037030594899817, {'rmse': 3914.5459506818925, 'mae': 1443.9539794921875, 'r2': 0.8905944104023903, 'mape': 5.863544940948486, 'accuracy_10': 85.75727343559265, 'accuracy_20': 96.08826637268066}, 310.70872987498296)
[2026-01-21 23:38:06,292][flwr][DEBUG] - evaluate_round 31: strategy sampled 6 clients (out of 12)
[2026-01-21 23:38:06,522][flwr][DEBUG] - evaluate_round 31 received 6 results and 0 failures
[2026-01-21 23:38:06,523][flwr][DEBUG] - fit_round 32: strategy sampled 8 clients (out of 12)
[2026-01-21 23:38:15,296][flwr][DEBUG] - fit_round 32 received 8 results and 0 failures
[2026-01-21 23:38:15,589][flwr][INFO] - fit progress: (32, 0.030486200791349262, {'rmse': 3937.105027809139, 'mae': 1481.9453125, 'r2': 0.8893297910459529, 'mape': 6.005669593811035, 'accuracy_10': 85.5566680431366, 'accuracy_20': 96.13841772079468}, 320.00548754201736)
[2026-01-21 23:38:15,589][flwr][DEBUG] - evaluate_round 32: strategy sampled 6 clients (out of 12)
[2026-01-21 23:38:15,715][flwr][DEBUG] - evaluate_round 32 received 6 results and 0 failures
[2026-01-21 23:38:15,716][flwr][DEBUG] - fit_round 33: strategy sampled 8 clients (out of 12)
[2026-01-21 23:38:25,034][flwr][DEBUG] - fit_round 33 received 8 results and 0 failures
[2026-01-21 23:38:25,294][flwr][INFO] - fit progress: (33, 0.030095300447558208, {'rmse': 3840.530432114814, 'mae': 1393.2989501953125, 'r2': 0.8946925365224323, 'mape': 5.827200889587402, 'accuracy_10': 86.50952577590942, 'accuracy_20': 96.03811502456665}, 329.71028266701614)
[2026-01-21 23:38:25,294][flwr][DEBUG] - evaluate_round 33: strategy sampled 6 clients (out of 12)
[2026-01-21 23:38:25,483][flwr][DEBUG] - evaluate_round 33 received 6 results and 0 failures
[2026-01-21 23:38:25,484][flwr][DEBUG] - fit_round 34: strategy sampled 8 clients (out of 12)
[2026-01-21 23:38:34,483][flwr][DEBUG] - fit_round 34 received 8 results and 0 failures
[2026-01-21 23:38:34,755][flwr][INFO] - fit progress: (34, 0.03209874522288441, {'rmse': 4089.328918050002, 'mae': 1582.144287109375, 'r2': 0.8806064649697446, 'mape': 6.2479047775268555, 'accuracy_10': 83.95185470581055, 'accuracy_20': 95.63691020011902}, 339.1715591250104)
[2026-01-21 23:38:34,755][flwr][DEBUG] - evaluate_round 34: strategy sampled 6 clients (out of 12)
[2026-01-21 23:38:34,846][flwr][DEBUG] - evaluate_round 34 received 6 results and 0 failures
[2026-01-21 23:38:34,847][flwr][DEBUG] - fit_round 35: strategy sampled 8 clients (out of 12)
[2026-01-21 23:38:43,710][flwr][DEBUG] - fit_round 35 received 8 results and 0 failures
[2026-01-21 23:38:43,972][flwr][INFO] - fit progress: (35, 0.03216199705016649, {'rmse': 4139.448755571205, 'mae': 1582.93359375, 'r2': 0.8776618926313117, 'mape': 6.161941051483154, 'accuracy_10': 83.80140662193298, 'accuracy_20': 95.33600807189941}, 348.38887845899444)
[2026-01-21 23:38:43,973][flwr][DEBUG] - evaluate_round 35: strategy sampled 6 clients (out of 12)
[2026-01-21 23:38:44,064][flwr][DEBUG] - evaluate_round 35 received 6 results and 0 failures
[2026-01-21 23:38:44,065][flwr][DEBUG] - fit_round 36: strategy sampled 8 clients (out of 12)
[2026-01-21 23:38:53,030][flwr][DEBUG] - fit_round 36 received 8 results and 0 failures
[2026-01-21 23:38:53,306][flwr][INFO] - fit progress: (36, 0.030426034506750382, {'rmse': 3806.141615862447, 'mae': 1256.65380859375, 'r2': 0.8965699817836618, 'mape': 5.529444217681885, 'accuracy_10': 88.11434507369995, 'accuracy_20': 96.08826637268066}, 357.7223137500114)
[2026-01-21 23:38:53,306][flwr][DEBUG] - evaluate_round 36: strategy sampled 6 clients (out of 12)
[2026-01-21 23:38:53,412][flwr][DEBUG] - evaluate_round 36 received 6 results and 0 failures
[2026-01-21 23:38:53,412][flwr][DEBUG] - fit_round 37: strategy sampled 8 clients (out of 12)
[2026-01-21 23:38:59,165][flwr][DEBUG] - fit_round 37 received 8 results and 0 failures
[2026-01-21 23:38:59,419][flwr][INFO] - fit progress: (37, 0.03505737352051371, {'rmse': 4317.569686756659, 'mae': 1677.983154296875, 'r2': 0.8669069376958056, 'mape': 6.40255880355835, 'accuracy_10': 82.79839754104614, 'accuracy_20': 95.23570537567139}, 363.8359240000136)
[2026-01-21 23:38:59,420][flwr][DEBUG] - evaluate_round 37: strategy sampled 6 clients (out of 12)
[2026-01-21 23:38:59,493][flwr][DEBUG] - evaluate_round 37 received 6 results and 0 failures
[2026-01-21 23:38:59,493][flwr][DEBUG] - fit_round 38: strategy sampled 8 clients (out of 12)
[2026-01-21 23:39:08,531][flwr][DEBUG] - fit_round 38 received 8 results and 0 failures
[2026-01-21 23:39:08,814][flwr][INFO] - fit progress: (38, 0.02917142909061287, {'rmse': 3684.740153660771, 'mae': 1270.211181640625, 'r2': 0.9030628007848771, 'mape': 5.600608825683594, 'accuracy_10': 88.06419372558594, 'accuracy_20': 95.93781232833862}, 373.23044483398553)
[2026-01-21 23:39:08,814][flwr][DEBUG] - evaluate_round 38: strategy sampled 6 clients (out of 12)
[2026-01-21 23:39:08,913][flwr][DEBUG] - evaluate_round 38 received 6 results and 0 failures
[2026-01-21 23:39:08,913][flwr][DEBUG] - fit_round 39: strategy sampled 8 clients (out of 12)
[2026-01-21 23:39:18,060][flwr][DEBUG] - fit_round 39 received 8 results and 0 failures
[2026-01-21 23:39:18,316][flwr][INFO] - fit progress: (39, 0.028208646689772368, {'rmse': 3677.788465912633, 'mae': 1346.787841796875, 'r2': 0.9034282260318348, 'mape': 5.726375579833984, 'accuracy_10': 87.51253485679626, 'accuracy_20': 96.43931984901428}, 382.7319077089778)
[2026-01-21 23:39:18,316][flwr][DEBUG] - evaluate_round 39: strategy sampled 6 clients (out of 12)
[2026-01-21 23:39:18,405][flwr][DEBUG] - evaluate_round 39 received 6 results and 0 failures
[2026-01-21 23:39:18,406][flwr][DEBUG] - fit_round 40: strategy sampled 8 clients (out of 12)
[2026-01-21 23:39:27,313][flwr][DEBUG] - fit_round 40 received 8 results and 0 failures
[2026-01-21 23:39:27,577][flwr][INFO] - fit progress: (40, 0.030393249303879686, {'rmse': 3938.2431362220386, 'mae': 1540.405029296875, 'r2': 0.8892658033128252, 'mape': 6.210137367248535, 'accuracy_10': 84.7041130065918, 'accuracy_20': 95.98796367645264}, 391.99353420897387)
[2026-01-21 23:39:27,578][flwr][DEBUG] - evaluate_round 40: strategy sampled 6 clients (out of 12)
[2026-01-21 23:39:27,685][flwr][DEBUG] - evaluate_round 40 received 6 results and 0 failures
[2026-01-21 23:39:27,685][flwr][INFO] - FL finished in 392.1017506669741
[2026-01-21 23:39:27,687][flwr][INFO] - app_fit: losses_distributed [(1, 13.265580896355315), (2, 0.10265815319554907), (3, 0.07340770947897349), (4, 0.05843934349351042), (5, 0.07922515337159679), (6, 0.03281449710686344), (7, 0.020845027212433382), (8, 0.05072525494679396), (9, 0.03462186280675357), (10, 0.06262345833283987), (11, 0.03131489450562343), (12, 0.02771015627612943), (13, 0.03666681823868707), (14, 0.02640673499337809), (15, 0.03541252372385165), (16, 0.02107081529058037), (17, 0.02899259780397481), (18, 0.04295727120924554), (19, 0.04239726481286602), (20, 0.049140268488430436), (21, 0.039459306720218204), (22, 0.03135792331071138), (23, 0.03277459112643947), (24, 0.02997703610539156), (25, 0.052782317905759955), (26, 0.026725893771402876), (27, 0.042821046077105074), (28, 0.05046785118736494), (29, 0.046477474610274856), (30, 0.027810955984322955), (31, 0.03029377449574939), (32, 0.03453924819863073), (33, 0.033993047228496935), (34, 0.03796944056423555), (35, 0.02889419396039254), (36, 0.020965226941604433), (37, 0.03542547382596247), (38, 0.033845658619966516), (39, 0.03808574497240782), (40, 0.030956680840490927)]
[2026-01-21 23:39:27,688][flwr][INFO] - app_fit: metrics_distributed_fit {'scaffold_updates': [(1, 8), (2, 8), (3, 8), (4, 8), (5, 8), (6, 8), (7, 8), (8, 8), (9, 8), (10, 8), (11, 8), (12, 8), (13, 8), (14, 8), (15, 8), (16, 8), (17, 8), (18, 8), (19, 8), (20, 8), (21, 8), (22, 8), (23, 8), (24, 8), (25, 8), (26, 8), (27, 8), (28, 8), (29, 8), (30, 8), (31, 8), (32, 8), (33, 8), (34, 8), (35, 8), (36, 8), (37, 8), (38, 8), (39, 8), (40, 8)], 'avg_control_delta_norm': [(1, 0.002560105391768807), (2, 0.0021649675026849647), (3, 0.000994504400835684), (4, 0.0007916149819037984), (5, 0.0007154891377390641), (6, 0.0007163736660524342), (7, 0.0005693413347969045), (8, 0.0005875183930734486), (9, 0.0005134475988576743), (10, 0.0005105858043919829), (11, 0.0004961138846464682), (12, 0.0005598377656031872), (13, 0.00043789335814602273), (14, 0.0004490613833323641), (15, 0.0004242206580437867), (16, 0.000410722877506571), (17, 0.00038696080783952433), (18, 0.0003563399492206069), (19, 0.0003639902680367862), (20, 0.00032312100555604), (21, 0.000305126536119847), (22, 0.00033262167900481994), (23, 0.0002516088499086224), (24, 0.0003021189674688788), (25, 0.0003351752177830962), (26, 0.00030102818182822013), (27, 0.0002941652083251569), (28, 0.0002764931023858877), (29, 0.00030107809945974364), (30, 0.0002888477523395312), (31, 0.00026204682014255044), (32, 0.00027477170734984584), (33, 0.00019499074785918772), (34, 0.0002450477742037041), (35, 0.00023016170998818046), (36, 0.00031784534365395607), (37, 0.00027337348410930016), (38, 0.0002551375132737884), (39, 0.00019446678712612049), (40, 0.00020986732928515546)]}
[2026-01-21 23:39:27,688][flwr][INFO] - app_fit: metrics_distributed {}
[2026-01-21 23:39:27,688][flwr][INFO] - app_fit: losses_centralized [(0, 1.4340404903996313), (1, 12.840389186185725), (2, 0.11422876430789351), (3, 0.07213112497431344), (4, 0.05469601996683907), (5, 0.05726431540345237), (6, 0.043009149936310866), (7, 0.04429652463035694), (8, 0.03943815628587901), (9, 0.03833159168018262), (10, 0.0383896012468228), (11, 0.03578879100194905), (12, 0.03528535666286108), (13, 0.033824379267236415), (14, 0.032863346727166995), (15, 0.03306678224097164), (16, 0.03381775513874253), (17, 0.038119398440452014), (18, 0.03895301786377473), (19, 0.034413857214571304), (20, 0.03341072607587429), (21, 0.03225436635547081), (22, 0.03381716403568401), (23, 0.031599280806473166), (24, 0.031749451917819416), (25, 0.03251567535819776), (26, 0.03299417926247046), (27, 0.031023847585620587), (28, 0.03076156111267828), (29, 0.03184275094741057), (30, 0.031871395210811164), (31, 0.03037030594899817), (32, 0.030486200791349262), (33, 0.030095300447558208), (34, 0.03209874522288441), (35, 0.03216199705016649), (36, 0.030426034506750382), (37, 0.03505737352051371), (38, 0.02917142909061287), (39, 0.028208646689772368), (40, 0.030393249303879686)]
[2026-01-21 23:39:27,689][flwr][INFO] - app_fit: metrics_centralized {'rmse': [(0, 11782.010694274555), (1, 80386.9585442813), (2, 4975.217583181664), (3, 4482.80693316141), (4, 4148.289044895498), (5, 4522.123837313613), (6, 4124.323944599891), (7, 4207.4310451865995), (8, 4020.7963141646455), (9, 4056.8927764977966), (10, 4065.6968652372498), (11, 4093.4152000499535), (12, 3958.9002260728926), (13, 3957.941005118697), (14, 3950.2574599638438), (15, 4088.3764503773377), (16, 3917.4886087900754), (17, 4086.4007390367383), (18, 4241.564098301475), (19, 3983.666652720832), (20, 3978.792279071628), (21, 3928.110105381467), (22, 4135.803186806645), (23, 3910.773197207938), (24, 3942.8653286664508), (25, 3891.0002570033325), (26, 4114.872051473776), (27, 3972.1124102925387), (28, 3904.890907567073), (29, 3838.337270225221), (30, 3829.9647517960266), (31, 3914.5459506818925), (32, 3937.105027809139), (33, 3840.530432114814), (34, 4089.328918050002), (35, 4139.448755571205), (36, 3806.141615862447), (37, 4317.569686756659), (38, 3684.740153660771), (39, 3677.788465912633), (40, 3938.2431362220386)], 'mae': [(0, 9149.193359375), (1, 68496.609375), (2, 2418.5732421875), (3, 1933.703369140625), (4, 1695.3543701171875), (5, 1606.41162109375), (6, 1455.949462890625), (7, 1448.0155029296875), (8, 1466.9971923828125), (9, 1475.94482421875), (10, 1357.36669921875), (11, 1512.1549072265625), (12, 1316.8341064453125), (13, 1399.54736328125), (14, 1403.34814453125), (15, 1499.5782470703125), (16, 1301.7618408203125), (17, 1238.04833984375), (18, 1238.56689453125), (19, 1301.9200439453125), (20, 1442.078857421875), (21, 1421.0938720703125), (22, 1584.0794677734375), (23, 1399.0350341796875), (24, 1427.063232421875), (25, 1319.4852294921875), (26, 1570.734130859375), (27, 1450.87744140625), (28, 1435.1263427734375), (29, 1263.636474609375), (30, 1277.5968017578125), (31, 1443.9539794921875), (32, 1481.9453125), (33, 1393.2989501953125), (34, 1582.144287109375), (35, 1582.93359375), (36, 1256.65380859375), (37, 1677.983154296875), (38, 1270.211181640625), (39, 1346.787841796875), (40, 1540.405029296875)], 'r2': [(0, 0.00890437044283554), (1, -45.136847102198985), (2, 0.8232738300701692), (3, 0.8565248216673758), (4, 0.8771388079456368), (5, 0.8539970495539309), (6, 0.8785542670534422), (7, 0.8736105730320758), (8, 0.8845747383762609), (9, 0.8824929884814454), (10, 0.881982421221905), (11, 0.8803677392475383), (12, 0.8881010960425516), (13, 0.888155316223476), (14, 0.8885891436678455), (15, 0.8806620784201274), (16, 0.8904298652793496), (17, 0.8807773898003055), (18, 0.8715515700944185), (19, 0.8866966657624592), (20, 0.8869737650587496), (21, 0.889834902555614), (22, 0.8778772920895851), (23, 0.8908051974054565), (24, 0.8890057165699219), (25, 0.8919065842453431), (26, 0.8791102695633217), (27, 0.8873529616743544), (28, 0.8911334296908714), (29, 0.8948127756766948), (30, 0.8952711686615157), (31, 0.8905944104023903), (32, 0.8893297910459529), (33, 0.8946925365224323), (34, 0.8806064649697446), (35, 0.8776618926313117), (36, 0.8965699817836618), (37, 0.8669069376958056), (38, 0.9030628007848771), (39, 0.9034282260318348), (40, 0.8892658033128252)], 'mape': [(0, 79.91940307617188), (1, 656.2691650390625), (2, 13.850884437561035), (3, 10.40471363067627), (4, 8.735559463500977), (5, 8.098159790039062), (6, 6.864326477050781), (7, 6.87478494644165), (8, 6.6962199211120605), (9, 6.64194393157959), (10, 6.233429908752441), (11, 6.346582412719727), (12, 5.871724605560303), (13, 5.969777584075928), (14, 5.889849662780762), (15, 5.988461017608643), (16, 5.717339515686035), (17, 5.723653793334961), (18, 5.71121883392334), (19, 5.6791911125183105), (20, 6.025040149688721), (21, 5.9133734703063965), (22, 6.228185653686523), (23, 5.801016807556152), (24, 5.86257791519165), (25, 5.743489742279053), (26, 6.174979209899902), (27, 5.818062782287598), (28, 5.894181251525879), (29, 5.5840888023376465), (30, 5.653416156768799), (31, 5.863544940948486), (32, 6.005669593811035), (33, 5.827200889587402), (34, 6.2479047775268555), (35, 6.161941051483154), (36, 5.529444217681885), (37, 6.40255880355835), (38, 5.600608825683594), (39, 5.726375579833984), (40, 6.210137367248535)], 'accuracy_10': [(0, 11.735205352306366), (1, 2.206619828939438), (2, 42.477431893348694), (3, 60.18053889274597), (4, 71.26379013061523), (5, 79.48846817016602), (6, 84.85456109046936), (7, 85.0050151348114), (8, 84.40321087837219), (9, 84.30290818214417), (10, 87.31193542480469), (11, 83.85155200958252), (12, 88.26479315757751), (13, 85.65697073936462), (14, 86.15847826004028), (15, 84.65396165847778), (16, 88.26479315757751), (17, 89.11735415458679), (18, 89.4182562828064), (19, 88.5155439376831), (20, 86.15847826004028), (21, 86.45938038825989), (22, 83.75125527381897), (23, 86.35907769203186), (24, 86.55967712402344), (25, 88.2146418094635), (26, 83.85155200958252), (27, 85.65697073936462), (28, 86.55967712402344), (29, 88.11434507369995), (30, 88.01404237747192), (31, 85.75727343559265), (32, 85.5566680431366), (33, 86.50952577590942), (34, 83.95185470581055), (35, 83.80140662193298), (36, 88.11434507369995), (37, 82.79839754104614), (38, 88.06419372558594), (39, 87.51253485679626), (40, 84.7041130065918)], 'accuracy_20': [(0, 21.46439254283905), (1, 4.513540491461754), (2, 81.19357824325562), (3, 91.72517657279968), (4, 94.18254494667053), (5, 94.23269629478455), (6, 95.2858567237854), (7, 94.93480324745178), (8, 95.68706154823303), (9, 95.63691020011902), (10, 95.38615942001343), (11, 95.53660750389099), (12, 95.53660750389099), (13, 95.88766098022461), (14, 96.08826637268066), (15, 95.73721289634705), (16, 95.53660750389099), (17, 94.78435516357422), (18, 95.03510594367981), (19, 95.2858567237854), (20, 95.8375096321106), (21, 95.93781232833862), (22, 95.18555402755737), (23, 95.98796367645264), (24, 96.08826637268066), (25, 95.63691020011902), (26, 95.23570537567139), (27, 95.68706154823303), (28, 95.93781232833862), (29, 95.63691020011902), (30, 95.98796367645264), (31, 96.08826637268066), (32, 96.13841772079468), (33, 96.03811502456665), (34, 95.63691020011902), (35, 95.33600807189941), (36, 96.08826637268066), (37, 95.23570537567139), (38, 95.93781232833862), (39, 96.43931984901428), (40, 95.98796367645264)]}
