[2026-01-19 00:42:02,182][flwr][INFO] - Starting Flower simulation, config: ServerConfig(num_rounds=35, round_timeout=None)
[2026-01-19 00:42:07,044][flwr][INFO] - Flower VCE: Ray initialized with resources: {'object_store_memory': 2147483648.0, 'memory': 11370390324.0, 'CPU': 10.0, 'node:127.0.0.1': 1.0}
[2026-01-19 00:42:07,044][flwr][INFO] - Initializing global parameters
[2026-01-19 00:42:07,044][flwr][INFO] - Using initial parameters provided by strategy
[2026-01-19 00:42:07,044][flwr][INFO] - Evaluating initial parameters
[2026-01-19 00:42:07,724][flwr][INFO] - initial parameters (loss, other metrics): 1.4340404903996313, {'rmse': 11782.010694274555, 'mae': 9149.193359375, 'r2': 0.00890437044283554, 'mape': 79.91940307617188, 'accuracy_10': 11.735205352306366, 'accuracy_20': 21.46439254283905}
[2026-01-19 00:42:07,724][flwr][INFO] - FL starting
[2026-01-19 00:42:07,724][flwr][DEBUG] - fit_round 1: strategy sampled 7 clients (out of 12)
[2026-01-19 00:42:17,644][flwr][DEBUG] - fit_round 1 received 7 results and 0 failures
[2026-01-19 00:42:17,649][flwr][WARNING] - No fit_metrics_aggregation_fn provided
[2026-01-19 00:42:17,900][flwr][INFO] - fit progress: (1, 0.16630549806589587, {'rmse': 6306.120518987883, 'mae': 3326.5771484375, 'r2': 0.7160765578981776, 'mape': 17.639856338500977, 'accuracy_10': 36.30892634391785, 'accuracy_20': 75.42628049850464}, 10.176099250034895)
[2026-01-19 00:42:17,900][flwr][DEBUG] - evaluate_round 1: strategy sampled 6 clients (out of 12)
[2026-01-19 00:42:18,126][flwr][DEBUG] - evaluate_round 1 received 6 results and 0 failures
[2026-01-19 00:42:18,126][flwr][WARNING] - No evaluate_metrics_aggregation_fn provided
[2026-01-19 00:42:18,126][flwr][DEBUG] - fit_round 2: strategy sampled 7 clients (out of 12)
[2026-01-19 00:42:22,656][flwr][DEBUG] - fit_round 2 received 7 results and 0 failures
[2026-01-19 00:42:22,887][flwr][INFO] - fit progress: (2, 0.07838221298625979, {'rmse': 4679.023402377894, 'mae': 2062.7998046875, 'r2': 0.8436898620903759, 'mape': 11.007055282592773, 'accuracy_10': 57.52256512641907, 'accuracy_20': 90.97291827201843}, 15.162844458012842)
[2026-01-19 00:42:22,887][flwr][DEBUG] - evaluate_round 2: strategy sampled 6 clients (out of 12)
[2026-01-19 00:42:23,095][flwr][DEBUG] - evaluate_round 2 received 6 results and 0 failures
[2026-01-19 00:42:23,095][flwr][DEBUG] - fit_round 3: strategy sampled 7 clients (out of 12)
[2026-01-19 00:42:28,689][flwr][DEBUG] - fit_round 3 received 7 results and 0 failures
[2026-01-19 00:42:28,972][flwr][INFO] - fit progress: (3, 0.060319009084729036, {'rmse': 4527.423329002933, 'mae': 1719.539794921875, 'r2': 0.8536546572510201, 'mape': 8.802082061767578, 'accuracy_10': 73.37011098861694, 'accuracy_20': 93.93179416656494}, 21.248003165994305)
[2026-01-19 00:42:28,972][flwr][DEBUG] - evaluate_round 3: strategy sampled 6 clients (out of 12)
[2026-01-19 00:42:29,206][flwr][DEBUG] - evaluate_round 3 received 6 results and 0 failures
[2026-01-19 00:42:29,207][flwr][DEBUG] - fit_round 4: strategy sampled 7 clients (out of 12)
[2026-01-19 00:42:33,905][flwr][DEBUG] - fit_round 4 received 7 results and 0 failures
[2026-01-19 00:42:34,123][flwr][INFO] - fit progress: (4, 0.0450059009329187, {'rmse': 4259.978168958146, 'mae': 1545.234130859375, 'r2': 0.8704338746688711, 'mape': 7.205515384674072, 'accuracy_10': 81.4944863319397, 'accuracy_20': 94.78435516357422}, 26.39878841600148)
[2026-01-19 00:42:34,123][flwr][DEBUG] - evaluate_round 4: strategy sampled 6 clients (out of 12)
[2026-01-19 00:42:34,285][flwr][DEBUG] - evaluate_round 4 received 6 results and 0 failures
[2026-01-19 00:42:34,285][flwr][DEBUG] - fit_round 5: strategy sampled 7 clients (out of 12)
[2026-01-19 00:42:38,867][flwr][DEBUG] - fit_round 5 received 7 results and 0 failures
[2026-01-19 00:42:39,106][flwr][INFO] - fit progress: (5, 0.03933795299960175, {'rmse': 4116.488309226688, 'mae': 1472.81103515625, 'r2': 0.8790152852512425, 'mape': 6.589582443237305, 'accuracy_10': 84.85456109046936, 'accuracy_20': 95.78736424446106}, 31.382057457987685)
[2026-01-19 00:42:39,106][flwr][DEBUG] - evaluate_round 5: strategy sampled 6 clients (out of 12)
[2026-01-19 00:42:39,327][flwr][DEBUG] - evaluate_round 5 received 6 results and 0 failures
[2026-01-19 00:42:39,327][flwr][DEBUG] - fit_round 6: strategy sampled 7 clients (out of 12)
[2026-01-19 00:42:43,879][flwr][DEBUG] - fit_round 6 received 7 results and 0 failures
[2026-01-19 00:42:44,115][flwr][INFO] - fit progress: (6, 0.039736107085180376, {'rmse': 4069.2398553046737, 'mae': 1351.917724609375, 'r2': 0.881776642655892, 'mape': 6.32401180267334, 'accuracy_10': 86.45938038825989, 'accuracy_20': 95.43631076812744}, 36.39133345801383)
[2026-01-19 00:42:44,116][flwr][DEBUG] - evaluate_round 6: strategy sampled 6 clients (out of 12)
[2026-01-19 00:42:44,299][flwr][DEBUG] - evaluate_round 6 received 6 results and 0 failures
[2026-01-19 00:42:44,299][flwr][DEBUG] - fit_round 7: strategy sampled 7 clients (out of 12)
[2026-01-19 00:42:48,658][flwr][DEBUG] - fit_round 7 received 7 results and 0 failures
[2026-01-19 00:42:48,897][flwr][INFO] - fit progress: (7, 0.034663280892515615, {'rmse': 4067.225221204255, 'mae': 1385.6820068359375, 'r2': 0.8818936699574029, 'mape': 5.898674011230469, 'accuracy_10': 86.00802421569824, 'accuracy_20': 96.18856310844421}, 41.172542624990456)
[2026-01-19 00:42:48,897][flwr][DEBUG] - evaluate_round 7: strategy sampled 6 clients (out of 12)
[2026-01-19 00:42:49,060][flwr][DEBUG] - evaluate_round 7 received 6 results and 0 failures
[2026-01-19 00:42:49,060][flwr][DEBUG] - fit_round 8: strategy sampled 7 clients (out of 12)
[2026-01-19 00:42:53,290][flwr][DEBUG] - fit_round 8 received 7 results and 0 failures
[2026-01-19 00:42:53,522][flwr][INFO] - fit progress: (8, 0.03264202658598916, {'rmse': 3953.241201849439, 'mae': 1370.433837890625, 'r2': 0.8884207707202927, 'mape': 5.7070536613464355, 'accuracy_10': 86.35907769203186, 'accuracy_20': 96.08826637268066}, 45.79828029102646)
[2026-01-19 00:42:53,523][flwr][DEBUG] - evaluate_round 8: strategy sampled 6 clients (out of 12)
[2026-01-19 00:42:53,753][flwr][DEBUG] - evaluate_round 8 received 6 results and 0 failures
[2026-01-19 00:42:53,754][flwr][DEBUG] - fit_round 9: strategy sampled 7 clients (out of 12)
[2026-01-19 00:42:58,229][flwr][DEBUG] - fit_round 9 received 7 results and 0 failures
[2026-01-19 00:42:58,451][flwr][INFO] - fit progress: (9, 0.03229492893601313, {'rmse': 3885.404226074811, 'mae': 1312.0177001953125, 'r2': 0.8922172833345731, 'mape': 5.616350173950195, 'accuracy_10': 86.91073060035706, 'accuracy_20': 96.58976793289185}, 50.72696766600711)
[2026-01-19 00:42:58,451][flwr][DEBUG] - evaluate_round 9: strategy sampled 6 clients (out of 12)
[2026-01-19 00:42:58,654][flwr][DEBUG] - evaluate_round 9 received 6 results and 0 failures
[2026-01-19 00:42:58,654][flwr][DEBUG] - fit_round 10: strategy sampled 7 clients (out of 12)
[2026-01-19 00:43:03,472][flwr][DEBUG] - fit_round 10 received 7 results and 0 failures
[2026-01-19 00:43:03,755][flwr][INFO] - fit progress: (10, 0.031692030281949425, {'rmse': 3807.9977678564887, 'mae': 1215.0562744140625, 'r2': 0.8964690797428828, 'mape': 5.323079586029053, 'accuracy_10': 88.91674876213074, 'accuracy_20': 96.03811502456665}, 56.03041383298114)
[2026-01-19 00:43:03,755][flwr][DEBUG] - evaluate_round 10: strategy sampled 6 clients (out of 12)
[2026-01-19 00:43:03,931][flwr][DEBUG] - evaluate_round 10 received 6 results and 0 failures
[2026-01-19 00:43:03,931][flwr][DEBUG] - fit_round 11: strategy sampled 7 clients (out of 12)
[2026-01-19 00:43:08,626][flwr][DEBUG] - fit_round 11 received 7 results and 0 failures
[2026-01-19 00:43:08,875][flwr][INFO] - fit progress: (11, 0.030442472825661943, {'rmse': 3821.6637738032373, 'mae': 1281.167236328125, 'r2': 0.8957246485382462, 'mape': 5.375495433807373, 'accuracy_10': 86.91073060035706, 'accuracy_20': 96.43931984901428}, 61.15054629102815)
[2026-01-19 00:43:08,875][flwr][DEBUG] - evaluate_round 11: strategy sampled 6 clients (out of 12)
[2026-01-19 00:43:09,038][flwr][DEBUG] - evaluate_round 11 received 6 results and 0 failures
[2026-01-19 00:43:09,038][flwr][DEBUG] - fit_round 12: strategy sampled 7 clients (out of 12)
[2026-01-19 00:43:13,672][flwr][DEBUG] - fit_round 12 received 7 results and 0 failures
[2026-01-19 00:43:13,902][flwr][INFO] - fit progress: (12, 0.03234726151146944, {'rmse': 3846.497367736003, 'mae': 1217.9854736328125, 'r2': 0.8943650595357239, 'mape': 5.364060401916504, 'accuracy_10': 88.5155439376831, 'accuracy_20': 95.586758852005}, 66.1773714160081)
[2026-01-19 00:43:13,902][flwr][DEBUG] - evaluate_round 12: strategy sampled 6 clients (out of 12)
[2026-01-19 00:43:14,096][flwr][DEBUG] - evaluate_round 12 received 6 results and 0 failures
[2026-01-19 00:43:14,096][flwr][DEBUG] - fit_round 13: strategy sampled 7 clients (out of 12)
[2026-01-19 00:43:18,558][flwr][DEBUG] - fit_round 13 received 7 results and 0 failures
[2026-01-19 00:43:18,785][flwr][INFO] - fit progress: (13, 0.0316673284499283, {'rmse': 4018.6971769467777, 'mae': 1349.0118408203125, 'r2': 0.8846952268524265, 'mape': 5.505232334136963, 'accuracy_10': 85.95787286758423, 'accuracy_20': 96.23871445655823}, 71.0603316660272)
[2026-01-19 00:43:18,785][flwr][DEBUG] - evaluate_round 13: strategy sampled 6 clients (out of 12)
[2026-01-19 00:43:18,849][flwr][DEBUG] - evaluate_round 13 received 6 results and 0 failures
[2026-01-19 00:43:18,849][flwr][DEBUG] - fit_round 14: strategy sampled 7 clients (out of 12)
[2026-01-19 00:43:21,474][flwr][DEBUG] - fit_round 14 received 7 results and 0 failures
[2026-01-19 00:43:21,709][flwr][INFO] - fit progress: (14, 0.03676185808859116, {'rmse': 4496.218188655884, 'mae': 1594.566650390625, 'r2': 0.8556650570835697, 'mape': 5.934907913208008, 'accuracy_10': 83.29989910125732, 'accuracy_20': 94.38315033912659}, 73.98509183299029)
[2026-01-19 00:43:21,710][flwr][DEBUG] - evaluate_round 14: strategy sampled 6 clients (out of 12)
[2026-01-19 00:43:21,912][flwr][DEBUG] - evaluate_round 14 received 6 results and 0 failures
[2026-01-19 00:43:21,912][flwr][DEBUG] - fit_round 15: strategy sampled 7 clients (out of 12)
[2026-01-19 00:43:26,023][flwr][DEBUG] - fit_round 15 received 7 results and 0 failures
[2026-01-19 00:43:26,246][flwr][INFO] - fit progress: (15, 0.030547975073965526, {'rmse': 3936.115724924764, 'mae': 1391.562744140625, 'r2': 0.8893854044963357, 'mape': 5.6237640380859375, 'accuracy_10': 86.00802421569824, 'accuracy_20': 95.88766098022461}, 78.52148958301404)
[2026-01-19 00:43:26,246][flwr][DEBUG] - evaluate_round 15: strategy sampled 6 clients (out of 12)
[2026-01-19 00:43:26,465][flwr][DEBUG] - evaluate_round 15 received 6 results and 0 failures
[2026-01-19 00:43:26,465][flwr][DEBUG] - fit_round 16: strategy sampled 7 clients (out of 12)
[2026-01-19 00:43:30,683][flwr][DEBUG] - fit_round 16 received 7 results and 0 failures
[2026-01-19 00:43:30,916][flwr][INFO] - fit progress: (16, 0.0382527923328221, {'rmse': 4012.083124761998, 'mae': 1201.7283935546875, 'r2': 0.885074460133017, 'mape': 5.710590362548828, 'accuracy_10': 88.2146418094635, 'accuracy_20': 94.78435516357422}, 83.19130145799136)
[2026-01-19 00:43:30,916][flwr][DEBUG] - evaluate_round 16: strategy sampled 6 clients (out of 12)
[2026-01-19 00:43:31,108][flwr][DEBUG] - evaluate_round 16 received 6 results and 0 failures
[2026-01-19 00:43:31,109][flwr][DEBUG] - fit_round 17: strategy sampled 7 clients (out of 12)
[2026-01-19 00:43:35,489][flwr][DEBUG] - fit_round 17 received 7 results and 0 failures
[2026-01-19 00:43:35,756][flwr][INFO] - fit progress: (17, 0.03019094171045477, {'rmse': 3950.695508388365, 'mae': 1328.64013671875, 'r2': 0.8885644314674512, 'mape': 5.359940528869629, 'accuracy_10': 86.25877499580383, 'accuracy_20': 95.98796367645264}, 88.03203850000864)
[2026-01-19 00:43:35,757][flwr][DEBUG] - evaluate_round 17: strategy sampled 6 clients (out of 12)
[2026-01-19 00:43:35,837][flwr][DEBUG] - evaluate_round 17 received 6 results and 0 failures
[2026-01-19 00:43:35,837][flwr][DEBUG] - fit_round 18: strategy sampled 7 clients (out of 12)
[2026-01-19 00:43:40,427][flwr][DEBUG] - fit_round 18 received 7 results and 0 failures
[2026-01-19 00:43:40,657][flwr][INFO] - fit progress: (18, 0.03577618448599919, {'rmse': 3931.0891620516572, 'mae': 1167.0596923828125, 'r2': 0.8896677395525909, 'mape': 5.4429521560668945, 'accuracy_10': 88.46539855003357, 'accuracy_20': 95.03510594367981}, 92.93281170801492)
[2026-01-19 00:43:40,657][flwr][DEBUG] - evaluate_round 18: strategy sampled 6 clients (out of 12)
[2026-01-19 00:43:40,848][flwr][DEBUG] - evaluate_round 18 received 6 results and 0 failures
[2026-01-19 00:43:40,849][flwr][DEBUG] - fit_round 19: strategy sampled 7 clients (out of 12)
[2026-01-19 00:43:45,038][flwr][DEBUG] - fit_round 19 received 7 results and 0 failures
[2026-01-19 00:43:45,266][flwr][INFO] - fit progress: (19, 0.0344945232765964, {'rmse': 4362.445185902054, 'mae': 1570.1195068359375, 'r2': 0.8641258985268068, 'mape': 5.908463001251221, 'accuracy_10': 83.60080122947693, 'accuracy_20': 95.2858567237854}, 97.54185716598295)
[2026-01-19 00:43:45,266][flwr][DEBUG] - evaluate_round 19: strategy sampled 6 clients (out of 12)
[2026-01-19 00:43:45,452][flwr][DEBUG] - evaluate_round 19 received 6 results and 0 failures
[2026-01-19 00:43:45,452][flwr][DEBUG] - fit_round 20: strategy sampled 7 clients (out of 12)
[2026-01-19 00:43:49,644][flwr][DEBUG] - fit_round 20 received 7 results and 0 failures
[2026-01-19 00:43:49,874][flwr][INFO] - fit progress: (20, 0.02893799527500613, {'rmse': 3892.0588381986213, 'mae': 1361.21044921875, 'r2': 0.8918477589422087, 'mape': 5.5192084312438965, 'accuracy_10': 86.50952577590942, 'accuracy_20': 96.23871445655823}, 102.14993345801486)
[2026-01-19 00:43:49,875][flwr][DEBUG] - evaluate_round 20: strategy sampled 6 clients (out of 12)
[2026-01-19 00:43:49,950][flwr][DEBUG] - evaluate_round 20 received 6 results and 0 failures
[2026-01-19 00:43:49,950][flwr][DEBUG] - fit_round 21: strategy sampled 7 clients (out of 12)
[2026-01-19 00:43:54,189][flwr][DEBUG] - fit_round 21 received 7 results and 0 failures
[2026-01-19 00:43:54,431][flwr][INFO] - fit progress: (21, 0.029444097711283382, {'rmse': 3731.0085767792066, 'mae': 1221.40625, 'r2': 0.9006130810930929, 'mape': 5.369257926940918, 'accuracy_10': 88.56569528579712, 'accuracy_20': 95.68706154823303}, 106.70708141598152)
[2026-01-19 00:43:54,432][flwr][DEBUG] - evaluate_round 21: strategy sampled 6 clients (out of 12)
[2026-01-19 00:43:54,509][flwr][DEBUG] - evaluate_round 21 received 6 results and 0 failures
[2026-01-19 00:43:54,509][flwr][DEBUG] - fit_round 22: strategy sampled 7 clients (out of 12)
[2026-01-19 00:43:58,827][flwr][DEBUG] - fit_round 22 received 7 results and 0 failures
[2026-01-19 00:43:59,056][flwr][INFO] - fit progress: (22, 0.030668931804903772, {'rmse': 3748.87609824598, 'mae': 1227.7000732421875, 'r2': 0.8996588895049911, 'mape': 5.381587505340576, 'accuracy_10': 88.5155439376831, 'accuracy_20': 95.586758852005}, 111.33109479100676)
[2026-01-19 00:43:59,056][flwr][DEBUG] - evaluate_round 22: strategy sampled 6 clients (out of 12)
[2026-01-19 00:43:59,139][flwr][DEBUG] - evaluate_round 22 received 6 results and 0 failures
[2026-01-19 00:43:59,139][flwr][DEBUG] - fit_round 23: strategy sampled 7 clients (out of 12)
[2026-01-19 00:44:03,641][flwr][DEBUG] - fit_round 23 received 7 results and 0 failures
[2026-01-19 00:44:03,894][flwr][INFO] - fit progress: (23, 0.03217798062490903, {'rmse': 3824.4349909496436, 'mae': 1235.4908447265625, 'r2': 0.8955733614740521, 'mape': 5.55788516998291, 'accuracy_10': 88.31494450569153, 'accuracy_20': 95.586758852005}, 116.16965525003616)
[2026-01-19 00:44:03,895][flwr][DEBUG] - evaluate_round 23: strategy sampled 6 clients (out of 12)
[2026-01-19 00:44:04,088][flwr][DEBUG] - evaluate_round 23 received 6 results and 0 failures
[2026-01-19 00:44:04,088][flwr][DEBUG] - fit_round 24: strategy sampled 7 clients (out of 12)
[2026-01-19 00:44:08,255][flwr][DEBUG] - fit_round 24 received 7 results and 0 failures
[2026-01-19 00:44:08,495][flwr][INFO] - fit progress: (24, 0.034898176520255765, {'rmse': 4360.067201316971, 'mae': 1603.4007568359375, 'r2': 0.8642739957372407, 'mape': 6.178953170776367, 'accuracy_10': 82.99899697303772, 'accuracy_20': 95.23570537567139}, 120.77005216601538)
[2026-01-19 00:44:08,495][flwr][DEBUG] - evaluate_round 24: strategy sampled 6 clients (out of 12)
[2026-01-19 00:44:08,685][flwr][DEBUG] - evaluate_round 24 received 6 results and 0 failures
[2026-01-19 00:44:08,685][flwr][DEBUG] - fit_round 25: strategy sampled 7 clients (out of 12)
[2026-01-19 00:44:13,146][flwr][DEBUG] - fit_round 25 received 7 results and 0 failures
[2026-01-19 00:44:13,384][flwr][INFO] - fit progress: (25, 0.030453317330677507, {'rmse': 3928.491313468823, 'mae': 1405.1910400390625, 'r2': 0.8898135195359257, 'mape': 5.781720161437988, 'accuracy_10': 85.90772151947021, 'accuracy_20': 95.98796367645264}, 125.65937345800921)
[2026-01-19 00:44:13,384][flwr][DEBUG] - evaluate_round 25: strategy sampled 6 clients (out of 12)
[2026-01-19 00:44:13,463][flwr][DEBUG] - evaluate_round 25 received 6 results and 0 failures
[2026-01-19 00:44:13,463][flwr][DEBUG] - fit_round 26: strategy sampled 7 clients (out of 12)
[2026-01-19 00:44:18,078][flwr][DEBUG] - fit_round 26 received 7 results and 0 failures
[2026-01-19 00:44:18,315][flwr][INFO] - fit progress: (26, 0.030601063836646177, {'rmse': 3753.047561649066, 'mae': 1227.4498291015625, 'r2': 0.8994354604148388, 'mape': 5.5254034996032715, 'accuracy_10': 88.36509585380554, 'accuracy_20': 95.78736424446106}, 130.59012662502937)
[2026-01-19 00:44:18,315][flwr][DEBUG] - evaluate_round 26: strategy sampled 6 clients (out of 12)
[2026-01-19 00:44:18,400][flwr][DEBUG] - evaluate_round 26 received 6 results and 0 failures
[2026-01-19 00:44:18,400][flwr][DEBUG] - fit_round 27: strategy sampled 7 clients (out of 12)
[2026-01-19 00:44:22,626][flwr][DEBUG] - fit_round 27 received 7 results and 0 failures
[2026-01-19 00:44:22,849][flwr][INFO] - fit progress: (27, 0.030469065125743926, {'rmse': 3762.126659218161, 'mae': 1194.168701171875, 'r2': 0.8989483220811914, 'mape': 5.391451358795166, 'accuracy_10': 88.86659741401672, 'accuracy_20': 95.8375096321106}, 135.12432312499732)
[2026-01-19 00:44:22,849][flwr][DEBUG] - evaluate_round 27: strategy sampled 6 clients (out of 12)
[2026-01-19 00:44:22,913][flwr][DEBUG] - evaluate_round 27 received 6 results and 0 failures
[2026-01-19 00:44:22,913][flwr][DEBUG] - fit_round 28: strategy sampled 7 clients (out of 12)
[2026-01-19 00:44:27,113][flwr][DEBUG] - fit_round 28 received 7 results and 0 failures
[2026-01-19 00:44:27,337][flwr][INFO] - fit progress: (28, 0.030228088579048126, {'rmse': 3942.8634264960283, 'mae': 1380.34765625, 'r2': 0.8890058265648791, 'mape': 5.7674880027771, 'accuracy_10': 85.80742478370667, 'accuracy_20': 95.93781232833862}, 139.612549707992)
[2026-01-19 00:44:27,337][flwr][DEBUG] - evaluate_round 28: strategy sampled 6 clients (out of 12)
[2026-01-19 00:44:27,524][flwr][DEBUG] - evaluate_round 28 received 6 results and 0 failures
[2026-01-19 00:44:27,524][flwr][DEBUG] - fit_round 29: strategy sampled 7 clients (out of 12)
[2026-01-19 00:44:31,706][flwr][DEBUG] - fit_round 29 received 7 results and 0 failures
[2026-01-19 00:44:31,937][flwr][INFO] - fit progress: (29, 0.03163918514185797, {'rmse': 3845.653520534579, 'mae': 1262.0220947265625, 'r2': 0.8944114040777096, 'mape': 5.659832954406738, 'accuracy_10': 88.11434507369995, 'accuracy_20': 95.8375096321106}, 144.21188512502704)
[2026-01-19 00:44:31,937][flwr][DEBUG] - evaluate_round 29: strategy sampled 6 clients (out of 12)
[2026-01-19 00:44:32,012][flwr][DEBUG] - evaluate_round 29 received 6 results and 0 failures
[2026-01-19 00:44:32,013][flwr][DEBUG] - fit_round 30: strategy sampled 7 clients (out of 12)
[2026-01-19 00:44:36,211][flwr][DEBUG] - fit_round 30 received 7 results and 0 failures
[2026-01-19 00:44:36,451][flwr][INFO] - fit progress: (30, 0.03151017929630031, {'rmse': 3834.919425489928, 'mae': 1277.0716552734375, 'r2': 0.8950000237589107, 'mape': 5.733247756958008, 'accuracy_10': 87.9137396812439, 'accuracy_20': 95.88766098022461}, 148.72673316602595)
[2026-01-19 00:44:36,452][flwr][DEBUG] - evaluate_round 30: strategy sampled 6 clients (out of 12)
[2026-01-19 00:44:36,643][flwr][DEBUG] - evaluate_round 30 received 6 results and 0 failures
[2026-01-19 00:44:36,644][flwr][DEBUG] - fit_round 31: strategy sampled 7 clients (out of 12)
[2026-01-19 00:44:40,982][flwr][DEBUG] - fit_round 31 received 7 results and 0 failures
[2026-01-19 00:44:41,207][flwr][INFO] - fit progress: (31, 0.02988242007485603, {'rmse': 3966.4296287719512, 'mae': 1455.8001708984375, 'r2': 0.8876750489081577, 'mape': 5.985926628112793, 'accuracy_10': 86.35907769203186, 'accuracy_20': 96.13841772079468}, 153.4828301250236)
[2026-01-19 00:44:41,208][flwr][DEBUG] - evaluate_round 31: strategy sampled 6 clients (out of 12)
[2026-01-19 00:44:41,270][flwr][DEBUG] - evaluate_round 31 received 6 results and 0 failures
[2026-01-19 00:44:41,270][flwr][DEBUG] - fit_round 32: strategy sampled 7 clients (out of 12)
[2026-01-19 00:44:45,450][flwr][DEBUG] - fit_round 32 received 7 results and 0 failures
[2026-01-19 00:44:45,680][flwr][INFO] - fit progress: (32, 0.029807840659840774, {'rmse': 3798.6930647263407, 'mae': 1260.9390869140625, 'r2': 0.8969744039094613, 'mape': 5.539206504821777, 'accuracy_10': 88.06419372558594, 'accuracy_20': 95.98796367645264}, 157.9554227500339)
[2026-01-19 00:44:45,680][flwr][DEBUG] - evaluate_round 32: strategy sampled 6 clients (out of 12)
[2026-01-19 00:44:45,759][flwr][DEBUG] - evaluate_round 32 received 6 results and 0 failures
[2026-01-19 00:44:45,760][flwr][DEBUG] - fit_round 33: strategy sampled 7 clients (out of 12)
[2026-01-19 00:44:49,996][flwr][DEBUG] - fit_round 33 received 7 results and 0 failures
[2026-01-19 00:44:50,217][flwr][INFO] - fit progress: (33, 0.02911988420387657, {'rmse': 3769.3837692652096, 'mae': 1231.55078125, 'r2': 0.8985580893048765, 'mape': 5.471466541290283, 'accuracy_10': 88.96690011024475, 'accuracy_20': 96.23871445655823}, 162.49240466603078)
[2026-01-19 00:44:50,217][flwr][DEBUG] - evaluate_round 33: strategy sampled 6 clients (out of 12)
[2026-01-19 00:44:50,292][flwr][DEBUG] - evaluate_round 33 received 6 results and 0 failures
[2026-01-19 00:44:50,292][flwr][DEBUG] - fit_round 34: strategy sampled 7 clients (out of 12)
[2026-01-19 00:44:54,702][flwr][DEBUG] - fit_round 34 received 7 results and 0 failures
[2026-01-19 00:44:54,931][flwr][INFO] - fit progress: (34, 0.027934380863964138, {'rmse': 3869.4270893764105, 'mae': 1367.2435302734375, 'r2': 0.893101884779725, 'mape': 5.632064342498779, 'accuracy_10': 87.21163272857666, 'accuracy_20': 96.13841772079468}, 167.20644270803314)
[2026-01-19 00:44:54,931][flwr][DEBUG] - evaluate_round 34: strategy sampled 6 clients (out of 12)
[2026-01-19 00:44:55,130][flwr][DEBUG] - evaluate_round 34 received 6 results and 0 failures
[2026-01-19 00:44:55,130][flwr][DEBUG] - fit_round 35: strategy sampled 7 clients (out of 12)
[2026-01-19 00:44:59,266][flwr][DEBUG] - fit_round 35 received 7 results and 0 failures
[2026-01-19 00:44:59,500][flwr][INFO] - fit progress: (35, 0.028817812923375617, {'rmse': 3732.554353254618, 'mae': 1223.4571533203125, 'r2': 0.9005307168691082, 'mape': 5.416198253631592, 'accuracy_10': 88.56569528579712, 'accuracy_20': 95.73721289634705}, 171.77478899998823)
[2026-01-19 00:44:59,500][flwr][DEBUG] - evaluate_round 35: strategy sampled 6 clients (out of 12)
[2026-01-19 00:44:59,666][flwr][DEBUG] - evaluate_round 35 received 6 results and 0 failures
[2026-01-19 00:44:59,667][flwr][INFO] - FL finished in 171.94184441602556
[2026-01-19 00:44:59,667][flwr][INFO] - app_fit: losses_distributed [(1, 0.1735802930327101), (2, 0.08952992248216411), (3, 0.06874945472843068), (4, 0.04517072185492349), (5, 0.03023016085717245), (6, 0.05708869521751472), (7, 0.03193924867219025), (8, 0.03521634514166161), (9, 0.04303211804642653), (10, 0.03191881814770143), (11, 0.02654104044341756), (12, 0.05176337067218471), (13, 0.06156690955200853), (14, 0.03601236365968882), (15, 0.019960296722093897), (16, 0.05377302019431746), (17, 0.038818591203019934), (18, 0.041135420512186924), (19, 0.04360347073915273), (20, 0.023886668699435492), (21, 0.02657471286699677), (22, 0.051642530817996864), (23, 0.06207904387248047), (24, 0.03481416105765465), (25, 0.027224894432888943), (26, 0.01861966257729455), (27, 0.07261433453481472), (28, 0.0289960705547984), (29, 0.05301867168438052), (30, 0.031098496229245716), (31, 0.054787262182840156), (32, 0.04832889878738823), (33, 0.04840913539961955), (34, 0.04743950202285966), (35, 0.0677432026963548)]
[2026-01-19 00:44:59,668][flwr][INFO] - app_fit: metrics_distributed_fit {}
[2026-01-19 00:44:59,668][flwr][INFO] - app_fit: metrics_distributed {}
[2026-01-19 00:44:59,668][flwr][INFO] - app_fit: losses_centralized [(0, 1.4340404903996313), (1, 0.16630549806589587), (2, 0.07838221298625979), (3, 0.060319009084729036), (4, 0.0450059009329187), (5, 0.03933795299960175), (6, 0.039736107085180376), (7, 0.034663280892515615), (8, 0.03264202658598916), (9, 0.03229492893601313), (10, 0.031692030281949425), (11, 0.030442472825661943), (12, 0.03234726151146944), (13, 0.0316673284499283), (14, 0.03676185808859116), (15, 0.030547975073965526), (16, 0.0382527923328221), (17, 0.03019094171045477), (18, 0.03577618448599919), (19, 0.0344945232765964), (20, 0.02893799527500613), (21, 0.029444097711283382), (22, 0.030668931804903772), (23, 0.03217798062490903), (24, 0.034898176520255765), (25, 0.030453317330677507), (26, 0.030601063836646177), (27, 0.030469065125743926), (28, 0.030228088579048126), (29, 0.03163918514185797), (30, 0.03151017929630031), (31, 0.02988242007485603), (32, 0.029807840659840774), (33, 0.02911988420387657), (34, 0.027934380863964138), (35, 0.028817812923375617)]
[2026-01-19 00:44:59,668][flwr][INFO] - app_fit: metrics_centralized {'rmse': [(0, 11782.010694274555), (1, 6306.120518987883), (2, 4679.023402377894), (3, 4527.423329002933), (4, 4259.978168958146), (5, 4116.488309226688), (6, 4069.2398553046737), (7, 4067.225221204255), (8, 3953.241201849439), (9, 3885.404226074811), (10, 3807.9977678564887), (11, 3821.6637738032373), (12, 3846.497367736003), (13, 4018.6971769467777), (14, 4496.218188655884), (15, 3936.115724924764), (16, 4012.083124761998), (17, 3950.695508388365), (18, 3931.0891620516572), (19, 4362.445185902054), (20, 3892.0588381986213), (21, 3731.0085767792066), (22, 3748.87609824598), (23, 3824.4349909496436), (24, 4360.067201316971), (25, 3928.491313468823), (26, 3753.047561649066), (27, 3762.126659218161), (28, 3942.8634264960283), (29, 3845.653520534579), (30, 3834.919425489928), (31, 3966.4296287719512), (32, 3798.6930647263407), (33, 3769.3837692652096), (34, 3869.4270893764105), (35, 3732.554353254618)], 'mae': [(0, 9149.193359375), (1, 3326.5771484375), (2, 2062.7998046875), (3, 1719.539794921875), (4, 1545.234130859375), (5, 1472.81103515625), (6, 1351.917724609375), (7, 1385.6820068359375), (8, 1370.433837890625), (9, 1312.0177001953125), (10, 1215.0562744140625), (11, 1281.167236328125), (12, 1217.9854736328125), (13, 1349.0118408203125), (14, 1594.566650390625), (15, 1391.562744140625), (16, 1201.7283935546875), (17, 1328.64013671875), (18, 1167.0596923828125), (19, 1570.1195068359375), (20, 1361.21044921875), (21, 1221.40625), (22, 1227.7000732421875), (23, 1235.4908447265625), (24, 1603.4007568359375), (25, 1405.1910400390625), (26, 1227.4498291015625), (27, 1194.168701171875), (28, 1380.34765625), (29, 1262.0220947265625), (30, 1277.0716552734375), (31, 1455.8001708984375), (32, 1260.9390869140625), (33, 1231.55078125), (34, 1367.2435302734375), (35, 1223.4571533203125)], 'r2': [(0, 0.00890437044283554), (1, 0.7160765578981776), (2, 0.8436898620903759), (3, 0.8536546572510201), (4, 0.8704338746688711), (5, 0.8790152852512425), (6, 0.881776642655892), (7, 0.8818936699574029), (8, 0.8884207707202927), (9, 0.8922172833345731), (10, 0.8964690797428828), (11, 0.8957246485382462), (12, 0.8943650595357239), (13, 0.8846952268524265), (14, 0.8556650570835697), (15, 0.8893854044963357), (16, 0.885074460133017), (17, 0.8885644314674512), (18, 0.8896677395525909), (19, 0.8641258985268068), (20, 0.8918477589422087), (21, 0.9006130810930929), (22, 0.8996588895049911), (23, 0.8955733614740521), (24, 0.8642739957372407), (25, 0.8898135195359257), (26, 0.8994354604148388), (27, 0.8989483220811914), (28, 0.8890058265648791), (29, 0.8944114040777096), (30, 0.8950000237589107), (31, 0.8876750489081577), (32, 0.8969744039094613), (33, 0.8985580893048765), (34, 0.893101884779725), (35, 0.9005307168691082)], 'mape': [(0, 79.91940307617188), (1, 17.639856338500977), (2, 11.007055282592773), (3, 8.802082061767578), (4, 7.205515384674072), (5, 6.589582443237305), (6, 6.32401180267334), (7, 5.898674011230469), (8, 5.7070536613464355), (9, 5.616350173950195), (10, 5.323079586029053), (11, 5.375495433807373), (12, 5.364060401916504), (13, 5.505232334136963), (14, 5.934907913208008), (15, 5.6237640380859375), (16, 5.710590362548828), (17, 5.359940528869629), (18, 5.4429521560668945), (19, 5.908463001251221), (20, 5.5192084312438965), (21, 5.369257926940918), (22, 5.381587505340576), (23, 5.55788516998291), (24, 6.178953170776367), (25, 5.781720161437988), (26, 5.5254034996032715), (27, 5.391451358795166), (28, 5.7674880027771), (29, 5.659832954406738), (30, 5.733247756958008), (31, 5.985926628112793), (32, 5.539206504821777), (33, 5.471466541290283), (34, 5.632064342498779), (35, 5.416198253631592)], 'accuracy_10': [(0, 11.735205352306366), (1, 36.30892634391785), (2, 57.52256512641907), (3, 73.37011098861694), (4, 81.4944863319397), (5, 84.85456109046936), (6, 86.45938038825989), (7, 86.00802421569824), (8, 86.35907769203186), (9, 86.91073060035706), (10, 88.91674876213074), (11, 86.91073060035706), (12, 88.5155439376831), (13, 85.95787286758423), (14, 83.29989910125732), (15, 86.00802421569824), (16, 88.2146418094635), (17, 86.25877499580383), (18, 88.46539855003357), (19, 83.60080122947693), (20, 86.50952577590942), (21, 88.56569528579712), (22, 88.5155439376831), (23, 88.31494450569153), (24, 82.99899697303772), (25, 85.90772151947021), (26, 88.36509585380554), (27, 88.86659741401672), (28, 85.80742478370667), (29, 88.11434507369995), (30, 87.9137396812439), (31, 86.35907769203186), (32, 88.06419372558594), (33, 88.96690011024475), (34, 87.21163272857666), (35, 88.56569528579712)], 'accuracy_20': [(0, 21.46439254283905), (1, 75.42628049850464), (2, 90.97291827201843), (3, 93.93179416656494), (4, 94.78435516357422), (5, 95.78736424446106), (6, 95.43631076812744), (7, 96.18856310844421), (8, 96.08826637268066), (9, 96.58976793289185), (10, 96.03811502456665), (11, 96.43931984901428), (12, 95.586758852005), (13, 96.23871445655823), (14, 94.38315033912659), (15, 95.88766098022461), (16, 94.78435516357422), (17, 95.98796367645264), (18, 95.03510594367981), (19, 95.2858567237854), (20, 96.23871445655823), (21, 95.68706154823303), (22, 95.586758852005), (23, 95.586758852005), (24, 95.23570537567139), (25, 95.98796367645264), (26, 95.78736424446106), (27, 95.8375096321106), (28, 95.93781232833862), (29, 95.8375096321106), (30, 95.88766098022461), (31, 96.13841772079468), (32, 95.98796367645264), (33, 96.23871445655823), (34, 96.13841772079468), (35, 95.73721289634705)]}
[2026-01-19 00:45:00,124][flwr][INFO] - Starting Flower simulation, config: ServerConfig(num_rounds=35, round_timeout=None)
[2026-01-19 00:45:07,208][flwr][INFO] - Flower VCE: Ray initialized with resources: {'node:127.0.0.1': 1.0, 'object_store_memory': 2147483648.0, 'CPU': 10.0, 'memory': 12527448064.0}
[2026-01-19 00:45:07,209][flwr][INFO] - Initializing global parameters
[2026-01-19 00:45:07,209][flwr][INFO] - Using initial parameters provided by strategy
[2026-01-19 00:45:07,209][flwr][INFO] - Evaluating initial parameters
[2026-01-19 00:45:07,431][flwr][INFO] - initial parameters (loss, other metrics): 1.4340404903996313, {'rmse': 11782.010694274555, 'mae': 9149.193359375, 'r2': 0.00890437044283554, 'mape': 79.91940307617188, 'accuracy_10': 11.735205352306366, 'accuracy_20': 21.46439254283905}
[2026-01-19 00:45:07,431][flwr][INFO] - FL starting
[2026-01-19 00:45:07,432][flwr][DEBUG] - fit_round 1: strategy sampled 7 clients (out of 12)
[2026-01-19 00:45:19,341][flwr][DEBUG] - fit_round 1 received 7 results and 0 failures
[2026-01-19 00:45:19,346][flwr][WARNING] - No fit_metrics_aggregation_fn provided
[2026-01-19 00:45:19,613][flwr][INFO] - fit progress: (1, 0.1676620734012952, {'rmse': 6115.899279746192, 'mae': 3285.194091796875, 'r2': 0.7329470564645474, 'mape': 17.356910705566406, 'accuracy_10': 36.96088194847107, 'accuracy_20': 72.0661997795105}, 12.184897167026065)
[2026-01-19 00:45:19,614][flwr][DEBUG] - evaluate_round 1: strategy sampled 6 clients (out of 12)
[2026-01-19 00:45:19,818][flwr][DEBUG] - evaluate_round 1 received 6 results and 0 failures
[2026-01-19 00:45:19,818][flwr][WARNING] - No evaluate_metrics_aggregation_fn provided
[2026-01-19 00:45:19,818][flwr][DEBUG] - fit_round 2: strategy sampled 7 clients (out of 12)
[2026-01-19 00:45:26,259][flwr][DEBUG] - fit_round 2 received 7 results and 0 failures
[2026-01-19 00:45:26,482][flwr][INFO] - fit progress: (2, 0.11502196293776348, {'rmse': 5598.153802817496, 'mae': 2716.359375, 'r2': 0.7762482873051857, 'mape': 13.837869644165039, 'accuracy_10': 51.20360851287842, 'accuracy_20': 83.55064988136292}, 19.05966404202627)
[2026-01-19 00:45:26,482][flwr][DEBUG] - evaluate_round 2: strategy sampled 6 clients (out of 12)
[2026-01-19 00:45:26,674][flwr][DEBUG] - evaluate_round 2 received 6 results and 0 failures
[2026-01-19 00:45:26,674][flwr][DEBUG] - fit_round 3: strategy sampled 7 clients (out of 12)
[2026-01-19 00:45:33,433][flwr][DEBUG] - fit_round 3 received 7 results and 0 failures
[2026-01-19 00:45:33,650][flwr][INFO] - fit progress: (3, 0.07404076041225924, {'rmse': 4739.406291931512, 'mae': 2048.413330078125, 'r2': 0.8396294642406688, 'mape': 10.537186622619629, 'accuracy_10': 61.53460144996643, 'accuracy_20': 90.67201614379883}, 26.232285709003918)
[2026-01-19 00:45:33,651][flwr][DEBUG] - evaluate_round 3: strategy sampled 6 clients (out of 12)
[2026-01-19 00:45:33,805][flwr][DEBUG] - evaluate_round 3 received 6 results and 0 failures
[2026-01-19 00:45:33,805][flwr][DEBUG] - fit_round 4: strategy sampled 7 clients (out of 12)
[2026-01-19 00:45:40,601][flwr][DEBUG] - fit_round 4 received 7 results and 0 failures
[2026-01-19 00:45:40,839][flwr][INFO] - fit progress: (4, 0.05990184905379263, {'rmse': 4525.5651580769445, 'mae': 1789.8662109375, 'r2': 0.8537747570783368, 'mape': 8.822806358337402, 'accuracy_10': 74.57371950149536, 'accuracy_20': 92.42728352546692}, 33.424000875034835)
[2026-01-19 00:45:40,840][flwr][DEBUG] - evaluate_round 4: strategy sampled 6 clients (out of 12)
[2026-01-19 00:45:41,044][flwr][DEBUG] - evaluate_round 4 received 6 results and 0 failures
[2026-01-19 00:45:41,044][flwr][DEBUG] - fit_round 5: strategy sampled 7 clients (out of 12)
[2026-01-19 00:45:47,637][flwr][DEBUG] - fit_round 5 received 7 results and 0 failures
[2026-01-19 00:45:47,855][flwr][INFO] - fit progress: (5, 0.05282553661812691, {'rmse': 4421.710302586545, 'mae': 1643.482421875, 'r2': 0.8604090369275657, 'mape': 7.892754554748535, 'accuracy_10': 79.33801412582397, 'accuracy_20': 93.68104338645935}, 40.44115412503015)
[2026-01-19 00:45:47,855][flwr][DEBUG] - evaluate_round 5: strategy sampled 6 clients (out of 12)
[2026-01-19 00:45:48,045][flwr][DEBUG] - evaluate_round 5 received 6 results and 0 failures
[2026-01-19 00:45:48,046][flwr][DEBUG] - fit_round 6: strategy sampled 7 clients (out of 12)
[2026-01-19 00:45:54,830][flwr][DEBUG] - fit_round 6 received 7 results and 0 failures
[2026-01-19 00:45:55,053][flwr][INFO] - fit progress: (6, 0.046259761633820375, {'rmse': 4302.830696181294, 'mae': 1588.2633056640625, 'r2': 0.8678140734411984, 'mape': 7.35715913772583, 'accuracy_10': 80.2908718585968, 'accuracy_20': 94.7342038154602}, 47.640411583997775)
[2026-01-19 00:45:55,053][flwr][DEBUG] - evaluate_round 6: strategy sampled 6 clients (out of 12)
[2026-01-19 00:45:55,246][flwr][DEBUG] - evaluate_round 6 received 6 results and 0 failures
[2026-01-19 00:45:55,246][flwr][DEBUG] - fit_round 7: strategy sampled 7 clients (out of 12)
[2026-01-19 00:46:02,103][flwr][DEBUG] - fit_round 7 received 7 results and 0 failures
[2026-01-19 00:46:02,339][flwr][INFO] - fit progress: (7, 0.04510276436566589, {'rmse': 4259.003639350406, 'mae': 1484.901611328125, 'r2': 0.8704931546178288, 'mape': 6.937058448791504, 'accuracy_10': 83.75125527381897, 'accuracy_20': 94.63390111923218}, 54.9273486250313)
[2026-01-19 00:46:02,340][flwr][DEBUG] - evaluate_round 7: strategy sampled 6 clients (out of 12)
[2026-01-19 00:46:02,529][flwr][DEBUG] - evaluate_round 7 received 6 results and 0 failures
[2026-01-19 00:46:02,529][flwr][DEBUG] - fit_round 8: strategy sampled 7 clients (out of 12)
[2026-01-19 00:46:09,225][flwr][DEBUG] - fit_round 8 received 7 results and 0 failures
[2026-01-19 00:46:09,470][flwr][INFO] - fit progress: (8, 0.04853232465114598, {'rmse': 4467.369024381129, 'mae': 1485.075439453125, 'r2': 0.8575113151079218, 'mape': 6.941155433654785, 'accuracy_10': 85.05516648292542, 'accuracy_20': 94.23269629478455}, 62.058210292016156)
[2026-01-19 00:46:09,470][flwr][DEBUG] - evaluate_round 8: strategy sampled 6 clients (out of 12)
[2026-01-19 00:46:09,661][flwr][DEBUG] - evaluate_round 8 received 6 results and 0 failures
[2026-01-19 00:46:09,661][flwr][DEBUG] - fit_round 9: strategy sampled 7 clients (out of 12)
[2026-01-19 00:46:16,143][flwr][DEBUG] - fit_round 9 received 7 results and 0 failures
[2026-01-19 00:46:16,379][flwr][INFO] - fit progress: (9, 0.040219224359813996, {'rmse': 4225.347796335824, 'mae': 1528.6651611328125, 'r2': 0.872531859819376, 'mape': 6.5671539306640625, 'accuracy_10': 82.49749541282654, 'accuracy_20': 95.33600807189941}, 68.96703200001502)
[2026-01-19 00:46:16,379][flwr][DEBUG] - evaluate_round 9: strategy sampled 6 clients (out of 12)
[2026-01-19 00:46:16,616][flwr][DEBUG] - evaluate_round 9 received 6 results and 0 failures
[2026-01-19 00:46:16,616][flwr][DEBUG] - fit_round 10: strategy sampled 7 clients (out of 12)
[2026-01-19 00:46:23,484][flwr][DEBUG] - fit_round 10 received 7 results and 0 failures
[2026-01-19 00:46:23,716][flwr][INFO] - fit progress: (10, 0.04284440714038288, {'rmse': 4185.54130310525, 'mae': 1375.2706298828125, 'r2': 0.8749222702302138, 'mape': 6.371038436889648, 'accuracy_10': 86.00802421569824, 'accuracy_20': 94.68405246734619}, 76.30497158400249)
[2026-01-19 00:46:23,717][flwr][DEBUG] - evaluate_round 10: strategy sampled 6 clients (out of 12)
[2026-01-19 00:46:23,965][flwr][DEBUG] - evaluate_round 10 received 6 results and 0 failures
[2026-01-19 00:46:23,966][flwr][DEBUG] - fit_round 11: strategy sampled 7 clients (out of 12)
[2026-01-19 00:46:30,820][flwr][DEBUG] - fit_round 11 received 7 results and 0 failures
[2026-01-19 00:46:31,065][flwr][INFO] - fit progress: (11, 0.03864758418744043, {'rmse': 4251.977187144823, 'mae': 1544.6453857421875, 'r2': 0.8709201110438691, 'mape': 6.413683891296387, 'accuracy_10': 83.09929966926575, 'accuracy_20': 94.9849545955658}, 83.65384929202264)
[2026-01-19 00:46:31,065][flwr][DEBUG] - evaluate_round 11: strategy sampled 6 clients (out of 12)
[2026-01-19 00:46:31,277][flwr][DEBUG] - evaluate_round 11 received 6 results and 0 failures
[2026-01-19 00:46:31,278][flwr][DEBUG] - fit_round 12: strategy sampled 7 clients (out of 12)
[2026-01-19 00:46:37,623][flwr][DEBUG] - fit_round 12 received 7 results and 0 failures
[2026-01-19 00:46:37,856][flwr][INFO] - fit progress: (12, 0.03925517683058469, {'rmse': 4297.6628532261575, 'mae': 1576.539794921875, 'r2': 0.8681314015598517, 'mape': 6.511028289794922, 'accuracy_10': 82.74824619293213, 'accuracy_20': 94.78435516357422}, 90.44527404202381)
[2026-01-19 00:46:37,857][flwr][DEBUG] - evaluate_round 12: strategy sampled 6 clients (out of 12)
[2026-01-19 00:46:37,951][flwr][DEBUG] - evaluate_round 12 received 6 results and 0 failures
[2026-01-19 00:46:37,951][flwr][DEBUG] - fit_round 13: strategy sampled 7 clients (out of 12)
[2026-01-19 00:46:44,467][flwr][DEBUG] - fit_round 13 received 7 results and 0 failures
[2026-01-19 00:46:44,710][flwr][INFO] - fit progress: (13, 0.03420753257653658, {'rmse': 3979.2253014877156, 'mae': 1391.3133544921875, 'r2': 0.8869491628533126, 'mape': 5.906003952026367, 'accuracy_10': 86.15847826004028, 'accuracy_20': 95.93781232833862}, 97.29913029202726)
[2026-01-19 00:46:44,711][flwr][DEBUG] - evaluate_round 13: strategy sampled 6 clients (out of 12)
[2026-01-19 00:46:44,810][flwr][DEBUG] - evaluate_round 13 received 6 results and 0 failures
[2026-01-19 00:46:44,810][flwr][DEBUG] - fit_round 14: strategy sampled 7 clients (out of 12)
[2026-01-19 00:46:51,592][flwr][DEBUG] - fit_round 14 received 7 results and 0 failures
[2026-01-19 00:46:51,830][flwr][INFO] - fit progress: (14, 0.03434661617960291, {'rmse': 4110.313126758107, 'mae': 1451.868408203125, 'r2': 0.8793780046222521, 'mape': 5.965845584869385, 'accuracy_10': 84.75426435470581, 'accuracy_20': 95.2858567237854}, 104.41906016704161)
[2026-01-19 00:46:51,830][flwr][DEBUG] - evaluate_round 14: strategy sampled 6 clients (out of 12)
[2026-01-19 00:46:52,001][flwr][DEBUG] - evaluate_round 14 received 6 results and 0 failures
[2026-01-19 00:46:52,001][flwr][DEBUG] - fit_round 15: strategy sampled 7 clients (out of 12)
[2026-01-19 00:46:58,443][flwr][DEBUG] - fit_round 15 received 7 results and 0 failures
[2026-01-19 00:46:58,680][flwr][INFO] - fit progress: (15, 0.03245481649000822, {'rmse': 3909.9350378235185, 'mae': 1366.5794677734375, 'r2': 0.8908519965932655, 'mape': 5.795777797698975, 'accuracy_10': 86.20862364768982, 'accuracy_20': 96.03811502456665}, 111.26869204203831)
[2026-01-19 00:46:58,680][flwr][DEBUG] - evaluate_round 15: strategy sampled 6 clients (out of 12)
[2026-01-19 00:46:58,879][flwr][DEBUG] - evaluate_round 15 received 6 results and 0 failures
[2026-01-19 00:46:58,879][flwr][DEBUG] - fit_round 16: strategy sampled 7 clients (out of 12)
[2026-01-19 00:47:05,654][flwr][DEBUG] - fit_round 16 received 7 results and 0 failures
[2026-01-19 00:47:05,899][flwr][INFO] - fit progress: (16, 0.042115669216915834, {'rmse': 4162.728912624506, 'mae': 1309.0806884765625, 'r2': 0.8762819692276934, 'mape': 6.152998447418213, 'accuracy_10': 86.50952577590942, 'accuracy_20': 94.58374977111816}, 118.48741591704311)
[2026-01-19 00:47:05,899][flwr][DEBUG] - evaluate_round 16: strategy sampled 6 clients (out of 12)
[2026-01-19 00:47:06,096][flwr][DEBUG] - evaluate_round 16 received 6 results and 0 failures
[2026-01-19 00:47:06,097][flwr][DEBUG] - fit_round 17: strategy sampled 7 clients (out of 12)
[2026-01-19 00:47:12,766][flwr][DEBUG] - fit_round 17 received 7 results and 0 failures
[2026-01-19 00:47:12,994][flwr][INFO] - fit progress: (17, 0.03404827845640623, {'rmse': 3849.3721565990472, 'mae': 1254.788818359375, 'r2': 0.8942070994441236, 'mape': 5.631612300872803, 'accuracy_10': 87.31193542480469, 'accuracy_20': 95.38615942001343}, 125.58266104204813)
[2026-01-19 00:47:12,994][flwr][DEBUG] - evaluate_round 17: strategy sampled 6 clients (out of 12)
[2026-01-19 00:47:13,071][flwr][DEBUG] - evaluate_round 17 received 6 results and 0 failures
[2026-01-19 00:47:13,071][flwr][DEBUG] - fit_round 18: strategy sampled 7 clients (out of 12)
[2026-01-19 00:47:17,404][flwr][DEBUG] - fit_round 18 received 7 results and 0 failures
[2026-01-19 00:47:17,668][flwr][INFO] - fit progress: (18, 0.03276337024829572, {'rmse': 3878.3130353286338, 'mae': 1401.1429443359375, 'r2': 0.8926103466477878, 'mape': 5.904964923858643, 'accuracy_10': 86.20862364768982, 'accuracy_20': 96.03811502456665}, 130.25662466703216)
[2026-01-19 00:47:17,668][flwr][DEBUG] - evaluate_round 18: strategy sampled 6 clients (out of 12)
[2026-01-19 00:47:17,752][flwr][DEBUG] - evaluate_round 18 received 6 results and 0 failures
[2026-01-19 00:47:17,752][flwr][DEBUG] - fit_round 19: strategy sampled 7 clients (out of 12)
[2026-01-19 00:47:24,908][flwr][DEBUG] - fit_round 19 received 7 results and 0 failures
[2026-01-19 00:47:25,154][flwr][INFO] - fit progress: (19, 0.03248583088155346, {'rmse': 3825.6077948477678, 'mae': 1234.639892578125, 'r2': 0.89550930774395, 'mape': 5.507915496826172, 'accuracy_10': 87.61283755302429, 'accuracy_20': 95.78736424446106}, 137.7431386670214)
[2026-01-19 00:47:25,155][flwr][DEBUG] - evaluate_round 19: strategy sampled 6 clients (out of 12)
[2026-01-19 00:47:25,367][flwr][DEBUG] - evaluate_round 19 received 6 results and 0 failures
[2026-01-19 00:47:25,367][flwr][DEBUG] - fit_round 20: strategy sampled 7 clients (out of 12)
[2026-01-19 00:47:32,331][flwr][DEBUG] - fit_round 20 received 7 results and 0 failures
[2026-01-19 00:47:32,562][flwr][INFO] - fit progress: (20, 0.03248125934597841, {'rmse': 3819.1148189076484, 'mae': 1248.8956298828125, 'r2': 0.8958636968301976, 'mape': 5.528891086578369, 'accuracy_10': 87.3620867729187, 'accuracy_20': 95.68706154823303}, 145.15036637504818)
[2026-01-19 00:47:32,562][flwr][DEBUG] - evaluate_round 20: strategy sampled 6 clients (out of 12)
[2026-01-19 00:47:32,858][flwr][DEBUG] - evaluate_round 20 received 6 results and 0 failures
[2026-01-19 00:47:32,858][flwr][DEBUG] - fit_round 21: strategy sampled 7 clients (out of 12)
[2026-01-19 00:47:39,909][flwr][DEBUG] - fit_round 21 received 7 results and 0 failures
[2026-01-19 00:47:40,156][flwr][INFO] - fit progress: (21, 0.03223729024126513, {'rmse': 3819.091776849569, 'mae': 1291.7222900390625, 'r2': 0.8958649581057073, 'mape': 5.662641525268555, 'accuracy_10': 86.8104338645935, 'accuracy_20': 96.13841772079468}, 152.74489033402642)
[2026-01-19 00:47:40,157][flwr][DEBUG] - evaluate_round 21: strategy sampled 6 clients (out of 12)
[2026-01-19 00:47:40,400][flwr][DEBUG] - evaluate_round 21 received 6 results and 0 failures
[2026-01-19 00:47:40,400][flwr][DEBUG] - fit_round 22: strategy sampled 7 clients (out of 12)
[2026-01-19 00:47:47,582][flwr][DEBUG] - fit_round 22 received 7 results and 0 failures
[2026-01-19 00:47:47,876][flwr][INFO] - fit progress: (22, 0.036846538665615686, {'rmse': 3936.7990804713413, 'mae': 1241.010986328125, 'r2': 0.8893469942572659, 'mape': 5.765990257263184, 'accuracy_10': 86.65997982025146, 'accuracy_20': 95.03510594367981}, 160.46435275004478)
[2026-01-19 00:47:47,876][flwr][DEBUG] - evaluate_round 22: strategy sampled 6 clients (out of 12)
[2026-01-19 00:47:48,245][flwr][DEBUG] - evaluate_round 22 received 6 results and 0 failures
[2026-01-19 00:47:48,246][flwr][DEBUG] - fit_round 23: strategy sampled 7 clients (out of 12)
[2026-01-19 00:47:56,384][flwr][DEBUG] - fit_round 23 received 7 results and 0 failures
[2026-01-19 00:47:56,652][flwr][INFO] - fit progress: (23, 0.03313188329936868, {'rmse': 3814.032904944581, 'mae': 1269.2216796875, 'r2': 0.896140649466545, 'mape': 5.634250640869141, 'accuracy_10': 87.3620867729187, 'accuracy_20': 95.63691020011902}, 169.24053637502948)
[2026-01-19 00:47:56,652][flwr][DEBUG] - evaluate_round 23: strategy sampled 6 clients (out of 12)
[2026-01-19 00:47:57,019][flwr][DEBUG] - evaluate_round 23 received 6 results and 0 failures
[2026-01-19 00:47:57,020][flwr][DEBUG] - fit_round 24: strategy sampled 7 clients (out of 12)
[2026-01-19 00:48:05,287][flwr][DEBUG] - fit_round 24 received 7 results and 0 failures
[2026-01-19 00:48:05,539][flwr][INFO] - fit progress: (24, 0.030292972871882387, {'rmse': 3821.009552461234, 'mae': 1322.52099609375, 'r2': 0.8957603455683707, 'mape': 5.538465976715088, 'accuracy_10': 87.01103329658508, 'accuracy_20': 95.93781232833862}, 178.12756220903248)
[2026-01-19 00:48:05,539][flwr][DEBUG] - evaluate_round 24: strategy sampled 6 clients (out of 12)
[2026-01-19 00:48:05,810][flwr][DEBUG] - evaluate_round 24 received 6 results and 0 failures
[2026-01-19 00:48:05,811][flwr][DEBUG] - fit_round 25: strategy sampled 7 clients (out of 12)
[2026-01-19 00:48:13,294][flwr][DEBUG] - fit_round 25 received 7 results and 0 failures
[2026-01-19 00:48:13,582][flwr][INFO] - fit progress: (25, 0.030001808652876612, {'rmse': 3845.109231218276, 'mae': 1364.72216796875, 'r2': 0.8944412860410944, 'mape': 5.64486026763916, 'accuracy_10': 87.6629889011383, 'accuracy_20': 95.88766098022461}, 186.1711702090106)
[2026-01-19 00:48:13,583][flwr][DEBUG] - evaluate_round 25: strategy sampled 6 clients (out of 12)
[2026-01-19 00:48:13,885][flwr][DEBUG] - evaluate_round 25 received 6 results and 0 failures
[2026-01-19 00:48:13,886][flwr][DEBUG] - fit_round 26: strategy sampled 7 clients (out of 12)
[2026-01-19 00:48:21,721][flwr][DEBUG] - fit_round 26 received 7 results and 0 failures
[2026-01-19 00:48:21,990][flwr][INFO] - fit progress: (26, 0.030469684333819802, {'rmse': 3860.4046420032187, 'mae': 1354.2236328125, 'r2': 0.8935998172851767, 'mape': 5.593545913696289, 'accuracy_10': 86.55967712402344, 'accuracy_20': 95.78736424446106}, 194.5785878340248)
[2026-01-19 00:48:21,990][flwr][DEBUG] - evaluate_round 26: strategy sampled 6 clients (out of 12)
[2026-01-19 00:48:22,277][flwr][DEBUG] - evaluate_round 26 received 6 results and 0 failures
[2026-01-19 00:48:22,277][flwr][DEBUG] - fit_round 27: strategy sampled 7 clients (out of 12)
[2026-01-19 00:48:30,548][flwr][DEBUG] - fit_round 27 received 7 results and 0 failures
[2026-01-19 00:48:30,785][flwr][INFO] - fit progress: (27, 0.03322924712043229, {'rmse': 3801.41447358743, 'mae': 1193.1297607421875, 'r2': 0.8968267393458591, 'mape': 5.433902740478516, 'accuracy_10': 87.71314024925232, 'accuracy_20': 95.38615942001343}, 203.37376929202583)
[2026-01-19 00:48:30,785][flwr][DEBUG] - evaluate_round 27: strategy sampled 6 clients (out of 12)
[2026-01-19 00:48:31,138][flwr][DEBUG] - evaluate_round 27 received 6 results and 0 failures
[2026-01-19 00:48:31,139][flwr][DEBUG] - fit_round 28: strategy sampled 7 clients (out of 12)
[2026-01-19 00:48:38,266][flwr][DEBUG] - fit_round 28 received 7 results and 0 failures
[2026-01-19 00:48:38,565][flwr][INFO] - fit progress: (28, 0.030739785867968317, {'rmse': 3769.0728302859843, 'mae': 1214.342529296875, 'r2': 0.8985748232043719, 'mape': 5.3394365310668945, 'accuracy_10': 88.41524720191956, 'accuracy_20': 95.73721289634705}, 211.15382516704267)
[2026-01-19 00:48:38,566][flwr][DEBUG] - evaluate_round 28: strategy sampled 6 clients (out of 12)
[2026-01-19 00:48:38,799][flwr][DEBUG] - evaluate_round 28 received 6 results and 0 failures
[2026-01-19 00:48:38,799][flwr][DEBUG] - fit_round 29: strategy sampled 7 clients (out of 12)
[2026-01-19 00:48:46,291][flwr][DEBUG] - fit_round 29 received 7 results and 0 failures
[2026-01-19 00:48:46,569][flwr][INFO] - fit progress: (29, 0.029899464012193705, {'rmse': 3834.0058685401095, 'mae': 1359.9276123046875, 'r2': 0.8950500421324684, 'mape': 5.635223865509033, 'accuracy_10': 87.01103329658508, 'accuracy_20': 95.88766098022461}, 219.15760083403438)
[2026-01-19 00:48:46,569][flwr][DEBUG] - evaluate_round 29: strategy sampled 6 clients (out of 12)
[2026-01-19 00:48:46,802][flwr][DEBUG] - evaluate_round 29 received 6 results and 0 failures
[2026-01-19 00:48:46,802][flwr][DEBUG] - fit_round 30: strategy sampled 7 clients (out of 12)
[2026-01-19 00:48:54,464][flwr][DEBUG] - fit_round 30 received 7 results and 0 failures
[2026-01-19 00:48:54,747][flwr][INFO] - fit progress: (30, 0.02891465052663383, {'rmse': 3780.2584567724994, 'mae': 1314.107421875, 'r2': 0.8979719188447233, 'mape': 5.468412399291992, 'accuracy_10': 87.26178407669067, 'accuracy_20': 96.03811502456665}, 227.33580133400392)
[2026-01-19 00:48:54,748][flwr][DEBUG] - evaluate_round 30: strategy sampled 6 clients (out of 12)
[2026-01-19 00:48:54,849][flwr][DEBUG] - evaluate_round 30 received 6 results and 0 failures
[2026-01-19 00:48:54,849][flwr][DEBUG] - fit_round 31: strategy sampled 7 clients (out of 12)
[2026-01-19 00:49:02,204][flwr][DEBUG] - fit_round 31 received 7 results and 0 failures
[2026-01-19 00:49:02,466][flwr][INFO] - fit progress: (31, 0.034231664064557944, {'rmse': 3859.713979040416, 'mae': 1180.484375, 'r2': 0.8936378828733804, 'mape': 5.435643196105957, 'accuracy_10': 87.6629889011383, 'accuracy_20': 95.23570537567139}, 235.05456016701646)
[2026-01-19 00:49:02,466][flwr][DEBUG] - evaluate_round 31: strategy sampled 6 clients (out of 12)
[2026-01-19 00:49:02,549][flwr][DEBUG] - evaluate_round 31 received 6 results and 0 failures
[2026-01-19 00:49:02,549][flwr][DEBUG] - fit_round 32: strategy sampled 7 clients (out of 12)
[2026-01-19 00:49:09,480][flwr][DEBUG] - fit_round 32 received 7 results and 0 failures
[2026-01-19 00:49:09,721][flwr][INFO] - fit progress: (32, 0.03060231278038611, {'rmse': 3725.806624074846, 'mae': 1211.9136962890625, 'r2': 0.9008900337294403, 'mape': 5.382393836975098, 'accuracy_10': 87.96389102935791, 'accuracy_20': 95.8375096321106}, 242.3093828340061)
[2026-01-19 00:49:09,721][flwr][DEBUG] - evaluate_round 32: strategy sampled 6 clients (out of 12)
[2026-01-19 00:49:09,905][flwr][DEBUG] - evaluate_round 32 received 6 results and 0 failures
[2026-01-19 00:49:09,905][flwr][DEBUG] - fit_round 33: strategy sampled 7 clients (out of 12)
[2026-01-19 00:49:16,353][flwr][DEBUG] - fit_round 33 received 7 results and 0 failures
[2026-01-19 00:49:16,593][flwr][INFO] - fit progress: (33, 0.029613119610767426, {'rmse': 3787.333626708901, 'mae': 1343.1015625, 'r2': 0.8975896497033128, 'mape': 5.660949230194092, 'accuracy_10': 87.61283755302429, 'accuracy_20': 96.13841772079468}, 249.1817452920368)
[2026-01-19 00:49:16,593][flwr][DEBUG] - evaluate_round 33: strategy sampled 6 clients (out of 12)
[2026-01-19 00:49:16,682][flwr][DEBUG] - evaluate_round 33 received 6 results and 0 failures
[2026-01-19 00:49:16,682][flwr][DEBUG] - fit_round 34: strategy sampled 7 clients (out of 12)
[2026-01-19 00:49:22,910][flwr][DEBUG] - fit_round 34 received 7 results and 0 failures
[2026-01-19 00:49:23,132][flwr][INFO] - fit progress: (34, 0.030365054274245035, {'rmse': 3820.877517010981, 'mae': 1406.4281005859375, 'r2': 0.8957675465715715, 'mape': 5.890320777893066, 'accuracy_10': 86.86057925224304, 'accuracy_20': 96.03811502456665}, 255.720896792016)
[2026-01-19 00:49:23,133][flwr][DEBUG] - evaluate_round 34: strategy sampled 6 clients (out of 12)
[2026-01-19 00:49:23,206][flwr][DEBUG] - evaluate_round 34 received 6 results and 0 failures
[2026-01-19 00:49:23,206][flwr][DEBUG] - fit_round 35: strategy sampled 7 clients (out of 12)
[2026-01-19 00:49:29,385][flwr][DEBUG] - fit_round 35 received 7 results and 0 failures
[2026-01-19 00:49:29,614][flwr][INFO] - fit progress: (35, 0.02993708569649887, {'rmse': 3721.6946408860576, 'mae': 1276.7952880859375, 'r2': 0.9011086743724538, 'mape': 5.620483875274658, 'accuracy_10': 87.96389102935791, 'accuracy_20': 96.18856310844421}, 262.2022575000301)
[2026-01-19 00:49:29,614][flwr][DEBUG] - evaluate_round 35: strategy sampled 6 clients (out of 12)
[2026-01-19 00:49:29,699][flwr][DEBUG] - evaluate_round 35 received 6 results and 0 failures
[2026-01-19 00:49:29,700][flwr][INFO] - FL finished in 262.2881262500305
[2026-01-19 00:49:29,700][flwr][INFO] - app_fit: losses_distributed [(1, 0.17225350599514283), (2, 0.10626151102066737), (3, 0.10644956481354755), (4, 0.0636760610906944), (5, 0.04453081312830384), (6, 0.050830030306089), (7, 0.044084540011984884), (8, 0.04996072160146862), (9, 0.04566923509704863), (10, 0.03334504193614396), (11, 0.03784164770931985), (12, 0.037768078552297926), (13, 0.04337269415710178), (14, 0.04797744550255617), (15, 0.03600011663074992), (16, 0.07372168756052615), (17, 0.033564159624374826), (18, 0.028616503597751267), (19, 0.0283274819146919), (20, 0.05997123788699513), (21, 0.037676983700846316), (22, 0.033485950505083135), (23, 0.04022905861593586), (24, 0.03608643433753636), (25, 0.02164190161885374), (26, 0.026028627553247273), (27, 0.03236854861353501), (28, 0.02312563164285454), (29, 0.03238588418114883), (30, 0.03035371379813309), (31, 0.027348639984065067), (32, 0.04283265623852314), (33, 0.04066340481776346), (34, 0.03542130473094485), (35, 0.037543868088949967)]
[2026-01-19 00:49:29,700][flwr][INFO] - app_fit: metrics_distributed_fit {}
[2026-01-19 00:49:29,700][flwr][INFO] - app_fit: metrics_distributed {}
[2026-01-19 00:49:29,700][flwr][INFO] - app_fit: losses_centralized [(0, 1.4340404903996313), (1, 0.1676620734012952), (2, 0.11502196293776348), (3, 0.07404076041225924), (4, 0.05990184905379263), (5, 0.05282553661812691), (6, 0.046259761633820375), (7, 0.04510276436566589), (8, 0.04853232465114598), (9, 0.040219224359813996), (10, 0.04284440714038288), (11, 0.03864758418744043), (12, 0.03925517683058469), (13, 0.03420753257653658), (14, 0.03434661617960291), (15, 0.03245481649000822), (16, 0.042115669216915834), (17, 0.03404827845640623), (18, 0.03276337024829572), (19, 0.03248583088155346), (20, 0.03248125934597841), (21, 0.03223729024126513), (22, 0.036846538665615686), (23, 0.03313188329936868), (24, 0.030292972871882387), (25, 0.030001808652876612), (26, 0.030469684333819802), (27, 0.03322924712043229), (28, 0.030739785867968317), (29, 0.029899464012193705), (30, 0.02891465052663383), (31, 0.034231664064557944), (32, 0.03060231278038611), (33, 0.029613119610767426), (34, 0.030365054274245035), (35, 0.02993708569649887)]
[2026-01-19 00:49:29,700][flwr][INFO] - app_fit: metrics_centralized {'rmse': [(0, 11782.010694274555), (1, 6115.899279746192), (2, 5598.153802817496), (3, 4739.406291931512), (4, 4525.5651580769445), (5, 4421.710302586545), (6, 4302.830696181294), (7, 4259.003639350406), (8, 4467.369024381129), (9, 4225.347796335824), (10, 4185.54130310525), (11, 4251.977187144823), (12, 4297.6628532261575), (13, 3979.2253014877156), (14, 4110.313126758107), (15, 3909.9350378235185), (16, 4162.728912624506), (17, 3849.3721565990472), (18, 3878.3130353286338), (19, 3825.6077948477678), (20, 3819.1148189076484), (21, 3819.091776849569), (22, 3936.7990804713413), (23, 3814.032904944581), (24, 3821.009552461234), (25, 3845.109231218276), (26, 3860.4046420032187), (27, 3801.41447358743), (28, 3769.0728302859843), (29, 3834.0058685401095), (30, 3780.2584567724994), (31, 3859.713979040416), (32, 3725.806624074846), (33, 3787.333626708901), (34, 3820.877517010981), (35, 3721.6946408860576)], 'mae': [(0, 9149.193359375), (1, 3285.194091796875), (2, 2716.359375), (3, 2048.413330078125), (4, 1789.8662109375), (5, 1643.482421875), (6, 1588.2633056640625), (7, 1484.901611328125), (8, 1485.075439453125), (9, 1528.6651611328125), (10, 1375.2706298828125), (11, 1544.6453857421875), (12, 1576.539794921875), (13, 1391.3133544921875), (14, 1451.868408203125), (15, 1366.5794677734375), (16, 1309.0806884765625), (17, 1254.788818359375), (18, 1401.1429443359375), (19, 1234.639892578125), (20, 1248.8956298828125), (21, 1291.7222900390625), (22, 1241.010986328125), (23, 1269.2216796875), (24, 1322.52099609375), (25, 1364.72216796875), (26, 1354.2236328125), (27, 1193.1297607421875), (28, 1214.342529296875), (29, 1359.9276123046875), (30, 1314.107421875), (31, 1180.484375), (32, 1211.9136962890625), (33, 1343.1015625), (34, 1406.4281005859375), (35, 1276.7952880859375)], 'r2': [(0, 0.00890437044283554), (1, 0.7329470564645474), (2, 0.7762482873051857), (3, 0.8396294642406688), (4, 0.8537747570783368), (5, 0.8604090369275657), (6, 0.8678140734411984), (7, 0.8704931546178288), (8, 0.8575113151079218), (9, 0.872531859819376), (10, 0.8749222702302138), (11, 0.8709201110438691), (12, 0.8681314015598517), (13, 0.8869491628533126), (14, 0.8793780046222521), (15, 0.8908519965932655), (16, 0.8762819692276934), (17, 0.8942070994441236), (18, 0.8926103466477878), (19, 0.89550930774395), (20, 0.8958636968301976), (21, 0.8958649581057073), (22, 0.8893469942572659), (23, 0.896140649466545), (24, 0.8957603455683707), (25, 0.8944412860410944), (26, 0.8935998172851767), (27, 0.8968267393458591), (28, 0.8985748232043719), (29, 0.8950500421324684), (30, 0.8979719188447233), (31, 0.8936378828733804), (32, 0.9008900337294403), (33, 0.8975896497033128), (34, 0.8957675465715715), (35, 0.9011086743724538)], 'mape': [(0, 79.91940307617188), (1, 17.356910705566406), (2, 13.837869644165039), (3, 10.537186622619629), (4, 8.822806358337402), (5, 7.892754554748535), (6, 7.35715913772583), (7, 6.937058448791504), (8, 6.941155433654785), (9, 6.5671539306640625), (10, 6.371038436889648), (11, 6.413683891296387), (12, 6.511028289794922), (13, 5.906003952026367), (14, 5.965845584869385), (15, 5.795777797698975), (16, 6.152998447418213), (17, 5.631612300872803), (18, 5.904964923858643), (19, 5.507915496826172), (20, 5.528891086578369), (21, 5.662641525268555), (22, 5.765990257263184), (23, 5.634250640869141), (24, 5.538465976715088), (25, 5.64486026763916), (26, 5.593545913696289), (27, 5.433902740478516), (28, 5.3394365310668945), (29, 5.635223865509033), (30, 5.468412399291992), (31, 5.435643196105957), (32, 5.382393836975098), (33, 5.660949230194092), (34, 5.890320777893066), (35, 5.620483875274658)], 'accuracy_10': [(0, 11.735205352306366), (1, 36.96088194847107), (2, 51.20360851287842), (3, 61.53460144996643), (4, 74.57371950149536), (5, 79.33801412582397), (6, 80.2908718585968), (7, 83.75125527381897), (8, 85.05516648292542), (9, 82.49749541282654), (10, 86.00802421569824), (11, 83.09929966926575), (12, 82.74824619293213), (13, 86.15847826004028), (14, 84.75426435470581), (15, 86.20862364768982), (16, 86.50952577590942), (17, 87.31193542480469), (18, 86.20862364768982), (19, 87.61283755302429), (20, 87.3620867729187), (21, 86.8104338645935), (22, 86.65997982025146), (23, 87.3620867729187), (24, 87.01103329658508), (25, 87.6629889011383), (26, 86.55967712402344), (27, 87.71314024925232), (28, 88.41524720191956), (29, 87.01103329658508), (30, 87.26178407669067), (31, 87.6629889011383), (32, 87.96389102935791), (33, 87.61283755302429), (34, 86.86057925224304), (35, 87.96389102935791)], 'accuracy_20': [(0, 21.46439254283905), (1, 72.0661997795105), (2, 83.55064988136292), (3, 90.67201614379883), (4, 92.42728352546692), (5, 93.68104338645935), (6, 94.7342038154602), (7, 94.63390111923218), (8, 94.23269629478455), (9, 95.33600807189941), (10, 94.68405246734619), (11, 94.9849545955658), (12, 94.78435516357422), (13, 95.93781232833862), (14, 95.2858567237854), (15, 96.03811502456665), (16, 94.58374977111816), (17, 95.38615942001343), (18, 96.03811502456665), (19, 95.78736424446106), (20, 95.68706154823303), (21, 96.13841772079468), (22, 95.03510594367981), (23, 95.63691020011902), (24, 95.93781232833862), (25, 95.88766098022461), (26, 95.78736424446106), (27, 95.38615942001343), (28, 95.73721289634705), (29, 95.88766098022461), (30, 96.03811502456665), (31, 95.23570537567139), (32, 95.8375096321106), (33, 96.13841772079468), (34, 96.03811502456665), (35, 96.18856310844421)]}
[2026-01-19 00:49:30,242][flwr][INFO] - Starting Flower simulation, config: ServerConfig(num_rounds=35, round_timeout=None)
[2026-01-19 00:49:37,986][flwr][INFO] - Flower VCE: Ray initialized with resources: {'memory': 12340610253.0, 'object_store_memory': 2147483648.0, 'CPU': 10.0, 'node:127.0.0.1': 1.0}
[2026-01-19 00:49:37,987][flwr][INFO] - Initializing global parameters
[2026-01-19 00:49:37,987][flwr][INFO] - Using initial parameters provided by strategy
[2026-01-19 00:49:37,987][flwr][INFO] - Evaluating initial parameters
[2026-01-19 00:49:38,231][flwr][INFO] - initial parameters (loss, other metrics): 1.4340404903996313, {'rmse': 11782.010694274555, 'mae': 9149.193359375, 'r2': 0.00890437044283554, 'mape': 79.91940307617188, 'accuracy_10': 11.735205352306366, 'accuracy_20': 21.46439254283905}
[2026-01-19 00:49:38,231][flwr][INFO] - FL starting
[2026-01-19 00:49:38,231][flwr][DEBUG] - fit_round 1: strategy sampled 7 clients (out of 12)
[2026-01-19 00:49:50,120][flwr][DEBUG] - fit_round 1 received 7 results and 0 failures
[2026-01-19 00:49:50,126][flwr][WARNING] - No fit_metrics_aggregation_fn provided
[2026-01-19 00:49:50,401][flwr][INFO] - fit progress: (1, 0.18604599449824666, {'rmse': 6724.265015598359, 'mae': 3612.466796875, 'r2': 0.6771755946591377, 'mape': 18.89111328125, 'accuracy_10': 32.59779214859009, 'accuracy_20': 72.11635112762451}, 12.169589124969207)
[2026-01-19 00:49:50,401][flwr][DEBUG] - evaluate_round 1: strategy sampled 6 clients (out of 12)
[2026-01-19 00:49:50,621][flwr][DEBUG] - evaluate_round 1 received 6 results and 0 failures
[2026-01-19 00:49:50,621][flwr][WARNING] - No evaluate_metrics_aggregation_fn provided
[2026-01-19 00:49:50,621][flwr][DEBUG] - fit_round 2: strategy sampled 7 clients (out of 12)
[2026-01-19 00:49:55,950][flwr][DEBUG] - fit_round 2 received 7 results and 0 failures
[2026-01-19 00:49:56,191][flwr][INFO] - fit progress: (2, 0.11505095198481467, {'rmse': 5714.860978186609, 'mae': 2649.321044921875, 'r2': 0.7668217341353246, 'mape': 13.737077713012695, 'accuracy_10': 50.50150156021118, 'accuracy_20': 85.10531783103943}, 17.96026779100066)
[2026-01-19 00:49:56,192][flwr][DEBUG] - evaluate_round 2: strategy sampled 6 clients (out of 12)
[2026-01-19 00:49:56,404][flwr][DEBUG] - evaluate_round 2 received 6 results and 0 failures
[2026-01-19 00:49:56,404][flwr][DEBUG] - fit_round 3: strategy sampled 7 clients (out of 12)
[2026-01-19 00:50:01,261][flwr][DEBUG] - fit_round 3 received 7 results and 0 failures
[2026-01-19 00:50:01,491][flwr][INFO] - fit progress: (3, 0.07705452529304364, {'rmse': 4909.409129416696, 'mae': 1998.1524658203125, 'r2': 0.8279181104849188, 'mape': 10.488579750061035, 'accuracy_10': 64.74423408508301, 'accuracy_20': 91.67502522468567}, 23.259894082963)
[2026-01-19 00:50:01,491][flwr][DEBUG] - evaluate_round 3: strategy sampled 6 clients (out of 12)
[2026-01-19 00:50:01,686][flwr][DEBUG] - evaluate_round 3 received 6 results and 0 failures
[2026-01-19 00:50:01,686][flwr][DEBUG] - fit_round 4: strategy sampled 7 clients (out of 12)
[2026-01-19 00:50:06,551][flwr][DEBUG] - fit_round 4 received 7 results and 0 failures
[2026-01-19 00:50:06,783][flwr][INFO] - fit progress: (4, 0.05721451292597243, {'rmse': 4502.179250096558, 'mae': 1669.1407470703125, 'r2': 0.8552820839744328, 'mape': 8.436569213867188, 'accuracy_10': 76.62988901138306, 'accuracy_20': 93.83149743080139}, 28.55150095798308)
[2026-01-19 00:50:06,783][flwr][DEBUG] - evaluate_round 4: strategy sampled 6 clients (out of 12)
[2026-01-19 00:50:06,961][flwr][DEBUG] - evaluate_round 4 received 6 results and 0 failures
[2026-01-19 00:50:06,961][flwr][DEBUG] - fit_round 5: strategy sampled 7 clients (out of 12)
[2026-01-19 00:50:11,838][flwr][DEBUG] - fit_round 5 received 7 results and 0 failures
[2026-01-19 00:50:12,077][flwr][INFO] - fit progress: (5, 0.04597017284269737, {'rmse': 4204.506154116081, 'mae': 1534.6483154296875, 'r2': 0.8737862423117925, 'mape': 7.493926525115967, 'accuracy_10': 79.28786277770996, 'accuracy_20': 95.43631076812744}, 33.84536895796191)
[2026-01-19 00:50:12,077][flwr][DEBUG] - evaluate_round 5: strategy sampled 6 clients (out of 12)
[2026-01-19 00:50:12,280][flwr][DEBUG] - evaluate_round 5 received 6 results and 0 failures
[2026-01-19 00:50:12,281][flwr][DEBUG] - fit_round 6: strategy sampled 7 clients (out of 12)
[2026-01-19 00:50:17,056][flwr][DEBUG] - fit_round 6 received 7 results and 0 failures
[2026-01-19 00:50:17,287][flwr][INFO] - fit progress: (6, 0.0445814880877808, {'rmse': 4296.523711094819, 'mae': 1435.23388671875, 'r2': 0.868201299688682, 'mape': 6.817144870758057, 'accuracy_10': 83.95185470581055, 'accuracy_20': 95.13540863990784}, 39.05543991597369)
[2026-01-19 00:50:17,287][flwr][DEBUG] - evaluate_round 6: strategy sampled 6 clients (out of 12)
[2026-01-19 00:50:17,467][flwr][DEBUG] - evaluate_round 6 received 6 results and 0 failures
[2026-01-19 00:50:17,467][flwr][DEBUG] - fit_round 7: strategy sampled 7 clients (out of 12)
[2026-01-19 00:50:22,483][flwr][DEBUG] - fit_round 7 received 7 results and 0 failures
[2026-01-19 00:50:22,712][flwr][INFO] - fit progress: (7, 0.04063715662810963, {'rmse': 4118.664346605584, 'mae': 1363.2904052734375, 'r2': 0.8788873464499729, 'mape': 6.449487686157227, 'accuracy_10': 86.00802421569824, 'accuracy_20': 95.33600807189941}, 44.48068458295893)
[2026-01-19 00:50:22,712][flwr][DEBUG] - evaluate_round 7: strategy sampled 6 clients (out of 12)
[2026-01-19 00:50:22,881][flwr][DEBUG] - evaluate_round 7 received 6 results and 0 failures
[2026-01-19 00:50:22,881][flwr][DEBUG] - fit_round 8: strategy sampled 7 clients (out of 12)
[2026-01-19 00:50:27,672][flwr][DEBUG] - fit_round 8 received 7 results and 0 failures
[2026-01-19 00:50:27,910][flwr][INFO] - fit progress: (8, 0.03976290419122341, {'rmse': 4178.820168420747, 'mae': 1376.0694580078125, 'r2': 0.8753236491621963, 'mape': 6.283186435699463, 'accuracy_10': 86.96088194847107, 'accuracy_20': 95.43631076812744}, 49.679001415963285)
[2026-01-19 00:50:27,910][flwr][DEBUG] - evaluate_round 8: strategy sampled 6 clients (out of 12)
[2026-01-19 00:50:28,074][flwr][DEBUG] - evaluate_round 8 received 6 results and 0 failures
[2026-01-19 00:50:28,074][flwr][DEBUG] - fit_round 9: strategy sampled 7 clients (out of 12)
[2026-01-19 00:50:33,042][flwr][DEBUG] - fit_round 9 received 7 results and 0 failures
[2026-01-19 00:50:33,270][flwr][INFO] - fit progress: (9, 0.043656416890307616, {'rmse': 4355.504563193569, 'mae': 1347.2861328125, 'r2': 0.864557900054886, 'mape': 6.333730220794678, 'accuracy_10': 87.61283755302429, 'accuracy_20': 94.7342038154602}, 55.03829349996522)
[2026-01-19 00:50:33,270][flwr][DEBUG] - evaluate_round 9: strategy sampled 6 clients (out of 12)
[2026-01-19 00:50:33,457][flwr][DEBUG] - evaluate_round 9 received 6 results and 0 failures
[2026-01-19 00:50:33,458][flwr][DEBUG] - fit_round 10: strategy sampled 7 clients (out of 12)
[2026-01-19 00:50:38,645][flwr][DEBUG] - fit_round 10 received 7 results and 0 failures
[2026-01-19 00:50:38,901][flwr][INFO] - fit progress: (10, 0.036426103078837736, {'rmse': 4050.996297208873, 'mae': 1326.637939453125, 'r2': 0.8828343248327666, 'mape': 5.984387397766113, 'accuracy_10': 87.46238946914673, 'accuracy_20': 95.88766098022461}, 60.670019749959465)
[2026-01-19 00:50:38,902][flwr][DEBUG] - evaluate_round 10: strategy sampled 6 clients (out of 12)
[2026-01-19 00:50:39,116][flwr][DEBUG] - evaluate_round 10 received 6 results and 0 failures
[2026-01-19 00:50:39,116][flwr][DEBUG] - fit_round 11: strategy sampled 7 clients (out of 12)
[2026-01-19 00:50:43,664][flwr][DEBUG] - fit_round 11 received 7 results and 0 failures
[2026-01-19 00:50:43,894][flwr][INFO] - fit progress: (11, 0.03443323921714886, {'rmse': 4047.1911247184757, 'mae': 1399.1387939453125, 'r2': 0.8830543294132499, 'mape': 5.997473239898682, 'accuracy_10': 85.25576591491699, 'accuracy_20': 95.93781232833862}, 65.66256395797245)
[2026-01-19 00:50:43,894][flwr][DEBUG] - evaluate_round 11: strategy sampled 6 clients (out of 12)
[2026-01-19 00:50:44,113][flwr][DEBUG] - evaluate_round 11 received 6 results and 0 failures
[2026-01-19 00:50:44,113][flwr][DEBUG] - fit_round 12: strategy sampled 7 clients (out of 12)
[2026-01-19 00:50:49,075][flwr][DEBUG] - fit_round 12 received 7 results and 0 failures
[2026-01-19 00:50:49,337][flwr][INFO] - fit progress: (12, 0.03294294046139048, {'rmse': 4048.0169219013897, 'mae': 1354.33251953125, 'r2': 0.8830065989348029, 'mape': 5.638662338256836, 'accuracy_10': 86.86057925224304, 'accuracy_20': 95.8375096321106}, 71.10601929097902)
[2026-01-19 00:50:49,338][flwr][DEBUG] - evaluate_round 12: strategy sampled 6 clients (out of 12)
[2026-01-19 00:50:49,540][flwr][DEBUG] - evaluate_round 12 received 6 results and 0 failures
[2026-01-19 00:50:49,540][flwr][DEBUG] - fit_round 13: strategy sampled 7 clients (out of 12)
[2026-01-19 00:50:54,548][flwr][DEBUG] - fit_round 13 received 7 results and 0 failures
[2026-01-19 00:50:54,830][flwr][INFO] - fit progress: (13, 0.039646425512371776, {'rmse': 4194.240813305788, 'mae': 1247.8382568359375, 'r2': 0.8744017887585271, 'mape': 5.751412868499756, 'accuracy_10': 88.76630067825317, 'accuracy_20': 94.88465189933777}, 76.59878816595301)
[2026-01-19 00:50:54,831][flwr][DEBUG] - evaluate_round 13: strategy sampled 6 clients (out of 12)
[2026-01-19 00:50:55,050][flwr][DEBUG] - evaluate_round 13 received 6 results and 0 failures
[2026-01-19 00:50:55,051][flwr][DEBUG] - fit_round 14: strategy sampled 7 clients (out of 12)
[2026-01-19 00:51:00,586][flwr][DEBUG] - fit_round 14 received 7 results and 0 failures
[2026-01-19 00:51:00,979][flwr][INFO] - fit progress: (14, 0.033324897392029866, {'rmse': 3933.1362803747343, 'mae': 1262.0518798828125, 'r2': 0.8895528021552676, 'mape': 5.539363861083984, 'accuracy_10': 88.86659741401672, 'accuracy_20': 95.63691020011902}, 82.74781116598751)
[2026-01-19 00:51:00,980][flwr][DEBUG] - evaluate_round 14: strategy sampled 6 clients (out of 12)
[2026-01-19 00:51:01,207][flwr][DEBUG] - evaluate_round 14 received 6 results and 0 failures
[2026-01-19 00:51:01,207][flwr][DEBUG] - fit_round 15: strategy sampled 7 clients (out of 12)
[2026-01-19 00:51:06,495][flwr][DEBUG] - fit_round 15 received 7 results and 0 failures
[2026-01-19 00:51:06,778][flwr][INFO] - fit progress: (15, 0.033889286263043446, {'rmse': 4041.4737410998973, 'mae': 1292.6998291015625, 'r2': 0.8833845122759065, 'mape': 5.615701198577881, 'accuracy_10': 88.81645202636719, 'accuracy_20': 95.68706154823303}, 88.5469161659712)
[2026-01-19 00:51:06,779][flwr][DEBUG] - evaluate_round 15: strategy sampled 6 clients (out of 12)
[2026-01-19 00:51:07,081][flwr][DEBUG] - evaluate_round 15 received 6 results and 0 failures
[2026-01-19 00:51:07,082][flwr][DEBUG] - fit_round 16: strategy sampled 7 clients (out of 12)
[2026-01-19 00:51:11,793][flwr][DEBUG] - fit_round 16 received 7 results and 0 failures
[2026-01-19 00:51:12,040][flwr][INFO] - fit progress: (16, 0.03182379687494536, {'rmse': 4032.134298358625, 'mae': 1439.1844482421875, 'r2': 0.883922864261647, 'mape': 5.75057315826416, 'accuracy_10': 85.75727343559265, 'accuracy_20': 96.08826637268066}, 93.80868112499593)
[2026-01-19 00:51:12,041][flwr][DEBUG] - evaluate_round 16: strategy sampled 6 clients (out of 12)
[2026-01-19 00:51:12,116][flwr][DEBUG] - evaluate_round 16 received 6 results and 0 failures
[2026-01-19 00:51:12,116][flwr][DEBUG] - fit_round 17: strategy sampled 7 clients (out of 12)
[2026-01-19 00:51:17,024][flwr][DEBUG] - fit_round 17 received 7 results and 0 failures
[2026-01-19 00:51:17,277][flwr][INFO] - fit progress: (17, 0.033442413651103245, {'rmse': 3942.778842390225, 'mae': 1279.61767578125, 'r2': 0.8890105856800293, 'mape': 5.554092884063721, 'accuracy_10': 88.2146418094635, 'accuracy_20': 95.38615942001343}, 99.04599625000264)
[2026-01-19 00:51:17,278][flwr][DEBUG] - evaluate_round 17: strategy sampled 6 clients (out of 12)
[2026-01-19 00:51:17,469][flwr][DEBUG] - evaluate_round 17 received 6 results and 0 failures
[2026-01-19 00:51:17,469][flwr][DEBUG] - fit_round 18: strategy sampled 7 clients (out of 12)
[2026-01-19 00:51:22,171][flwr][DEBUG] - fit_round 18 received 7 results and 0 failures
[2026-01-19 00:51:22,423][flwr][INFO] - fit progress: (18, 0.03323878549271027, {'rmse': 4236.322933866114, 'mae': 1502.2852783203125, 'r2': 0.8718688102171059, 'mape': 5.758813858032227, 'accuracy_10': 84.55365896224976, 'accuracy_20': 95.586758852005}, 104.1912331659696)
[2026-01-19 00:51:22,423][flwr][DEBUG] - evaluate_round 18: strategy sampled 6 clients (out of 12)
[2026-01-19 00:51:22,602][flwr][DEBUG] - evaluate_round 18 received 6 results and 0 failures
[2026-01-19 00:51:22,603][flwr][DEBUG] - fit_round 19: strategy sampled 7 clients (out of 12)
[2026-01-19 00:51:27,266][flwr][DEBUG] - fit_round 19 received 7 results and 0 failures
[2026-01-19 00:51:27,520][flwr][INFO] - fit progress: (19, 0.030277515413125636, {'rmse': 3906.422020212358, 'mae': 1352.926513671875, 'r2': 0.891048044272061, 'mape': 5.544449806213379, 'accuracy_10': 86.65997982025146, 'accuracy_20': 96.28886580467224}, 109.28861033299472)
[2026-01-19 00:51:27,520][flwr][DEBUG] - evaluate_round 19: strategy sampled 6 clients (out of 12)
[2026-01-19 00:51:27,702][flwr][DEBUG] - evaluate_round 19 received 6 results and 0 failures
[2026-01-19 00:51:27,703][flwr][DEBUG] - fit_round 20: strategy sampled 7 clients (out of 12)
[2026-01-19 00:51:32,415][flwr][DEBUG] - fit_round 20 received 7 results and 0 failures
[2026-01-19 00:51:32,657][flwr][INFO] - fit progress: (20, 0.03113738526734958, {'rmse': 3870.222215842393, 'mae': 1217.31396484375, 'r2': 0.8930579454608044, 'mape': 5.238869667053223, 'accuracy_10': 88.71614933013916, 'accuracy_20': 95.88766098022461}, 114.42607233300805)
[2026-01-19 00:51:32,658][flwr][DEBUG] - evaluate_round 20: strategy sampled 6 clients (out of 12)
[2026-01-19 00:51:32,838][flwr][DEBUG] - evaluate_round 20 received 6 results and 0 failures
[2026-01-19 00:51:32,838][flwr][DEBUG] - fit_round 21: strategy sampled 7 clients (out of 12)
[2026-01-19 00:51:37,673][flwr][DEBUG] - fit_round 21 received 7 results and 0 failures
[2026-01-19 00:51:37,929][flwr][INFO] - fit progress: (21, 0.031583059686558355, {'rmse': 3860.190280284121, 'mae': 1239.360595703125, 'r2': 0.8936116307435846, 'mape': 5.349259376525879, 'accuracy_10': 88.11434507369995, 'accuracy_20': 95.63691020011902}, 119.6976978330058)
[2026-01-19 00:51:37,930][flwr][DEBUG] - evaluate_round 21: strategy sampled 6 clients (out of 12)
[2026-01-19 00:51:38,114][flwr][DEBUG] - evaluate_round 21 received 6 results and 0 failures
[2026-01-19 00:51:38,114][flwr][DEBUG] - fit_round 22: strategy sampled 7 clients (out of 12)
[2026-01-19 00:51:42,809][flwr][DEBUG] - fit_round 22 received 7 results and 0 failures
[2026-01-19 00:51:43,062][flwr][INFO] - fit progress: (22, 0.03180415646911953, {'rmse': 3915.5475989955735, 'mae': 1233.4569091796875, 'r2': 0.8905384156361557, 'mape': 5.3706955909729, 'accuracy_10': 88.41524720191956, 'accuracy_20': 95.88766098022461}, 124.83074295800179)
[2026-01-19 00:51:43,062][flwr][DEBUG] - evaluate_round 22: strategy sampled 6 clients (out of 12)
[2026-01-19 00:51:43,293][flwr][DEBUG] - evaluate_round 22 received 6 results and 0 failures
[2026-01-19 00:51:43,294][flwr][DEBUG] - fit_round 23: strategy sampled 7 clients (out of 12)
[2026-01-19 00:51:48,284][flwr][DEBUG] - fit_round 23 received 7 results and 0 failures
[2026-01-19 00:51:48,531][flwr][INFO] - fit progress: (23, 0.03145838756611199, {'rmse': 3864.0065993732464, 'mae': 1243.6158447265625, 'r2': 0.8934011737253902, 'mape': 5.36121940612793, 'accuracy_10': 88.41524720191956, 'accuracy_20': 95.43631076812744}, 130.29915695800446)
[2026-01-19 00:51:48,531][flwr][DEBUG] - evaluate_round 23: strategy sampled 6 clients (out of 12)
[2026-01-19 00:51:48,614][flwr][DEBUG] - evaluate_round 23 received 6 results and 0 failures
[2026-01-19 00:51:48,615][flwr][DEBUG] - fit_round 24: strategy sampled 7 clients (out of 12)
[2026-01-19 00:51:53,336][flwr][DEBUG] - fit_round 24 received 7 results and 0 failures
[2026-01-19 00:51:53,585][flwr][INFO] - fit progress: (24, 0.030072409943598083, {'rmse': 3929.8287494495225, 'mae': 1381.4326171875, 'r2': 0.8897384809760935, 'mape': 5.548525810241699, 'accuracy_10': 86.60982847213745, 'accuracy_20': 96.08826637268066}, 135.35398299997905)
[2026-01-19 00:51:53,586][flwr][DEBUG] - evaluate_round 24: strategy sampled 6 clients (out of 12)
[2026-01-19 00:51:53,660][flwr][DEBUG] - evaluate_round 24 received 6 results and 0 failures
[2026-01-19 00:51:53,661][flwr][DEBUG] - fit_round 25: strategy sampled 7 clients (out of 12)
[2026-01-19 00:51:58,290][flwr][DEBUG] - fit_round 25 received 7 results and 0 failures
[2026-01-19 00:51:58,542][flwr][INFO] - fit progress: (25, 0.028964629275359983, {'rmse': 3880.729828266843, 'mae': 1362.689697265625, 'r2': 0.892476468118827, 'mape': 5.481301307678223, 'accuracy_10': 86.65997982025146, 'accuracy_20': 96.23871445655823}, 140.31014837499242)
[2026-01-19 00:51:58,542][flwr][DEBUG] - evaluate_round 25: strategy sampled 6 clients (out of 12)
[2026-01-19 00:51:58,620][flwr][DEBUG] - evaluate_round 25 received 6 results and 0 failures
[2026-01-19 00:51:58,621][flwr][DEBUG] - fit_round 26: strategy sampled 7 clients (out of 12)
[2026-01-19 00:52:03,425][flwr][DEBUG] - fit_round 26 received 7 results and 0 failures
[2026-01-19 00:52:03,668][flwr][INFO] - fit progress: (26, 0.03296660935625793, {'rmse': 3881.071243870692, 'mae': 1136.595458984375, 'r2': 0.8924575416531837, 'mape': 5.177015781402588, 'accuracy_10': 89.26780223846436, 'accuracy_20': 95.13540863990784}, 145.4367803329951)
[2026-01-19 00:52:03,668][flwr][DEBUG] - evaluate_round 26: strategy sampled 6 clients (out of 12)
[2026-01-19 00:52:03,754][flwr][DEBUG] - evaluate_round 26 received 6 results and 0 failures
[2026-01-19 00:52:03,755][flwr][DEBUG] - fit_round 27: strategy sampled 7 clients (out of 12)
[2026-01-19 00:52:08,529][flwr][DEBUG] - fit_round 27 received 7 results and 0 failures
[2026-01-19 00:52:08,788][flwr][INFO] - fit progress: (27, 0.029178024888031163, {'rmse': 3774.181633149099, 'mae': 1201.4388427734375, 'r2': 0.8982996818183204, 'mape': 5.205630302429199, 'accuracy_10': 89.4182562828064, 'accuracy_20': 95.8375096321106}, 150.55685237498255)
[2026-01-19 00:52:08,789][flwr][DEBUG] - evaluate_round 27: strategy sampled 6 clients (out of 12)
[2026-01-19 00:52:08,974][flwr][DEBUG] - evaluate_round 27 received 6 results and 0 failures
[2026-01-19 00:52:08,974][flwr][DEBUG] - fit_round 28: strategy sampled 7 clients (out of 12)
[2026-01-19 00:52:13,692][flwr][DEBUG] - fit_round 28 received 7 results and 0 failures
[2026-01-19 00:52:13,946][flwr][INFO] - fit progress: (28, 0.02858347584724187, {'rmse': 3886.2272192963705, 'mae': 1330.065673828125, 'r2': 0.8921716134283252, 'mape': 5.355443954467773, 'accuracy_10': 86.8104338645935, 'accuracy_20': 96.08826637268066}, 155.7143968329765)
[2026-01-19 00:52:13,946][flwr][DEBUG] - evaluate_round 28: strategy sampled 6 clients (out of 12)
[2026-01-19 00:52:14,020][flwr][DEBUG] - evaluate_round 28 received 6 results and 0 failures
[2026-01-19 00:52:14,021][flwr][DEBUG] - fit_round 29: strategy sampled 7 clients (out of 12)
[2026-01-19 00:52:18,527][flwr][DEBUG] - fit_round 29 received 7 results and 0 failures
[2026-01-19 00:52:18,767][flwr][INFO] - fit progress: (29, 0.03277840791503668, {'rmse': 4302.012319833591, 'mae': 1557.9642333984375, 'r2': 0.8678643484696563, 'mape': 5.858571529388428, 'accuracy_10': 83.85155200958252, 'accuracy_20': 95.48646211624146}, 160.53543495800113)
[2026-01-19 00:52:18,767][flwr][DEBUG] - evaluate_round 29: strategy sampled 6 clients (out of 12)
[2026-01-19 00:52:18,938][flwr][DEBUG] - evaluate_round 29 received 6 results and 0 failures
[2026-01-19 00:52:18,938][flwr][DEBUG] - fit_round 30: strategy sampled 7 clients (out of 12)
[2026-01-19 00:52:23,519][flwr][DEBUG] - fit_round 30 received 7 results and 0 failures
[2026-01-19 00:52:23,765][flwr][INFO] - fit progress: (30, 0.029635586737540204, {'rmse': 3961.69774213026, 'mae': 1435.1160888671875, 'r2': 0.8879428939620453, 'mape': 5.72577428817749, 'accuracy_10': 85.20561456680298, 'accuracy_20': 96.18856310844421}, 165.53343154100003)
[2026-01-19 00:52:23,765][flwr][DEBUG] - evaluate_round 30: strategy sampled 6 clients (out of 12)
[2026-01-19 00:52:23,850][flwr][DEBUG] - evaluate_round 30 received 6 results and 0 failures
[2026-01-19 00:52:23,850][flwr][DEBUG] - fit_round 31: strategy sampled 7 clients (out of 12)
[2026-01-19 00:52:28,488][flwr][DEBUG] - fit_round 31 received 7 results and 0 failures
[2026-01-19 00:52:28,736][flwr][INFO] - fit progress: (31, 0.03508942405512947, {'rmse': 4037.9707775069396, 'mae': 1172.04736328125, 'r2': 0.8835865730123648, 'mape': 5.518383979797363, 'accuracy_10': 88.46539855003357, 'accuracy_20': 95.33600807189941}, 170.50480758299818)
[2026-01-19 00:52:28,737][flwr][DEBUG] - evaluate_round 31: strategy sampled 6 clients (out of 12)
[2026-01-19 00:52:28,934][flwr][DEBUG] - evaluate_round 31 received 6 results and 0 failures
[2026-01-19 00:52:28,934][flwr][DEBUG] - fit_round 32: strategy sampled 7 clients (out of 12)
[2026-01-19 00:52:33,638][flwr][DEBUG] - fit_round 32 received 7 results and 0 failures
[2026-01-19 00:52:33,921][flwr][INFO] - fit progress: (32, 0.029906494200132496, {'rmse': 3764.4051322885, 'mae': 1196.921142578125, 'r2': 0.898825883027784, 'mape': 5.215986251831055, 'accuracy_10': 88.76630067825317, 'accuracy_20': 95.48646211624146}, 175.68952524999622)
[2026-01-19 00:52:33,921][flwr][DEBUG] - evaluate_round 32: strategy sampled 6 clients (out of 12)
[2026-01-19 00:52:34,006][flwr][DEBUG] - evaluate_round 32 received 6 results and 0 failures
[2026-01-19 00:52:34,006][flwr][DEBUG] - fit_round 33: strategy sampled 7 clients (out of 12)
[2026-01-19 00:52:38,945][flwr][DEBUG] - fit_round 33 received 7 results and 0 failures
[2026-01-19 00:52:39,206][flwr][INFO] - fit progress: (33, 0.030321174617875424, {'rmse': 3798.5835517992755, 'mae': 1232.0347900390625, 'r2': 0.8969803436371525, 'mape': 5.327800750732422, 'accuracy_10': 88.41524720191956, 'accuracy_20': 95.68706154823303}, 180.97473916597664)
[2026-01-19 00:52:39,207][flwr][DEBUG] - evaluate_round 33: strategy sampled 6 clients (out of 12)
[2026-01-19 00:52:39,288][flwr][DEBUG] - evaluate_round 33 received 6 results and 0 failures
[2026-01-19 00:52:39,288][flwr][DEBUG] - fit_round 34: strategy sampled 7 clients (out of 12)
[2026-01-19 00:52:44,051][flwr][DEBUG] - fit_round 34 received 7 results and 0 failures
[2026-01-19 00:52:44,308][flwr][INFO] - fit progress: (34, 0.02861990731997918, {'rmse': 3844.2564950845826, 'mae': 1364.8236083984375, 'r2': 0.8944880998948976, 'mape': 5.58068323135376, 'accuracy_10': 86.15847826004028, 'accuracy_20': 96.18856310844421}, 186.07665133295814)
[2026-01-19 00:52:44,308][flwr][DEBUG] - evaluate_round 34: strategy sampled 6 clients (out of 12)
[2026-01-19 00:52:44,429][flwr][DEBUG] - evaluate_round 34 received 6 results and 0 failures
[2026-01-19 00:52:44,429][flwr][DEBUG] - fit_round 35: strategy sampled 7 clients (out of 12)
[2026-01-19 00:52:49,245][flwr][DEBUG] - fit_round 35 received 7 results and 0 failures
[2026-01-19 00:52:49,498][flwr][INFO] - fit progress: (35, 0.03370006493486113, {'rmse': 4002.9803896596845, 'mae': 1156.9730224609375, 'r2': 0.8855953595855414, 'mape': 5.297262191772461, 'accuracy_10': 88.81645202636719, 'accuracy_20': 95.23570537567139}, 191.2662554999697)
[2026-01-19 00:52:49,498][flwr][DEBUG] - evaluate_round 35: strategy sampled 6 clients (out of 12)
[2026-01-19 00:52:49,591][flwr][DEBUG] - evaluate_round 35 received 6 results and 0 failures
[2026-01-19 00:52:49,591][flwr][INFO] - FL finished in 191.35974133299896
[2026-01-19 00:52:49,593][flwr][INFO] - app_fit: losses_distributed [(1, 0.21570780260186181), (2, 0.09792443154409239), (3, 0.09978561107539352), (4, 0.04526796380803424), (5, 0.04670361691617951), (6, 0.02459729711915621), (7, 0.03715586738369441), (8, 0.05273913618909373), (9, 0.03938855429248617), (10, 0.03761526593733123), (11, 0.03899198874801018), (12, 0.025919417388389147), (13, 0.039587851848619175), (14, 0.04403917632529824), (15, 0.045399857334935366), (16, 0.05575404390581674), (17, 0.019696370379015463), (18, 0.034316530953057936), (19, 0.02267187086266701), (20, 0.0371641564153478), (21, 0.037829418871959467), (22, 0.022651529615997163), (23, 0.02556202693339353), (24, 0.0337931610507633), (25, 0.01702013104270998), (26, 0.04023974008517413), (27, 0.029276766260979886), (28, 0.04096348144541742), (29, 0.049341614520549776), (30, 0.028754228030641874), (31, 0.039494361186091106), (32, 0.04067038620226134), (33, 0.04323175475150088), (34, 0.025849084074624492), (35, 0.045476022571551075)]
[2026-01-19 00:52:49,593][flwr][INFO] - app_fit: metrics_distributed_fit {'scaffold_updates': [(1, 7), (2, 7), (3, 7), (4, 7), (5, 7), (6, 7), (7, 7), (8, 7), (9, 7), (10, 7), (11, 7), (12, 7), (13, 7), (14, 7), (15, 7), (16, 7), (17, 7), (18, 7), (19, 7), (20, 7), (21, 7), (22, 7), (23, 7), (24, 7), (25, 7), (26, 7), (27, 7), (28, 7), (29, 7), (30, 7), (31, 7), (32, 7), (33, 7), (34, 7), (35, 7)], 'avg_control_delta_norm': [(1, 2.1135704825635715), (2, 1.3154602598303928), (3, 0.9914022669154913), (4, 0.8624065755767003), (5, 0.7867513212723888), (6, 0.8290103051206922), (7, 0.6751602359782654), (8, 0.7175833566231039), (9, 0.6256971819652286), (10, 0.5859644371224437), (11, 0.56386760905395), (12, 0.5148433345643438), (13, 0.5784624934630437), (14, 0.5648286544120906), (15, 0.5847343798279949), (16, 0.5306259294444651), (17, 0.5575433254840776), (18, 0.5233307565806649), (19, 0.48609240742249077), (20, 0.5133652841957455), (21, 0.4718614191428626), (22, 0.4978922412212511), (23, 0.44344643796391797), (24, 0.47594484403772425), (25, 0.4354830114402483), (26, 0.44631737706186303), (27, 0.5088041308205541), (28, 0.4544113866318374), (29, 0.48897945605401494), (30, 0.5175107369624844), (31, 0.6196507320240345), (32, 0.4246134972907636), (33, 0.3957829063044465), (34, 0.44924713495901747), (35, 0.4999120614554684)]}
[2026-01-19 00:52:49,593][flwr][INFO] - app_fit: metrics_distributed {}
[2026-01-19 00:52:49,594][flwr][INFO] - app_fit: losses_centralized [(0, 1.4340404903996313), (1, 0.18604599449824666), (2, 0.11505095198481467), (3, 0.07705452529304364), (4, 0.05721451292597243), (5, 0.04597017284269737), (6, 0.0445814880877808), (7, 0.04063715662810963), (8, 0.03976290419122341), (9, 0.043656416890307616), (10, 0.036426103078837736), (11, 0.03443323921714886), (12, 0.03294294046139048), (13, 0.039646425512371776), (14, 0.033324897392029866), (15, 0.033889286263043446), (16, 0.03182379687494536), (17, 0.033442413651103245), (18, 0.03323878549271027), (19, 0.030277515413125636), (20, 0.03113738526734958), (21, 0.031583059686558355), (22, 0.03180415646911953), (23, 0.03145838756611199), (24, 0.030072409943598083), (25, 0.028964629275359983), (26, 0.03296660935625793), (27, 0.029178024888031163), (28, 0.02858347584724187), (29, 0.03277840791503668), (30, 0.029635586737540204), (31, 0.03508942405512947), (32, 0.029906494200132496), (33, 0.030321174617875424), (34, 0.02861990731997918), (35, 0.03370006493486113)]
[2026-01-19 00:52:49,594][flwr][INFO] - app_fit: metrics_centralized {'rmse': [(0, 11782.010694274555), (1, 6724.265015598359), (2, 5714.860978186609), (3, 4909.409129416696), (4, 4502.179250096558), (5, 4204.506154116081), (6, 4296.523711094819), (7, 4118.664346605584), (8, 4178.820168420747), (9, 4355.504563193569), (10, 4050.996297208873), (11, 4047.1911247184757), (12, 4048.0169219013897), (13, 4194.240813305788), (14, 3933.1362803747343), (15, 4041.4737410998973), (16, 4032.134298358625), (17, 3942.778842390225), (18, 4236.322933866114), (19, 3906.422020212358), (20, 3870.222215842393), (21, 3860.190280284121), (22, 3915.5475989955735), (23, 3864.0065993732464), (24, 3929.8287494495225), (25, 3880.729828266843), (26, 3881.071243870692), (27, 3774.181633149099), (28, 3886.2272192963705), (29, 4302.012319833591), (30, 3961.69774213026), (31, 4037.9707775069396), (32, 3764.4051322885), (33, 3798.5835517992755), (34, 3844.2564950845826), (35, 4002.9803896596845)], 'mae': [(0, 9149.193359375), (1, 3612.466796875), (2, 2649.321044921875), (3, 1998.1524658203125), (4, 1669.1407470703125), (5, 1534.6483154296875), (6, 1435.23388671875), (7, 1363.2904052734375), (8, 1376.0694580078125), (9, 1347.2861328125), (10, 1326.637939453125), (11, 1399.1387939453125), (12, 1354.33251953125), (13, 1247.8382568359375), (14, 1262.0518798828125), (15, 1292.6998291015625), (16, 1439.1844482421875), (17, 1279.61767578125), (18, 1502.2852783203125), (19, 1352.926513671875), (20, 1217.31396484375), (21, 1239.360595703125), (22, 1233.4569091796875), (23, 1243.6158447265625), (24, 1381.4326171875), (25, 1362.689697265625), (26, 1136.595458984375), (27, 1201.4388427734375), (28, 1330.065673828125), (29, 1557.9642333984375), (30, 1435.1160888671875), (31, 1172.04736328125), (32, 1196.921142578125), (33, 1232.0347900390625), (34, 1364.8236083984375), (35, 1156.9730224609375)], 'r2': [(0, 0.00890437044283554), (1, 0.6771755946591377), (2, 0.7668217341353246), (3, 0.8279181104849188), (4, 0.8552820839744328), (5, 0.8737862423117925), (6, 0.868201299688682), (7, 0.8788873464499729), (8, 0.8753236491621963), (9, 0.864557900054886), (10, 0.8828343248327666), (11, 0.8830543294132499), (12, 0.8830065989348029), (13, 0.8744017887585271), (14, 0.8895528021552676), (15, 0.8833845122759065), (16, 0.883922864261647), (17, 0.8890105856800293), (18, 0.8718688102171059), (19, 0.891048044272061), (20, 0.8930579454608044), (21, 0.8936116307435846), (22, 0.8905384156361557), (23, 0.8934011737253902), (24, 0.8897384809760935), (25, 0.892476468118827), (26, 0.8924575416531837), (27, 0.8982996818183204), (28, 0.8921716134283252), (29, 0.8678643484696563), (30, 0.8879428939620453), (31, 0.8835865730123648), (32, 0.898825883027784), (33, 0.8969803436371525), (34, 0.8944880998948976), (35, 0.8855953595855414)], 'mape': [(0, 79.91940307617188), (1, 18.89111328125), (2, 13.737077713012695), (3, 10.488579750061035), (4, 8.436569213867188), (5, 7.493926525115967), (6, 6.817144870758057), (7, 6.449487686157227), (8, 6.283186435699463), (9, 6.333730220794678), (10, 5.984387397766113), (11, 5.997473239898682), (12, 5.638662338256836), (13, 5.751412868499756), (14, 5.539363861083984), (15, 5.615701198577881), (16, 5.75057315826416), (17, 5.554092884063721), (18, 5.758813858032227), (19, 5.544449806213379), (20, 5.238869667053223), (21, 5.349259376525879), (22, 5.3706955909729), (23, 5.36121940612793), (24, 5.548525810241699), (25, 5.481301307678223), (26, 5.177015781402588), (27, 5.205630302429199), (28, 5.355443954467773), (29, 5.858571529388428), (30, 5.72577428817749), (31, 5.518383979797363), (32, 5.215986251831055), (33, 5.327800750732422), (34, 5.58068323135376), (35, 5.297262191772461)], 'accuracy_10': [(0, 11.735205352306366), (1, 32.59779214859009), (2, 50.50150156021118), (3, 64.74423408508301), (4, 76.62988901138306), (5, 79.28786277770996), (6, 83.95185470581055), (7, 86.00802421569824), (8, 86.96088194847107), (9, 87.61283755302429), (10, 87.46238946914673), (11, 85.25576591491699), (12, 86.86057925224304), (13, 88.76630067825317), (14, 88.86659741401672), (15, 88.81645202636719), (16, 85.75727343559265), (17, 88.2146418094635), (18, 84.55365896224976), (19, 86.65997982025146), (20, 88.71614933013916), (21, 88.11434507369995), (22, 88.41524720191956), (23, 88.41524720191956), (24, 86.60982847213745), (25, 86.65997982025146), (26, 89.26780223846436), (27, 89.4182562828064), (28, 86.8104338645935), (29, 83.85155200958252), (30, 85.20561456680298), (31, 88.46539855003357), (32, 88.76630067825317), (33, 88.41524720191956), (34, 86.15847826004028), (35, 88.81645202636719)], 'accuracy_20': [(0, 21.46439254283905), (1, 72.11635112762451), (2, 85.10531783103943), (3, 91.67502522468567), (4, 93.83149743080139), (5, 95.43631076812744), (6, 95.13540863990784), (7, 95.33600807189941), (8, 95.43631076812744), (9, 94.7342038154602), (10, 95.88766098022461), (11, 95.93781232833862), (12, 95.8375096321106), (13, 94.88465189933777), (14, 95.63691020011902), (15, 95.68706154823303), (16, 96.08826637268066), (17, 95.38615942001343), (18, 95.586758852005), (19, 96.28886580467224), (20, 95.88766098022461), (21, 95.63691020011902), (22, 95.88766098022461), (23, 95.43631076812744), (24, 96.08826637268066), (25, 96.23871445655823), (26, 95.13540863990784), (27, 95.8375096321106), (28, 96.08826637268066), (29, 95.48646211624146), (30, 96.18856310844421), (31, 95.33600807189941), (32, 95.48646211624146), (33, 95.68706154823303), (34, 96.18856310844421), (35, 95.23570537567139)]}
[2026-01-19 00:52:50,150][flwr][INFO] - Starting Flower simulation, config: ServerConfig(num_rounds=35, round_timeout=None)
[2026-01-19 00:52:57,343][flwr][INFO] - Flower VCE: Ray initialized with resources: {'object_store_memory': 2147483648.0, 'node:127.0.0.1': 1.0, 'memory': 12491951719.0, 'CPU': 10.0}
[2026-01-19 00:52:57,344][flwr][INFO] - Initializing global parameters
[2026-01-19 00:52:57,344][flwr][INFO] - Using initial parameters provided by strategy
[2026-01-19 00:52:57,344][flwr][INFO] - Evaluating initial parameters
[2026-01-19 00:52:57,575][flwr][INFO] - initial parameters (loss, other metrics): 1.4340404903996313, {'rmse': 11782.010694274555, 'mae': 9149.193359375, 'r2': 0.00890437044283554, 'mape': 79.91940307617188, 'accuracy_10': 11.735205352306366, 'accuracy_20': 21.46439254283905}
[2026-01-19 00:52:57,575][flwr][INFO] - FL starting
[2026-01-19 00:52:57,575][flwr][DEBUG] - fit_round 1: strategy sampled 7 clients (out of 12)
[2026-01-19 00:53:12,502][flwr][DEBUG] - fit_round 1 received 7 results and 0 failures
[2026-01-19 00:53:12,508][flwr][WARNING] - No fit_metrics_aggregation_fn provided
[2026-01-19 00:53:12,744][flwr][INFO] - fit progress: (1, 0.1843993769680246, {'rmse': 6930.425672352312, 'mae': 3475.506103515625, 'r2': 0.6570770520835216, 'mape': 18.11008071899414, 'accuracy_10': 41.07322096824646, 'accuracy_20': 76.83049440383911}, 15.16853079199791)
[2026-01-19 00:53:12,744][flwr][DEBUG] - evaluate_round 1: strategy sampled 6 clients (out of 12)
[2026-01-19 00:53:12,960][flwr][DEBUG] - evaluate_round 1 received 6 results and 0 failures
[2026-01-19 00:53:12,960][flwr][WARNING] - No evaluate_metrics_aggregation_fn provided
[2026-01-19 00:53:12,960][flwr][DEBUG] - fit_round 2: strategy sampled 7 clients (out of 12)
[2026-01-19 00:53:21,655][flwr][DEBUG] - fit_round 2 received 7 results and 0 failures
[2026-01-19 00:53:21,894][flwr][INFO] - fit progress: (2, 0.0890946572229879, {'rmse': 5098.410144348923, 'mae': 2265.344482421875, 'r2': 0.8144135602721915, 'mape': 11.659891128540039, 'accuracy_10': 57.82347321510315, 'accuracy_20': 88.61584663391113}, 24.318759542016778)
[2026-01-19 00:53:21,894][flwr][DEBUG] - evaluate_round 2: strategy sampled 6 clients (out of 12)
[2026-01-19 00:53:22,088][flwr][DEBUG] - evaluate_round 2 received 6 results and 0 failures
[2026-01-19 00:53:22,088][flwr][DEBUG] - fit_round 3: strategy sampled 7 clients (out of 12)
[2026-01-19 00:53:30,852][flwr][DEBUG] - fit_round 3 received 7 results and 0 failures
[2026-01-19 00:53:31,121][flwr][INFO] - fit progress: (3, 0.07307041326207048, {'rmse': 5002.113753204739, 'mae': 1967.0738525390625, 'r2': 0.8213578939069012, 'mape': 9.731051445007324, 'accuracy_10': 71.81544899940491, 'accuracy_20': 91.57472252845764}, 33.54584454203723)
[2026-01-19 00:53:31,121][flwr][DEBUG] - evaluate_round 3: strategy sampled 6 clients (out of 12)
[2026-01-19 00:53:31,329][flwr][DEBUG] - evaluate_round 3 received 6 results and 0 failures
[2026-01-19 00:53:31,329][flwr][DEBUG] - fit_round 4: strategy sampled 7 clients (out of 12)
[2026-01-19 00:53:39,792][flwr][DEBUG] - fit_round 4 received 7 results and 0 failures
[2026-01-19 00:53:40,060][flwr][INFO] - fit progress: (4, 0.056979777240974375, {'rmse': 4620.119046085285, 'mae': 1791.5927734375, 'r2': 0.8476006667982304, 'mape': 8.34130573272705, 'accuracy_10': 74.02206659317017, 'accuracy_20': 93.48044395446777}, 42.48442579200491)
[2026-01-19 00:53:40,060][flwr][DEBUG] - evaluate_round 4: strategy sampled 6 clients (out of 12)
[2026-01-19 00:53:40,295][flwr][DEBUG] - evaluate_round 4 received 6 results and 0 failures
[2026-01-19 00:53:40,295][flwr][DEBUG] - fit_round 5: strategy sampled 7 clients (out of 12)
[2026-01-19 00:53:49,040][flwr][DEBUG] - fit_round 5 received 7 results and 0 failures
[2026-01-19 00:53:49,289][flwr][INFO] - fit progress: (5, 0.052115175815125404, {'rmse': 4529.824941429856, 'mae': 1602.3697509765625, 'r2': 0.8534993443713909, 'mape': 7.591976165771484, 'accuracy_10': 82.44734406471252, 'accuracy_20': 94.23269629478455}, 51.71395250002388)
[2026-01-19 00:53:49,290][flwr][DEBUG] - evaluate_round 5: strategy sampled 6 clients (out of 12)
[2026-01-19 00:53:49,479][flwr][DEBUG] - evaluate_round 5 received 6 results and 0 failures
[2026-01-19 00:53:49,479][flwr][DEBUG] - fit_round 6: strategy sampled 7 clients (out of 12)
[2026-01-19 00:53:58,876][flwr][DEBUG] - fit_round 6 received 7 results and 0 failures
[2026-01-19 00:53:59,202][flwr][INFO] - fit progress: (6, 0.045820861782060344, {'rmse': 4446.685057433234, 'mae': 1616.3543701171875, 'r2': 0.8588277054242356, 'mape': 7.204460144042969, 'accuracy_10': 80.54162263870239, 'accuracy_20': 94.48345303535461}, 61.6268635840388)
[2026-01-19 00:53:59,203][flwr][DEBUG] - evaluate_round 6: strategy sampled 6 clients (out of 12)
[2026-01-19 00:53:59,743][flwr][DEBUG] - evaluate_round 6 received 6 results and 0 failures
[2026-01-19 00:53:59,744][flwr][DEBUG] - fit_round 7: strategy sampled 7 clients (out of 12)
[2026-01-19 00:54:10,112][flwr][DEBUG] - fit_round 7 received 7 results and 0 failures
[2026-01-19 00:54:10,438][flwr][INFO] - fit progress: (7, 0.04368968510677068, {'rmse': 4323.559875843053, 'mae': 1451.7823486328125, 'r2': 0.8665373693054584, 'mape': 6.628809928894043, 'accuracy_10': 84.90471243858337, 'accuracy_20': 94.88465189933777}, 72.86261579202255)
[2026-01-19 00:54:10,440][flwr][DEBUG] - evaluate_round 7: strategy sampled 6 clients (out of 12)
[2026-01-19 00:54:10,803][flwr][DEBUG] - evaluate_round 7 received 6 results and 0 failures
[2026-01-19 00:54:10,804][flwr][DEBUG] - fit_round 8: strategy sampled 7 clients (out of 12)
[2026-01-19 00:54:19,711][flwr][DEBUG] - fit_round 8 received 7 results and 0 failures
[2026-01-19 00:54:19,956][flwr][INFO] - fit progress: (8, 0.040745495313193755, {'rmse': 4236.153915995027, 'mae': 1470.6968994140625, 'r2': 0.8718790470811268, 'mape': 6.527154922485352, 'accuracy_10': 84.90471243858337, 'accuracy_20': 95.53660750389099}, 82.3802530420362)
[2026-01-19 00:54:19,956][flwr][DEBUG] - evaluate_round 8: strategy sampled 6 clients (out of 12)
[2026-01-19 00:54:20,166][flwr][DEBUG] - evaluate_round 8 received 6 results and 0 failures
[2026-01-19 00:54:20,166][flwr][DEBUG] - fit_round 9: strategy sampled 7 clients (out of 12)
[2026-01-19 00:54:28,754][flwr][DEBUG] - fit_round 9 received 7 results and 0 failures
[2026-01-19 00:54:29,062][flwr][INFO] - fit progress: (9, 0.03778576063050131, {'rmse': 4174.664776961139, 'mae': 1439.1915283203125, 'r2': 0.8755714751338654, 'mape': 6.182509422302246, 'accuracy_10': 85.05516648292542, 'accuracy_20': 95.78736424446106}, 91.48626158403931)
[2026-01-19 00:54:29,063][flwr][DEBUG] - evaluate_round 9: strategy sampled 6 clients (out of 12)
[2026-01-19 00:54:29,316][flwr][DEBUG] - evaluate_round 9 received 6 results and 0 failures
[2026-01-19 00:54:29,316][flwr][DEBUG] - fit_round 10: strategy sampled 7 clients (out of 12)
[2026-01-19 00:54:39,216][flwr][DEBUG] - fit_round 10 received 7 results and 0 failures
[2026-01-19 00:54:39,486][flwr][INFO] - fit progress: (10, 0.038177536089634645, {'rmse': 4132.822038268766, 'mae': 1355.241455078125, 'r2': 0.8780532840211763, 'mape': 6.023508548736572, 'accuracy_10': 86.86057925224304, 'accuracy_20': 95.38615942001343}, 101.91057641699445)
[2026-01-19 00:54:39,486][flwr][DEBUG] - evaluate_round 10: strategy sampled 6 clients (out of 12)
[2026-01-19 00:54:39,869][flwr][DEBUG] - evaluate_round 10 received 6 results and 0 failures
[2026-01-19 00:54:39,870][flwr][DEBUG] - fit_round 11: strategy sampled 7 clients (out of 12)
[2026-01-19 00:54:49,644][flwr][DEBUG] - fit_round 11 received 7 results and 0 failures
[2026-01-19 00:54:49,987][flwr][INFO] - fit progress: (11, 0.03802870433691631, {'rmse': 4101.553120465466, 'mae': 1349.07568359375, 'r2': 0.8798915930766182, 'mape': 6.022083759307861, 'accuracy_10': 86.71013116836548, 'accuracy_20': 95.23570537567139}, 112.41141295898706)
[2026-01-19 00:54:49,987][flwr][DEBUG] - evaluate_round 11: strategy sampled 6 clients (out of 12)
[2026-01-19 00:54:50,236][flwr][DEBUG] - evaluate_round 11 received 6 results and 0 failures
[2026-01-19 00:54:50,236][flwr][DEBUG] - fit_round 12: strategy sampled 7 clients (out of 12)
[2026-01-19 00:54:58,879][flwr][DEBUG] - fit_round 12 received 7 results and 0 failures
[2026-01-19 00:54:59,115][flwr][INFO] - fit progress: (12, 0.03609943658173263, {'rmse': 4110.082480924197, 'mae': 1397.5189208984375, 'r2': 0.8793915413349903, 'mape': 5.984206676483154, 'accuracy_10': 85.60681939125061, 'accuracy_20': 95.38615942001343}, 121.53920558403479)
[2026-01-19 00:54:59,115][flwr][DEBUG] - evaluate_round 12: strategy sampled 6 clients (out of 12)
[2026-01-19 00:54:59,313][flwr][DEBUG] - evaluate_round 12 received 6 results and 0 failures
[2026-01-19 00:54:59,313][flwr][DEBUG] - fit_round 13: strategy sampled 7 clients (out of 12)
[2026-01-19 00:55:09,578][flwr][DEBUG] - fit_round 13 received 7 results and 0 failures
[2026-01-19 00:55:09,828][flwr][INFO] - fit progress: (13, 0.037484626206331174, {'rmse': 4104.808156296711, 'mae': 1334.386962890625, 'r2': 0.8797008764867505, 'mape': 5.89193868637085, 'accuracy_10': 87.3620867729187, 'accuracy_20': 95.18555402755737}, 132.2526788340183)
[2026-01-19 00:55:09,829][flwr][DEBUG] - evaluate_round 13: strategy sampled 6 clients (out of 12)
[2026-01-19 00:55:10,001][flwr][DEBUG] - evaluate_round 13 received 6 results and 0 failures
[2026-01-19 00:55:10,001][flwr][DEBUG] - fit_round 14: strategy sampled 7 clients (out of 12)
[2026-01-19 00:55:19,250][flwr][DEBUG] - fit_round 14 received 7 results and 0 failures
[2026-01-19 00:55:19,514][flwr][INFO] - fit progress: (14, 0.03665675789700707, {'rmse': 4068.3476990050885, 'mae': 1333.4669189453125, 'r2': 0.8818284722797455, 'mape': 5.892516613006592, 'accuracy_10': 87.3620867729187, 'accuracy_20': 95.38615942001343}, 141.9383157090051)
[2026-01-19 00:55:19,514][flwr][DEBUG] - evaluate_round 14: strategy sampled 6 clients (out of 12)
[2026-01-19 00:55:19,710][flwr][DEBUG] - evaluate_round 14 received 6 results and 0 failures
[2026-01-19 00:55:19,710][flwr][DEBUG] - fit_round 15: strategy sampled 7 clients (out of 12)
[2026-01-19 00:55:29,102][flwr][DEBUG] - fit_round 15 received 7 results and 0 failures
[2026-01-19 00:55:29,357][flwr][INFO] - fit progress: (15, 0.04215148771639424, {'rmse': 4256.762149803533, 'mae': 1331.21240234375, 'r2': 0.8706294310368576, 'mape': 6.1346354484558105, 'accuracy_10': 87.26178407669067, 'accuracy_20': 94.53359842300415}, 151.78152725001564)
[2026-01-19 00:55:29,357][flwr][DEBUG] - evaluate_round 15: strategy sampled 6 clients (out of 12)
[2026-01-19 00:55:29,632][flwr][DEBUG] - evaluate_round 15 received 6 results and 0 failures
[2026-01-19 00:55:29,632][flwr][DEBUG] - fit_round 16: strategy sampled 7 clients (out of 12)
[2026-01-19 00:55:39,218][flwr][DEBUG] - fit_round 16 received 7 results and 0 failures
[2026-01-19 00:55:39,516][flwr][INFO] - fit progress: (16, 0.040243023473100596, {'rmse': 4179.517914783953, 'mae': 1307.51611328125, 'r2': 0.8752820124043806, 'mape': 5.934218883514404, 'accuracy_10': 87.21163272857666, 'accuracy_20': 94.93480324745178}, 161.94081383402226)
[2026-01-19 00:55:39,517][flwr][DEBUG] - evaluate_round 16: strategy sampled 6 clients (out of 12)
[2026-01-19 00:55:39,709][flwr][DEBUG] - evaluate_round 16 received 6 results and 0 failures
[2026-01-19 00:55:39,709][flwr][DEBUG] - fit_round 17: strategy sampled 7 clients (out of 12)
[2026-01-19 00:55:48,473][flwr][DEBUG] - fit_round 17 received 7 results and 0 failures
[2026-01-19 00:55:48,747][flwr][INFO] - fit progress: (17, 0.04354388744419921, {'rmse': 4403.9963669376475, 'mae': 1328.0228271484375, 'r2': 0.8615252364216945, 'mape': 6.118093967437744, 'accuracy_10': 87.31193542480469, 'accuracy_20': 94.48345303535461}, 171.17136141698575)
[2026-01-19 00:55:48,747][flwr][DEBUG] - evaluate_round 17: strategy sampled 6 clients (out of 12)
[2026-01-19 00:55:48,855][flwr][DEBUG] - evaluate_round 17 received 6 results and 0 failures
[2026-01-19 00:55:48,855][flwr][DEBUG] - fit_round 18: strategy sampled 7 clients (out of 12)
[2026-01-19 00:55:58,300][flwr][DEBUG] - fit_round 18 received 7 results and 0 failures
[2026-01-19 00:55:58,559][flwr][INFO] - fit progress: (18, 0.043760200676582046, {'rmse': 4350.78705523495, 'mae': 1324.889404296875, 'r2': 0.8648511466108999, 'mape': 6.194158554077148, 'accuracy_10': 86.65997982025146, 'accuracy_20': 94.18254494667053}, 180.98358108400134)
[2026-01-19 00:55:58,560][flwr][DEBUG] - evaluate_round 18: strategy sampled 6 clients (out of 12)
[2026-01-19 00:55:58,819][flwr][DEBUG] - evaluate_round 18 received 6 results and 0 failures
[2026-01-19 00:55:58,819][flwr][DEBUG] - fit_round 19: strategy sampled 7 clients (out of 12)
[2026-01-19 00:56:07,394][flwr][DEBUG] - fit_round 19 received 7 results and 0 failures
[2026-01-19 00:56:07,648][flwr][INFO] - fit progress: (19, 0.041889154093495105, {'rmse': 4245.772721189866, 'mae': 1293.2449951171875, 'r2': 0.8712965431195485, 'mape': 5.947887897491455, 'accuracy_10': 87.16148734092712, 'accuracy_20': 94.18254494667053}, 190.07287516701035)
[2026-01-19 00:56:07,649][flwr][DEBUG] - evaluate_round 19: strategy sampled 6 clients (out of 12)
[2026-01-19 00:56:07,729][flwr][DEBUG] - evaluate_round 19 received 6 results and 0 failures
[2026-01-19 00:56:07,730][flwr][DEBUG] - fit_round 20: strategy sampled 7 clients (out of 12)
[2026-01-19 00:56:17,064][flwr][DEBUG] - fit_round 20 received 7 results and 0 failures
[2026-01-19 00:56:17,370][flwr][INFO] - fit progress: (20, 0.03488199450561371, {'rmse': 4098.201312771251, 'mae': 1418.679443359375, 'r2': 0.8800878240803425, 'mape': 5.850815773010254, 'accuracy_10': 86.76028251647949, 'accuracy_20': 95.38615942001343}, 199.79418433399405)
[2026-01-19 00:56:17,370][flwr][DEBUG] - evaluate_round 20: strategy sampled 6 clients (out of 12)
[2026-01-19 00:56:17,611][flwr][DEBUG] - evaluate_round 20 received 6 results and 0 failures
[2026-01-19 00:56:17,611][flwr][DEBUG] - fit_round 21: strategy sampled 7 clients (out of 12)
[2026-01-19 00:56:26,340][flwr][DEBUG] - fit_round 21 received 7 results and 0 failures
[2026-01-19 00:56:26,595][flwr][INFO] - fit progress: (21, 0.035390644968527486, {'rmse': 4063.250422998809, 'mae': 1329.2564697265625, 'r2': 0.8821244027127162, 'mape': 5.745947360992432, 'accuracy_10': 87.81344294548035, 'accuracy_20': 95.18555402755737}, 209.0196961670299)
[2026-01-19 00:56:26,596][flwr][DEBUG] - evaluate_round 21: strategy sampled 6 clients (out of 12)
[2026-01-19 00:56:26,934][flwr][DEBUG] - evaluate_round 21 received 6 results and 0 failures
[2026-01-19 00:56:26,935][flwr][DEBUG] - fit_round 22: strategy sampled 7 clients (out of 12)
[2026-01-19 00:56:35,798][flwr][DEBUG] - fit_round 22 received 7 results and 0 failures
[2026-01-19 00:56:36,055][flwr][INFO] - fit progress: (22, 0.03484419003734318, {'rmse': 4038.239344070631, 'mae': 1349.842529296875, 'r2': 0.8835710930553818, 'mape': 5.788181304931641, 'accuracy_10': 87.46238946914673, 'accuracy_20': 95.18555402755737}, 218.47943612502422)
[2026-01-19 00:56:36,055][flwr][DEBUG] - evaluate_round 22: strategy sampled 6 clients (out of 12)
[2026-01-19 00:56:36,320][flwr][DEBUG] - evaluate_round 22 received 6 results and 0 failures
[2026-01-19 00:56:36,321][flwr][DEBUG] - fit_round 23: strategy sampled 7 clients (out of 12)
[2026-01-19 00:56:45,355][flwr][DEBUG] - fit_round 23 received 7 results and 0 failures
[2026-01-19 00:56:45,662][flwr][INFO] - fit progress: (23, 0.03469337760998588, {'rmse': 4158.807280940054, 'mae': 1500.428466796875, 'r2': 0.876514967879126, 'mape': 6.019143104553223, 'accuracy_10': 85.75727343559265, 'accuracy_20': 95.2858567237854}, 228.0860542919836)
[2026-01-19 00:56:45,662][flwr][DEBUG] - evaluate_round 23: strategy sampled 6 clients (out of 12)
[2026-01-19 00:56:46,001][flwr][DEBUG] - evaluate_round 23 received 6 results and 0 failures
[2026-01-19 00:56:46,001][flwr][DEBUG] - fit_round 24: strategy sampled 7 clients (out of 12)
[2026-01-19 00:56:57,105][flwr][DEBUG] - fit_round 24 received 7 results and 0 failures
[2026-01-19 00:56:57,510][flwr][INFO] - fit progress: (24, 0.03427250699935072, {'rmse': 4003.4425186331823, 'mae': 1338.0133056640625, 'r2': 0.8855689387968112, 'mape': 5.707435607910156, 'accuracy_10': 86.76028251647949, 'accuracy_20': 95.03510594367981}, 239.93396724999184)
[2026-01-19 00:56:57,510][flwr][DEBUG] - evaluate_round 24: strategy sampled 6 clients (out of 12)
[2026-01-19 00:56:57,687][flwr][DEBUG] - evaluate_round 24 received 6 results and 0 failures
[2026-01-19 00:56:57,687][flwr][DEBUG] - fit_round 25: strategy sampled 7 clients (out of 12)
[2026-01-19 00:57:07,041][flwr][DEBUG] - fit_round 25 received 7 results and 0 failures
[2026-01-19 00:57:07,294][flwr][INFO] - fit progress: (25, 0.03300100386351975, {'rmse': 4051.584998491331, 'mae': 1448.9967041015625, 'r2': 0.8828002630610066, 'mape': 5.921107292175293, 'accuracy_10': 86.35907769203186, 'accuracy_20': 95.48646211624146}, 249.71790458401665)
[2026-01-19 00:57:07,294][flwr][DEBUG] - evaluate_round 25: strategy sampled 6 clients (out of 12)
[2026-01-19 00:57:07,405][flwr][DEBUG] - evaluate_round 25 received 6 results and 0 failures
[2026-01-19 00:57:07,405][flwr][DEBUG] - fit_round 26: strategy sampled 7 clients (out of 12)
[2026-01-19 00:57:16,804][flwr][DEBUG] - fit_round 26 received 7 results and 0 failures
[2026-01-19 00:57:17,095][flwr][INFO] - fit progress: (26, 0.03372657315855997, {'rmse': 4101.516304977953, 'mae': 1483.30419921875, 'r2': 0.8798937489777802, 'mape': 5.990893363952637, 'accuracy_10': 85.25576591491699, 'accuracy_20': 95.18555402755737}, 259.5190730839968)
[2026-01-19 00:57:17,095][flwr][DEBUG] - evaluate_round 26: strategy sampled 6 clients (out of 12)
[2026-01-19 00:57:17,467][flwr][DEBUG] - evaluate_round 26 received 6 results and 0 failures
[2026-01-19 00:57:17,467][flwr][DEBUG] - fit_round 27: strategy sampled 7 clients (out of 12)
[2026-01-19 00:57:27,199][flwr][DEBUG] - fit_round 27 received 7 results and 0 failures
[2026-01-19 00:57:27,478][flwr][INFO] - fit progress: (27, 0.0340364729815584, {'rmse': 4104.106723758533, 'mae': 1506.30224609375, 'r2': 0.8797419852687713, 'mape': 6.087997913360596, 'accuracy_10': 84.85456109046936, 'accuracy_20': 95.2858567237854}, 269.9021499590017)
[2026-01-19 00:57:27,478][flwr][DEBUG] - evaluate_round 27: strategy sampled 6 clients (out of 12)
[2026-01-19 00:57:27,683][flwr][DEBUG] - evaluate_round 27 received 6 results and 0 failures
[2026-01-19 00:57:27,683][flwr][DEBUG] - fit_round 28: strategy sampled 7 clients (out of 12)
[2026-01-19 00:57:36,894][flwr][DEBUG] - fit_round 28 received 7 results and 0 failures
[2026-01-19 00:57:37,158][flwr][INFO] - fit progress: (28, 0.033322646274206155, {'rmse': 3960.847510318972, 'mae': 1357.765625, 'r2': 0.8879909910903498, 'mape': 5.840671062469482, 'accuracy_10': 86.76028251647949, 'accuracy_20': 95.2858567237854}, 279.58204895904055)
[2026-01-19 00:57:37,158][flwr][DEBUG] - evaluate_round 28: strategy sampled 6 clients (out of 12)
[2026-01-19 00:57:37,296][flwr][DEBUG] - evaluate_round 28 received 6 results and 0 failures
[2026-01-19 00:57:37,296][flwr][DEBUG] - fit_round 29: strategy sampled 7 clients (out of 12)
[2026-01-19 00:57:46,638][flwr][DEBUG] - fit_round 29 received 7 results and 0 failures
[2026-01-19 00:57:46,891][flwr][INFO] - fit progress: (29, 0.03286875857258871, {'rmse': 4049.3133985899385, 'mae': 1438.8994140625, 'r2': 0.8829316483709365, 'mape': 5.897305488586426, 'accuracy_10': 85.80742478370667, 'accuracy_20': 95.38615942001343}, 289.3151850840077)
[2026-01-19 00:57:46,891][flwr][DEBUG] - evaluate_round 29: strategy sampled 6 clients (out of 12)
[2026-01-19 00:57:47,036][flwr][DEBUG] - evaluate_round 29 received 6 results and 0 failures
[2026-01-19 00:57:47,036][flwr][DEBUG] - fit_round 30: strategy sampled 7 clients (out of 12)
[2026-01-19 00:57:56,045][flwr][DEBUG] - fit_round 30 received 7 results and 0 failures
[2026-01-19 00:57:56,314][flwr][INFO] - fit progress: (30, 0.03365957392650538, {'rmse': 3975.3916788160636, 'mae': 1314.377197265625, 'r2': 0.8871668868716824, 'mape': 5.751119613647461, 'accuracy_10': 87.26178407669067, 'accuracy_20': 95.08525729179382}, 298.7387064170325)
[2026-01-19 00:57:56,315][flwr][DEBUG] - evaluate_round 30: strategy sampled 6 clients (out of 12)
[2026-01-19 00:57:56,424][flwr][DEBUG] - evaluate_round 30 received 6 results and 0 failures
[2026-01-19 00:57:56,425][flwr][DEBUG] - fit_round 31: strategy sampled 7 clients (out of 12)
[2026-01-19 00:58:05,378][flwr][DEBUG] - fit_round 31 received 7 results and 0 failures
[2026-01-19 00:58:05,649][flwr][INFO] - fit progress: (31, 0.0337719303708049, {'rmse': 3913.946601577492, 'mae': 1305.7109375, 'r2': 0.8906279075333698, 'mape': 5.787049770355225, 'accuracy_10': 87.01103329658508, 'accuracy_20': 95.18555402755737}, 308.0732206249959)
[2026-01-19 00:58:05,649][flwr][DEBUG] - evaluate_round 31: strategy sampled 6 clients (out of 12)
[2026-01-19 00:58:05,861][flwr][DEBUG] - evaluate_round 31 received 6 results and 0 failures
[2026-01-19 00:58:05,862][flwr][DEBUG] - fit_round 32: strategy sampled 7 clients (out of 12)
[2026-01-19 00:58:15,010][flwr][DEBUG] - fit_round 32 received 7 results and 0 failures
[2026-01-19 00:58:15,257][flwr][INFO] - fit progress: (32, 0.03405114644419107, {'rmse': 4125.7898637715425, 'mae': 1502.7001953125, 'r2': 0.8784679210120052, 'mape': 6.064460277557373, 'accuracy_10': 84.90471243858337, 'accuracy_20': 94.9849545955658}, 317.681148417003)
[2026-01-19 00:58:15,257][flwr][DEBUG] - evaluate_round 32: strategy sampled 6 clients (out of 12)
[2026-01-19 00:58:15,353][flwr][DEBUG] - evaluate_round 32 received 6 results and 0 failures
[2026-01-19 00:58:15,353][flwr][DEBUG] - fit_round 33: strategy sampled 7 clients (out of 12)
[2026-01-19 00:58:24,144][flwr][DEBUG] - fit_round 33 received 7 results and 0 failures
[2026-01-19 00:58:24,421][flwr][INFO] - fit progress: (33, 0.03409694812429645, {'rmse': 3918.915793940972, 'mae': 1348.0299072265625, 'r2': 0.8903500162733873, 'mape': 5.880727767944336, 'accuracy_10': 86.86057925224304, 'accuracy_20': 95.13540863990784}, 326.8450677500223)
[2026-01-19 00:58:24,421][flwr][DEBUG] - evaluate_round 33: strategy sampled 6 clients (out of 12)
[2026-01-19 00:58:24,650][flwr][DEBUG] - evaluate_round 33 received 6 results and 0 failures
[2026-01-19 00:58:24,650][flwr][DEBUG] - fit_round 34: strategy sampled 7 clients (out of 12)
[2026-01-19 00:58:33,257][flwr][DEBUG] - fit_round 34 received 7 results and 0 failures
[2026-01-19 00:58:33,509][flwr][INFO] - fit progress: (34, 0.03286055406721808, {'rmse': 3912.5075079800167, 'mae': 1325.440673828125, 'r2': 0.8907083211801128, 'mape': 5.769401550292969, 'accuracy_10': 87.11133599281311, 'accuracy_20': 95.2858567237854}, 335.93285187502624)
[2026-01-19 00:58:33,509][flwr][DEBUG] - evaluate_round 34: strategy sampled 6 clients (out of 12)
[2026-01-19 00:58:33,700][flwr][DEBUG] - evaluate_round 34 received 6 results and 0 failures
[2026-01-19 00:58:33,700][flwr][DEBUG] - fit_round 35: strategy sampled 7 clients (out of 12)
[2026-01-19 00:58:42,688][flwr][DEBUG] - fit_round 35 received 7 results and 0 failures
[2026-01-19 00:58:42,944][flwr][INFO] - fit progress: (35, 0.033343104882877596, {'rmse': 3899.1188748228747, 'mae': 1290.11962890625, 'r2': 0.89145504027986, 'mape': 5.702314853668213, 'accuracy_10': 87.56268620491028, 'accuracy_20': 95.2858567237854}, 345.36844616703456)
[2026-01-19 00:58:42,945][flwr][DEBUG] - evaluate_round 35: strategy sampled 6 clients (out of 12)
[2026-01-19 00:58:43,056][flwr][DEBUG] - evaluate_round 35 received 6 results and 0 failures
[2026-01-19 00:58:43,056][flwr][INFO] - FL finished in 345.4798982089851
[2026-01-19 00:58:43,057][flwr][INFO] - app_fit: losses_distributed [(1, 0.1577550119798735), (2, 0.09738865693252051), (3, 0.0657241326366538), (4, 0.04654338780550681), (5, 0.07261484986347524), (6, 0.044586563801701104), (7, 0.047970878063988434), (8, 0.03687419168785815), (9, 0.0318382364751684), (10, 0.04139189677881305), (11, 0.06478064060581858), (12, 0.04186218622516403), (13, 0.01344580383094477), (14, 0.06356590334326029), (15, 0.032171673064912316), (16, 0.06661702829323542), (17, 0.03473227232481055), (18, 0.04820445184358323), (19, 0.007059013799657065), (20, 0.04774497052914816), (21, 0.016623043355936607), (22, 0.02595431908430436), (23, 0.05586720746850319), (24, 0.04579696586221336), (25, 0.025153875667572524), (26, 0.03692891315246622), (27, 0.023174906618425115), (28, 0.034978731990618926), (29, 0.023621136242012414), (30, 0.05250417910865044), (31, 0.043073941707240604), (32, 0.037559531655161585), (33, 0.024172892081136734), (34, 0.03276419539186217), (35, 0.057165987046528366)]
[2026-01-19 00:58:43,058][flwr][INFO] - app_fit: metrics_distributed_fit {'scaffold_updates': [(1, 7), (2, 7), (3, 7), (4, 7), (5, 7), (6, 7), (7, 7), (8, 7), (9, 7), (10, 7), (11, 7), (12, 7), (13, 7), (14, 7), (15, 7), (16, 7), (17, 7), (18, 7), (19, 7), (20, 7), (21, 7), (22, 7), (23, 7), (24, 7), (25, 7), (26, 7), (27, 7), (28, 7), (29, 7), (30, 7), (31, 7), (32, 7), (33, 7), (34, 7), (35, 7)], 'avg_control_delta_norm': [(1, 1.051528584543552), (2, 0.6407469122722164), (3, 0.5172505159051043), (4, 0.42864497153509956), (5, 0.3458157386467068), (6, 0.32814697913563295), (7, 0.3559524831723407), (8, 0.29374237611181014), (9, 0.3203064590948618), (10, 0.36437102048095676), (11, 0.2513571519129838), (12, 0.25734852461033697), (13, 0.28345560586193663), (14, 0.2682464497164595), (15, 0.29282904867713083), (16, 0.23332228877576816), (17, 0.28012648720527084), (18, 0.3074559533484816), (19, 0.21942505710086685), (20, 0.27809636177250124), (21, 0.2831647252267427), (22, 0.30459228826622103), (23, 0.2727620086631039), (24, 0.2157277847606882), (25, 0.2747693562608999), (26, 0.25101440974537825), (27, 0.301540032417703), (28, 0.31959818007426766), (29, 0.26004386907708515), (30, 0.3026832327132141), (31, 0.2938955973513189), (32, 0.27565377464665636), (33, 0.30756408989385486), (34, 0.2610703945531682), (35, 0.26403731495308286)]}
[2026-01-19 00:58:43,058][flwr][INFO] - app_fit: metrics_distributed {}
[2026-01-19 00:58:43,058][flwr][INFO] - app_fit: losses_centralized [(0, 1.4340404903996313), (1, 0.1843993769680246), (2, 0.0890946572229879), (3, 0.07307041326207048), (4, 0.056979777240974375), (5, 0.052115175815125404), (6, 0.045820861782060344), (7, 0.04368968510677068), (8, 0.040745495313193755), (9, 0.03778576063050131), (10, 0.038177536089634645), (11, 0.03802870433691631), (12, 0.03609943658173263), (13, 0.037484626206331174), (14, 0.03665675789700707), (15, 0.04215148771639424), (16, 0.040243023473100596), (17, 0.04354388744419921), (18, 0.043760200676582046), (19, 0.041889154093495105), (20, 0.03488199450561371), (21, 0.035390644968527486), (22, 0.03484419003734318), (23, 0.03469337760998588), (24, 0.03427250699935072), (25, 0.03300100386351975), (26, 0.03372657315855997), (27, 0.0340364729815584), (28, 0.033322646274206155), (29, 0.03286875857258871), (30, 0.03365957392650538), (31, 0.0337719303708049), (32, 0.03405114644419107), (33, 0.03409694812429645), (34, 0.03286055406721808), (35, 0.033343104882877596)]
[2026-01-19 00:58:43,058][flwr][INFO] - app_fit: metrics_centralized {'rmse': [(0, 11782.010694274555), (1, 6930.425672352312), (2, 5098.410144348923), (3, 5002.113753204739), (4, 4620.119046085285), (5, 4529.824941429856), (6, 4446.685057433234), (7, 4323.559875843053), (8, 4236.153915995027), (9, 4174.664776961139), (10, 4132.822038268766), (11, 4101.553120465466), (12, 4110.082480924197), (13, 4104.808156296711), (14, 4068.3476990050885), (15, 4256.762149803533), (16, 4179.517914783953), (17, 4403.9963669376475), (18, 4350.78705523495), (19, 4245.772721189866), (20, 4098.201312771251), (21, 4063.250422998809), (22, 4038.239344070631), (23, 4158.807280940054), (24, 4003.4425186331823), (25, 4051.584998491331), (26, 4101.516304977953), (27, 4104.106723758533), (28, 3960.847510318972), (29, 4049.3133985899385), (30, 3975.3916788160636), (31, 3913.946601577492), (32, 4125.7898637715425), (33, 3918.915793940972), (34, 3912.5075079800167), (35, 3899.1188748228747)], 'mae': [(0, 9149.193359375), (1, 3475.506103515625), (2, 2265.344482421875), (3, 1967.0738525390625), (4, 1791.5927734375), (5, 1602.3697509765625), (6, 1616.3543701171875), (7, 1451.7823486328125), (8, 1470.6968994140625), (9, 1439.1915283203125), (10, 1355.241455078125), (11, 1349.07568359375), (12, 1397.5189208984375), (13, 1334.386962890625), (14, 1333.4669189453125), (15, 1331.21240234375), (16, 1307.51611328125), (17, 1328.0228271484375), (18, 1324.889404296875), (19, 1293.2449951171875), (20, 1418.679443359375), (21, 1329.2564697265625), (22, 1349.842529296875), (23, 1500.428466796875), (24, 1338.0133056640625), (25, 1448.9967041015625), (26, 1483.30419921875), (27, 1506.30224609375), (28, 1357.765625), (29, 1438.8994140625), (30, 1314.377197265625), (31, 1305.7109375), (32, 1502.7001953125), (33, 1348.0299072265625), (34, 1325.440673828125), (35, 1290.11962890625)], 'r2': [(0, 0.00890437044283554), (1, 0.6570770520835216), (2, 0.8144135602721915), (3, 0.8213578939069012), (4, 0.8476006667982304), (5, 0.8534993443713909), (6, 0.8588277054242356), (7, 0.8665373693054584), (8, 0.8718790470811268), (9, 0.8755714751338654), (10, 0.8780532840211763), (11, 0.8798915930766182), (12, 0.8793915413349903), (13, 0.8797008764867505), (14, 0.8818284722797455), (15, 0.8706294310368576), (16, 0.8752820124043806), (17, 0.8615252364216945), (18, 0.8648511466108999), (19, 0.8712965431195485), (20, 0.8800878240803425), (21, 0.8821244027127162), (22, 0.8835710930553818), (23, 0.876514967879126), (24, 0.8855689387968112), (25, 0.8828002630610066), (26, 0.8798937489777802), (27, 0.8797419852687713), (28, 0.8879909910903498), (29, 0.8829316483709365), (30, 0.8871668868716824), (31, 0.8906279075333698), (32, 0.8784679210120052), (33, 0.8903500162733873), (34, 0.8907083211801128), (35, 0.89145504027986)], 'mape': [(0, 79.91940307617188), (1, 18.11008071899414), (2, 11.659891128540039), (3, 9.731051445007324), (4, 8.34130573272705), (5, 7.591976165771484), (6, 7.204460144042969), (7, 6.628809928894043), (8, 6.527154922485352), (9, 6.182509422302246), (10, 6.023508548736572), (11, 6.022083759307861), (12, 5.984206676483154), (13, 5.89193868637085), (14, 5.892516613006592), (15, 6.1346354484558105), (16, 5.934218883514404), (17, 6.118093967437744), (18, 6.194158554077148), (19, 5.947887897491455), (20, 5.850815773010254), (21, 5.745947360992432), (22, 5.788181304931641), (23, 6.019143104553223), (24, 5.707435607910156), (25, 5.921107292175293), (26, 5.990893363952637), (27, 6.087997913360596), (28, 5.840671062469482), (29, 5.897305488586426), (30, 5.751119613647461), (31, 5.787049770355225), (32, 6.064460277557373), (33, 5.880727767944336), (34, 5.769401550292969), (35, 5.702314853668213)], 'accuracy_10': [(0, 11.735205352306366), (1, 41.07322096824646), (2, 57.82347321510315), (3, 71.81544899940491), (4, 74.02206659317017), (5, 82.44734406471252), (6, 80.54162263870239), (7, 84.90471243858337), (8, 84.90471243858337), (9, 85.05516648292542), (10, 86.86057925224304), (11, 86.71013116836548), (12, 85.60681939125061), (13, 87.3620867729187), (14, 87.3620867729187), (15, 87.26178407669067), (16, 87.21163272857666), (17, 87.31193542480469), (18, 86.65997982025146), (19, 87.16148734092712), (20, 86.76028251647949), (21, 87.81344294548035), (22, 87.46238946914673), (23, 85.75727343559265), (24, 86.76028251647949), (25, 86.35907769203186), (26, 85.25576591491699), (27, 84.85456109046936), (28, 86.76028251647949), (29, 85.80742478370667), (30, 87.26178407669067), (31, 87.01103329658508), (32, 84.90471243858337), (33, 86.86057925224304), (34, 87.11133599281311), (35, 87.56268620491028)], 'accuracy_20': [(0, 21.46439254283905), (1, 76.83049440383911), (2, 88.61584663391113), (3, 91.57472252845764), (4, 93.48044395446777), (5, 94.23269629478455), (6, 94.48345303535461), (7, 94.88465189933777), (8, 95.53660750389099), (9, 95.78736424446106), (10, 95.38615942001343), (11, 95.23570537567139), (12, 95.38615942001343), (13, 95.18555402755737), (14, 95.38615942001343), (15, 94.53359842300415), (16, 94.93480324745178), (17, 94.48345303535461), (18, 94.18254494667053), (19, 94.18254494667053), (20, 95.38615942001343), (21, 95.18555402755737), (22, 95.18555402755737), (23, 95.2858567237854), (24, 95.03510594367981), (25, 95.48646211624146), (26, 95.18555402755737), (27, 95.2858567237854), (28, 95.2858567237854), (29, 95.38615942001343), (30, 95.08525729179382), (31, 95.18555402755737), (32, 94.9849545955658), (33, 95.13540863990784), (34, 95.2858567237854), (35, 95.2858567237854)]}
