[2026-01-15 10:43:18,448][flwr][INFO] - Starting Flower simulation, config: ServerConfig(num_rounds=100, round_timeout=None)
[2026-01-15 10:43:24,223][flwr][INFO] - Flower VCE: Ray initialized with resources: {'node:127.0.0.1': 1.0, 'object_store_memory': 2147483648.0, 'CPU': 10.0, 'memory': 11707987149.0}
[2026-01-15 10:43:24,224][flwr][INFO] - Initializing global parameters
[2026-01-15 10:43:24,224][flwr][INFO] - Using initial parameters provided by strategy
[2026-01-15 10:43:24,224][flwr][INFO] - Evaluating initial parameters
[2026-01-15 10:43:24,410][flwr][INFO] - initial parameters (loss, other metrics): 275.8148798942566, {'accuracy': 0.3415}
[2026-01-15 10:43:24,411][flwr][INFO] - FL starting
[2026-01-15 10:43:24,411][flwr][DEBUG] - fit_round 1: strategy sampled 20 clients (out of 20)
[2026-01-15 10:43:32,159][flwr][DEBUG] - fit_round 1 received 20 results and 0 failures
[2026-01-15 10:43:32,177][flwr][WARNING] - No fit_metrics_aggregation_fn provided
[2026-01-15 10:43:32,273][flwr][INFO] - fit progress: (1, 175.039715975523, {'accuracy': 0.641}, 7.8617018749937415)
[2026-01-15 10:43:32,273][flwr][DEBUG] - evaluate_round 1: strategy sampled 20 clients (out of 20)
[2026-01-15 10:43:32,420][flwr][DEBUG] - evaluate_round 1 received 20 results and 0 failures
[2026-01-15 10:43:32,421][flwr][WARNING] - No evaluate_metrics_aggregation_fn provided
[2026-01-15 10:43:32,421][flwr][DEBUG] - fit_round 2: strategy sampled 20 clients (out of 20)
[2026-01-15 10:43:34,104][flwr][DEBUG] - fit_round 2 received 20 results and 0 failures
[2026-01-15 10:43:34,235][flwr][INFO] - fit progress: (2, 168.26483032107353, {'accuracy': 0.646}, 9.82453991699731)
[2026-01-15 10:43:34,236][flwr][DEBUG] - evaluate_round 2: strategy sampled 20 clients (out of 20)
[2026-01-15 10:43:34,369][flwr][DEBUG] - evaluate_round 2 received 20 results and 0 failures
[2026-01-15 10:43:34,369][flwr][DEBUG] - fit_round 3: strategy sampled 20 clients (out of 20)
[2026-01-15 10:43:36,282][flwr][DEBUG] - fit_round 3 received 20 results and 0 failures
[2026-01-15 10:43:36,376][flwr][INFO] - fit progress: (3, 173.80553487688303, {'accuracy': 0.647}, 11.964956125011668)
[2026-01-15 10:43:36,376][flwr][DEBUG] - evaluate_round 3: strategy sampled 20 clients (out of 20)
[2026-01-15 10:43:36,476][flwr][DEBUG] - evaluate_round 3 received 20 results and 0 failures
[2026-01-15 10:43:36,476][flwr][DEBUG] - fit_round 4: strategy sampled 20 clients (out of 20)
[2026-01-15 10:43:38,135][flwr][DEBUG] - fit_round 4 received 20 results and 0 failures
[2026-01-15 10:43:38,224][flwr][INFO] - fit progress: (4, 174.5730158984661, {'accuracy': 0.648}, 13.812933292007074)
[2026-01-15 10:43:38,224][flwr][DEBUG] - evaluate_round 4: strategy sampled 20 clients (out of 20)
[2026-01-15 10:43:38,312][flwr][DEBUG] - evaluate_round 4 received 20 results and 0 failures
[2026-01-15 10:43:38,312][flwr][DEBUG] - fit_round 5: strategy sampled 20 clients (out of 20)
[2026-01-15 10:43:39,763][flwr][DEBUG] - fit_round 5 received 20 results and 0 failures
[2026-01-15 10:43:39,852][flwr][INFO] - fit progress: (5, 173.67235108464956, {'accuracy': 0.6505}, 15.44077687500976)
[2026-01-15 10:43:39,852][flwr][DEBUG] - evaluate_round 5: strategy sampled 20 clients (out of 20)
[2026-01-15 10:43:39,942][flwr][DEBUG] - evaluate_round 5 received 20 results and 0 failures
[2026-01-15 10:43:39,942][flwr][DEBUG] - fit_round 6: strategy sampled 20 clients (out of 20)
[2026-01-15 10:43:41,308][flwr][DEBUG] - fit_round 6 received 20 results and 0 failures
[2026-01-15 10:43:41,399][flwr][INFO] - fit progress: (6, 171.55116989463568, {'accuracy': 0.658}, 16.988671208993765)
[2026-01-15 10:43:41,400][flwr][DEBUG] - evaluate_round 6: strategy sampled 20 clients (out of 20)
[2026-01-15 10:43:41,505][flwr][DEBUG] - evaluate_round 6 received 20 results and 0 failures
[2026-01-15 10:43:41,505][flwr][DEBUG] - fit_round 7: strategy sampled 20 clients (out of 20)
[2026-01-15 10:43:42,952][flwr][DEBUG] - fit_round 7 received 20 results and 0 failures
[2026-01-15 10:43:43,043][flwr][INFO] - fit progress: (7, 167.96992910653353, {'accuracy': 0.6595}, 18.631997084012255)
[2026-01-15 10:43:43,043][flwr][DEBUG] - evaluate_round 7: strategy sampled 20 clients (out of 20)
[2026-01-15 10:43:43,132][flwr][DEBUG] - evaluate_round 7 received 20 results and 0 failures
[2026-01-15 10:43:43,132][flwr][DEBUG] - fit_round 8: strategy sampled 20 clients (out of 20)
[2026-01-15 10:43:44,519][flwr][DEBUG] - fit_round 8 received 20 results and 0 failures
[2026-01-15 10:43:44,603][flwr][INFO] - fit progress: (8, 168.8295163884759, {'accuracy': 0.658}, 20.191997459012782)
[2026-01-15 10:43:44,603][flwr][DEBUG] - evaluate_round 8: strategy sampled 20 clients (out of 20)
[2026-01-15 10:43:44,685][flwr][DEBUG] - evaluate_round 8 received 20 results and 0 failures
[2026-01-15 10:43:44,685][flwr][DEBUG] - fit_round 9: strategy sampled 20 clients (out of 20)
[2026-01-15 10:43:46,121][flwr][DEBUG] - fit_round 9 received 20 results and 0 failures
[2026-01-15 10:43:46,207][flwr][INFO] - fit progress: (9, 165.1672357469797, {'accuracy': 0.6615}, 21.795884084014688)
[2026-01-15 10:43:46,207][flwr][DEBUG] - evaluate_round 9: strategy sampled 20 clients (out of 20)
[2026-01-15 10:43:46,296][flwr][DEBUG] - evaluate_round 9 received 20 results and 0 failures
[2026-01-15 10:43:46,297][flwr][DEBUG] - fit_round 10: strategy sampled 20 clients (out of 20)
[2026-01-15 10:43:47,922][flwr][DEBUG] - fit_round 10 received 20 results and 0 failures
[2026-01-15 10:43:48,068][flwr][INFO] - fit progress: (10, 168.95727466791868, {'accuracy': 0.66}, 23.65727799999877)
[2026-01-15 10:43:48,068][flwr][DEBUG] - evaluate_round 10: strategy sampled 20 clients (out of 20)
[2026-01-15 10:43:48,177][flwr][DEBUG] - evaluate_round 10 received 20 results and 0 failures
[2026-01-15 10:43:48,178][flwr][DEBUG] - fit_round 11: strategy sampled 20 clients (out of 20)
[2026-01-15 10:43:49,875][flwr][DEBUG] - fit_round 11 received 20 results and 0 failures
[2026-01-15 10:43:49,979][flwr][INFO] - fit progress: (11, 171.31912299990654, {'accuracy': 0.659}, 25.568582750012865)
[2026-01-15 10:43:49,980][flwr][DEBUG] - evaluate_round 11: strategy sampled 20 clients (out of 20)
[2026-01-15 10:43:50,081][flwr][DEBUG] - evaluate_round 11 received 20 results and 0 failures
[2026-01-15 10:43:50,081][flwr][DEBUG] - fit_round 12: strategy sampled 20 clients (out of 20)
[2026-01-15 10:43:51,675][flwr][DEBUG] - fit_round 12 received 20 results and 0 failures
[2026-01-15 10:43:51,774][flwr][INFO] - fit progress: (12, 167.21424210816622, {'accuracy': 0.6605}, 27.363578833988868)
[2026-01-15 10:43:51,775][flwr][DEBUG] - evaluate_round 12: strategy sampled 20 clients (out of 20)
[2026-01-15 10:43:51,869][flwr][DEBUG] - evaluate_round 12 received 20 results and 0 failures
[2026-01-15 10:43:51,869][flwr][DEBUG] - fit_round 13: strategy sampled 20 clients (out of 20)
[2026-01-15 10:43:53,345][flwr][DEBUG] - fit_round 13 received 20 results and 0 failures
[2026-01-15 10:43:53,431][flwr][INFO] - fit progress: (13, 166.7680623009801, {'accuracy': 0.6585}, 29.020420292014023)
[2026-01-15 10:43:53,432][flwr][DEBUG] - evaluate_round 13: strategy sampled 20 clients (out of 20)
[2026-01-15 10:43:53,523][flwr][DEBUG] - evaluate_round 13 received 20 results and 0 failures
[2026-01-15 10:43:53,523][flwr][DEBUG] - fit_round 14: strategy sampled 20 clients (out of 20)
[2026-01-15 10:43:55,006][flwr][DEBUG] - fit_round 14 received 20 results and 0 failures
[2026-01-15 10:43:55,096][flwr][INFO] - fit progress: (14, 162.60014630109072, {'accuracy': 0.66}, 30.684884209011216)
[2026-01-15 10:43:55,096][flwr][DEBUG] - evaluate_round 14: strategy sampled 20 clients (out of 20)
[2026-01-15 10:43:55,184][flwr][DEBUG] - evaluate_round 14 received 20 results and 0 failures
[2026-01-15 10:43:55,184][flwr][DEBUG] - fit_round 15: strategy sampled 20 clients (out of 20)
[2026-01-15 10:43:56,723][flwr][DEBUG] - fit_round 15 received 20 results and 0 failures
[2026-01-15 10:43:56,817][flwr][INFO] - fit progress: (15, 163.8308487534523, {'accuracy': 0.6595}, 32.40601679199608)
[2026-01-15 10:43:56,817][flwr][DEBUG] - evaluate_round 15: strategy sampled 20 clients (out of 20)
[2026-01-15 10:43:56,910][flwr][DEBUG] - evaluate_round 15 received 20 results and 0 failures
[2026-01-15 10:43:56,910][flwr][DEBUG] - fit_round 16: strategy sampled 20 clients (out of 20)
[2026-01-15 10:43:58,322][flwr][DEBUG] - fit_round 16 received 20 results and 0 failures
[2026-01-15 10:43:58,417][flwr][INFO] - fit progress: (16, 166.84733974933624, {'accuracy': 0.661}, 34.00602479200461)
[2026-01-15 10:43:58,417][flwr][DEBUG] - evaluate_round 16: strategy sampled 20 clients (out of 20)
[2026-01-15 10:43:58,510][flwr][DEBUG] - evaluate_round 16 received 20 results and 0 failures
[2026-01-15 10:43:58,510][flwr][DEBUG] - fit_round 17: strategy sampled 20 clients (out of 20)
[2026-01-15 10:43:59,918][flwr][DEBUG] - fit_round 17 received 20 results and 0 failures
[2026-01-15 10:44:00,012][flwr][INFO] - fit progress: (17, 171.22909604012966, {'accuracy': 0.661}, 35.6016086669988)
[2026-01-15 10:44:00,013][flwr][DEBUG] - evaluate_round 17: strategy sampled 20 clients (out of 20)
[2026-01-15 10:44:00,106][flwr][DEBUG] - evaluate_round 17 received 20 results and 0 failures
[2026-01-15 10:44:00,107][flwr][DEBUG] - fit_round 18: strategy sampled 20 clients (out of 20)
[2026-01-15 10:44:01,851][flwr][DEBUG] - fit_round 18 received 20 results and 0 failures
[2026-01-15 10:44:01,942][flwr][INFO] - fit progress: (18, 166.57263134419918, {'accuracy': 0.6595}, 37.531287958991015)
[2026-01-15 10:44:01,942][flwr][DEBUG] - evaluate_round 18: strategy sampled 20 clients (out of 20)
[2026-01-15 10:44:02,029][flwr][DEBUG] - evaluate_round 18 received 20 results and 0 failures
[2026-01-15 10:44:02,029][flwr][DEBUG] - fit_round 19: strategy sampled 20 clients (out of 20)
[2026-01-15 10:44:03,440][flwr][DEBUG] - fit_round 19 received 20 results and 0 failures
[2026-01-15 10:44:03,526][flwr][INFO] - fit progress: (19, 171.32187063992023, {'accuracy': 0.6625}, 39.114879458997166)
[2026-01-15 10:44:03,526][flwr][DEBUG] - evaluate_round 19: strategy sampled 20 clients (out of 20)
[2026-01-15 10:44:03,624][flwr][DEBUG] - evaluate_round 19 received 20 results and 0 failures
[2026-01-15 10:44:03,625][flwr][DEBUG] - fit_round 20: strategy sampled 20 clients (out of 20)
[2026-01-15 10:44:05,288][flwr][DEBUG] - fit_round 20 received 20 results and 0 failures
[2026-01-15 10:44:05,385][flwr][INFO] - fit progress: (20, 163.38079434633255, {'accuracy': 0.661}, 40.97395474999212)
[2026-01-15 10:44:05,385][flwr][DEBUG] - evaluate_round 20: strategy sampled 20 clients (out of 20)
[2026-01-15 10:44:05,488][flwr][DEBUG] - evaluate_round 20 received 20 results and 0 failures
[2026-01-15 10:44:05,489][flwr][DEBUG] - fit_round 21: strategy sampled 20 clients (out of 20)
[2026-01-15 10:44:07,066][flwr][DEBUG] - fit_round 21 received 20 results and 0 failures
[2026-01-15 10:44:07,166][flwr][INFO] - fit progress: (21, 170.92000413686037, {'accuracy': 0.6595}, 42.75474075000966)
[2026-01-15 10:44:07,166][flwr][DEBUG] - evaluate_round 21: strategy sampled 20 clients (out of 20)
[2026-01-15 10:44:07,256][flwr][DEBUG] - evaluate_round 21 received 20 results and 0 failures
[2026-01-15 10:44:07,257][flwr][DEBUG] - fit_round 22: strategy sampled 20 clients (out of 20)
[2026-01-15 10:44:08,880][flwr][DEBUG] - fit_round 22 received 20 results and 0 failures
[2026-01-15 10:44:08,975][flwr][INFO] - fit progress: (22, 165.38237549364567, {'accuracy': 0.6605}, 44.564281333994586)
[2026-01-15 10:44:08,975][flwr][DEBUG] - evaluate_round 22: strategy sampled 20 clients (out of 20)
[2026-01-15 10:44:09,065][flwr][DEBUG] - evaluate_round 22 received 20 results and 0 failures
[2026-01-15 10:44:09,066][flwr][DEBUG] - fit_round 23: strategy sampled 20 clients (out of 20)
[2026-01-15 10:44:11,132][flwr][DEBUG] - fit_round 23 received 20 results and 0 failures
[2026-01-15 10:44:11,236][flwr][INFO] - fit progress: (23, 164.80770534276962, {'accuracy': 0.6595}, 46.82492750001256)
[2026-01-15 10:44:11,236][flwr][DEBUG] - evaluate_round 23: strategy sampled 20 clients (out of 20)
[2026-01-15 10:44:11,336][flwr][DEBUG] - evaluate_round 23 received 20 results and 0 failures
[2026-01-15 10:44:11,336][flwr][DEBUG] - fit_round 24: strategy sampled 20 clients (out of 20)
[2026-01-15 10:44:13,876][flwr][DEBUG] - fit_round 24 received 20 results and 0 failures
[2026-01-15 10:44:14,023][flwr][INFO] - fit progress: (24, 164.92941896617413, {'accuracy': 0.658}, 49.61209395900369)
[2026-01-15 10:44:14,023][flwr][DEBUG] - evaluate_round 24: strategy sampled 20 clients (out of 20)
[2026-01-15 10:44:14,201][flwr][DEBUG] - evaluate_round 24 received 20 results and 0 failures
[2026-01-15 10:44:14,202][flwr][DEBUG] - fit_round 25: strategy sampled 20 clients (out of 20)
[2026-01-15 10:44:16,068][flwr][DEBUG] - fit_round 25 received 20 results and 0 failures
[2026-01-15 10:44:16,164][flwr][INFO] - fit progress: (25, 163.61632468551397, {'accuracy': 0.6595}, 51.75287216700963)
[2026-01-15 10:44:16,164][flwr][DEBUG] - evaluate_round 25: strategy sampled 20 clients (out of 20)
[2026-01-15 10:44:16,262][flwr][DEBUG] - evaluate_round 25 received 20 results and 0 failures
[2026-01-15 10:44:16,262][flwr][DEBUG] - fit_round 26: strategy sampled 20 clients (out of 20)
[2026-01-15 10:44:17,462][flwr][DEBUG] - fit_round 26 received 20 results and 0 failures
[2026-01-15 10:44:17,542][flwr][INFO] - fit progress: (26, 164.0496820062399, {'accuracy': 0.6585}, 53.131069499999285)
[2026-01-15 10:44:17,542][flwr][DEBUG] - evaluate_round 26: strategy sampled 20 clients (out of 20)
[2026-01-15 10:44:17,624][flwr][DEBUG] - evaluate_round 26 received 20 results and 0 failures
[2026-01-15 10:44:17,624][flwr][DEBUG] - fit_round 27: strategy sampled 20 clients (out of 20)
[2026-01-15 10:44:18,791][flwr][DEBUG] - fit_round 27 received 20 results and 0 failures
[2026-01-15 10:44:18,877][flwr][INFO] - fit progress: (27, 159.98151740431786, {'accuracy': 0.659}, 54.465951041987864)
[2026-01-15 10:44:18,877][flwr][DEBUG] - evaluate_round 27: strategy sampled 20 clients (out of 20)
[2026-01-15 10:44:18,953][flwr][DEBUG] - evaluate_round 27 received 20 results and 0 failures
[2026-01-15 10:44:18,953][flwr][DEBUG] - fit_round 28: strategy sampled 20 clients (out of 20)
[2026-01-15 10:44:20,081][flwr][DEBUG] - fit_round 28 received 20 results and 0 failures
[2026-01-15 10:44:20,163][flwr][INFO] - fit progress: (28, 167.33496516942978, {'accuracy': 0.66}, 55.75177991698729)
[2026-01-15 10:44:20,163][flwr][DEBUG] - evaluate_round 28: strategy sampled 20 clients (out of 20)
[2026-01-15 10:44:20,601][flwr][DEBUG] - evaluate_round 28 received 20 results and 0 failures
[2026-01-15 10:44:20,602][flwr][DEBUG] - fit_round 29: strategy sampled 20 clients (out of 20)
[2026-01-15 10:44:23,260][flwr][DEBUG] - fit_round 29 received 20 results and 0 failures
[2026-01-15 10:44:23,368][flwr][INFO] - fit progress: (29, 158.34206510335207, {'accuracy': 0.6585}, 58.95770429199911)
[2026-01-15 10:44:23,369][flwr][DEBUG] - evaluate_round 29: strategy sampled 20 clients (out of 20)
[2026-01-15 10:44:23,515][flwr][DEBUG] - evaluate_round 29 received 20 results and 0 failures
[2026-01-15 10:44:23,516][flwr][DEBUG] - fit_round 30: strategy sampled 20 clients (out of 20)
[2026-01-15 10:44:25,627][flwr][DEBUG] - fit_round 30 received 20 results and 0 failures
[2026-01-15 10:44:25,728][flwr][INFO] - fit progress: (30, 169.03410466760397, {'accuracy': 0.659}, 61.317610208992846)
[2026-01-15 10:44:25,729][flwr][DEBUG] - evaluate_round 30: strategy sampled 20 clients (out of 20)
[2026-01-15 10:44:25,819][flwr][DEBUG] - evaluate_round 30 received 20 results and 0 failures
[2026-01-15 10:44:25,819][flwr][DEBUG] - fit_round 31: strategy sampled 20 clients (out of 20)
[2026-01-15 10:44:27,061][flwr][DEBUG] - fit_round 31 received 20 results and 0 failures
[2026-01-15 10:44:27,150][flwr][INFO] - fit progress: (31, 166.56324215233326, {'accuracy': 0.6595}, 62.73920066701248)
[2026-01-15 10:44:27,150][flwr][DEBUG] - evaluate_round 31: strategy sampled 20 clients (out of 20)
[2026-01-15 10:44:27,235][flwr][DEBUG] - evaluate_round 31 received 20 results and 0 failures
[2026-01-15 10:44:27,235][flwr][DEBUG] - fit_round 32: strategy sampled 20 clients (out of 20)
[2026-01-15 10:44:28,428][flwr][DEBUG] - fit_round 32 received 20 results and 0 failures
[2026-01-15 10:44:28,511][flwr][INFO] - fit progress: (32, 158.78476528078318, {'accuracy': 0.6585}, 64.10009799999534)
[2026-01-15 10:44:28,511][flwr][DEBUG] - evaluate_round 32: strategy sampled 20 clients (out of 20)
[2026-01-15 10:44:28,591][flwr][DEBUG] - evaluate_round 32 received 20 results and 0 failures
[2026-01-15 10:44:28,591][flwr][DEBUG] - fit_round 33: strategy sampled 20 clients (out of 20)
[2026-01-15 10:44:30,038][flwr][DEBUG] - fit_round 33 received 20 results and 0 failures
[2026-01-15 10:44:30,136][flwr][INFO] - fit progress: (33, 167.79202514141798, {'accuracy': 0.6585}, 65.72537937501329)
[2026-01-15 10:44:30,136][flwr][DEBUG] - evaluate_round 33: strategy sampled 20 clients (out of 20)
[2026-01-15 10:44:30,226][flwr][DEBUG] - evaluate_round 33 received 20 results and 0 failures
[2026-01-15 10:44:30,227][flwr][DEBUG] - fit_round 34: strategy sampled 20 clients (out of 20)
[2026-01-15 10:44:31,545][flwr][DEBUG] - fit_round 34 received 20 results and 0 failures
[2026-01-15 10:44:31,636][flwr][INFO] - fit progress: (34, 161.62922517210245, {'accuracy': 0.659}, 67.22524966701167)
[2026-01-15 10:44:31,636][flwr][DEBUG] - evaluate_round 34: strategy sampled 20 clients (out of 20)
[2026-01-15 10:44:31,738][flwr][DEBUG] - evaluate_round 34 received 20 results and 0 failures
[2026-01-15 10:44:31,738][flwr][DEBUG] - fit_round 35: strategy sampled 20 clients (out of 20)
[2026-01-15 10:44:33,415][flwr][DEBUG] - fit_round 35 received 20 results and 0 failures
[2026-01-15 10:44:33,544][flwr][INFO] - fit progress: (35, 164.80452351272106, {'accuracy': 0.6585}, 69.13273841701448)
[2026-01-15 10:44:33,545][flwr][DEBUG] - evaluate_round 35: strategy sampled 20 clients (out of 20)
[2026-01-15 10:44:33,672][flwr][DEBUG] - evaluate_round 35 received 20 results and 0 failures
[2026-01-15 10:44:33,673][flwr][DEBUG] - fit_round 36: strategy sampled 20 clients (out of 20)
[2026-01-15 10:44:35,349][flwr][DEBUG] - fit_round 36 received 20 results and 0 failures
[2026-01-15 10:44:35,451][flwr][INFO] - fit progress: (36, 165.42191606760025, {'accuracy': 0.6565}, 71.04048995900666)
[2026-01-15 10:44:35,452][flwr][DEBUG] - evaluate_round 36: strategy sampled 20 clients (out of 20)
[2026-01-15 10:44:35,577][flwr][DEBUG] - evaluate_round 36 received 20 results and 0 failures
[2026-01-15 10:44:35,578][flwr][DEBUG] - fit_round 37: strategy sampled 20 clients (out of 20)
[2026-01-15 10:44:37,009][flwr][DEBUG] - fit_round 37 received 20 results and 0 failures
[2026-01-15 10:44:37,105][flwr][INFO] - fit progress: (37, 161.50075961649418, {'accuracy': 0.659}, 72.69427591699059)
[2026-01-15 10:44:37,105][flwr][DEBUG] - evaluate_round 37: strategy sampled 20 clients (out of 20)
[2026-01-15 10:44:37,194][flwr][DEBUG] - evaluate_round 37 received 20 results and 0 failures
[2026-01-15 10:44:37,194][flwr][DEBUG] - fit_round 38: strategy sampled 20 clients (out of 20)
[2026-01-15 10:44:38,632][flwr][DEBUG] - fit_round 38 received 20 results and 0 failures
[2026-01-15 10:44:38,720][flwr][INFO] - fit progress: (38, 164.21388368308544, {'accuracy': 0.6575}, 74.30924658398726)
[2026-01-15 10:44:38,720][flwr][DEBUG] - evaluate_round 38: strategy sampled 20 clients (out of 20)
[2026-01-15 10:44:38,822][flwr][DEBUG] - evaluate_round 38 received 20 results and 0 failures
[2026-01-15 10:44:38,823][flwr][DEBUG] - fit_round 39: strategy sampled 20 clients (out of 20)
[2026-01-15 10:44:40,192][flwr][DEBUG] - fit_round 39 received 20 results and 0 failures
[2026-01-15 10:44:40,277][flwr][INFO] - fit progress: (39, 166.83823934197426, {'accuracy': 0.6575}, 75.86656929200399)
[2026-01-15 10:44:40,278][flwr][DEBUG] - evaluate_round 39: strategy sampled 20 clients (out of 20)
[2026-01-15 10:44:40,382][flwr][DEBUG] - evaluate_round 39 received 20 results and 0 failures
[2026-01-15 10:44:40,382][flwr][DEBUG] - fit_round 40: strategy sampled 20 clients (out of 20)
[2026-01-15 10:44:41,699][flwr][DEBUG] - fit_round 40 received 20 results and 0 failures
[2026-01-15 10:44:41,781][flwr][INFO] - fit progress: (40, 165.54714008420706, {'accuracy': 0.6585}, 77.3698518750025)
[2026-01-15 10:44:41,781][flwr][DEBUG] - evaluate_round 40: strategy sampled 20 clients (out of 20)
[2026-01-15 10:44:41,874][flwr][DEBUG] - evaluate_round 40 received 20 results and 0 failures
[2026-01-15 10:44:41,875][flwr][DEBUG] - fit_round 41: strategy sampled 20 clients (out of 20)
[2026-01-15 10:44:43,196][flwr][DEBUG] - fit_round 41 received 20 results and 0 failures
[2026-01-15 10:44:43,277][flwr][INFO] - fit progress: (41, 161.7497979402542, {'accuracy': 0.6575}, 78.86620762498933)
[2026-01-15 10:44:43,277][flwr][DEBUG] - evaluate_round 41: strategy sampled 20 clients (out of 20)
[2026-01-15 10:44:43,416][flwr][DEBUG] - evaluate_round 41 received 20 results and 0 failures
[2026-01-15 10:44:43,416][flwr][DEBUG] - fit_round 42: strategy sampled 20 clients (out of 20)
[2026-01-15 10:44:44,635][flwr][DEBUG] - fit_round 42 received 20 results and 0 failures
[2026-01-15 10:44:44,718][flwr][INFO] - fit progress: (42, 160.9908081665635, {'accuracy': 0.6585}, 80.30716175000998)
[2026-01-15 10:44:44,718][flwr][DEBUG] - evaluate_round 42: strategy sampled 20 clients (out of 20)
[2026-01-15 10:44:44,803][flwr][DEBUG] - evaluate_round 42 received 20 results and 0 failures
[2026-01-15 10:44:44,804][flwr][DEBUG] - fit_round 43: strategy sampled 20 clients (out of 20)
[2026-01-15 10:44:46,090][flwr][DEBUG] - fit_round 43 received 20 results and 0 failures
[2026-01-15 10:44:46,180][flwr][INFO] - fit progress: (43, 157.7532689794898, {'accuracy': 0.6575}, 81.76889704199857)
[2026-01-15 10:44:46,180][flwr][DEBUG] - evaluate_round 43: strategy sampled 20 clients (out of 20)
[2026-01-15 10:44:46,275][flwr][DEBUG] - evaluate_round 43 received 20 results and 0 failures
[2026-01-15 10:44:46,276][flwr][DEBUG] - fit_round 44: strategy sampled 20 clients (out of 20)
[2026-01-15 10:44:47,450][flwr][DEBUG] - fit_round 44 received 20 results and 0 failures
[2026-01-15 10:44:47,531][flwr][INFO] - fit progress: (44, 163.94670298695564, {'accuracy': 0.6575}, 83.12044333398808)
[2026-01-15 10:44:47,531][flwr][DEBUG] - evaluate_round 44: strategy sampled 20 clients (out of 20)
[2026-01-15 10:44:47,615][flwr][DEBUG] - evaluate_round 44 received 20 results and 0 failures
[2026-01-15 10:44:47,615][flwr][DEBUG] - fit_round 45: strategy sampled 20 clients (out of 20)
[2026-01-15 10:44:48,764][flwr][DEBUG] - fit_round 45 received 20 results and 0 failures
[2026-01-15 10:44:48,847][flwr][INFO] - fit progress: (45, 165.73009867966175, {'accuracy': 0.658}, 84.43606829200871)
[2026-01-15 10:44:48,847][flwr][DEBUG] - evaluate_round 45: strategy sampled 20 clients (out of 20)
[2026-01-15 10:44:48,932][flwr][DEBUG] - evaluate_round 45 received 20 results and 0 failures
[2026-01-15 10:44:48,933][flwr][DEBUG] - fit_round 46: strategy sampled 20 clients (out of 20)
[2026-01-15 10:44:50,149][flwr][DEBUG] - fit_round 46 received 20 results and 0 failures
[2026-01-15 10:44:50,685][flwr][INFO] - fit progress: (46, 158.69840927422047, {'accuracy': 0.6585}, 86.27400933401077)
[2026-01-15 10:44:50,685][flwr][DEBUG] - evaluate_round 46: strategy sampled 20 clients (out of 20)
[2026-01-15 10:44:50,828][flwr][DEBUG] - evaluate_round 46 received 20 results and 0 failures
[2026-01-15 10:44:50,829][flwr][DEBUG] - fit_round 47: strategy sampled 20 clients (out of 20)
[2026-01-15 10:44:52,057][flwr][DEBUG] - fit_round 47 received 20 results and 0 failures
[2026-01-15 10:44:52,143][flwr][INFO] - fit progress: (47, 166.5150939375162, {'accuracy': 0.6585}, 87.73238354199566)
[2026-01-15 10:44:52,143][flwr][DEBUG] - evaluate_round 47: strategy sampled 20 clients (out of 20)
[2026-01-15 10:44:52,250][flwr][DEBUG] - evaluate_round 47 received 20 results and 0 failures
[2026-01-15 10:44:52,250][flwr][DEBUG] - fit_round 48: strategy sampled 20 clients (out of 20)
[2026-01-15 10:44:53,516][flwr][DEBUG] - fit_round 48 received 20 results and 0 failures
[2026-01-15 10:44:53,613][flwr][INFO] - fit progress: (48, 170.47862920165062, {'accuracy': 0.6595}, 89.20187787499162)
[2026-01-15 10:44:53,613][flwr][DEBUG] - evaluate_round 48: strategy sampled 20 clients (out of 20)
[2026-01-15 10:44:53,730][flwr][DEBUG] - evaluate_round 48 received 20 results and 0 failures
[2026-01-15 10:44:53,730][flwr][DEBUG] - fit_round 49: strategy sampled 20 clients (out of 20)
[2026-01-15 10:44:55,004][flwr][DEBUG] - fit_round 49 received 20 results and 0 failures
[2026-01-15 10:44:55,095][flwr][INFO] - fit progress: (49, 162.24951903522015, {'accuracy': 0.6585}, 90.68376524999621)
[2026-01-15 10:44:55,095][flwr][DEBUG] - evaluate_round 49: strategy sampled 20 clients (out of 20)
[2026-01-15 10:44:55,231][flwr][DEBUG] - evaluate_round 49 received 20 results and 0 failures
[2026-01-15 10:44:55,231][flwr][DEBUG] - fit_round 50: strategy sampled 20 clients (out of 20)
[2026-01-15 10:44:56,367][flwr][DEBUG] - fit_round 50 received 20 results and 0 failures
[2026-01-15 10:44:56,451][flwr][INFO] - fit progress: (50, 160.71518526226282, {'accuracy': 0.6575}, 92.0399105839897)
[2026-01-15 10:44:56,451][flwr][DEBUG] - evaluate_round 50: strategy sampled 20 clients (out of 20)
[2026-01-15 10:44:56,560][flwr][DEBUG] - evaluate_round 50 received 20 results and 0 failures
[2026-01-15 10:44:56,560][flwr][DEBUG] - fit_round 51: strategy sampled 20 clients (out of 20)
[2026-01-15 10:44:57,732][flwr][DEBUG] - fit_round 51 received 20 results and 0 failures
[2026-01-15 10:44:57,831][flwr][INFO] - fit progress: (51, 163.13934054225683, {'accuracy': 0.6585}, 93.42044583399547)
[2026-01-15 10:44:57,832][flwr][DEBUG] - evaluate_round 51: strategy sampled 20 clients (out of 20)
[2026-01-15 10:44:57,916][flwr][DEBUG] - evaluate_round 51 received 20 results and 0 failures
[2026-01-15 10:44:57,916][flwr][DEBUG] - fit_round 52: strategy sampled 20 clients (out of 20)
[2026-01-15 10:44:59,163][flwr][DEBUG] - fit_round 52 received 20 results and 0 failures
[2026-01-15 10:44:59,254][flwr][INFO] - fit progress: (52, 164.36819452047348, {'accuracy': 0.658}, 94.84285449999152)
[2026-01-15 10:44:59,254][flwr][DEBUG] - evaluate_round 52: strategy sampled 20 clients (out of 20)
[2026-01-15 10:44:59,353][flwr][DEBUG] - evaluate_round 52 received 20 results and 0 failures
[2026-01-15 10:44:59,353][flwr][DEBUG] - fit_round 53: strategy sampled 20 clients (out of 20)
[2026-01-15 10:45:00,598][flwr][DEBUG] - fit_round 53 received 20 results and 0 failures
[2026-01-15 10:45:00,685][flwr][INFO] - fit progress: (53, 156.8485810086131, {'accuracy': 0.6585}, 96.27434979198733)
[2026-01-15 10:45:00,685][flwr][DEBUG] - evaluate_round 53: strategy sampled 20 clients (out of 20)
[2026-01-15 10:45:00,776][flwr][DEBUG] - evaluate_round 53 received 20 results and 0 failures
[2026-01-15 10:45:00,776][flwr][DEBUG] - fit_round 54: strategy sampled 20 clients (out of 20)
[2026-01-15 10:45:02,120][flwr][DEBUG] - fit_round 54 received 20 results and 0 failures
[2026-01-15 10:45:02,202][flwr][INFO] - fit progress: (54, 165.06641603261232, {'accuracy': 0.6595}, 97.79094404200441)
[2026-01-15 10:45:02,202][flwr][DEBUG] - evaluate_round 54: strategy sampled 20 clients (out of 20)
[2026-01-15 10:45:02,294][flwr][DEBUG] - evaluate_round 54 received 20 results and 0 failures
[2026-01-15 10:45:02,295][flwr][DEBUG] - fit_round 55: strategy sampled 20 clients (out of 20)
[2026-01-15 10:45:03,446][flwr][DEBUG] - fit_round 55 received 20 results and 0 failures
[2026-01-15 10:45:03,532][flwr][INFO] - fit progress: (55, 165.91878085583448, {'accuracy': 0.659}, 99.12129995899159)
[2026-01-15 10:45:03,532][flwr][DEBUG] - evaluate_round 55: strategy sampled 20 clients (out of 20)
[2026-01-15 10:45:03,647][flwr][DEBUG] - evaluate_round 55 received 20 results and 0 failures
[2026-01-15 10:45:03,647][flwr][DEBUG] - fit_round 56: strategy sampled 20 clients (out of 20)
[2026-01-15 10:45:04,806][flwr][DEBUG] - fit_round 56 received 20 results and 0 failures
[2026-01-15 10:45:04,890][flwr][INFO] - fit progress: (56, 160.0956227183342, {'accuracy': 0.6595}, 100.47957616701024)
[2026-01-15 10:45:04,891][flwr][DEBUG] - evaluate_round 56: strategy sampled 20 clients (out of 20)
[2026-01-15 10:45:04,974][flwr][DEBUG] - evaluate_round 56 received 20 results and 0 failures
[2026-01-15 10:45:04,974][flwr][DEBUG] - fit_round 57: strategy sampled 20 clients (out of 20)
[2026-01-15 10:45:06,212][flwr][DEBUG] - fit_round 57 received 20 results and 0 failures
[2026-01-15 10:45:06,298][flwr][INFO] - fit progress: (57, 159.53393261134624, {'accuracy': 0.6585}, 101.88687283400213)
[2026-01-15 10:45:06,298][flwr][DEBUG] - evaluate_round 57: strategy sampled 20 clients (out of 20)
[2026-01-15 10:45:06,429][flwr][DEBUG] - evaluate_round 57 received 20 results and 0 failures
[2026-01-15 10:45:06,429][flwr][DEBUG] - fit_round 58: strategy sampled 20 clients (out of 20)
[2026-01-15 10:45:07,616][flwr][DEBUG] - fit_round 58 received 20 results and 0 failures
[2026-01-15 10:45:07,700][flwr][INFO] - fit progress: (58, 165.8128531947732, {'accuracy': 0.6595}, 103.28941766699427)
[2026-01-15 10:45:07,700][flwr][DEBUG] - evaluate_round 58: strategy sampled 20 clients (out of 20)
[2026-01-15 10:45:07,820][flwr][DEBUG] - evaluate_round 58 received 20 results and 0 failures
[2026-01-15 10:45:07,821][flwr][DEBUG] - fit_round 59: strategy sampled 20 clients (out of 20)
[2026-01-15 10:45:09,065][flwr][DEBUG] - fit_round 59 received 20 results and 0 failures
[2026-01-15 10:45:09,168][flwr][INFO] - fit progress: (59, 166.7376260459423, {'accuracy': 0.6585}, 104.7568378339929)
[2026-01-15 10:45:09,168][flwr][DEBUG] - evaluate_round 59: strategy sampled 20 clients (out of 20)
[2026-01-15 10:45:09,571][flwr][DEBUG] - evaluate_round 59 received 20 results and 0 failures
[2026-01-15 10:45:09,572][flwr][DEBUG] - fit_round 60: strategy sampled 20 clients (out of 20)
[2026-01-15 10:45:12,302][flwr][DEBUG] - fit_round 60 received 20 results and 0 failures
[2026-01-15 10:45:12,413][flwr][INFO] - fit progress: (60, 163.30811974406242, {'accuracy': 0.658}, 108.00208979198942)
[2026-01-15 10:45:12,413][flwr][DEBUG] - evaluate_round 60: strategy sampled 20 clients (out of 20)
[2026-01-15 10:45:12,594][flwr][DEBUG] - evaluate_round 60 received 20 results and 0 failures
[2026-01-15 10:45:12,595][flwr][DEBUG] - fit_round 61: strategy sampled 20 clients (out of 20)
[2026-01-15 10:45:14,163][flwr][DEBUG] - fit_round 61 received 20 results and 0 failures
[2026-01-15 10:45:14,252][flwr][INFO] - fit progress: (61, 161.02066934108734, {'accuracy': 0.659}, 109.84165166699677)
[2026-01-15 10:45:14,253][flwr][DEBUG] - evaluate_round 61: strategy sampled 20 clients (out of 20)
[2026-01-15 10:45:14,375][flwr][DEBUG] - evaluate_round 61 received 20 results and 0 failures
[2026-01-15 10:45:14,376][flwr][DEBUG] - fit_round 62: strategy sampled 20 clients (out of 20)
[2026-01-15 10:45:15,985][flwr][DEBUG] - fit_round 62 received 20 results and 0 failures
[2026-01-15 10:45:16,078][flwr][INFO] - fit progress: (62, 164.91586020588875, {'accuracy': 0.66}, 111.66733987501357)
[2026-01-15 10:45:16,078][flwr][DEBUG] - evaluate_round 62: strategy sampled 20 clients (out of 20)
[2026-01-15 10:45:16,179][flwr][DEBUG] - evaluate_round 62 received 20 results and 0 failures
[2026-01-15 10:45:16,179][flwr][DEBUG] - fit_round 63: strategy sampled 20 clients (out of 20)
[2026-01-15 10:45:17,413][flwr][DEBUG] - fit_round 63 received 20 results and 0 failures
[2026-01-15 10:45:17,504][flwr][INFO] - fit progress: (63, 163.7126902192831, {'accuracy': 0.6595}, 113.09290966700064)
[2026-01-15 10:45:17,504][flwr][DEBUG] - evaluate_round 63: strategy sampled 20 clients (out of 20)
[2026-01-15 10:45:17,603][flwr][DEBUG] - evaluate_round 63 received 20 results and 0 failures
[2026-01-15 10:45:17,603][flwr][DEBUG] - fit_round 64: strategy sampled 20 clients (out of 20)
[2026-01-15 10:45:19,029][flwr][DEBUG] - fit_round 64 received 20 results and 0 failures
[2026-01-15 10:45:19,118][flwr][INFO] - fit progress: (64, 159.13204013556242, {'accuracy': 0.6585}, 114.70737154199742)
[2026-01-15 10:45:19,118][flwr][DEBUG] - evaluate_round 64: strategy sampled 20 clients (out of 20)
[2026-01-15 10:45:19,213][flwr][DEBUG] - evaluate_round 64 received 20 results and 0 failures
[2026-01-15 10:45:19,214][flwr][DEBUG] - fit_round 65: strategy sampled 20 clients (out of 20)
[2026-01-15 10:45:21,134][flwr][DEBUG] - fit_round 65 received 20 results and 0 failures
[2026-01-15 10:45:21,229][flwr][INFO] - fit progress: (65, 158.77743110060692, {'accuracy': 0.659}, 116.81798745901324)
[2026-01-15 10:45:21,229][flwr][DEBUG] - evaluate_round 65: strategy sampled 20 clients (out of 20)
[2026-01-15 10:45:21,395][flwr][DEBUG] - evaluate_round 65 received 20 results and 0 failures
[2026-01-15 10:45:21,395][flwr][DEBUG] - fit_round 66: strategy sampled 20 clients (out of 20)
[2026-01-15 10:45:24,213][flwr][DEBUG] - fit_round 66 received 20 results and 0 failures
[2026-01-15 10:45:24,324][flwr][INFO] - fit progress: (66, 158.39222360402346, {'accuracy': 0.66}, 119.9134822920023)
[2026-01-15 10:45:24,325][flwr][DEBUG] - evaluate_round 66: strategy sampled 20 clients (out of 20)
[2026-01-15 10:45:24,477][flwr][DEBUG] - evaluate_round 66 received 20 results and 0 failures
[2026-01-15 10:45:24,478][flwr][DEBUG] - fit_round 67: strategy sampled 20 clients (out of 20)
[2026-01-15 10:45:26,078][flwr][DEBUG] - fit_round 67 received 20 results and 0 failures
[2026-01-15 10:45:26,188][flwr][INFO] - fit progress: (67, 161.97821086645126, {'accuracy': 0.6605}, 121.77715420900495)
[2026-01-15 10:45:26,188][flwr][DEBUG] - evaluate_round 67: strategy sampled 20 clients (out of 20)
[2026-01-15 10:45:26,321][flwr][DEBUG] - evaluate_round 67 received 20 results and 0 failures
[2026-01-15 10:45:26,321][flwr][DEBUG] - fit_round 68: strategy sampled 20 clients (out of 20)
[2026-01-15 10:45:27,918][flwr][DEBUG] - fit_round 68 received 20 results and 0 failures
[2026-01-15 10:45:28,070][flwr][INFO] - fit progress: (68, 164.5852636024356, {'accuracy': 0.661}, 123.65883295898675)
[2026-01-15 10:45:28,070][flwr][DEBUG] - evaluate_round 68: strategy sampled 20 clients (out of 20)
[2026-01-15 10:45:28,202][flwr][DEBUG] - evaluate_round 68 received 20 results and 0 failures
[2026-01-15 10:45:28,203][flwr][DEBUG] - fit_round 69: strategy sampled 20 clients (out of 20)
[2026-01-15 10:45:29,607][flwr][DEBUG] - fit_round 69 received 20 results and 0 failures
[2026-01-15 10:45:29,705][flwr][INFO] - fit progress: (69, 161.35341356694698, {'accuracy': 0.6605}, 125.29424474999541)
[2026-01-15 10:45:29,705][flwr][DEBUG] - evaluate_round 69: strategy sampled 20 clients (out of 20)
[2026-01-15 10:45:29,818][flwr][DEBUG] - evaluate_round 69 received 20 results and 0 failures
[2026-01-15 10:45:29,819][flwr][DEBUG] - fit_round 70: strategy sampled 20 clients (out of 20)
[2026-01-15 10:45:31,093][flwr][DEBUG] - fit_round 70 received 20 results and 0 failures
[2026-01-15 10:45:31,178][flwr][INFO] - fit progress: (70, 162.4144403859973, {'accuracy': 0.6605}, 126.76748237499851)
[2026-01-15 10:45:31,178][flwr][DEBUG] - evaluate_round 70: strategy sampled 20 clients (out of 20)
[2026-01-15 10:45:31,269][flwr][DEBUG] - evaluate_round 70 received 20 results and 0 failures
[2026-01-15 10:45:31,269][flwr][DEBUG] - fit_round 71: strategy sampled 20 clients (out of 20)
[2026-01-15 10:45:32,496][flwr][DEBUG] - fit_round 71 received 20 results and 0 failures
[2026-01-15 10:45:32,581][flwr][INFO] - fit progress: (71, 165.30977953225374, {'accuracy': 0.661}, 128.17029745900072)
[2026-01-15 10:45:32,581][flwr][DEBUG] - evaluate_round 71: strategy sampled 20 clients (out of 20)
[2026-01-15 10:45:32,688][flwr][DEBUG] - evaluate_round 71 received 20 results and 0 failures
[2026-01-15 10:45:32,689][flwr][DEBUG] - fit_round 72: strategy sampled 20 clients (out of 20)
[2026-01-15 10:45:33,947][flwr][DEBUG] - fit_round 72 received 20 results and 0 failures
[2026-01-15 10:45:34,034][flwr][INFO] - fit progress: (72, 161.61626531928778, {'accuracy': 0.6605}, 129.6235571250145)
[2026-01-15 10:45:34,034][flwr][DEBUG] - evaluate_round 72: strategy sampled 20 clients (out of 20)
[2026-01-15 10:45:34,123][flwr][DEBUG] - evaluate_round 72 received 20 results and 0 failures
[2026-01-15 10:45:34,123][flwr][DEBUG] - fit_round 73: strategy sampled 20 clients (out of 20)
[2026-01-15 10:45:35,363][flwr][DEBUG] - fit_round 73 received 20 results and 0 failures
[2026-01-15 10:45:35,448][flwr][INFO] - fit progress: (73, 161.51710471510887, {'accuracy': 0.6605}, 131.03700491698692)
[2026-01-15 10:45:35,448][flwr][DEBUG] - evaluate_round 73: strategy sampled 20 clients (out of 20)
[2026-01-15 10:45:35,543][flwr][DEBUG] - evaluate_round 73 received 20 results and 0 failures
[2026-01-15 10:45:35,544][flwr][DEBUG] - fit_round 74: strategy sampled 20 clients (out of 20)
[2026-01-15 10:45:36,891][flwr][DEBUG] - fit_round 74 received 20 results and 0 failures
[2026-01-15 10:45:36,978][flwr][INFO] - fit progress: (74, 161.619562625885, {'accuracy': 0.66}, 132.56701674999204)
[2026-01-15 10:45:36,978][flwr][DEBUG] - evaluate_round 74: strategy sampled 20 clients (out of 20)
[2026-01-15 10:45:37,116][flwr][DEBUG] - evaluate_round 74 received 20 results and 0 failures
[2026-01-15 10:45:37,116][flwr][DEBUG] - fit_round 75: strategy sampled 20 clients (out of 20)
[2026-01-15 10:45:38,503][flwr][DEBUG] - fit_round 75 received 20 results and 0 failures
[2026-01-15 10:45:38,586][flwr][INFO] - fit progress: (75, 159.10163232684135, {'accuracy': 0.6595}, 134.1752409999899)
[2026-01-15 10:45:38,586][flwr][DEBUG] - evaluate_round 75: strategy sampled 20 clients (out of 20)
[2026-01-15 10:45:38,696][flwr][DEBUG] - evaluate_round 75 received 20 results and 0 failures
[2026-01-15 10:45:38,696][flwr][DEBUG] - fit_round 76: strategy sampled 20 clients (out of 20)
[2026-01-15 10:45:40,075][flwr][DEBUG] - fit_round 76 received 20 results and 0 failures
[2026-01-15 10:45:40,163][flwr][INFO] - fit progress: (76, 162.89708545058966, {'accuracy': 0.6615}, 135.75252008400275)
[2026-01-15 10:45:40,163][flwr][DEBUG] - evaluate_round 76: strategy sampled 20 clients (out of 20)
[2026-01-15 10:45:40,256][flwr][DEBUG] - evaluate_round 76 received 20 results and 0 failures
[2026-01-15 10:45:40,256][flwr][DEBUG] - fit_round 77: strategy sampled 20 clients (out of 20)
[2026-01-15 10:45:41,470][flwr][DEBUG] - fit_round 77 received 20 results and 0 failures
[2026-01-15 10:45:41,555][flwr][INFO] - fit progress: (77, 161.33228811621666, {'accuracy': 0.661}, 137.14384595901356)
[2026-01-15 10:45:41,555][flwr][DEBUG] - evaluate_round 77: strategy sampled 20 clients (out of 20)
[2026-01-15 10:45:41,646][flwr][DEBUG] - evaluate_round 77 received 20 results and 0 failures
[2026-01-15 10:45:41,647][flwr][DEBUG] - fit_round 78: strategy sampled 20 clients (out of 20)
[2026-01-15 10:45:42,876][flwr][DEBUG] - fit_round 78 received 20 results and 0 failures
[2026-01-15 10:45:42,958][flwr][INFO] - fit progress: (78, 157.6522517502308, {'accuracy': 0.66}, 138.54687504199683)
[2026-01-15 10:45:42,958][flwr][DEBUG] - evaluate_round 78: strategy sampled 20 clients (out of 20)
[2026-01-15 10:45:43,040][flwr][DEBUG] - evaluate_round 78 received 20 results and 0 failures
[2026-01-15 10:45:43,040][flwr][DEBUG] - fit_round 79: strategy sampled 20 clients (out of 20)
[2026-01-15 10:45:44,208][flwr][DEBUG] - fit_round 79 received 20 results and 0 failures
[2026-01-15 10:45:44,289][flwr][INFO] - fit progress: (79, 156.0508939102292, {'accuracy': 0.66}, 139.87855708401185)
[2026-01-15 10:45:44,289][flwr][DEBUG] - evaluate_round 79: strategy sampled 20 clients (out of 20)
[2026-01-15 10:45:44,391][flwr][DEBUG] - evaluate_round 79 received 20 results and 0 failures
[2026-01-15 10:45:44,391][flwr][DEBUG] - fit_round 80: strategy sampled 20 clients (out of 20)
[2026-01-15 10:45:45,670][flwr][DEBUG] - fit_round 80 received 20 results and 0 failures
[2026-01-15 10:45:45,767][flwr][INFO] - fit progress: (80, 159.7065325602889, {'accuracy': 0.6615}, 141.35651029201108)
[2026-01-15 10:45:45,768][flwr][DEBUG] - evaluate_round 80: strategy sampled 20 clients (out of 20)
[2026-01-15 10:45:45,876][flwr][DEBUG] - evaluate_round 80 received 20 results and 0 failures
[2026-01-15 10:45:45,876][flwr][DEBUG] - fit_round 81: strategy sampled 20 clients (out of 20)
[2026-01-15 10:45:47,097][flwr][DEBUG] - fit_round 81 received 20 results and 0 failures
[2026-01-15 10:45:47,184][flwr][INFO] - fit progress: (81, 157.6146456375718, {'accuracy': 0.66}, 142.77374491700903)
[2026-01-15 10:45:47,185][flwr][DEBUG] - evaluate_round 81: strategy sampled 20 clients (out of 20)
[2026-01-15 10:45:47,273][flwr][DEBUG] - evaluate_round 81 received 20 results and 0 failures
[2026-01-15 10:45:47,273][flwr][DEBUG] - fit_round 82: strategy sampled 20 clients (out of 20)
[2026-01-15 10:45:48,539][flwr][DEBUG] - fit_round 82 received 20 results and 0 failures
[2026-01-15 10:45:48,620][flwr][INFO] - fit progress: (82, 161.29872827976942, {'accuracy': 0.6615}, 144.2088634170068)
[2026-01-15 10:45:48,620][flwr][DEBUG] - evaluate_round 82: strategy sampled 20 clients (out of 20)
[2026-01-15 10:45:48,760][flwr][DEBUG] - evaluate_round 82 received 20 results and 0 failures
[2026-01-15 10:45:48,760][flwr][DEBUG] - fit_round 83: strategy sampled 20 clients (out of 20)
[2026-01-15 10:45:50,008][flwr][DEBUG] - fit_round 83 received 20 results and 0 failures
[2026-01-15 10:45:50,089][flwr][INFO] - fit progress: (83, 159.58033957332373, {'accuracy': 0.6615}, 145.67870600000606)
[2026-01-15 10:45:50,090][flwr][DEBUG] - evaluate_round 83: strategy sampled 20 clients (out of 20)
[2026-01-15 10:45:50,183][flwr][DEBUG] - evaluate_round 83 received 20 results and 0 failures
[2026-01-15 10:45:50,184][flwr][DEBUG] - fit_round 84: strategy sampled 20 clients (out of 20)
[2026-01-15 10:45:51,705][flwr][DEBUG] - fit_round 84 received 20 results and 0 failures
[2026-01-15 10:45:51,791][flwr][INFO] - fit progress: (84, 154.31448275595903, {'accuracy': 0.662}, 147.38039745899732)
[2026-01-15 10:45:51,791][flwr][DEBUG] - evaluate_round 84: strategy sampled 20 clients (out of 20)
[2026-01-15 10:45:51,898][flwr][DEBUG] - evaluate_round 84 received 20 results and 0 failures
[2026-01-15 10:45:51,899][flwr][DEBUG] - fit_round 85: strategy sampled 20 clients (out of 20)
[2026-01-15 10:45:53,095][flwr][DEBUG] - fit_round 85 received 20 results and 0 failures
[2026-01-15 10:45:53,181][flwr][INFO] - fit progress: (85, 154.26969032734632, {'accuracy': 0.661}, 148.7700205000001)
[2026-01-15 10:45:53,181][flwr][DEBUG] - evaluate_round 85: strategy sampled 20 clients (out of 20)
[2026-01-15 10:45:53,268][flwr][DEBUG] - evaluate_round 85 received 20 results and 0 failures
[2026-01-15 10:45:53,268][flwr][DEBUG] - fit_round 86: strategy sampled 20 clients (out of 20)
[2026-01-15 10:45:54,664][flwr][DEBUG] - fit_round 86 received 20 results and 0 failures
[2026-01-15 10:45:54,747][flwr][INFO] - fit progress: (86, 159.42006672918797, {'accuracy': 0.6615}, 150.33650379200117)
[2026-01-15 10:45:54,747][flwr][DEBUG] - evaluate_round 86: strategy sampled 20 clients (out of 20)
[2026-01-15 10:45:54,854][flwr][DEBUG] - evaluate_round 86 received 20 results and 0 failures
[2026-01-15 10:45:54,855][flwr][DEBUG] - fit_round 87: strategy sampled 20 clients (out of 20)
[2026-01-15 10:45:56,078][flwr][DEBUG] - fit_round 87 received 20 results and 0 failures
[2026-01-15 10:45:56,169][flwr][INFO] - fit progress: (87, 159.13490866869688, {'accuracy': 0.6615}, 151.7585677499883)
[2026-01-15 10:45:56,169][flwr][DEBUG] - evaluate_round 87: strategy sampled 20 clients (out of 20)
[2026-01-15 10:45:56,271][flwr][DEBUG] - evaluate_round 87 received 20 results and 0 failures
[2026-01-15 10:45:56,271][flwr][DEBUG] - fit_round 88: strategy sampled 20 clients (out of 20)
[2026-01-15 10:45:57,549][flwr][DEBUG] - fit_round 88 received 20 results and 0 failures
[2026-01-15 10:45:57,634][flwr][INFO] - fit progress: (88, 157.89769438654184, {'accuracy': 0.6615}, 153.22309333400335)
[2026-01-15 10:45:57,634][flwr][DEBUG] - evaluate_round 88: strategy sampled 20 clients (out of 20)
[2026-01-15 10:45:57,738][flwr][DEBUG] - evaluate_round 88 received 20 results and 0 failures
[2026-01-15 10:45:57,738][flwr][DEBUG] - fit_round 89: strategy sampled 20 clients (out of 20)
[2026-01-15 10:45:59,063][flwr][DEBUG] - fit_round 89 received 20 results and 0 failures
[2026-01-15 10:45:59,144][flwr][INFO] - fit progress: (89, 156.8397607654333, {'accuracy': 0.6615}, 154.7334782500111)
[2026-01-15 10:45:59,144][flwr][DEBUG] - evaluate_round 89: strategy sampled 20 clients (out of 20)
[2026-01-15 10:45:59,233][flwr][DEBUG] - evaluate_round 89 received 20 results and 0 failures
[2026-01-15 10:45:59,233][flwr][DEBUG] - fit_round 90: strategy sampled 20 clients (out of 20)
[2026-01-15 10:46:00,429][flwr][DEBUG] - fit_round 90 received 20 results and 0 failures
[2026-01-15 10:46:00,514][flwr][INFO] - fit progress: (90, 150.54827078431845, {'accuracy': 0.6615}, 156.10324991701054)
[2026-01-15 10:46:00,514][flwr][DEBUG] - evaluate_round 90: strategy sampled 20 clients (out of 20)
[2026-01-15 10:46:00,668][flwr][DEBUG] - evaluate_round 90 received 20 results and 0 failures
[2026-01-15 10:46:00,668][flwr][DEBUG] - fit_round 91: strategy sampled 20 clients (out of 20)
[2026-01-15 10:46:01,924][flwr][DEBUG] - fit_round 91 received 20 results and 0 failures
[2026-01-15 10:46:02,018][flwr][INFO] - fit progress: (91, 157.93041921406984, {'accuracy': 0.6635}, 157.60737974999938)
[2026-01-15 10:46:02,018][flwr][DEBUG] - evaluate_round 91: strategy sampled 20 clients (out of 20)
[2026-01-15 10:46:02,163][flwr][DEBUG] - evaluate_round 91 received 20 results and 0 failures
[2026-01-15 10:46:02,163][flwr][DEBUG] - fit_round 92: strategy sampled 20 clients (out of 20)
[2026-01-15 10:46:03,393][flwr][DEBUG] - fit_round 92 received 20 results and 0 failures
[2026-01-15 10:46:03,480][flwr][INFO] - fit progress: (92, 152.7346506714821, {'accuracy': 0.6625}, 159.06941904200357)
[2026-01-15 10:46:03,480][flwr][DEBUG] - evaluate_round 92: strategy sampled 20 clients (out of 20)
[2026-01-15 10:46:03,577][flwr][DEBUG] - evaluate_round 92 received 20 results and 0 failures
[2026-01-15 10:46:03,578][flwr][DEBUG] - fit_round 93: strategy sampled 20 clients (out of 20)
[2026-01-15 10:46:04,960][flwr][DEBUG] - fit_round 93 received 20 results and 0 failures
[2026-01-15 10:46:05,044][flwr][INFO] - fit progress: (93, 156.02321391552687, {'accuracy': 0.6625}, 160.63334679199033)
[2026-01-15 10:46:05,044][flwr][DEBUG] - evaluate_round 93: strategy sampled 20 clients (out of 20)
[2026-01-15 10:46:05,166][flwr][DEBUG] - evaluate_round 93 received 20 results and 0 failures
[2026-01-15 10:46:05,167][flwr][DEBUG] - fit_round 94: strategy sampled 20 clients (out of 20)
[2026-01-15 10:46:06,396][flwr][DEBUG] - fit_round 94 received 20 results and 0 failures
[2026-01-15 10:46:06,482][flwr][INFO] - fit progress: (94, 154.88738073408604, {'accuracy': 0.662}, 162.07119795901235)
[2026-01-15 10:46:06,482][flwr][DEBUG] - evaluate_round 94: strategy sampled 20 clients (out of 20)
[2026-01-15 10:46:06,583][flwr][DEBUG] - evaluate_round 94 received 20 results and 0 failures
[2026-01-15 10:46:06,583][flwr][DEBUG] - fit_round 95: strategy sampled 20 clients (out of 20)
[2026-01-15 10:46:07,780][flwr][DEBUG] - fit_round 95 received 20 results and 0 failures
[2026-01-15 10:46:07,875][flwr][INFO] - fit progress: (95, 153.74560150504112, {'accuracy': 0.6625}, 163.46433774998877)
[2026-01-15 10:46:07,875][flwr][DEBUG] - evaluate_round 95: strategy sampled 20 clients (out of 20)
[2026-01-15 10:46:07,997][flwr][DEBUG] - evaluate_round 95 received 20 results and 0 failures
[2026-01-15 10:46:07,997][flwr][DEBUG] - fit_round 96: strategy sampled 20 clients (out of 20)
[2026-01-15 10:46:09,187][flwr][DEBUG] - fit_round 96 received 20 results and 0 failures
[2026-01-15 10:46:09,276][flwr][INFO] - fit progress: (96, 156.49622797220945, {'accuracy': 0.6625}, 164.86482741701184)
[2026-01-15 10:46:09,276][flwr][DEBUG] - evaluate_round 96: strategy sampled 20 clients (out of 20)
[2026-01-15 10:46:09,391][flwr][DEBUG] - evaluate_round 96 received 20 results and 0 failures
[2026-01-15 10:46:09,391][flwr][DEBUG] - fit_round 97: strategy sampled 20 clients (out of 20)
[2026-01-15 10:46:10,928][flwr][DEBUG] - fit_round 97 received 20 results and 0 failures
[2026-01-15 10:46:11,016][flwr][INFO] - fit progress: (97, 162.03380493819714, {'accuracy': 0.663}, 166.60515708400635)
[2026-01-15 10:46:11,016][flwr][DEBUG] - evaluate_round 97: strategy sampled 20 clients (out of 20)
[2026-01-15 10:46:11,126][flwr][DEBUG] - evaluate_round 97 received 20 results and 0 failures
[2026-01-15 10:46:11,127][flwr][DEBUG] - fit_round 98: strategy sampled 20 clients (out of 20)
[2026-01-15 10:46:12,536][flwr][DEBUG] - fit_round 98 received 20 results and 0 failures
[2026-01-15 10:46:12,669][flwr][INFO] - fit progress: (98, 153.44483418017626, {'accuracy': 0.662}, 168.25847862500814)
[2026-01-15 10:46:12,670][flwr][DEBUG] - evaluate_round 98: strategy sampled 20 clients (out of 20)
[2026-01-15 10:46:12,777][flwr][DEBUG] - evaluate_round 98 received 20 results and 0 failures
[2026-01-15 10:46:12,777][flwr][DEBUG] - fit_round 99: strategy sampled 20 clients (out of 20)
[2026-01-15 10:46:14,235][flwr][DEBUG] - fit_round 99 received 20 results and 0 failures
[2026-01-15 10:46:14,326][flwr][INFO] - fit progress: (99, 156.5707164183259, {'accuracy': 0.663}, 169.9148511250096)
[2026-01-15 10:46:14,326][flwr][DEBUG] - evaluate_round 99: strategy sampled 20 clients (out of 20)
[2026-01-15 10:46:14,448][flwr][DEBUG] - evaluate_round 99 received 20 results and 0 failures
[2026-01-15 10:46:14,448][flwr][DEBUG] - fit_round 100: strategy sampled 20 clients (out of 20)
[2026-01-15 10:46:15,807][flwr][DEBUG] - fit_round 100 received 20 results and 0 failures
[2026-01-15 10:46:15,889][flwr][INFO] - fit progress: (100, 152.84479549527168, {'accuracy': 0.6625}, 171.47848904199782)
[2026-01-15 10:46:15,889][flwr][DEBUG] - evaluate_round 100: strategy sampled 20 clients (out of 20)
[2026-01-15 10:46:15,978][flwr][DEBUG] - evaluate_round 100 received 20 results and 0 failures
[2026-01-15 10:46:15,978][flwr][INFO] - FL finished in 171.56771566701354
[2026-01-15 10:46:15,979][flwr][INFO] - app_fit: losses_distributed [(1, 8.566105641611648), (2, 8.516949075347409), (3, 8.892041219513692), (4, 8.966260881856607), (5, 8.943011092510318), (6, 8.834174184464189), (7, 8.647954970803912), (8, 8.703548228319338), (9, 8.500007302180864), (10, 8.740653760191021), (11, 8.885011546776047), (12, 8.6430613264188), (13, 8.615592679892897), (14, 8.381698581631614), (15, 8.456599133329158), (16, 8.646674608763949), (17, 8.89398649209623), (18, 8.623057320385723), (19, 8.903175586971678), (20, 8.4448965678165), (21, 8.87773303091069), (22, 8.55392462335531), (23, 8.531047930603362), (24, 8.523726686575579), (25, 8.449073969040064), (26, 8.479121406009442), (27, 8.232694156187428), (28, 8.661751207109692), (29, 8.141843838880034), (30, 8.766546975877354), (31, 8.608372619153274), (32, 8.15764638681611), (33, 8.67842655422086), (34, 8.313794280492223), (35, 8.509186465640143), (36, 8.542015276090915), (37, 8.319466165971786), (38, 8.469098488551424), (39, 8.61673008704665), (40, 8.54831979608987), (41, 8.330364969483698), (42, 8.281551677174763), (43, 8.101374644239689), (44, 8.457497248545547), (45, 8.562843075521785), (46, 8.145501646116102), (47, 8.59971038157165), (48, 8.823686607319154), (49, 8.347220610872917), (50, 8.266155362856402), (51, 8.40217666461964), (52, 8.476814606130887), (53, 8.033130407185858), (54, 8.515576534018926), (55, 8.562706275234842), (56, 8.219642121660613), (57, 8.189115599726524), (58, 8.557376610157762), (59, 8.607614272942572), (60, 8.40015394403716), (61, 8.272102162657474), (62, 8.48016709053543), (63, 8.415222591831158), (64, 8.151571699130887), (65, 8.132023795705749), (66, 8.109789166055158), (67, 8.316194021871768), (68, 8.471056097375651), (69, 8.27925456046011), (70, 8.340588467011754), (71, 8.5095283272097), (72, 8.304543597184276), (73, 8.29561678997495), (74, 8.296522086586988), (75, 8.146671022332653), (76, 8.360430147337825), (77, 8.26712119353263), (78, 8.054032776157781), (79, 7.968054723788242), (80, 8.186445863748139), (81, 8.050837366164927), (82, 8.276037442839169), (83, 8.169157777789811), (84, 7.854268120195585), (85, 7.8541909639837355), (86, 8.153703372829947), (87, 8.130405540269011), (88, 8.055363934478793), (89, 7.994565798074622), (90, 7.624062556690316), (91, 8.062297406201747), (92, 7.762696466375947), (93, 7.952260282131642), (94, 7.886682309798285), (95, 7.817855112061395), (96, 7.978442426687818), (97, 8.307793381011527), (98, 7.795416839977615), (99, 7.9840308946006235), (100, 7.7617784103340215)]
[2026-01-15 10:46:15,979][flwr][INFO] - app_fit: metrics_distributed_fit {}
[2026-01-15 10:46:15,979][flwr][INFO] - app_fit: metrics_distributed {}
[2026-01-15 10:46:15,980][flwr][INFO] - app_fit: losses_centralized [(0, 275.8148798942566), (1, 175.039715975523), (2, 168.26483032107353), (3, 173.80553487688303), (4, 174.5730158984661), (5, 173.67235108464956), (6, 171.55116989463568), (7, 167.96992910653353), (8, 168.8295163884759), (9, 165.1672357469797), (10, 168.95727466791868), (11, 171.31912299990654), (12, 167.21424210816622), (13, 166.7680623009801), (14, 162.60014630109072), (15, 163.8308487534523), (16, 166.84733974933624), (17, 171.22909604012966), (18, 166.57263134419918), (19, 171.32187063992023), (20, 163.38079434633255), (21, 170.92000413686037), (22, 165.38237549364567), (23, 164.80770534276962), (24, 164.92941896617413), (25, 163.61632468551397), (26, 164.0496820062399), (27, 159.98151740431786), (28, 167.33496516942978), (29, 158.34206510335207), (30, 169.03410466760397), (31, 166.56324215233326), (32, 158.78476528078318), (33, 167.79202514141798), (34, 161.62922517210245), (35, 164.80452351272106), (36, 165.42191606760025), (37, 161.50075961649418), (38, 164.21388368308544), (39, 166.83823934197426), (40, 165.54714008420706), (41, 161.7497979402542), (42, 160.9908081665635), (43, 157.7532689794898), (44, 163.94670298695564), (45, 165.73009867966175), (46, 158.69840927422047), (47, 166.5150939375162), (48, 170.47862920165062), (49, 162.24951903522015), (50, 160.71518526226282), (51, 163.13934054225683), (52, 164.36819452047348), (53, 156.8485810086131), (54, 165.06641603261232), (55, 165.91878085583448), (56, 160.0956227183342), (57, 159.53393261134624), (58, 165.8128531947732), (59, 166.7376260459423), (60, 163.30811974406242), (61, 161.02066934108734), (62, 164.91586020588875), (63, 163.7126902192831), (64, 159.13204013556242), (65, 158.77743110060692), (66, 158.39222360402346), (67, 161.97821086645126), (68, 164.5852636024356), (69, 161.35341356694698), (70, 162.4144403859973), (71, 165.30977953225374), (72, 161.61626531928778), (73, 161.51710471510887), (74, 161.619562625885), (75, 159.10163232684135), (76, 162.89708545058966), (77, 161.33228811621666), (78, 157.6522517502308), (79, 156.0508939102292), (80, 159.7065325602889), (81, 157.6146456375718), (82, 161.29872827976942), (83, 159.58033957332373), (84, 154.31448275595903), (85, 154.26969032734632), (86, 159.42006672918797), (87, 159.13490866869688), (88, 157.89769438654184), (89, 156.8397607654333), (90, 150.54827078431845), (91, 157.93041921406984), (92, 152.7346506714821), (93, 156.02321391552687), (94, 154.88738073408604), (95, 153.74560150504112), (96, 156.49622797220945), (97, 162.03380493819714), (98, 153.44483418017626), (99, 156.5707164183259), (100, 152.84479549527168)]
[2026-01-15 10:46:15,980][flwr][INFO] - app_fit: metrics_centralized {'accuracy': [(0, 0.3415), (1, 0.641), (2, 0.646), (3, 0.647), (4, 0.648), (5, 0.6505), (6, 0.658), (7, 0.6595), (8, 0.658), (9, 0.6615), (10, 0.66), (11, 0.659), (12, 0.6605), (13, 0.6585), (14, 0.66), (15, 0.6595), (16, 0.661), (17, 0.661), (18, 0.6595), (19, 0.6625), (20, 0.661), (21, 0.6595), (22, 0.6605), (23, 0.6595), (24, 0.658), (25, 0.6595), (26, 0.6585), (27, 0.659), (28, 0.66), (29, 0.6585), (30, 0.659), (31, 0.6595), (32, 0.6585), (33, 0.6585), (34, 0.659), (35, 0.6585), (36, 0.6565), (37, 0.659), (38, 0.6575), (39, 0.6575), (40, 0.6585), (41, 0.6575), (42, 0.6585), (43, 0.6575), (44, 0.6575), (45, 0.658), (46, 0.6585), (47, 0.6585), (48, 0.6595), (49, 0.6585), (50, 0.6575), (51, 0.6585), (52, 0.658), (53, 0.6585), (54, 0.6595), (55, 0.659), (56, 0.6595), (57, 0.6585), (58, 0.6595), (59, 0.6585), (60, 0.658), (61, 0.659), (62, 0.66), (63, 0.6595), (64, 0.6585), (65, 0.659), (66, 0.66), (67, 0.6605), (68, 0.661), (69, 0.6605), (70, 0.6605), (71, 0.661), (72, 0.6605), (73, 0.6605), (74, 0.66), (75, 0.6595), (76, 0.6615), (77, 0.661), (78, 0.66), (79, 0.66), (80, 0.6615), (81, 0.66), (82, 0.6615), (83, 0.6615), (84, 0.662), (85, 0.661), (86, 0.6615), (87, 0.6615), (88, 0.6615), (89, 0.6615), (90, 0.6615), (91, 0.6635), (92, 0.6625), (93, 0.6625), (94, 0.662), (95, 0.6625), (96, 0.6625), (97, 0.663), (98, 0.662), (99, 0.663), (100, 0.6625)]}
[2026-01-15 10:46:16,039][flwr][INFO] - Starting Flower simulation, config: ServerConfig(num_rounds=100, round_timeout=None)
[2026-01-15 10:46:24,020][flwr][INFO] - Flower VCE: Ray initialized with resources: {'memory': 12113531700.0, 'object_store_memory': 2147483648.0, 'CPU': 10.0, 'node:127.0.0.1': 1.0}
[2026-01-15 10:46:24,021][flwr][INFO] - Initializing global parameters
[2026-01-15 10:46:24,021][flwr][INFO] - Using initial parameters provided by strategy
[2026-01-15 10:46:24,021][flwr][INFO] - Evaluating initial parameters
[2026-01-15 10:46:24,099][flwr][INFO] - initial parameters (loss, other metrics): 275.8148798942566, {'accuracy': 0.3415, 'adaptive_mu': 0.1, 'mu_adapted': False}
[2026-01-15 10:46:24,099][flwr][INFO] - FL starting
[2026-01-15 10:46:24,100][flwr][DEBUG] - fit_round 1: strategy sampled 20 clients (out of 20)
[2026-01-15 10:46:31,049][flwr][DEBUG] - fit_round 1 received 20 results and 0 failures
[2026-01-15 10:46:31,072][flwr][WARNING] - No fit_metrics_aggregation_fn provided
[2026-01-15 10:46:31,160][flwr][INFO] - fit progress: (1, 208.65945035219193, {'accuracy': 0.61, 'adaptive_mu': 0.1, 'mu_adapted': False}, 7.060918292001588)
[2026-01-15 10:46:31,160][flwr][DEBUG] - evaluate_round 1: strategy sampled 20 clients (out of 20)
[2026-01-15 10:46:31,297][flwr][DEBUG] - evaluate_round 1 received 20 results and 0 failures
[2026-01-15 10:46:31,297][flwr][WARNING] - No evaluate_metrics_aggregation_fn provided
[2026-01-15 10:46:31,297][flwr][DEBUG] - fit_round 2: strategy sampled 20 clients (out of 20)
[2026-01-15 10:46:33,416][flwr][DEBUG] - fit_round 2 received 20 results and 0 failures
[2026-01-15 10:46:33,513][flwr][INFO] - fit progress: (2, 168.1730798482895, {'accuracy': 0.6305, 'adaptive_mu': 0.1, 'mu_adapted': False}, 9.414032458007568)
[2026-01-15 10:46:33,513][flwr][DEBUG] - evaluate_round 2: strategy sampled 20 clients (out of 20)
[2026-01-15 10:46:33,611][flwr][DEBUG] - evaluate_round 2 received 20 results and 0 failures
[2026-01-15 10:46:33,612][flwr][DEBUG] - fit_round 3: strategy sampled 20 clients (out of 20)
[2026-01-15 10:46:35,721][flwr][DEBUG] - fit_round 3 received 20 results and 0 failures
[2026-01-15 10:46:35,805][flwr][INFO] - fit progress: (3, 163.47434896230698, {'accuracy': 0.638, 'adaptive_mu': 0.1, 'mu_adapted': False}, 11.70593050000025)
[2026-01-15 10:46:35,805][flwr][DEBUG] - evaluate_round 3: strategy sampled 20 clients (out of 20)
[2026-01-15 10:46:35,903][flwr][DEBUG] - evaluate_round 3 received 20 results and 0 failures
[2026-01-15 10:46:35,904][flwr][DEBUG] - fit_round 4: strategy sampled 20 clients (out of 20)
[2026-01-15 10:46:37,978][flwr][DEBUG] - fit_round 4 received 20 results and 0 failures
[2026-01-15 10:46:38,077][flwr][INFO] - fit progress: (4, 164.1500638872385, {'accuracy': 0.6425, 'adaptive_mu': 0.1, 'mu_adapted': False}, 13.97812833302305)
[2026-01-15 10:46:38,078][flwr][DEBUG] - evaluate_round 4: strategy sampled 20 clients (out of 20)
[2026-01-15 10:46:38,168][flwr][DEBUG] - evaluate_round 4 received 20 results and 0 failures
[2026-01-15 10:46:38,168][flwr][DEBUG] - fit_round 5: strategy sampled 20 clients (out of 20)
[2026-01-15 10:46:40,051][flwr][DEBUG] - fit_round 5 received 20 results and 0 failures
[2026-01-15 10:46:40,149][flwr][INFO] - fit progress: (5, 167.07048776745796, {'accuracy': 0.6425, 'adaptive_mu': 0.1, 'mu_adapted': False}, 16.04986437500338)
[2026-01-15 10:46:40,149][flwr][DEBUG] - evaluate_round 5: strategy sampled 20 clients (out of 20)
[2026-01-15 10:46:40,241][flwr][DEBUG] - evaluate_round 5 received 20 results and 0 failures
[2026-01-15 10:46:40,241][flwr][DEBUG] - fit_round 6: strategy sampled 20 clients (out of 20)
[2026-01-15 10:46:42,603][flwr][DEBUG] - fit_round 6 received 20 results and 0 failures
[2026-01-15 10:46:42,693][flwr][INFO] - fit progress: (6, 166.84921965003014, {'accuracy': 0.6485, 'adaptive_mu': 0.095, 'mu_adapted': True}, 18.594261917023687)
[2026-01-15 10:46:42,694][flwr][DEBUG] - evaluate_round 6: strategy sampled 20 clients (out of 20)
[2026-01-15 10:46:42,774][flwr][DEBUG] - evaluate_round 6 received 20 results and 0 failures
[2026-01-15 10:46:42,774][flwr][DEBUG] - fit_round 7: strategy sampled 20 clients (out of 20)
[2026-01-15 10:46:44,802][flwr][DEBUG] - fit_round 7 received 20 results and 0 failures
[2026-01-15 10:46:44,908][flwr][INFO] - fit progress: (7, 170.22768034040928, {'accuracy': 0.648, 'adaptive_mu': 0.10450000000000001, 'mu_adapted': True}, 20.80875087500317)
[2026-01-15 10:46:44,908][flwr][DEBUG] - evaluate_round 7: strategy sampled 20 clients (out of 20)
[2026-01-15 10:46:45,042][flwr][DEBUG] - evaluate_round 7 received 20 results and 0 failures
[2026-01-15 10:46:45,043][flwr][DEBUG] - fit_round 8: strategy sampled 20 clients (out of 20)
[2026-01-15 10:46:47,507][flwr][DEBUG] - fit_round 8 received 20 results and 0 failures
[2026-01-15 10:46:47,591][flwr][INFO] - fit progress: (8, 171.40944232791662, {'accuracy': 0.65, 'adaptive_mu': 0.11495000000000002, 'mu_adapted': True}, 23.491808417020366)
[2026-01-15 10:46:47,591][flwr][DEBUG] - evaluate_round 8: strategy sampled 20 clients (out of 20)
[2026-01-15 10:46:47,681][flwr][DEBUG] - evaluate_round 8 received 20 results and 0 failures
[2026-01-15 10:46:47,681][flwr][DEBUG] - fit_round 9: strategy sampled 20 clients (out of 20)
[2026-01-15 10:46:49,817][flwr][DEBUG] - fit_round 9 received 20 results and 0 failures
[2026-01-15 10:46:49,901][flwr][INFO] - fit progress: (9, 169.2813196182251, {'accuracy': 0.6525, 'adaptive_mu': 0.10920250000000002, 'mu_adapted': True}, 25.801882667001337)
[2026-01-15 10:46:49,901][flwr][DEBUG] - evaluate_round 9: strategy sampled 20 clients (out of 20)
[2026-01-15 10:46:49,987][flwr][DEBUG] - evaluate_round 9 received 20 results and 0 failures
[2026-01-15 10:46:49,988][flwr][DEBUG] - fit_round 10: strategy sampled 20 clients (out of 20)
[2026-01-15 10:46:52,079][flwr][DEBUG] - fit_round 10 received 20 results and 0 failures
[2026-01-15 10:46:52,169][flwr][INFO] - fit progress: (10, 169.51572163403034, {'accuracy': 0.653, 'adaptive_mu': 0.12012275000000003, 'mu_adapted': True}, 28.06941262501641)
[2026-01-15 10:46:52,169][flwr][DEBUG] - evaluate_round 10: strategy sampled 20 clients (out of 20)
[2026-01-15 10:46:52,256][flwr][DEBUG] - evaluate_round 10 received 20 results and 0 failures
[2026-01-15 10:46:52,256][flwr][DEBUG] - fit_round 11: strategy sampled 20 clients (out of 20)
[2026-01-15 10:46:55,490][flwr][DEBUG] - fit_round 11 received 20 results and 0 failures
[2026-01-15 10:46:55,645][flwr][INFO] - fit progress: (11, 170.37739629298449, {'accuracy': 0.6555, 'adaptive_mu': 0.13213502500000004, 'mu_adapted': True}, 31.54580087499926)
[2026-01-15 10:46:55,646][flwr][DEBUG] - evaluate_round 11: strategy sampled 20 clients (out of 20)
[2026-01-15 10:46:55,827][flwr][DEBUG] - evaluate_round 11 received 20 results and 0 failures
[2026-01-15 10:46:55,827][flwr][DEBUG] - fit_round 12: strategy sampled 20 clients (out of 20)
[2026-01-15 10:46:59,081][flwr][DEBUG] - fit_round 12 received 20 results and 0 failures
[2026-01-15 10:46:59,210][flwr][INFO] - fit progress: (12, 168.70248233526945, {'accuracy': 0.656, 'adaptive_mu': 0.12552827375000003, 'mu_adapted': True}, 35.11100845801411)
[2026-01-15 10:46:59,210][flwr][DEBUG] - evaluate_round 12: strategy sampled 20 clients (out of 20)
[2026-01-15 10:46:59,322][flwr][DEBUG] - evaluate_round 12 received 20 results and 0 failures
[2026-01-15 10:46:59,322][flwr][DEBUG] - fit_round 13: strategy sampled 20 clients (out of 20)
[2026-01-15 10:47:02,635][flwr][DEBUG] - fit_round 13 received 20 results and 0 failures
[2026-01-15 10:47:02,727][flwr][INFO] - fit progress: (13, 171.61014442145824, {'accuracy': 0.658, 'adaptive_mu': 0.13808110112500005, 'mu_adapted': True}, 38.62753800000064)
[2026-01-15 10:47:02,727][flwr][DEBUG] - evaluate_round 13: strategy sampled 20 clients (out of 20)
[2026-01-15 10:47:02,817][flwr][DEBUG] - evaluate_round 13 received 20 results and 0 failures
[2026-01-15 10:47:02,817][flwr][DEBUG] - fit_round 14: strategy sampled 20 clients (out of 20)
[2026-01-15 10:47:05,193][flwr][DEBUG] - fit_round 14 received 20 results and 0 failures
[2026-01-15 10:47:05,289][flwr][INFO] - fit progress: (14, 169.54986409842968, {'accuracy': 0.658, 'adaptive_mu': 0.13117704606875005, 'mu_adapted': True}, 41.19007350000902)
[2026-01-15 10:47:05,290][flwr][DEBUG] - evaluate_round 14: strategy sampled 20 clients (out of 20)
[2026-01-15 10:47:05,399][flwr][DEBUG] - evaluate_round 14 received 20 results and 0 failures
[2026-01-15 10:47:05,399][flwr][DEBUG] - fit_round 15: strategy sampled 20 clients (out of 20)
[2026-01-15 10:47:07,871][flwr][DEBUG] - fit_round 15 received 20 results and 0 failures
[2026-01-15 10:47:07,973][flwr][INFO] - fit progress: (15, 168.54467019438744, {'accuracy': 0.66, 'adaptive_mu': 0.12461819376531254, 'mu_adapted': True}, 43.87420587500674)
[2026-01-15 10:47:07,974][flwr][DEBUG] - evaluate_round 15: strategy sampled 20 clients (out of 20)
[2026-01-15 10:47:08,104][flwr][DEBUG] - evaluate_round 15 received 20 results and 0 failures
[2026-01-15 10:47:08,105][flwr][DEBUG] - fit_round 16: strategy sampled 20 clients (out of 20)
[2026-01-15 10:47:10,570][flwr][DEBUG] - fit_round 16 received 20 results and 0 failures
[2026-01-15 10:47:10,759][flwr][INFO] - fit progress: (16, 173.29957201331854, {'accuracy': 0.662, 'adaptive_mu': 0.13708001314184382, 'mu_adapted': True}, 46.659534000005806)
[2026-01-15 10:47:10,759][flwr][DEBUG] - evaluate_round 16: strategy sampled 20 clients (out of 20)
[2026-01-15 10:47:10,866][flwr][DEBUG] - evaluate_round 16 received 20 results and 0 failures
[2026-01-15 10:47:10,867][flwr][DEBUG] - fit_round 17: strategy sampled 20 clients (out of 20)
[2026-01-15 10:47:13,610][flwr][DEBUG] - fit_round 17 received 20 results and 0 failures
[2026-01-15 10:47:13,722][flwr][INFO] - fit progress: (17, 174.83927305787802, {'accuracy': 0.661, 'adaptive_mu': 0.1507880144560282, 'mu_adapted': True}, 49.62293654200039)
[2026-01-15 10:47:13,722][flwr][DEBUG] - evaluate_round 17: strategy sampled 20 clients (out of 20)
[2026-01-15 10:47:13,826][flwr][DEBUG] - evaluate_round 17 received 20 results and 0 failures
[2026-01-15 10:47:13,827][flwr][DEBUG] - fit_round 18: strategy sampled 20 clients (out of 20)
[2026-01-15 10:47:16,458][flwr][DEBUG] - fit_round 18 received 20 results and 0 failures
[2026-01-15 10:47:16,551][flwr][INFO] - fit progress: (18, 173.39229153841734, {'accuracy': 0.661, 'adaptive_mu': 0.1432486137332268, 'mu_adapted': True}, 52.45157737500267)
[2026-01-15 10:47:16,551][flwr][DEBUG] - evaluate_round 18: strategy sampled 20 clients (out of 20)
[2026-01-15 10:47:16,639][flwr][DEBUG] - evaluate_round 18 received 20 results and 0 failures
[2026-01-15 10:47:16,639][flwr][DEBUG] - fit_round 19: strategy sampled 20 clients (out of 20)
[2026-01-15 10:47:18,595][flwr][DEBUG] - fit_round 19 received 20 results and 0 failures
[2026-01-15 10:47:18,678][flwr][INFO] - fit progress: (19, 169.57822116464376, {'accuracy': 0.661, 'adaptive_mu': 0.13608618304656547, 'mu_adapted': True}, 54.578916250000475)
[2026-01-15 10:47:18,678][flwr][DEBUG] - evaluate_round 19: strategy sampled 20 clients (out of 20)
[2026-01-15 10:47:18,761][flwr][DEBUG] - evaluate_round 19 received 20 results and 0 failures
[2026-01-15 10:47:18,761][flwr][DEBUG] - fit_round 20: strategy sampled 20 clients (out of 20)
[2026-01-15 10:47:20,632][flwr][DEBUG] - fit_round 20 received 20 results and 0 failures
[2026-01-15 10:47:20,717][flwr][INFO] - fit progress: (20, 170.9915652871132, {'accuracy': 0.661, 'adaptive_mu': 0.14969480135122204, 'mu_adapted': True}, 56.61750391701935)
[2026-01-15 10:47:20,717][flwr][DEBUG] - evaluate_round 20: strategy sampled 20 clients (out of 20)
[2026-01-15 10:47:20,798][flwr][DEBUG] - evaluate_round 20 received 20 results and 0 failures
[2026-01-15 10:47:20,798][flwr][DEBUG] - fit_round 21: strategy sampled 20 clients (out of 20)
[2026-01-15 10:47:22,803][flwr][DEBUG] - fit_round 21 received 20 results and 0 failures
[2026-01-15 10:47:22,892][flwr][INFO] - fit progress: (21, 173.36537839472294, {'accuracy': 0.6615, 'adaptive_mu': 0.16466428148634427, 'mu_adapted': True}, 58.79323054201086)
[2026-01-15 10:47:22,893][flwr][DEBUG] - evaluate_round 21: strategy sampled 20 clients (out of 20)
[2026-01-15 10:47:22,986][flwr][DEBUG] - evaluate_round 21 received 20 results and 0 failures
[2026-01-15 10:47:22,987][flwr][DEBUG] - fit_round 22: strategy sampled 20 clients (out of 20)
[2026-01-15 10:47:25,304][flwr][DEBUG] - fit_round 22 received 20 results and 0 failures
[2026-01-15 10:47:25,384][flwr][INFO] - fit progress: (22, 170.64696604013443, {'accuracy': 0.66, 'adaptive_mu': 0.15643106741202706, 'mu_adapted': True}, 61.28458512501675)
[2026-01-15 10:47:25,384][flwr][DEBUG] - evaluate_round 22: strategy sampled 20 clients (out of 20)
[2026-01-15 10:47:25,461][flwr][DEBUG] - evaluate_round 22 received 20 results and 0 failures
[2026-01-15 10:47:25,461][flwr][DEBUG] - fit_round 23: strategy sampled 20 clients (out of 20)
[2026-01-15 10:47:27,903][flwr][DEBUG] - fit_round 23 received 20 results and 0 failures
[2026-01-15 10:47:28,003][flwr][INFO] - fit progress: (23, 169.12480077147484, {'accuracy': 0.6615, 'adaptive_mu': 0.1486095140414257, 'mu_adapted': True}, 63.90392483302276)
[2026-01-15 10:47:28,003][flwr][DEBUG] - evaluate_round 23: strategy sampled 20 clients (out of 20)
[2026-01-15 10:47:28,148][flwr][DEBUG] - evaluate_round 23 received 20 results and 0 failures
[2026-01-15 10:47:28,149][flwr][DEBUG] - fit_round 24: strategy sampled 20 clients (out of 20)
[2026-01-15 10:47:30,377][flwr][DEBUG] - fit_round 24 received 20 results and 0 failures
[2026-01-15 10:47:30,462][flwr][INFO] - fit progress: (24, 168.13980183005333, {'accuracy': 0.662, 'adaptive_mu': 0.1411790383393544, 'mu_adapted': True}, 66.3633368750161)
[2026-01-15 10:47:30,463][flwr][DEBUG] - evaluate_round 24: strategy sampled 20 clients (out of 20)
[2026-01-15 10:47:30,550][flwr][DEBUG] - evaluate_round 24 received 20 results and 0 failures
[2026-01-15 10:47:30,550][flwr][DEBUG] - fit_round 25: strategy sampled 20 clients (out of 20)
[2026-01-15 10:47:32,643][flwr][DEBUG] - fit_round 25 received 20 results and 0 failures
[2026-01-15 10:47:32,724][flwr][INFO] - fit progress: (25, 168.62950856983662, {'accuracy': 0.661, 'adaptive_mu': 0.15529694217328988, 'mu_adapted': True}, 68.6248798330198)
[2026-01-15 10:47:32,724][flwr][DEBUG] - evaluate_round 25: strategy sampled 20 clients (out of 20)
[2026-01-15 10:47:32,815][flwr][DEBUG] - evaluate_round 25 received 20 results and 0 failures
[2026-01-15 10:47:32,815][flwr][DEBUG] - fit_round 26: strategy sampled 20 clients (out of 20)
[2026-01-15 10:47:34,885][flwr][DEBUG] - fit_round 26 received 20 results and 0 failures
[2026-01-15 10:47:34,969][flwr][INFO] - fit progress: (26, 169.99122032523155, {'accuracy': 0.6605, 'adaptive_mu': 0.17082663639061887, 'mu_adapted': True}, 70.87020066700643)
[2026-01-15 10:47:34,970][flwr][DEBUG] - evaluate_round 26: strategy sampled 20 clients (out of 20)
[2026-01-15 10:47:35,053][flwr][DEBUG] - evaluate_round 26 received 20 results and 0 failures
[2026-01-15 10:47:35,053][flwr][DEBUG] - fit_round 27: strategy sampled 20 clients (out of 20)
[2026-01-15 10:47:37,306][flwr][DEBUG] - fit_round 27 received 20 results and 0 failures
[2026-01-15 10:47:37,387][flwr][INFO] - fit progress: (27, 170.19900442659855, {'accuracy': 0.66, 'adaptive_mu': 0.1879093000296808, 'mu_adapted': True}, 73.28795491700293)
[2026-01-15 10:47:37,387][flwr][DEBUG] - evaluate_round 27: strategy sampled 20 clients (out of 20)
[2026-01-15 10:47:37,472][flwr][DEBUG] - evaluate_round 27 received 20 results and 0 failures
[2026-01-15 10:47:37,472][flwr][DEBUG] - fit_round 28: strategy sampled 20 clients (out of 20)
[2026-01-15 10:47:39,807][flwr][DEBUG] - fit_round 28 received 20 results and 0 failures
[2026-01-15 10:47:39,892][flwr][INFO] - fit progress: (28, 168.20641610771418, {'accuracy': 0.66, 'adaptive_mu': 0.17851383502819673, 'mu_adapted': True}, 75.79245941701811)
[2026-01-15 10:47:39,892][flwr][DEBUG] - evaluate_round 28: strategy sampled 20 clients (out of 20)
[2026-01-15 10:47:39,984][flwr][DEBUG] - evaluate_round 28 received 20 results and 0 failures
[2026-01-15 10:47:39,985][flwr][DEBUG] - fit_round 29: strategy sampled 20 clients (out of 20)
[2026-01-15 10:47:42,533][flwr][DEBUG] - fit_round 29 received 20 results and 0 failures
[2026-01-15 10:47:42,625][flwr][INFO] - fit progress: (29, 171.6661569327116, {'accuracy': 0.659, 'adaptive_mu': 0.19636521853101643, 'mu_adapted': True}, 78.52630350002437)
[2026-01-15 10:47:42,626][flwr][DEBUG] - evaluate_round 29: strategy sampled 20 clients (out of 20)
[2026-01-15 10:47:42,729][flwr][DEBUG] - evaluate_round 29 received 20 results and 0 failures
[2026-01-15 10:47:42,730][flwr][DEBUG] - fit_round 30: strategy sampled 20 clients (out of 20)
[2026-01-15 10:47:44,811][flwr][DEBUG] - fit_round 30 received 20 results and 0 failures
[2026-01-15 10:47:44,895][flwr][INFO] - fit progress: (30, 169.17609445750713, {'accuracy': 0.6595, 'adaptive_mu': 0.1865469576044656, 'mu_adapted': True}, 80.79614941700129)
[2026-01-15 10:47:44,896][flwr][DEBUG] - evaluate_round 30: strategy sampled 20 clients (out of 20)
[2026-01-15 10:47:44,978][flwr][DEBUG] - evaluate_round 30 received 20 results and 0 failures
[2026-01-15 10:47:44,979][flwr][DEBUG] - fit_round 31: strategy sampled 20 clients (out of 20)
[2026-01-15 10:47:47,036][flwr][DEBUG] - fit_round 31 received 20 results and 0 failures
[2026-01-15 10:47:47,124][flwr][INFO] - fit progress: (31, 166.3467163965106, {'accuracy': 0.6605, 'adaptive_mu': 0.1772196097242423, 'mu_adapted': True}, 83.02450041699922)
[2026-01-15 10:47:47,124][flwr][DEBUG] - evaluate_round 31: strategy sampled 20 clients (out of 20)
[2026-01-15 10:47:47,211][flwr][DEBUG] - evaluate_round 31 received 20 results and 0 failures
[2026-01-15 10:47:47,212][flwr][DEBUG] - fit_round 32: strategy sampled 20 clients (out of 20)
[2026-01-15 10:47:49,538][flwr][DEBUG] - fit_round 32 received 20 results and 0 failures
[2026-01-15 10:47:49,655][flwr][INFO] - fit progress: (32, 176.4421748816967, {'accuracy': 0.66, 'adaptive_mu': 0.19494157069666654, 'mu_adapted': True}, 85.55570316701778)
[2026-01-15 10:47:49,655][flwr][DEBUG] - evaluate_round 32: strategy sampled 20 clients (out of 20)
[2026-01-15 10:47:49,784][flwr][DEBUG] - evaluate_round 32 received 20 results and 0 failures
[2026-01-15 10:47:49,785][flwr][DEBUG] - fit_round 33: strategy sampled 20 clients (out of 20)
[2026-01-15 10:47:52,226][flwr][DEBUG] - fit_round 33 received 20 results and 0 failures
[2026-01-15 10:47:52,315][flwr][INFO] - fit progress: (33, 167.0506829842925, {'accuracy': 0.6605, 'adaptive_mu': 0.1851944921618332, 'mu_adapted': True}, 88.21554866700899)
[2026-01-15 10:47:52,315][flwr][DEBUG] - evaluate_round 33: strategy sampled 20 clients (out of 20)
[2026-01-15 10:47:52,403][flwr][DEBUG] - evaluate_round 33 received 20 results and 0 failures
[2026-01-15 10:47:52,403][flwr][DEBUG] - fit_round 34: strategy sampled 20 clients (out of 20)
[2026-01-15 10:47:54,499][flwr][DEBUG] - fit_round 34 received 20 results and 0 failures
[2026-01-15 10:47:54,607][flwr][INFO] - fit progress: (34, 173.09275196492672, {'accuracy': 0.6605, 'adaptive_mu': 0.20371394137801654, 'mu_adapted': True}, 90.50766470801318)
[2026-01-15 10:47:54,607][flwr][DEBUG] - evaluate_round 34: strategy sampled 20 clients (out of 20)
[2026-01-15 10:47:54,707][flwr][DEBUG] - evaluate_round 34 received 20 results and 0 failures
[2026-01-15 10:47:54,707][flwr][DEBUG] - fit_round 35: strategy sampled 20 clients (out of 20)
[2026-01-15 10:47:57,698][flwr][DEBUG] - fit_round 35 received 20 results and 0 failures
[2026-01-15 10:47:57,816][flwr][INFO] - fit progress: (35, 168.25505293160677, {'accuracy': 0.6605, 'adaptive_mu': 0.19352824430911572, 'mu_adapted': True}, 93.7165480000258)
[2026-01-15 10:47:57,816][flwr][DEBUG] - evaluate_round 35: strategy sampled 20 clients (out of 20)
[2026-01-15 10:47:57,926][flwr][DEBUG] - evaluate_round 35 received 20 results and 0 failures
[2026-01-15 10:47:57,926][flwr][DEBUG] - fit_round 36: strategy sampled 20 clients (out of 20)
[2026-01-15 10:48:00,752][flwr][DEBUG] - fit_round 36 received 20 results and 0 failures
[2026-01-15 10:48:00,858][flwr][INFO] - fit progress: (36, 166.16105460375547, {'accuracy': 0.6595, 'adaptive_mu': 0.18385183209365993, 'mu_adapted': True}, 96.75896925001871)
[2026-01-15 10:48:00,858][flwr][DEBUG] - evaluate_round 36: strategy sampled 20 clients (out of 20)
[2026-01-15 10:48:00,975][flwr][DEBUG] - evaluate_round 36 received 20 results and 0 failures
[2026-01-15 10:48:00,976][flwr][DEBUG] - fit_round 37: strategy sampled 20 clients (out of 20)
[2026-01-15 10:48:03,099][flwr][DEBUG] - fit_round 37 received 20 results and 0 failures
[2026-01-15 10:48:03,187][flwr][INFO] - fit progress: (37, 172.73574485629797, {'accuracy': 0.6595, 'adaptive_mu': 0.20223701530302593, 'mu_adapted': True}, 99.08743750001304)
[2026-01-15 10:48:03,187][flwr][DEBUG] - evaluate_round 37: strategy sampled 20 clients (out of 20)
[2026-01-15 10:48:03,288][flwr][DEBUG] - evaluate_round 37 received 20 results and 0 failures
[2026-01-15 10:48:03,288][flwr][DEBUG] - fit_round 38: strategy sampled 20 clients (out of 20)
[2026-01-15 10:48:05,369][flwr][DEBUG] - fit_round 38 received 20 results and 0 failures
[2026-01-15 10:48:05,454][flwr][INFO] - fit progress: (38, 163.59849736839533, {'accuracy': 0.66, 'adaptive_mu': 0.19212516453787462, 'mu_adapted': True}, 101.35498345800443)
[2026-01-15 10:48:05,454][flwr][DEBUG] - evaluate_round 38: strategy sampled 20 clients (out of 20)
[2026-01-15 10:48:05,548][flwr][DEBUG] - evaluate_round 38 received 20 results and 0 failures
[2026-01-15 10:48:05,549][flwr][DEBUG] - fit_round 39: strategy sampled 20 clients (out of 20)
[2026-01-15 10:48:07,692][flwr][DEBUG] - fit_round 39 received 20 results and 0 failures
[2026-01-15 10:48:07,780][flwr][INFO] - fit progress: (39, 164.76472691446543, {'accuracy': 0.661, 'adaptive_mu': 0.2113376809916621, 'mu_adapted': True}, 103.68078120800783)
[2026-01-15 10:48:07,780][flwr][DEBUG] - evaluate_round 39: strategy sampled 20 clients (out of 20)
[2026-01-15 10:48:07,898][flwr][DEBUG] - evaluate_round 39 received 20 results and 0 failures
[2026-01-15 10:48:07,898][flwr][DEBUG] - fit_round 40: strategy sampled 20 clients (out of 20)
[2026-01-15 10:48:10,645][flwr][DEBUG] - fit_round 40 received 20 results and 0 failures
[2026-01-15 10:48:10,743][flwr][INFO] - fit progress: (40, 169.70238273590803, {'accuracy': 0.6595, 'adaptive_mu': 0.23247144909082834, 'mu_adapted': True}, 106.64422137499787)
[2026-01-15 10:48:10,744][flwr][DEBUG] - evaluate_round 40: strategy sampled 20 clients (out of 20)
[2026-01-15 10:48:10,879][flwr][DEBUG] - evaluate_round 40 received 20 results and 0 failures
[2026-01-15 10:48:10,879][flwr][DEBUG] - fit_round 41: strategy sampled 20 clients (out of 20)
[2026-01-15 10:48:13,212][flwr][DEBUG] - fit_round 41 received 20 results and 0 failures
[2026-01-15 10:48:13,307][flwr][INFO] - fit progress: (41, 165.70139834284782, {'accuracy': 0.66, 'adaptive_mu': 0.2208478766362869, 'mu_adapted': True}, 109.20745858299779)
[2026-01-15 10:48:13,307][flwr][DEBUG] - evaluate_round 41: strategy sampled 20 clients (out of 20)
[2026-01-15 10:48:13,467][flwr][DEBUG] - evaluate_round 41 received 20 results and 0 failures
[2026-01-15 10:48:13,468][flwr][DEBUG] - fit_round 42: strategy sampled 20 clients (out of 20)
[2026-01-15 10:48:15,576][flwr][DEBUG] - fit_round 42 received 20 results and 0 failures
[2026-01-15 10:48:15,677][flwr][INFO] - fit progress: (42, 168.1351013109088, {'accuracy': 0.6595, 'adaptive_mu': 0.2429326642999156, 'mu_adapted': True}, 111.57749379202141)
[2026-01-15 10:48:15,677][flwr][DEBUG] - evaluate_round 42: strategy sampled 20 clients (out of 20)
[2026-01-15 10:48:15,867][flwr][DEBUG] - evaluate_round 42 received 20 results and 0 failures
[2026-01-15 10:48:15,868][flwr][DEBUG] - fit_round 43: strategy sampled 20 clients (out of 20)
[2026-01-15 10:48:18,554][flwr][DEBUG] - fit_round 43 received 20 results and 0 failures
[2026-01-15 10:48:18,644][flwr][INFO] - fit progress: (43, 165.9786799326539, {'accuracy': 0.659, 'adaptive_mu': 0.23078603108491982, 'mu_adapted': True}, 114.54457883301075)
[2026-01-15 10:48:18,644][flwr][DEBUG] - evaluate_round 43: strategy sampled 20 clients (out of 20)
[2026-01-15 10:48:18,757][flwr][DEBUG] - evaluate_round 43 received 20 results and 0 failures
[2026-01-15 10:48:18,758][flwr][DEBUG] - fit_round 44: strategy sampled 20 clients (out of 20)
[2026-01-15 10:48:21,186][flwr][DEBUG] - fit_round 44 received 20 results and 0 failures
[2026-01-15 10:48:21,284][flwr][INFO] - fit progress: (44, 169.81006897240877, {'accuracy': 0.659, 'adaptive_mu': 0.2538646341934118, 'mu_adapted': True}, 117.18481687500025)
[2026-01-15 10:48:21,284][flwr][DEBUG] - evaluate_round 44: strategy sampled 20 clients (out of 20)
[2026-01-15 10:48:21,432][flwr][DEBUG] - evaluate_round 44 received 20 results and 0 failures
[2026-01-15 10:48:21,432][flwr][DEBUG] - fit_round 45: strategy sampled 20 clients (out of 20)
[2026-01-15 10:48:23,559][flwr][DEBUG] - fit_round 45 received 20 results and 0 failures
[2026-01-15 10:48:23,642][flwr][INFO] - fit progress: (45, 165.60170251876116, {'accuracy': 0.6595, 'adaptive_mu': 0.24117140248374122, 'mu_adapted': True}, 119.54273741701036)
[2026-01-15 10:48:23,642][flwr][DEBUG] - evaluate_round 45: strategy sampled 20 clients (out of 20)
[2026-01-15 10:48:23,726][flwr][DEBUG] - evaluate_round 45 received 20 results and 0 failures
[2026-01-15 10:48:23,726][flwr][DEBUG] - fit_round 46: strategy sampled 20 clients (out of 20)
[2026-01-15 10:48:25,838][flwr][DEBUG] - fit_round 46 received 20 results and 0 failures
[2026-01-15 10:48:25,920][flwr][INFO] - fit progress: (46, 170.67016043514013, {'accuracy': 0.66, 'adaptive_mu': 0.2652885427321154, 'mu_adapted': True}, 121.82093116702163)
[2026-01-15 10:48:25,920][flwr][DEBUG] - evaluate_round 46: strategy sampled 20 clients (out of 20)
[2026-01-15 10:48:26,009][flwr][DEBUG] - evaluate_round 46 received 20 results and 0 failures
[2026-01-15 10:48:26,009][flwr][DEBUG] - fit_round 47: strategy sampled 20 clients (out of 20)
[2026-01-15 10:48:28,078][flwr][DEBUG] - fit_round 47 received 20 results and 0 failures
[2026-01-15 10:48:28,159][flwr][INFO] - fit progress: (47, 168.89024651050568, {'accuracy': 0.659, 'adaptive_mu': 0.2520241155955096, 'mu_adapted': True}, 124.0598058750038)
[2026-01-15 10:48:28,159][flwr][DEBUG] - evaluate_round 47: strategy sampled 20 clients (out of 20)
[2026-01-15 10:48:28,251][flwr][DEBUG] - evaluate_round 47 received 20 results and 0 failures
[2026-01-15 10:48:28,252][flwr][DEBUG] - fit_round 48: strategy sampled 20 clients (out of 20)
[2026-01-15 10:48:30,342][flwr][DEBUG] - fit_round 48 received 20 results and 0 failures
[2026-01-15 10:48:30,423][flwr][INFO] - fit progress: (48, 165.72789695858955, {'accuracy': 0.659, 'adaptive_mu': 0.23942290981573408, 'mu_adapted': True}, 126.32361458300147)
[2026-01-15 10:48:30,423][flwr][DEBUG] - evaluate_round 48: strategy sampled 20 clients (out of 20)
[2026-01-15 10:48:30,509][flwr][DEBUG] - evaluate_round 48 received 20 results and 0 failures
[2026-01-15 10:48:30,510][flwr][DEBUG] - fit_round 49: strategy sampled 20 clients (out of 20)
[2026-01-15 10:48:32,649][flwr][DEBUG] - fit_round 49 received 20 results and 0 failures
[2026-01-15 10:48:32,731][flwr][INFO] - fit progress: (49, 170.25514768064022, {'accuracy': 0.66, 'adaptive_mu': 0.2633652007973075, 'mu_adapted': True}, 128.63225608301582)
[2026-01-15 10:48:32,732][flwr][DEBUG] - evaluate_round 49: strategy sampled 20 clients (out of 20)
[2026-01-15 10:48:32,833][flwr][DEBUG] - evaluate_round 49 received 20 results and 0 failures
[2026-01-15 10:48:32,833][flwr][DEBUG] - fit_round 50: strategy sampled 20 clients (out of 20)
[2026-01-15 10:48:34,846][flwr][DEBUG] - fit_round 50 received 20 results and 0 failures
[2026-01-15 10:48:34,935][flwr][INFO] - fit progress: (50, 163.6345450207591, {'accuracy': 0.66, 'adaptive_mu': 0.25019694075744214, 'mu_adapted': True}, 130.83575066699996)
[2026-01-15 10:48:34,935][flwr][DEBUG] - evaluate_round 50: strategy sampled 20 clients (out of 20)
[2026-01-15 10:48:35,041][flwr][DEBUG] - evaluate_round 50 received 20 results and 0 failures
[2026-01-15 10:48:35,041][flwr][DEBUG] - fit_round 51: strategy sampled 20 clients (out of 20)
[2026-01-15 10:48:36,939][flwr][DEBUG] - fit_round 51 received 20 results and 0 failures
[2026-01-15 10:48:37,028][flwr][INFO] - fit progress: (51, 163.1482373699546, {'accuracy': 0.66, 'adaptive_mu': 0.23768709371957003, 'mu_adapted': True}, 132.92900216701673)
[2026-01-15 10:48:37,028][flwr][DEBUG] - evaluate_round 51: strategy sampled 20 clients (out of 20)
[2026-01-15 10:48:37,111][flwr][DEBUG] - evaluate_round 51 received 20 results and 0 failures
[2026-01-15 10:48:37,112][flwr][DEBUG] - fit_round 52: strategy sampled 20 clients (out of 20)
[2026-01-15 10:48:38,963][flwr][DEBUG] - fit_round 52 received 20 results and 0 failures
[2026-01-15 10:48:39,043][flwr][INFO] - fit progress: (52, 162.22290048748255, {'accuracy': 0.6605, 'adaptive_mu': 0.22580273903359152, 'mu_adapted': True}, 134.94379795802524)
[2026-01-15 10:48:39,043][flwr][DEBUG] - evaluate_round 52: strategy sampled 20 clients (out of 20)
[2026-01-15 10:48:39,188][flwr][DEBUG] - evaluate_round 52 received 20 results and 0 failures
[2026-01-15 10:48:39,188][flwr][DEBUG] - fit_round 53: strategy sampled 20 clients (out of 20)
[2026-01-15 10:48:41,898][flwr][DEBUG] - fit_round 53 received 20 results and 0 failures
[2026-01-15 10:48:41,994][flwr][INFO] - fit progress: (53, 169.96994437277317, {'accuracy': 0.659, 'adaptive_mu': 0.2483830129369507, 'mu_adapted': True}, 137.89478816700284)
[2026-01-15 10:48:41,994][flwr][DEBUG] - evaluate_round 53: strategy sampled 20 clients (out of 20)
[2026-01-15 10:48:42,129][flwr][DEBUG] - evaluate_round 53 received 20 results and 0 failures
[2026-01-15 10:48:42,130][flwr][DEBUG] - fit_round 54: strategy sampled 20 clients (out of 20)
[2026-01-15 10:48:44,150][flwr][DEBUG] - fit_round 54 received 20 results and 0 failures
[2026-01-15 10:48:44,230][flwr][INFO] - fit progress: (54, 168.92066571861506, {'accuracy': 0.6595, 'adaptive_mu': 0.23596386229010316, 'mu_adapted': True}, 140.1306799169979)
[2026-01-15 10:48:44,230][flwr][DEBUG] - evaluate_round 54: strategy sampled 20 clients (out of 20)
[2026-01-15 10:48:44,328][flwr][DEBUG] - evaluate_round 54 received 20 results and 0 failures
[2026-01-15 10:48:44,328][flwr][DEBUG] - fit_round 55: strategy sampled 20 clients (out of 20)
[2026-01-15 10:48:46,551][flwr][DEBUG] - fit_round 55 received 20 results and 0 failures
[2026-01-15 10:48:46,642][flwr][INFO] - fit progress: (55, 165.59289451688528, {'accuracy': 0.6595, 'adaptive_mu': 0.224165669175598, 'mu_adapted': True}, 142.54298925001058)
[2026-01-15 10:48:46,642][flwr][DEBUG] - evaluate_round 55: strategy sampled 20 clients (out of 20)
[2026-01-15 10:48:46,748][flwr][DEBUG] - evaluate_round 55 received 20 results and 0 failures
[2026-01-15 10:48:46,748][flwr][DEBUG] - fit_round 56: strategy sampled 20 clients (out of 20)
[2026-01-15 10:48:48,895][flwr][DEBUG] - fit_round 56 received 20 results and 0 failures
[2026-01-15 10:48:48,980][flwr][INFO] - fit progress: (56, 167.22435703128576, {'accuracy': 0.66, 'adaptive_mu': 0.24658223609315782, 'mu_adapted': True}, 144.88083395801368)
[2026-01-15 10:48:48,980][flwr][DEBUG] - evaluate_round 56: strategy sampled 20 clients (out of 20)
[2026-01-15 10:48:49,082][flwr][DEBUG] - evaluate_round 56 received 20 results and 0 failures
[2026-01-15 10:48:49,082][flwr][DEBUG] - fit_round 57: strategy sampled 20 clients (out of 20)
[2026-01-15 10:48:51,140][flwr][DEBUG] - fit_round 57 received 20 results and 0 failures
[2026-01-15 10:48:51,228][flwr][INFO] - fit progress: (57, 164.8506930321455, {'accuracy': 0.6605, 'adaptive_mu': 0.23425312428849993, 'mu_adapted': True}, 147.12849720800295)
[2026-01-15 10:48:51,228][flwr][DEBUG] - evaluate_round 57: strategy sampled 20 clients (out of 20)
[2026-01-15 10:48:51,391][flwr][DEBUG] - evaluate_round 57 received 20 results and 0 failures
[2026-01-15 10:48:51,391][flwr][DEBUG] - fit_round 58: strategy sampled 20 clients (out of 20)
[2026-01-15 10:48:55,201][flwr][DEBUG] - fit_round 58 received 20 results and 0 failures
[2026-01-15 10:48:55,298][flwr][INFO] - fit progress: (58, 168.2196797579527, {'accuracy': 0.6595, 'adaptive_mu': 0.2576784367173499, 'mu_adapted': True}, 151.19859662500676)
[2026-01-15 10:48:55,298][flwr][DEBUG] - evaluate_round 58: strategy sampled 20 clients (out of 20)
[2026-01-15 10:48:55,446][flwr][DEBUG] - evaluate_round 58 received 20 results and 0 failures
[2026-01-15 10:48:55,446][flwr][DEBUG] - fit_round 59: strategy sampled 20 clients (out of 20)
[2026-01-15 10:48:57,670][flwr][DEBUG] - fit_round 59 received 20 results and 0 failures
[2026-01-15 10:48:57,792][flwr][INFO] - fit progress: (59, 166.8793866932392, {'accuracy': 0.6595, 'adaptive_mu': 0.2447945148814824, 'mu_adapted': True}, 153.69305141700897)
[2026-01-15 10:48:57,792][flwr][DEBUG] - evaluate_round 59: strategy sampled 20 clients (out of 20)
[2026-01-15 10:48:57,935][flwr][DEBUG] - evaluate_round 59 received 20 results and 0 failures
[2026-01-15 10:48:57,935][flwr][DEBUG] - fit_round 60: strategy sampled 20 clients (out of 20)
[2026-01-15 10:49:00,335][flwr][DEBUG] - fit_round 60 received 20 results and 0 failures
[2026-01-15 10:49:00,421][flwr][INFO] - fit progress: (60, 174.22397710382938, {'accuracy': 0.6595, 'adaptive_mu': 0.2692739663696307, 'mu_adapted': True}, 156.32224929201766)
[2026-01-15 10:49:00,422][flwr][DEBUG] - evaluate_round 60: strategy sampled 20 clients (out of 20)
[2026-01-15 10:49:00,524][flwr][DEBUG] - evaluate_round 60 received 20 results and 0 failures
[2026-01-15 10:49:00,525][flwr][DEBUG] - fit_round 61: strategy sampled 20 clients (out of 20)
[2026-01-15 10:49:03,494][flwr][DEBUG] - fit_round 61 received 20 results and 0 failures
[2026-01-15 10:49:03,579][flwr][INFO] - fit progress: (61, 168.55456380546093, {'accuracy': 0.66, 'adaptive_mu': 0.25581026805114915, 'mu_adapted': True}, 159.47991145800916)
[2026-01-15 10:49:03,579][flwr][DEBUG] - evaluate_round 61: strategy sampled 20 clients (out of 20)
[2026-01-15 10:49:03,690][flwr][DEBUG] - evaluate_round 61 received 20 results and 0 failures
[2026-01-15 10:49:03,691][flwr][DEBUG] - fit_round 62: strategy sampled 20 clients (out of 20)
[2026-01-15 10:49:06,062][flwr][DEBUG] - fit_round 62 received 20 results and 0 failures
[2026-01-15 10:49:06,165][flwr][INFO] - fit progress: (62, 165.3518693894148, {'accuracy': 0.6605, 'adaptive_mu': 0.24301975464859168, 'mu_adapted': True}, 162.06615525000961)
[2026-01-15 10:49:06,165][flwr][DEBUG] - evaluate_round 62: strategy sampled 20 clients (out of 20)
[2026-01-15 10:49:06,931][flwr][DEBUG] - evaluate_round 62 received 20 results and 0 failures
[2026-01-15 10:49:06,932][flwr][DEBUG] - fit_round 63: strategy sampled 20 clients (out of 20)
[2026-01-15 10:49:09,542][flwr][DEBUG] - fit_round 63 received 20 results and 0 failures
[2026-01-15 10:49:09,631][flwr][INFO] - fit progress: (63, 167.5628992766142, {'accuracy': 0.66, 'adaptive_mu': 0.2673217301134509, 'mu_adapted': True}, 165.53152870800113)
[2026-01-15 10:49:09,631][flwr][DEBUG] - evaluate_round 63: strategy sampled 20 clients (out of 20)
[2026-01-15 10:49:09,753][flwr][DEBUG] - evaluate_round 63 received 20 results and 0 failures
[2026-01-15 10:49:09,754][flwr][DEBUG] - fit_round 64: strategy sampled 20 clients (out of 20)
[2026-01-15 10:49:12,276][flwr][DEBUG] - fit_round 64 received 20 results and 0 failures
[2026-01-15 10:49:12,360][flwr][INFO] - fit progress: (64, 164.9036514982581, {'accuracy': 0.6605, 'adaptive_mu': 0.25395564360777834, 'mu_adapted': True}, 168.26089679202414)
[2026-01-15 10:49:12,360][flwr][DEBUG] - evaluate_round 64: strategy sampled 20 clients (out of 20)
[2026-01-15 10:49:12,478][flwr][DEBUG] - evaluate_round 64 received 20 results and 0 failures
[2026-01-15 10:49:12,478][flwr][DEBUG] - fit_round 65: strategy sampled 20 clients (out of 20)
[2026-01-15 10:49:14,505][flwr][DEBUG] - fit_round 65 received 20 results and 0 failures
[2026-01-15 10:49:14,594][flwr][INFO] - fit progress: (65, 167.82187589257956, {'accuracy': 0.66, 'adaptive_mu': 0.27935120796855617, 'mu_adapted': True}, 170.49497662502108)
[2026-01-15 10:49:14,594][flwr][DEBUG] - evaluate_round 65: strategy sampled 20 clients (out of 20)
[2026-01-15 10:49:14,700][flwr][DEBUG] - evaluate_round 65 received 20 results and 0 failures
[2026-01-15 10:49:14,700][flwr][DEBUG] - fit_round 66: strategy sampled 20 clients (out of 20)
[2026-01-15 10:49:16,833][flwr][DEBUG] - fit_round 66 received 20 results and 0 failures
[2026-01-15 10:49:16,915][flwr][INFO] - fit progress: (66, 165.07406347244978, {'accuracy': 0.6595, 'adaptive_mu': 0.26538364757012833, 'mu_adapted': True}, 172.81547383300494)
[2026-01-15 10:49:16,915][flwr][DEBUG] - evaluate_round 66: strategy sampled 20 clients (out of 20)
[2026-01-15 10:49:17,070][flwr][DEBUG] - evaluate_round 66 received 20 results and 0 failures
[2026-01-15 10:49:17,070][flwr][DEBUG] - fit_round 67: strategy sampled 20 clients (out of 20)
[2026-01-15 10:49:19,211][flwr][DEBUG] - fit_round 67 received 20 results and 0 failures
[2026-01-15 10:49:19,294][flwr][INFO] - fit progress: (67, 168.04596857726574, {'accuracy': 0.66, 'adaptive_mu': 0.2919220123271412, 'mu_adapted': True}, 175.19494650000706)
[2026-01-15 10:49:19,294][flwr][DEBUG] - evaluate_round 67: strategy sampled 20 clients (out of 20)
[2026-01-15 10:49:19,410][flwr][DEBUG] - evaluate_round 67 received 20 results and 0 failures
[2026-01-15 10:49:19,411][flwr][DEBUG] - fit_round 68: strategy sampled 20 clients (out of 20)
[2026-01-15 10:49:21,575][flwr][DEBUG] - fit_round 68 received 20 results and 0 failures
[2026-01-15 10:49:21,659][flwr][INFO] - fit progress: (68, 174.36746755242348, {'accuracy': 0.6595, 'adaptive_mu': 0.32111421355985537, 'mu_adapted': True}, 177.55961370799923)
[2026-01-15 10:49:21,659][flwr][DEBUG] - evaluate_round 68: strategy sampled 20 clients (out of 20)
[2026-01-15 10:49:21,742][flwr][DEBUG] - evaluate_round 68 received 20 results and 0 failures
[2026-01-15 10:49:21,743][flwr][DEBUG] - fit_round 69: strategy sampled 20 clients (out of 20)
[2026-01-15 10:49:23,995][flwr][DEBUG] - fit_round 69 received 20 results and 0 failures
[2026-01-15 10:49:24,079][flwr][INFO] - fit progress: (69, 174.60075057297945, {'accuracy': 0.6595, 'adaptive_mu': 0.3532256349158409, 'mu_adapted': True}, 179.98031150002498)
[2026-01-15 10:49:24,080][flwr][DEBUG] - evaluate_round 69: strategy sampled 20 clients (out of 20)
[2026-01-15 10:49:24,182][flwr][DEBUG] - evaluate_round 69 received 20 results and 0 failures
[2026-01-15 10:49:24,182][flwr][DEBUG] - fit_round 70: strategy sampled 20 clients (out of 20)
[2026-01-15 10:49:26,186][flwr][DEBUG] - fit_round 70 received 20 results and 0 failures
[2026-01-15 10:49:26,270][flwr][INFO] - fit progress: (70, 165.04886808991432, {'accuracy': 0.6605, 'adaptive_mu': 0.33556435317004885, 'mu_adapted': True}, 182.17056187501294)
[2026-01-15 10:49:26,270][flwr][DEBUG] - evaluate_round 70: strategy sampled 20 clients (out of 20)
[2026-01-15 10:49:26,385][flwr][DEBUG] - evaluate_round 70 received 20 results and 0 failures
[2026-01-15 10:49:26,386][flwr][DEBUG] - fit_round 71: strategy sampled 20 clients (out of 20)
[2026-01-15 10:49:28,453][flwr][DEBUG] - fit_round 71 received 20 results and 0 failures
[2026-01-15 10:49:28,535][flwr][INFO] - fit progress: (71, 164.40602999925613, {'accuracy': 0.659, 'adaptive_mu': 0.3187861355115464, 'mu_adapted': True}, 184.43603575002635)
[2026-01-15 10:49:28,535][flwr][DEBUG] - evaluate_round 71: strategy sampled 20 clients (out of 20)
[2026-01-15 10:49:28,628][flwr][DEBUG] - evaluate_round 71 received 20 results and 0 failures
[2026-01-15 10:49:28,628][flwr][DEBUG] - fit_round 72: strategy sampled 20 clients (out of 20)
[2026-01-15 10:49:30,560][flwr][DEBUG] - fit_round 72 received 20 results and 0 failures
[2026-01-15 10:49:30,657][flwr][INFO] - fit progress: (72, 156.96669015288353, {'accuracy': 0.66, 'adaptive_mu': 0.3028468287359691, 'mu_adapted': True}, 186.55817620802554)
[2026-01-15 10:49:30,657][flwr][DEBUG] - evaluate_round 72: strategy sampled 20 clients (out of 20)
[2026-01-15 10:49:30,752][flwr][DEBUG] - evaluate_round 72 received 20 results and 0 failures
[2026-01-15 10:49:30,753][flwr][DEBUG] - fit_round 73: strategy sampled 20 clients (out of 20)
[2026-01-15 10:49:32,886][flwr][DEBUG] - fit_round 73 received 20 results and 0 failures
[2026-01-15 10:49:33,015][flwr][INFO] - fit progress: (73, 167.03490041196346, {'accuracy': 0.66, 'adaptive_mu': 0.333131511609566, 'mu_adapted': True}, 188.91588191702613)
[2026-01-15 10:49:33,015][flwr][DEBUG] - evaluate_round 73: strategy sampled 20 clients (out of 20)
[2026-01-15 10:49:33,186][flwr][DEBUG] - evaluate_round 73 received 20 results and 0 failures
[2026-01-15 10:49:33,186][flwr][DEBUG] - fit_round 74: strategy sampled 20 clients (out of 20)
[2026-01-15 10:49:35,328][flwr][DEBUG] - fit_round 74 received 20 results and 0 failures
[2026-01-15 10:49:35,411][flwr][INFO] - fit progress: (74, 166.29163531959057, {'accuracy': 0.66, 'adaptive_mu': 0.31647493602908766, 'mu_adapted': True}, 191.31168562499806)
[2026-01-15 10:49:35,411][flwr][DEBUG] - evaluate_round 74: strategy sampled 20 clients (out of 20)
[2026-01-15 10:49:35,581][flwr][DEBUG] - evaluate_round 74 received 20 results and 0 failures
[2026-01-15 10:49:35,582][flwr][DEBUG] - fit_round 75: strategy sampled 20 clients (out of 20)
[2026-01-15 10:49:37,524][flwr][DEBUG] - fit_round 75 received 20 results and 0 failures
[2026-01-15 10:49:37,608][flwr][INFO] - fit progress: (75, 167.50484009832144, {'accuracy': 0.66, 'adaptive_mu': 0.34812242963199647, 'mu_adapted': True}, 193.50930129201151)
[2026-01-15 10:49:37,609][flwr][DEBUG] - evaluate_round 75: strategy sampled 20 clients (out of 20)
[2026-01-15 10:49:37,721][flwr][DEBUG] - evaluate_round 75 received 20 results and 0 failures
[2026-01-15 10:49:37,722][flwr][DEBUG] - fit_round 76: strategy sampled 20 clients (out of 20)
[2026-01-15 10:49:39,755][flwr][DEBUG] - fit_round 76 received 20 results and 0 failures
[2026-01-15 10:49:39,846][flwr][INFO] - fit progress: (76, 172.13245130330324, {'accuracy': 0.6615, 'adaptive_mu': 0.38293467259519615, 'mu_adapted': True}, 195.74660370801575)
[2026-01-15 10:49:39,846][flwr][DEBUG] - evaluate_round 76: strategy sampled 20 clients (out of 20)
[2026-01-15 10:49:40,001][flwr][DEBUG] - evaluate_round 76 received 20 results and 0 failures
[2026-01-15 10:49:40,001][flwr][DEBUG] - fit_round 77: strategy sampled 20 clients (out of 20)
[2026-01-15 10:49:42,356][flwr][DEBUG] - fit_round 77 received 20 results and 0 failures
[2026-01-15 10:49:42,450][flwr][INFO] - fit progress: (77, 157.79327419400215, {'accuracy': 0.6605, 'adaptive_mu': 0.3637879389654363, 'mu_adapted': True}, 198.35113691701554)
[2026-01-15 10:49:42,450][flwr][DEBUG] - evaluate_round 77: strategy sampled 20 clients (out of 20)
[2026-01-15 10:49:42,563][flwr][DEBUG] - evaluate_round 77 received 20 results and 0 failures
[2026-01-15 10:49:42,564][flwr][DEBUG] - fit_round 78: strategy sampled 20 clients (out of 20)
[2026-01-15 10:49:44,818][flwr][DEBUG] - fit_round 78 received 20 results and 0 failures
[2026-01-15 10:49:44,921][flwr][INFO] - fit progress: (78, 163.67212226241827, {'accuracy': 0.66, 'adaptive_mu': 0.40016673286197996, 'mu_adapted': True}, 200.82183358300244)
[2026-01-15 10:49:44,921][flwr][DEBUG] - evaluate_round 78: strategy sampled 20 clients (out of 20)
[2026-01-15 10:49:45,045][flwr][DEBUG] - evaluate_round 78 received 20 results and 0 failures
[2026-01-15 10:49:45,045][flwr][DEBUG] - fit_round 79: strategy sampled 20 clients (out of 20)
[2026-01-15 10:49:47,064][flwr][DEBUG] - fit_round 79 received 20 results and 0 failures
[2026-01-15 10:49:47,155][flwr][INFO] - fit progress: (79, 166.51156198233366, {'accuracy': 0.66, 'adaptive_mu': 0.44018340614817797, 'mu_adapted': True}, 203.05622970801778)
[2026-01-15 10:49:47,156][flwr][DEBUG] - evaluate_round 79: strategy sampled 20 clients (out of 20)
[2026-01-15 10:49:47,249][flwr][DEBUG] - evaluate_round 79 received 20 results and 0 failures
[2026-01-15 10:49:47,249][flwr][DEBUG] - fit_round 80: strategy sampled 20 clients (out of 20)
[2026-01-15 10:49:49,152][flwr][DEBUG] - fit_round 80 received 20 results and 0 failures
[2026-01-15 10:49:49,245][flwr][INFO] - fit progress: (80, 164.0189047753811, {'accuracy': 0.6605, 'adaptive_mu': 0.41817423584076907, 'mu_adapted': True}, 205.14552083300077)
[2026-01-15 10:49:49,245][flwr][DEBUG] - evaluate_round 80: strategy sampled 20 clients (out of 20)
[2026-01-15 10:49:49,344][flwr][DEBUG] - evaluate_round 80 received 20 results and 0 failures
[2026-01-15 10:49:49,345][flwr][DEBUG] - fit_round 81: strategy sampled 20 clients (out of 20)
[2026-01-15 10:49:51,517][flwr][DEBUG] - fit_round 81 received 20 results and 0 failures
[2026-01-15 10:49:51,596][flwr][INFO] - fit progress: (81, 162.25662156194448, {'accuracy': 0.66, 'adaptive_mu': 0.3972655240487306, 'mu_adapted': True}, 207.49682416699943)
[2026-01-15 10:49:51,596][flwr][DEBUG] - evaluate_round 81: strategy sampled 20 clients (out of 20)
[2026-01-15 10:49:51,698][flwr][DEBUG] - evaluate_round 81 received 20 results and 0 failures
[2026-01-15 10:49:51,698][flwr][DEBUG] - fit_round 82: strategy sampled 20 clients (out of 20)
[2026-01-15 10:49:53,736][flwr][DEBUG] - fit_round 82 received 20 results and 0 failures
[2026-01-15 10:49:53,820][flwr][INFO] - fit progress: (82, 157.40998924523592, {'accuracy': 0.6595, 'adaptive_mu': 0.37740224784629406, 'mu_adapted': True}, 209.72133270802442)
[2026-01-15 10:49:53,821][flwr][DEBUG] - evaluate_round 82: strategy sampled 20 clients (out of 20)
[2026-01-15 10:49:53,983][flwr][DEBUG] - evaluate_round 82 received 20 results and 0 failures
[2026-01-15 10:49:53,984][flwr][DEBUG] - fit_round 83: strategy sampled 20 clients (out of 20)
[2026-01-15 10:49:55,937][flwr][DEBUG] - fit_round 83 received 20 results and 0 failures
[2026-01-15 10:49:56,017][flwr][INFO] - fit progress: (83, 165.44226234406233, {'accuracy': 0.6605, 'adaptive_mu': 0.4151424726309235, 'mu_adapted': True}, 211.91765083299833)
[2026-01-15 10:49:56,017][flwr][DEBUG] - evaluate_round 83: strategy sampled 20 clients (out of 20)
[2026-01-15 10:49:56,136][flwr][DEBUG] - evaluate_round 83 received 20 results and 0 failures
[2026-01-15 10:49:56,137][flwr][DEBUG] - fit_round 84: strategy sampled 20 clients (out of 20)
[2026-01-15 10:49:58,027][flwr][DEBUG] - fit_round 84 received 20 results and 0 failures
[2026-01-15 10:49:58,110][flwr][INFO] - fit progress: (84, 166.41471354663372, {'accuracy': 0.66, 'adaptive_mu': 0.4566567198940159, 'mu_adapted': True}, 214.01071600001887)
[2026-01-15 10:49:58,110][flwr][DEBUG] - evaluate_round 84: strategy sampled 20 clients (out of 20)
[2026-01-15 10:49:58,194][flwr][DEBUG] - evaluate_round 84 received 20 results and 0 failures
[2026-01-15 10:49:58,194][flwr][DEBUG] - fit_round 85: strategy sampled 20 clients (out of 20)
[2026-01-15 10:50:00,170][flwr][DEBUG] - fit_round 85 received 20 results and 0 failures
[2026-01-15 10:50:00,258][flwr][INFO] - fit progress: (85, 165.8785445317626, {'accuracy': 0.6605, 'adaptive_mu': 0.4338238838993151, 'mu_adapted': True}, 216.1588094170147)
[2026-01-15 10:50:00,258][flwr][DEBUG] - evaluate_round 85: strategy sampled 20 clients (out of 20)
[2026-01-15 10:50:00,363][flwr][DEBUG] - evaluate_round 85 received 20 results and 0 failures
[2026-01-15 10:50:00,364][flwr][DEBUG] - fit_round 86: strategy sampled 20 clients (out of 20)
[2026-01-15 10:50:02,736][flwr][DEBUG] - fit_round 86 received 20 results and 0 failures
[2026-01-15 10:50:02,821][flwr][INFO] - fit progress: (86, 164.77663505077362, {'accuracy': 0.6615, 'adaptive_mu': 0.4121326897043493, 'mu_adapted': True}, 218.7223062920093)
[2026-01-15 10:50:02,822][flwr][DEBUG] - evaluate_round 86: strategy sampled 20 clients (out of 20)
[2026-01-15 10:50:02,952][flwr][DEBUG] - evaluate_round 86 received 20 results and 0 failures
[2026-01-15 10:50:02,953][flwr][DEBUG] - fit_round 87: strategy sampled 20 clients (out of 20)
[2026-01-15 10:50:05,064][flwr][DEBUG] - fit_round 87 received 20 results and 0 failures
[2026-01-15 10:50:05,146][flwr][INFO] - fit progress: (87, 162.449369892478, {'accuracy': 0.661, 'adaptive_mu': 0.3915260552191318, 'mu_adapted': True}, 221.04644066700712)
[2026-01-15 10:50:05,146][flwr][DEBUG] - evaluate_round 87: strategy sampled 20 clients (out of 20)
[2026-01-15 10:50:05,240][flwr][DEBUG] - evaluate_round 87 received 20 results and 0 failures
[2026-01-15 10:50:05,241][flwr][DEBUG] - fit_round 88: strategy sampled 20 clients (out of 20)
[2026-01-15 10:50:07,290][flwr][DEBUG] - fit_round 88 received 20 results and 0 failures
[2026-01-15 10:50:07,373][flwr][INFO] - fit progress: (88, 156.91548246145248, {'accuracy': 0.6605, 'adaptive_mu': 0.3719497524581752, 'mu_adapted': True}, 223.274033624999)
[2026-01-15 10:50:07,373][flwr][DEBUG] - evaluate_round 88: strategy sampled 20 clients (out of 20)
[2026-01-15 10:50:07,450][flwr][DEBUG] - evaluate_round 88 received 20 results and 0 failures
[2026-01-15 10:50:07,450][flwr][DEBUG] - fit_round 89: strategy sampled 20 clients (out of 20)
[2026-01-15 10:50:09,471][flwr][DEBUG] - fit_round 89 received 20 results and 0 failures
[2026-01-15 10:50:09,557][flwr][INFO] - fit progress: (89, 161.4211979061365, {'accuracy': 0.661, 'adaptive_mu': 0.40914472770399274, 'mu_adapted': True}, 225.45779712501098)
[2026-01-15 10:50:09,557][flwr][DEBUG] - evaluate_round 89: strategy sampled 20 clients (out of 20)
[2026-01-15 10:50:09,662][flwr][DEBUG] - evaluate_round 89 received 20 results and 0 failures
[2026-01-15 10:50:09,663][flwr][DEBUG] - fit_round 90: strategy sampled 20 clients (out of 20)
[2026-01-15 10:50:12,238][flwr][DEBUG] - fit_round 90 received 20 results and 0 failures
[2026-01-15 10:50:12,333][flwr][INFO] - fit progress: (90, 159.3829230517149, {'accuracy': 0.6605, 'adaptive_mu': 0.3886874913187931, 'mu_adapted': True}, 228.23350704202312)
[2026-01-15 10:50:12,333][flwr][DEBUG] - evaluate_round 90: strategy sampled 20 clients (out of 20)
[2026-01-15 10:50:12,448][flwr][DEBUG] - evaluate_round 90 received 20 results and 0 failures
[2026-01-15 10:50:12,450][flwr][DEBUG] - fit_round 91: strategy sampled 20 clients (out of 20)
[2026-01-15 10:50:14,693][flwr][DEBUG] - fit_round 91 received 20 results and 0 failures
[2026-01-15 10:50:14,780][flwr][INFO] - fit progress: (91, 154.26206131279469, {'accuracy': 0.6605, 'adaptive_mu': 0.36925311675285344, 'mu_adapted': True}, 230.68059216701658)
[2026-01-15 10:50:14,780][flwr][DEBUG] - evaluate_round 91: strategy sampled 20 clients (out of 20)
[2026-01-15 10:50:14,929][flwr][DEBUG] - evaluate_round 91 received 20 results and 0 failures
[2026-01-15 10:50:14,929][flwr][DEBUG] - fit_round 92: strategy sampled 20 clients (out of 20)
[2026-01-15 10:50:17,065][flwr][DEBUG] - fit_round 92 received 20 results and 0 failures
[2026-01-15 10:50:17,145][flwr][INFO] - fit progress: (92, 160.93955020606518, {'accuracy': 0.6605, 'adaptive_mu': 0.40617842842813884, 'mu_adapted': True}, 233.04639604201657)
[2026-01-15 10:50:17,146][flwr][DEBUG] - evaluate_round 92: strategy sampled 20 clients (out of 20)
[2026-01-15 10:50:17,242][flwr][DEBUG] - evaluate_round 92 received 20 results and 0 failures
[2026-01-15 10:50:17,242][flwr][DEBUG] - fit_round 93: strategy sampled 20 clients (out of 20)
[2026-01-15 10:50:19,272][flwr][DEBUG] - fit_round 93 received 20 results and 0 failures
[2026-01-15 10:50:19,362][flwr][INFO] - fit progress: (93, 162.69317522644997, {'accuracy': 0.6615, 'adaptive_mu': 0.4467962712709528, 'mu_adapted': True}, 235.2633783330093)
[2026-01-15 10:50:19,363][flwr][DEBUG] - evaluate_round 93: strategy sampled 20 clients (out of 20)
[2026-01-15 10:50:19,451][flwr][DEBUG] - evaluate_round 93 received 20 results and 0 failures
[2026-01-15 10:50:19,451][flwr][DEBUG] - fit_round 94: strategy sampled 20 clients (out of 20)
[2026-01-15 10:50:21,516][flwr][DEBUG] - fit_round 94 received 20 results and 0 failures
[2026-01-15 10:50:21,597][flwr][INFO] - fit progress: (94, 164.1042405962944, {'accuracy': 0.6615, 'adaptive_mu': 0.4914758983980481, 'mu_adapted': True}, 237.49770625002566)
[2026-01-15 10:50:21,597][flwr][DEBUG] - evaluate_round 94: strategy sampled 20 clients (out of 20)
[2026-01-15 10:50:21,693][flwr][DEBUG] - evaluate_round 94 received 20 results and 0 failures
[2026-01-15 10:50:21,693][flwr][DEBUG] - fit_round 95: strategy sampled 20 clients (out of 20)
[2026-01-15 10:50:23,774][flwr][DEBUG] - fit_round 95 received 20 results and 0 failures
[2026-01-15 10:50:23,855][flwr][INFO] - fit progress: (95, 157.57271833717823, {'accuracy': 0.661, 'adaptive_mu': 0.4669021034781457, 'mu_adapted': True}, 239.75575716700405)
[2026-01-15 10:50:23,855][flwr][DEBUG] - evaluate_round 95: strategy sampled 20 clients (out of 20)
[2026-01-15 10:50:23,958][flwr][DEBUG] - evaluate_round 95 received 20 results and 0 failures
[2026-01-15 10:50:23,958][flwr][DEBUG] - fit_round 96: strategy sampled 20 clients (out of 20)
[2026-01-15 10:50:26,176][flwr][DEBUG] - fit_round 96 received 20 results and 0 failures
[2026-01-15 10:50:26,261][flwr][INFO] - fit progress: (96, 171.45641039311886, {'accuracy': 0.6615, 'adaptive_mu': 0.5, 'mu_adapted': True}, 242.16194166700006)
[2026-01-15 10:50:26,261][flwr][DEBUG] - evaluate_round 96: strategy sampled 20 clients (out of 20)
[2026-01-15 10:50:26,358][flwr][DEBUG] - evaluate_round 96 received 20 results and 0 failures
[2026-01-15 10:50:26,359][flwr][DEBUG] - fit_round 97: strategy sampled 20 clients (out of 20)
[2026-01-15 10:50:28,481][flwr][DEBUG] - fit_round 97 received 20 results and 0 failures
[2026-01-15 10:50:28,565][flwr][INFO] - fit progress: (97, 155.25969693809748, {'accuracy': 0.6615, 'adaptive_mu': 0.475, 'mu_adapted': True}, 244.46626562500023)
[2026-01-15 10:50:28,566][flwr][DEBUG] - evaluate_round 97: strategy sampled 20 clients (out of 20)
[2026-01-15 10:50:28,657][flwr][DEBUG] - evaluate_round 97 received 20 results and 0 failures
[2026-01-15 10:50:28,657][flwr][DEBUG] - fit_round 98: strategy sampled 20 clients (out of 20)
[2026-01-15 10:50:30,778][flwr][DEBUG] - fit_round 98 received 20 results and 0 failures
[2026-01-15 10:50:30,859][flwr][INFO] - fit progress: (98, 166.75280940532684, {'accuracy': 0.6615, 'adaptive_mu': 0.5, 'mu_adapted': True}, 246.75961925002048)
[2026-01-15 10:50:30,859][flwr][DEBUG] - evaluate_round 98: strategy sampled 20 clients (out of 20)
[2026-01-15 10:50:30,958][flwr][DEBUG] - evaluate_round 98 received 20 results and 0 failures
[2026-01-15 10:50:30,958][flwr][DEBUG] - fit_round 99: strategy sampled 20 clients (out of 20)
[2026-01-15 10:50:33,127][flwr][DEBUG] - fit_round 99 received 20 results and 0 failures
[2026-01-15 10:50:33,212][flwr][INFO] - fit progress: (99, 169.1838022992015, {'accuracy': 0.6615, 'adaptive_mu': 0.5, 'mu_adapted': True}, 249.11313820802025)
[2026-01-15 10:50:33,212][flwr][DEBUG] - evaluate_round 99: strategy sampled 20 clients (out of 20)
[2026-01-15 10:50:33,349][flwr][DEBUG] - evaluate_round 99 received 20 results and 0 failures
[2026-01-15 10:50:33,349][flwr][DEBUG] - fit_round 100: strategy sampled 20 clients (out of 20)
[2026-01-15 10:50:35,386][flwr][DEBUG] - fit_round 100 received 20 results and 0 failures
[2026-01-15 10:50:35,472][flwr][INFO] - fit progress: (100, 167.52336028963327, {'accuracy': 0.661, 'adaptive_mu': 0.475, 'mu_adapted': True}, 251.3732788330235)
[2026-01-15 10:50:35,473][flwr][DEBUG] - evaluate_round 100: strategy sampled 20 clients (out of 20)
[2026-01-15 10:50:35,571][flwr][DEBUG] - evaluate_round 100 received 20 results and 0 failures
[2026-01-15 10:50:35,571][flwr][INFO] - FL finished in 251.47198016699986
[2026-01-15 10:50:35,571][flwr][INFO] - app_fit: losses_distributed [(1, 10.012912141033476), (2, 8.245554405670225), (3, 8.1338282589449), (4, 8.238820878129165), (5, 8.44948114531205), (6, 8.467257084749843), (7, 8.693130175313485), (8, 8.782286934985697), (9, 8.676403758299422), (10, 8.708093452086072), (11, 8.777689293164052), (12, 8.686355760368809), (13, 8.860157115007837), (14, 8.748293252194346), (15, 8.700986648133213), (16, 8.979076884708762), (17, 9.074600739549997), (18, 8.998199607851788), (19, 8.779269666006353), (20, 8.85208128499905), (21, 8.993273260510266), (22, 8.835653620153433), (23, 8.75009176250998), (24, 8.688567543189352), (25, 8.723944223845846), (26, 8.804426020354123), (27, 8.818030010478761), (28, 8.707987547014271), (29, 8.909355488499315), (30, 8.76706641341824), (31, 8.608495845734176), (32, 9.189117917813864), (33, 8.656814323389167), (34, 9.001993839561989), (35, 8.728148922686737), (36, 8.610625019208703), (37, 8.986944815951123), (38, 8.465546742585481), (39, 8.531839327687242), (40, 8.823835754009744), (41, 8.593234302177901), (42, 8.730004361187088), (43, 8.60942313537143), (44, 8.825903933091173), (45, 8.584023851835846), (46, 8.877581840807991), (47, 8.78257174463605), (48, 8.597251777499249), (49, 8.858731662922077), (50, 8.476501007558653), (51, 8.450745301855115), (52, 8.394694360723118), (53, 8.843570928788981), (54, 8.780990586518968), (55, 8.592268486454776), (56, 8.682275387840278), (57, 8.541867997058928), (58, 8.740614615539707), (59, 8.658384489208228), (60, 9.080374082409124), (61, 8.7558929243432), (62, 8.568045272633674), (63, 8.691626499873953), (64, 8.541123078907468), (65, 8.712913782032995), (66, 8.557036407526668), (67, 8.7287989902402), (68, 9.087780529148025), (69, 9.100884515367245), (70, 8.55392081621355), (71, 8.51947408019707), (72, 8.086671883111526), (73, 8.667334037249606), (74, 8.627356902549195), (75, 8.692033121419465), (76, 8.959044040593684), (77, 8.127122559109406), (78, 8.467525734583292), (79, 8.629794725057463), (80, 8.487515571860133), (81, 8.388236701927925), (82, 8.108412845888187), (83, 8.573305970704006), (84, 8.622925806214033), (85, 8.59481217865705), (86, 8.531090155176349), (87, 8.394358616043869), (88, 8.068546774829866), (89, 8.333775537110329), (90, 8.209357010411505), (91, 7.903874381971522), (92, 8.302869105152682), (93, 8.402745283095035), (94, 8.48715195775643), (95, 8.105073578157075), (96, 8.907991870304874), (97, 7.967913892523194), (98, 8.643897676609802), (99, 8.783948718206059), (100, 8.688002509765672)]
[2026-01-15 10:50:35,572][flwr][INFO] - app_fit: metrics_distributed_fit {'adaptive_mu': [(1, 0.1), (2, 0.1), (3, 0.1), (4, 0.1), (5, 0.1), (6, 0.1), (7, 0.095), (8, 0.10450000000000001), (9, 0.11495000000000002), (10, 0.10920250000000002), (11, 0.12012275000000003), (12, 0.13213502500000004), (13, 0.12552827375000003), (14, 0.13808110112500005), (15, 0.13117704606875005), (16, 0.12461819376531254), (17, 0.13708001314184382), (18, 0.1507880144560282), (19, 0.1432486137332268), (20, 0.13608618304656547), (21, 0.14969480135122204), (22, 0.16466428148634427), (23, 0.15643106741202706), (24, 0.1486095140414257), (25, 0.1411790383393544), (26, 0.15529694217328988), (27, 0.17082663639061887), (28, 0.1879093000296808), (29, 0.17851383502819673), (30, 0.19636521853101643), (31, 0.1865469576044656), (32, 0.1772196097242423), (33, 0.19494157069666654), (34, 0.1851944921618332), (35, 0.20371394137801654), (36, 0.19352824430911572), (37, 0.18385183209365993), (38, 0.20223701530302593), (39, 0.19212516453787462), (40, 0.2113376809916621), (41, 0.23247144909082834), (42, 0.2208478766362869), (43, 0.2429326642999156), (44, 0.23078603108491982), (45, 0.2538646341934118), (46, 0.24117140248374122), (47, 0.2652885427321154), (48, 0.2520241155955096), (49, 0.23942290981573408), (50, 0.2633652007973075), (51, 0.25019694075744214), (52, 0.23768709371957003), (53, 0.22580273903359152), (54, 0.2483830129369507), (55, 0.23596386229010316), (56, 0.224165669175598), (57, 0.24658223609315782), (58, 0.23425312428849993), (59, 0.2576784367173499), (60, 0.2447945148814824), (61, 0.2692739663696307), (62, 0.25581026805114915), (63, 0.24301975464859168), (64, 0.2673217301134509), (65, 0.25395564360777834), (66, 0.27935120796855617), (67, 0.26538364757012833), (68, 0.2919220123271412), (69, 0.32111421355985537), (70, 0.3532256349158409), (71, 0.33556435317004885), (72, 0.3187861355115464), (73, 0.3028468287359691), (74, 0.333131511609566), (75, 0.31647493602908766), (76, 0.34812242963199647), (77, 0.38293467259519615), (78, 0.3637879389654363), (79, 0.40016673286197996), (80, 0.44018340614817797), (81, 0.41817423584076907), (82, 0.3972655240487306), (83, 0.37740224784629406), (84, 0.4151424726309235), (85, 0.4566567198940159), (86, 0.4338238838993151), (87, 0.4121326897043493), (88, 0.3915260552191318), (89, 0.3719497524581752), (90, 0.40914472770399274), (91, 0.3886874913187931), (92, 0.36925311675285344), (93, 0.40617842842813884), (94, 0.4467962712709528), (95, 0.4914758983980481), (96, 0.4669021034781457), (97, 0.5), (98, 0.475), (99, 0.5), (100, 0.5)]}
[2026-01-15 10:50:35,572][flwr][INFO] - app_fit: metrics_distributed {}
[2026-01-15 10:50:35,572][flwr][INFO] - app_fit: losses_centralized [(0, 275.8148798942566), (1, 208.65945035219193), (2, 168.1730798482895), (3, 163.47434896230698), (4, 164.1500638872385), (5, 167.07048776745796), (6, 166.84921965003014), (7, 170.22768034040928), (8, 171.40944232791662), (9, 169.2813196182251), (10, 169.51572163403034), (11, 170.37739629298449), (12, 168.70248233526945), (13, 171.61014442145824), (14, 169.54986409842968), (15, 168.54467019438744), (16, 173.29957201331854), (17, 174.83927305787802), (18, 173.39229153841734), (19, 169.57822116464376), (20, 170.9915652871132), (21, 173.36537839472294), (22, 170.64696604013443), (23, 169.12480077147484), (24, 168.13980183005333), (25, 168.62950856983662), (26, 169.99122032523155), (27, 170.19900442659855), (28, 168.20641610771418), (29, 171.6661569327116), (30, 169.17609445750713), (31, 166.3467163965106), (32, 176.4421748816967), (33, 167.0506829842925), (34, 173.09275196492672), (35, 168.25505293160677), (36, 166.16105460375547), (37, 172.73574485629797), (38, 163.59849736839533), (39, 164.76472691446543), (40, 169.70238273590803), (41, 165.70139834284782), (42, 168.1351013109088), (43, 165.9786799326539), (44, 169.81006897240877), (45, 165.60170251876116), (46, 170.67016043514013), (47, 168.89024651050568), (48, 165.72789695858955), (49, 170.25514768064022), (50, 163.6345450207591), (51, 163.1482373699546), (52, 162.22290048748255), (53, 169.96994437277317), (54, 168.92066571861506), (55, 165.59289451688528), (56, 167.22435703128576), (57, 164.8506930321455), (58, 168.2196797579527), (59, 166.8793866932392), (60, 174.22397710382938), (61, 168.55456380546093), (62, 165.3518693894148), (63, 167.5628992766142), (64, 164.9036514982581), (65, 167.82187589257956), (66, 165.07406347244978), (67, 168.04596857726574), (68, 174.36746755242348), (69, 174.60075057297945), (70, 165.04886808991432), (71, 164.40602999925613), (72, 156.96669015288353), (73, 167.03490041196346), (74, 166.29163531959057), (75, 167.50484009832144), (76, 172.13245130330324), (77, 157.79327419400215), (78, 163.67212226241827), (79, 166.51156198233366), (80, 164.0189047753811), (81, 162.25662156194448), (82, 157.40998924523592), (83, 165.44226234406233), (84, 166.41471354663372), (85, 165.8785445317626), (86, 164.77663505077362), (87, 162.449369892478), (88, 156.91548246145248), (89, 161.4211979061365), (90, 159.3829230517149), (91, 154.26206131279469), (92, 160.93955020606518), (93, 162.69317522644997), (94, 164.1042405962944), (95, 157.57271833717823), (96, 171.45641039311886), (97, 155.25969693809748), (98, 166.75280940532684), (99, 169.1838022992015), (100, 167.52336028963327)]
[2026-01-15 10:50:35,572][flwr][INFO] - app_fit: metrics_centralized {'accuracy': [(0, 0.3415), (1, 0.61), (2, 0.6305), (3, 0.638), (4, 0.6425), (5, 0.6425), (6, 0.6485), (7, 0.648), (8, 0.65), (9, 0.6525), (10, 0.653), (11, 0.6555), (12, 0.656), (13, 0.658), (14, 0.658), (15, 0.66), (16, 0.662), (17, 0.661), (18, 0.661), (19, 0.661), (20, 0.661), (21, 0.6615), (22, 0.66), (23, 0.6615), (24, 0.662), (25, 0.661), (26, 0.6605), (27, 0.66), (28, 0.66), (29, 0.659), (30, 0.6595), (31, 0.6605), (32, 0.66), (33, 0.6605), (34, 0.6605), (35, 0.6605), (36, 0.6595), (37, 0.6595), (38, 0.66), (39, 0.661), (40, 0.6595), (41, 0.66), (42, 0.6595), (43, 0.659), (44, 0.659), (45, 0.6595), (46, 0.66), (47, 0.659), (48, 0.659), (49, 0.66), (50, 0.66), (51, 0.66), (52, 0.6605), (53, 0.659), (54, 0.6595), (55, 0.6595), (56, 0.66), (57, 0.6605), (58, 0.6595), (59, 0.6595), (60, 0.6595), (61, 0.66), (62, 0.6605), (63, 0.66), (64, 0.6605), (65, 0.66), (66, 0.6595), (67, 0.66), (68, 0.6595), (69, 0.6595), (70, 0.6605), (71, 0.659), (72, 0.66), (73, 0.66), (74, 0.66), (75, 0.66), (76, 0.6615), (77, 0.6605), (78, 0.66), (79, 0.66), (80, 0.6605), (81, 0.66), (82, 0.6595), (83, 0.6605), (84, 0.66), (85, 0.6605), (86, 0.6615), (87, 0.661), (88, 0.6605), (89, 0.661), (90, 0.6605), (91, 0.6605), (92, 0.6605), (93, 0.6615), (94, 0.6615), (95, 0.661), (96, 0.6615), (97, 0.6615), (98, 0.6615), (99, 0.6615), (100, 0.661)], 'adaptive_mu': [(0, 0.1), (1, 0.1), (2, 0.1), (3, 0.1), (4, 0.1), (5, 0.1), (6, 0.095), (7, 0.10450000000000001), (8, 0.11495000000000002), (9, 0.10920250000000002), (10, 0.12012275000000003), (11, 0.13213502500000004), (12, 0.12552827375000003), (13, 0.13808110112500005), (14, 0.13117704606875005), (15, 0.12461819376531254), (16, 0.13708001314184382), (17, 0.1507880144560282), (18, 0.1432486137332268), (19, 0.13608618304656547), (20, 0.14969480135122204), (21, 0.16466428148634427), (22, 0.15643106741202706), (23, 0.1486095140414257), (24, 0.1411790383393544), (25, 0.15529694217328988), (26, 0.17082663639061887), (27, 0.1879093000296808), (28, 0.17851383502819673), (29, 0.19636521853101643), (30, 0.1865469576044656), (31, 0.1772196097242423), (32, 0.19494157069666654), (33, 0.1851944921618332), (34, 0.20371394137801654), (35, 0.19352824430911572), (36, 0.18385183209365993), (37, 0.20223701530302593), (38, 0.19212516453787462), (39, 0.2113376809916621), (40, 0.23247144909082834), (41, 0.2208478766362869), (42, 0.2429326642999156), (43, 0.23078603108491982), (44, 0.2538646341934118), (45, 0.24117140248374122), (46, 0.2652885427321154), (47, 0.2520241155955096), (48, 0.23942290981573408), (49, 0.2633652007973075), (50, 0.25019694075744214), (51, 0.23768709371957003), (52, 0.22580273903359152), (53, 0.2483830129369507), (54, 0.23596386229010316), (55, 0.224165669175598), (56, 0.24658223609315782), (57, 0.23425312428849993), (58, 0.2576784367173499), (59, 0.2447945148814824), (60, 0.2692739663696307), (61, 0.25581026805114915), (62, 0.24301975464859168), (63, 0.2673217301134509), (64, 0.25395564360777834), (65, 0.27935120796855617), (66, 0.26538364757012833), (67, 0.2919220123271412), (68, 0.32111421355985537), (69, 0.3532256349158409), (70, 0.33556435317004885), (71, 0.3187861355115464), (72, 0.3028468287359691), (73, 0.333131511609566), (74, 0.31647493602908766), (75, 0.34812242963199647), (76, 0.38293467259519615), (77, 0.3637879389654363), (78, 0.40016673286197996), (79, 0.44018340614817797), (80, 0.41817423584076907), (81, 0.3972655240487306), (82, 0.37740224784629406), (83, 0.4151424726309235), (84, 0.4566567198940159), (85, 0.4338238838993151), (86, 0.4121326897043493), (87, 0.3915260552191318), (88, 0.3719497524581752), (89, 0.40914472770399274), (90, 0.3886874913187931), (91, 0.36925311675285344), (92, 0.40617842842813884), (93, 0.4467962712709528), (94, 0.4914758983980481), (95, 0.4669021034781457), (96, 0.5), (97, 0.475), (98, 0.5), (99, 0.5), (100, 0.475)], 'mu_adapted': [(0, False), (1, False), (2, False), (3, False), (4, False), (5, False), (6, True), (7, True), (8, True), (9, True), (10, True), (11, True), (12, True), (13, True), (14, True), (15, True), (16, True), (17, True), (18, True), (19, True), (20, True), (21, True), (22, True), (23, True), (24, True), (25, True), (26, True), (27, True), (28, True), (29, True), (30, True), (31, True), (32, True), (33, True), (34, True), (35, True), (36, True), (37, True), (38, True), (39, True), (40, True), (41, True), (42, True), (43, True), (44, True), (45, True), (46, True), (47, True), (48, True), (49, True), (50, True), (51, True), (52, True), (53, True), (54, True), (55, True), (56, True), (57, True), (58, True), (59, True), (60, True), (61, True), (62, True), (63, True), (64, True), (65, True), (66, True), (67, True), (68, True), (69, True), (70, True), (71, True), (72, True), (73, True), (74, True), (75, True), (76, True), (77, True), (78, True), (79, True), (80, True), (81, True), (82, True), (83, True), (84, True), (85, True), (86, True), (87, True), (88, True), (89, True), (90, True), (91, True), (92, True), (93, True), (94, True), (95, True), (96, True), (97, True), (98, True), (99, True), (100, True)]}
[2026-01-15 10:50:35,621][flwr][INFO] - Starting Flower simulation, config: ServerConfig(num_rounds=100, round_timeout=None)
[2026-01-15 10:50:43,450][flwr][INFO] - Flower VCE: Ray initialized with resources: {'object_store_memory': 2147483648.0, 'CPU': 10.0, 'memory': 12408690688.0, 'node:127.0.0.1': 1.0}
[2026-01-15 10:50:43,451][flwr][INFO] - Initializing global parameters
[2026-01-15 10:50:43,451][flwr][INFO] - Using initial parameters provided by strategy
[2026-01-15 10:50:43,451][flwr][INFO] - Evaluating initial parameters
[2026-01-15 10:50:43,528][flwr][INFO] - initial parameters (loss, other metrics): 275.8148798942566, {'accuracy': 0.3415}
[2026-01-15 10:50:43,529][flwr][INFO] - FL starting
[2026-01-15 10:50:43,531][flwr][DEBUG] - fit_round 1: strategy sampled 5 clients (out of 20)
[2026-01-15 10:50:48,446][flwr][DEBUG] - fit_round 1 received 5 results and 0 failures
[2026-01-15 10:50:48,524][flwr][INFO] - fit progress: (1, 185.8825308084488, {'accuracy': 0.59}, 4.995406665984774)
[2026-01-15 10:50:48,524][flwr][INFO] - evaluate_round 1: no clients selected, cancel
[2026-01-15 10:50:48,525][flwr][DEBUG] - fit_round 2: strategy sampled 5 clients (out of 20)
[2026-01-15 10:50:49,419][flwr][DEBUG] - fit_round 2 received 5 results and 0 failures
[2026-01-15 10:50:49,496][flwr][INFO] - fit progress: (2, 160.00995215773582, {'accuracy': 0.636}, 5.9675510409870185)
[2026-01-15 10:50:49,496][flwr][INFO] - evaluate_round 2: no clients selected, cancel
[2026-01-15 10:50:49,497][flwr][DEBUG] - fit_round 3: strategy sampled 5 clients (out of 20)
[2026-01-15 10:50:50,344][flwr][DEBUG] - fit_round 3 received 5 results and 0 failures
[2026-01-15 10:50:50,416][flwr][INFO] - fit progress: (3, 200.071160890162, {'accuracy': 0.6365}, 6.887552957981825)
[2026-01-15 10:50:50,416][flwr][INFO] - evaluate_round 3: no clients selected, cancel
[2026-01-15 10:50:50,417][flwr][DEBUG] - fit_round 4: strategy sampled 5 clients (out of 20)
[2026-01-15 10:50:51,197][flwr][DEBUG] - fit_round 4 received 5 results and 0 failures
[2026-01-15 10:50:51,272][flwr][INFO] - fit progress: (4, 154.2204002290964, {'accuracy': 0.6325}, 7.743046290997881)
[2026-01-15 10:50:51,272][flwr][INFO] - evaluate_round 4: no clients selected, cancel
[2026-01-15 10:50:51,272][flwr][DEBUG] - fit_round 5: strategy sampled 5 clients (out of 20)
[2026-01-15 10:50:52,096][flwr][DEBUG] - fit_round 5 received 5 results and 0 failures
[2026-01-15 10:50:52,168][flwr][INFO] - fit progress: (5, 147.98904240876436, {'accuracy': 0.6565}, 8.639681790984469)
[2026-01-15 10:50:52,169][flwr][INFO] - evaluate_round 5: no clients selected, cancel
[2026-01-15 10:50:52,169][flwr][DEBUG] - fit_round 6: strategy sampled 5 clients (out of 20)
[2026-01-15 10:50:53,004][flwr][DEBUG] - fit_round 6 received 5 results and 0 failures
[2026-01-15 10:50:53,078][flwr][INFO] - fit progress: (6, 187.23196983337402, {'accuracy': 0.66}, 9.549023208004655)
[2026-01-15 10:50:53,078][flwr][INFO] - evaluate_round 6: no clients selected, cancel
[2026-01-15 10:50:53,078][flwr][DEBUG] - fit_round 7: strategy sampled 5 clients (out of 20)
[2026-01-15 10:50:53,906][flwr][DEBUG] - fit_round 7 received 5 results and 0 failures
[2026-01-15 10:50:53,979][flwr][INFO] - fit progress: (7, 187.28465735912323, {'accuracy': 0.6565}, 10.450318415998481)
[2026-01-15 10:50:53,979][flwr][INFO] - evaluate_round 7: no clients selected, cancel
[2026-01-15 10:50:53,980][flwr][DEBUG] - fit_round 8: strategy sampled 5 clients (out of 20)
[2026-01-15 10:50:54,811][flwr][DEBUG] - fit_round 8 received 5 results and 0 failures
[2026-01-15 10:50:54,885][flwr][INFO] - fit progress: (8, 170.8670949935913, {'accuracy': 0.6485}, 11.355933290993562)
[2026-01-15 10:50:54,885][flwr][INFO] - evaluate_round 8: no clients selected, cancel
[2026-01-15 10:50:54,885][flwr][DEBUG] - fit_round 9: strategy sampled 5 clients (out of 20)
[2026-01-15 10:50:55,724][flwr][DEBUG] - fit_round 9 received 5 results and 0 failures
[2026-01-15 10:50:55,800][flwr][INFO] - fit progress: (9, 201.57950059324503, {'accuracy': 0.6585}, 12.271402749989647)
[2026-01-15 10:50:55,800][flwr][INFO] - evaluate_round 9: no clients selected, cancel
[2026-01-15 10:50:55,801][flwr][DEBUG] - fit_round 10: strategy sampled 5 clients (out of 20)
[2026-01-15 10:50:56,631][flwr][DEBUG] - fit_round 10 received 5 results and 0 failures
[2026-01-15 10:50:56,705][flwr][INFO] - fit progress: (10, 147.04434095323086, {'accuracy': 0.66}, 13.176249249983812)
[2026-01-15 10:50:56,705][flwr][INFO] - evaluate_round 10: no clients selected, cancel
[2026-01-15 10:50:56,705][flwr][DEBUG] - fit_round 11: strategy sampled 5 clients (out of 20)
[2026-01-15 10:50:57,530][flwr][DEBUG] - fit_round 11 received 5 results and 0 failures
[2026-01-15 10:50:57,608][flwr][INFO] - fit progress: (11, 142.3915469199419, {'accuracy': 0.6355}, 14.079389082995476)
[2026-01-15 10:50:57,608][flwr][INFO] - evaluate_round 11: no clients selected, cancel
[2026-01-15 10:50:57,609][flwr][DEBUG] - fit_round 12: strategy sampled 5 clients (out of 20)
[2026-01-15 10:50:58,443][flwr][DEBUG] - fit_round 12 received 5 results and 0 failures
[2026-01-15 10:50:58,527][flwr][INFO] - fit progress: (12, 138.9764911979437, {'accuracy': 0.6585}, 14.99867533298675)
[2026-01-15 10:50:58,528][flwr][INFO] - evaluate_round 12: no clients selected, cancel
[2026-01-15 10:50:58,528][flwr][DEBUG] - fit_round 13: strategy sampled 5 clients (out of 20)
[2026-01-15 10:50:59,356][flwr][DEBUG] - fit_round 13 received 5 results and 0 failures
[2026-01-15 10:50:59,434][flwr][INFO] - fit progress: (13, 142.54453809559345, {'accuracy': 0.6355}, 15.90497104098904)
[2026-01-15 10:50:59,434][flwr][INFO] - evaluate_round 13: no clients selected, cancel
[2026-01-15 10:50:59,434][flwr][DEBUG] - fit_round 14: strategy sampled 5 clients (out of 20)
[2026-01-15 10:51:00,435][flwr][DEBUG] - fit_round 14 received 5 results and 0 failures
[2026-01-15 10:51:00,544][flwr][INFO] - fit progress: (14, 141.21664778143167, {'accuracy': 0.6605}, 17.01518504100386)
[2026-01-15 10:51:00,544][flwr][INFO] - evaluate_round 14: no clients selected, cancel
[2026-01-15 10:51:00,544][flwr][DEBUG] - fit_round 15: strategy sampled 5 clients (out of 20)
[2026-01-15 10:51:01,424][flwr][DEBUG] - fit_round 15 received 5 results and 0 failures
[2026-01-15 10:51:01,509][flwr][INFO] - fit progress: (15, 165.1797919794917, {'accuracy': 0.6615}, 17.980160999984946)
[2026-01-15 10:51:01,509][flwr][INFO] - evaluate_round 15: no clients selected, cancel
[2026-01-15 10:51:01,509][flwr][DEBUG] - fit_round 16: strategy sampled 5 clients (out of 20)
[2026-01-15 10:51:02,550][flwr][DEBUG] - fit_round 16 received 5 results and 0 failures
[2026-01-15 10:51:02,633][flwr][INFO] - fit progress: (16, 197.51202768087387, {'accuracy': 0.627}, 19.103836416004924)
[2026-01-15 10:51:02,633][flwr][INFO] - evaluate_round 16: no clients selected, cancel
[2026-01-15 10:51:02,633][flwr][DEBUG] - fit_round 17: strategy sampled 5 clients (out of 20)
[2026-01-15 10:51:03,447][flwr][DEBUG] - fit_round 17 received 5 results and 0 failures
[2026-01-15 10:51:03,525][flwr][INFO] - fit progress: (17, 212.74449748545885, {'accuracy': 0.6635}, 19.9959349159908)
[2026-01-15 10:51:03,525][flwr][INFO] - evaluate_round 17: no clients selected, cancel
[2026-01-15 10:51:03,525][flwr][DEBUG] - fit_round 18: strategy sampled 5 clients (out of 20)
[2026-01-15 10:51:04,302][flwr][DEBUG] - fit_round 18 received 5 results and 0 failures
[2026-01-15 10:51:04,376][flwr][INFO] - fit progress: (18, 228.9892924502492, {'accuracy': 0.664}, 20.84734124998795)
[2026-01-15 10:51:04,376][flwr][INFO] - evaluate_round 18: no clients selected, cancel
[2026-01-15 10:51:04,377][flwr][DEBUG] - fit_round 19: strategy sampled 5 clients (out of 20)
[2026-01-15 10:51:05,241][flwr][DEBUG] - fit_round 19 received 5 results and 0 failures
[2026-01-15 10:51:05,401][flwr][INFO] - fit progress: (19, 152.99434307217598, {'accuracy': 0.6345}, 21.872236875002272)
[2026-01-15 10:51:05,401][flwr][INFO] - evaluate_round 19: no clients selected, cancel
[2026-01-15 10:51:05,401][flwr][DEBUG] - fit_round 20: strategy sampled 5 clients (out of 20)
[2026-01-15 10:51:06,274][flwr][DEBUG] - fit_round 20 received 5 results and 0 failures
[2026-01-15 10:51:06,347][flwr][INFO] - fit progress: (20, 190.52373818308115, {'accuracy': 0.6375}, 22.818726832978427)
[2026-01-15 10:51:06,348][flwr][INFO] - evaluate_round 20: no clients selected, cancel
[2026-01-15 10:51:06,348][flwr][DEBUG] - fit_round 21: strategy sampled 5 clients (out of 20)
[2026-01-15 10:51:07,212][flwr][DEBUG] - fit_round 21 received 5 results and 0 failures
[2026-01-15 10:51:07,286][flwr][INFO] - fit progress: (21, 168.20057675987482, {'accuracy': 0.6615}, 23.757359707989963)
[2026-01-15 10:51:07,286][flwr][INFO] - evaluate_round 21: no clients selected, cancel
[2026-01-15 10:51:07,286][flwr][DEBUG] - fit_round 22: strategy sampled 5 clients (out of 20)
[2026-01-15 10:51:08,164][flwr][DEBUG] - fit_round 22 received 5 results and 0 failures
[2026-01-15 10:51:08,241][flwr][INFO] - fit progress: (22, 147.4124299287796, {'accuracy': 0.66}, 24.712530124990735)
[2026-01-15 10:51:08,241][flwr][INFO] - evaluate_round 22: no clients selected, cancel
[2026-01-15 10:51:08,242][flwr][DEBUG] - fit_round 23: strategy sampled 5 clients (out of 20)
[2026-01-15 10:51:09,113][flwr][DEBUG] - fit_round 23 received 5 results and 0 failures
[2026-01-15 10:51:09,215][flwr][INFO] - fit progress: (23, 139.50705824792385, {'accuracy': 0.6635}, 25.686652375006815)
[2026-01-15 10:51:09,216][flwr][INFO] - evaluate_round 23: no clients selected, cancel
[2026-01-15 10:51:09,216][flwr][DEBUG] - fit_round 24: strategy sampled 5 clients (out of 20)
[2026-01-15 10:51:10,050][flwr][DEBUG] - fit_round 24 received 5 results and 0 failures
[2026-01-15 10:51:10,125][flwr][INFO] - fit progress: (24, 228.59320159256458, {'accuracy': 0.6645}, 26.596034415997565)
[2026-01-15 10:51:10,125][flwr][INFO] - evaluate_round 24: no clients selected, cancel
[2026-01-15 10:51:10,125][flwr][DEBUG] - fit_round 25: strategy sampled 5 clients (out of 20)
[2026-01-15 10:51:10,972][flwr][DEBUG] - fit_round 25 received 5 results and 0 failures
[2026-01-15 10:51:11,044][flwr][INFO] - fit progress: (25, 139.09756906330585, {'accuracy': 0.664}, 27.51578029099619)
[2026-01-15 10:51:11,045][flwr][INFO] - evaluate_round 25: no clients selected, cancel
[2026-01-15 10:51:11,045][flwr][DEBUG] - fit_round 26: strategy sampled 5 clients (out of 20)
[2026-01-15 10:51:11,861][flwr][DEBUG] - fit_round 26 received 5 results and 0 failures
[2026-01-15 10:51:11,934][flwr][INFO] - fit progress: (26, 136.2645357698202, {'accuracy': 0.663}, 28.40499541600002)
[2026-01-15 10:51:11,934][flwr][INFO] - evaluate_round 26: no clients selected, cancel
[2026-01-15 10:51:11,934][flwr][DEBUG] - fit_round 27: strategy sampled 5 clients (out of 20)
[2026-01-15 10:51:12,692][flwr][DEBUG] - fit_round 27 received 5 results and 0 failures
[2026-01-15 10:51:12,768][flwr][INFO] - fit progress: (27, 204.69351194053888, {'accuracy': 0.6645}, 29.2393209580041)
[2026-01-15 10:51:12,768][flwr][INFO] - evaluate_round 27: no clients selected, cancel
[2026-01-15 10:51:12,768][flwr][DEBUG] - fit_round 28: strategy sampled 5 clients (out of 20)
[2026-01-15 10:51:13,605][flwr][DEBUG] - fit_round 28 received 5 results and 0 failures
[2026-01-15 10:51:13,680][flwr][INFO] - fit progress: (28, 146.06686414778233, {'accuracy': 0.6395}, 30.151273166004103)
[2026-01-15 10:51:13,680][flwr][INFO] - evaluate_round 28: no clients selected, cancel
[2026-01-15 10:51:13,680][flwr][DEBUG] - fit_round 29: strategy sampled 5 clients (out of 20)
[2026-01-15 10:51:14,430][flwr][DEBUG] - fit_round 29 received 5 results and 0 failures
[2026-01-15 10:51:14,502][flwr][INFO] - fit progress: (29, 152.1015624180436, {'accuracy': 0.666}, 30.97374541600584)
[2026-01-15 10:51:14,503][flwr][INFO] - evaluate_round 29: no clients selected, cancel
[2026-01-15 10:51:14,503][flwr][DEBUG] - fit_round 30: strategy sampled 5 clients (out of 20)
[2026-01-15 10:51:15,343][flwr][DEBUG] - fit_round 30 received 5 results and 0 failures
[2026-01-15 10:51:15,417][flwr][INFO] - fit progress: (30, 137.33353884518147, {'accuracy': 0.661}, 31.887903041002573)
[2026-01-15 10:51:15,417][flwr][INFO] - evaluate_round 30: no clients selected, cancel
[2026-01-15 10:51:15,417][flwr][DEBUG] - fit_round 31: strategy sampled 5 clients (out of 20)
[2026-01-15 10:51:16,154][flwr][DEBUG] - fit_round 31 received 5 results and 0 failures
[2026-01-15 10:51:16,236][flwr][INFO] - fit progress: (31, 256.0406826250255, {'accuracy': 0.6655}, 32.7068459999864)
[2026-01-15 10:51:16,236][flwr][INFO] - evaluate_round 31: no clients selected, cancel
[2026-01-15 10:51:16,236][flwr][DEBUG] - fit_round 32: strategy sampled 5 clients (out of 20)
[2026-01-15 10:51:16,983][flwr][DEBUG] - fit_round 32 received 5 results and 0 failures
[2026-01-15 10:51:17,058][flwr][INFO] - fit progress: (32, 212.23894415423274, {'accuracy': 0.665}, 33.52959441600251)
[2026-01-15 10:51:17,058][flwr][INFO] - evaluate_round 32: no clients selected, cancel
[2026-01-15 10:51:17,059][flwr][DEBUG] - fit_round 33: strategy sampled 5 clients (out of 20)
[2026-01-15 10:51:17,932][flwr][DEBUG] - fit_round 33 received 5 results and 0 failures
[2026-01-15 10:51:18,006][flwr][INFO] - fit progress: (33, 137.5777573287487, {'accuracy': 0.64}, 34.47746229098993)
[2026-01-15 10:51:18,006][flwr][INFO] - evaluate_round 33: no clients selected, cancel
[2026-01-15 10:51:18,007][flwr][DEBUG] - fit_round 34: strategy sampled 5 clients (out of 20)
[2026-01-15 10:51:18,789][flwr][DEBUG] - fit_round 34 received 5 results and 0 failures
[2026-01-15 10:51:18,863][flwr][INFO] - fit progress: (34, 172.55994345992804, {'accuracy': 0.666}, 35.33384770798148)
[2026-01-15 10:51:18,863][flwr][INFO] - evaluate_round 34: no clients selected, cancel
[2026-01-15 10:51:18,863][flwr][DEBUG] - fit_round 35: strategy sampled 5 clients (out of 20)
[2026-01-15 10:51:19,989][flwr][DEBUG] - fit_round 35 received 5 results and 0 failures
[2026-01-15 10:51:20,068][flwr][INFO] - fit progress: (35, 136.0459823012352, {'accuracy': 0.6655}, 36.53884954098612)
[2026-01-15 10:51:20,068][flwr][INFO] - evaluate_round 35: no clients selected, cancel
[2026-01-15 10:51:20,068][flwr][DEBUG] - fit_round 36: strategy sampled 5 clients (out of 20)
[2026-01-15 10:51:20,941][flwr][DEBUG] - fit_round 36 received 5 results and 0 failures
[2026-01-15 10:51:21,018][flwr][INFO] - fit progress: (36, 137.18296916782856, {'accuracy': 0.639}, 37.48942479098332)
[2026-01-15 10:51:21,018][flwr][INFO] - evaluate_round 36: no clients selected, cancel
[2026-01-15 10:51:21,019][flwr][DEBUG] - fit_round 37: strategy sampled 5 clients (out of 20)
[2026-01-15 10:51:21,878][flwr][DEBUG] - fit_round 37 received 5 results and 0 failures
[2026-01-15 10:51:21,950][flwr][INFO] - fit progress: (37, 138.89620330929756, {'accuracy': 0.638}, 38.42145104098017)
[2026-01-15 10:51:21,950][flwr][INFO] - evaluate_round 37: no clients selected, cancel
[2026-01-15 10:51:21,951][flwr][DEBUG] - fit_round 38: strategy sampled 5 clients (out of 20)
[2026-01-15 10:51:22,797][flwr][DEBUG] - fit_round 38 received 5 results and 0 failures
[2026-01-15 10:51:22,872][flwr][INFO] - fit progress: (38, 136.59741659462452, {'accuracy': 0.6385}, 39.34365945798345)
[2026-01-15 10:51:22,873][flwr][INFO] - evaluate_round 38: no clients selected, cancel
[2026-01-15 10:51:22,873][flwr][DEBUG] - fit_round 39: strategy sampled 5 clients (out of 20)
[2026-01-15 10:51:23,677][flwr][DEBUG] - fit_round 39 received 5 results and 0 failures
[2026-01-15 10:51:23,753][flwr][INFO] - fit progress: (39, 179.8287747129798, {'accuracy': 0.666}, 40.224223625002196)
[2026-01-15 10:51:23,753][flwr][INFO] - evaluate_round 39: no clients selected, cancel
[2026-01-15 10:51:23,753][flwr][DEBUG] - fit_round 40: strategy sampled 5 clients (out of 20)
[2026-01-15 10:51:24,587][flwr][DEBUG] - fit_round 40 received 5 results and 0 failures
[2026-01-15 10:51:24,668][flwr][INFO] - fit progress: (40, 217.03994239494205, {'accuracy': 0.665}, 41.13918387499871)
[2026-01-15 10:51:24,668][flwr][INFO] - evaluate_round 40: no clients selected, cancel
[2026-01-15 10:51:24,668][flwr][DEBUG] - fit_round 41: strategy sampled 5 clients (out of 20)
[2026-01-15 10:51:25,558][flwr][DEBUG] - fit_round 41 received 5 results and 0 failures
[2026-01-15 10:51:25,645][flwr][INFO] - fit progress: (41, 144.79392904043198, {'accuracy': 0.6395}, 42.11627395800315)
[2026-01-15 10:51:25,645][flwr][INFO] - evaluate_round 41: no clients selected, cancel
[2026-01-15 10:51:25,645][flwr][DEBUG] - fit_round 42: strategy sampled 5 clients (out of 20)
[2026-01-15 10:51:26,535][flwr][DEBUG] - fit_round 42 received 5 results and 0 failures
[2026-01-15 10:51:26,628][flwr][INFO] - fit progress: (42, 150.88727341592312, {'accuracy': 0.665}, 43.099088290997315)
[2026-01-15 10:51:26,628][flwr][INFO] - evaluate_round 42: no clients selected, cancel
[2026-01-15 10:51:26,628][flwr][DEBUG] - fit_round 43: strategy sampled 5 clients (out of 20)
[2026-01-15 10:51:27,523][flwr][DEBUG] - fit_round 43 received 5 results and 0 failures
[2026-01-15 10:51:27,635][flwr][INFO] - fit progress: (43, 171.94856739789248, {'accuracy': 0.665}, 44.105906165990746)
[2026-01-15 10:51:27,635][flwr][INFO] - evaluate_round 43: no clients selected, cancel
[2026-01-15 10:51:27,635][flwr][DEBUG] - fit_round 44: strategy sampled 5 clients (out of 20)
[2026-01-15 10:51:28,740][flwr][DEBUG] - fit_round 44 received 5 results and 0 failures
[2026-01-15 10:51:28,829][flwr][INFO] - fit progress: (44, 171.1792591959238, {'accuracy': 0.6655}, 45.30033899997943)
[2026-01-15 10:51:28,829][flwr][INFO] - evaluate_round 44: no clients selected, cancel
[2026-01-15 10:51:28,830][flwr][DEBUG] - fit_round 45: strategy sampled 5 clients (out of 20)
[2026-01-15 10:51:29,757][flwr][DEBUG] - fit_round 45 received 5 results and 0 failures
[2026-01-15 10:51:29,837][flwr][INFO] - fit progress: (45, 142.2609561085701, {'accuracy': 0.639}, 46.308322875003796)
[2026-01-15 10:51:29,837][flwr][INFO] - evaluate_round 45: no clients selected, cancel
[2026-01-15 10:51:29,838][flwr][DEBUG] - fit_round 46: strategy sampled 5 clients (out of 20)
[2026-01-15 10:51:30,666][flwr][DEBUG] - fit_round 46 received 5 results and 0 failures
[2026-01-15 10:51:30,755][flwr][INFO] - fit progress: (46, 176.1183244138956, {'accuracy': 0.665}, 47.225898000004236)
[2026-01-15 10:51:30,755][flwr][INFO] - evaluate_round 46: no clients selected, cancel
[2026-01-15 10:51:30,755][flwr][DEBUG] - fit_round 47: strategy sampled 5 clients (out of 20)
[2026-01-15 10:51:31,573][flwr][DEBUG] - fit_round 47 received 5 results and 0 failures
[2026-01-15 10:51:31,669][flwr][INFO] - fit progress: (47, 138.2248121649027, {'accuracy': 0.6655}, 48.13986087500234)
[2026-01-15 10:51:31,669][flwr][INFO] - evaluate_round 47: no clients selected, cancel
[2026-01-15 10:51:31,669][flwr][DEBUG] - fit_round 48: strategy sampled 5 clients (out of 20)
[2026-01-15 10:51:32,485][flwr][DEBUG] - fit_round 48 received 5 results and 0 failures
[2026-01-15 10:51:32,566][flwr][INFO] - fit progress: (48, 333.1460174806416, {'accuracy': 0.6645}, 49.03737879099208)
[2026-01-15 10:51:32,566][flwr][INFO] - evaluate_round 48: no clients selected, cancel
[2026-01-15 10:51:32,567][flwr][DEBUG] - fit_round 49: strategy sampled 5 clients (out of 20)
[2026-01-15 10:51:33,355][flwr][DEBUG] - fit_round 49 received 5 results and 0 failures
[2026-01-15 10:51:33,431][flwr][INFO] - fit progress: (49, 201.98388741910458, {'accuracy': 0.6645}, 49.90194395798608)
[2026-01-15 10:51:33,431][flwr][INFO] - evaluate_round 49: no clients selected, cancel
[2026-01-15 10:51:33,431][flwr][DEBUG] - fit_round 50: strategy sampled 5 clients (out of 20)
[2026-01-15 10:51:34,331][flwr][DEBUG] - fit_round 50 received 5 results and 0 failures
[2026-01-15 10:51:34,405][flwr][INFO] - fit progress: (50, 142.47839483618736, {'accuracy': 0.6625}, 50.87677654100116)
[2026-01-15 10:51:34,406][flwr][INFO] - evaluate_round 50: no clients selected, cancel
[2026-01-15 10:51:34,406][flwr][DEBUG] - fit_round 51: strategy sampled 5 clients (out of 20)
[2026-01-15 10:51:35,189][flwr][DEBUG] - fit_round 51 received 5 results and 0 failures
[2026-01-15 10:51:35,263][flwr][INFO] - fit progress: (51, 163.73144759237766, {'accuracy': 0.665}, 51.73474754099152)
[2026-01-15 10:51:35,264][flwr][INFO] - evaluate_round 51: no clients selected, cancel
[2026-01-15 10:51:35,264][flwr][DEBUG] - fit_round 52: strategy sampled 5 clients (out of 20)
[2026-01-15 10:51:35,989][flwr][DEBUG] - fit_round 52 received 5 results and 0 failures
[2026-01-15 10:51:36,063][flwr][INFO] - fit progress: (52, 258.317474078387, {'accuracy': 0.6655}, 52.53453804098535)
[2026-01-15 10:51:36,063][flwr][INFO] - evaluate_round 52: no clients selected, cancel
[2026-01-15 10:51:36,064][flwr][DEBUG] - fit_round 53: strategy sampled 5 clients (out of 20)
[2026-01-15 10:51:36,829][flwr][DEBUG] - fit_round 53 received 5 results and 0 failures
[2026-01-15 10:51:36,902][flwr][INFO] - fit progress: (53, 214.65010141208768, {'accuracy': 0.6655}, 53.373257707979064)
[2026-01-15 10:51:36,902][flwr][INFO] - evaluate_round 53: no clients selected, cancel
[2026-01-15 10:51:36,902][flwr][DEBUG] - fit_round 54: strategy sampled 5 clients (out of 20)
[2026-01-15 10:51:37,726][flwr][DEBUG] - fit_round 54 received 5 results and 0 failures
[2026-01-15 10:51:37,848][flwr][INFO] - fit progress: (54, 225.1213351637125, {'accuracy': 0.665}, 54.318904290994396)
[2026-01-15 10:51:37,848][flwr][INFO] - evaluate_round 54: no clients selected, cancel
[2026-01-15 10:51:37,848][flwr][DEBUG] - fit_round 55: strategy sampled 5 clients (out of 20)
[2026-01-15 10:51:38,637][flwr][DEBUG] - fit_round 55 received 5 results and 0 failures
[2026-01-15 10:51:38,714][flwr][INFO] - fit progress: (55, 194.52762414887547, {'accuracy': 0.6655}, 55.18512858299073)
[2026-01-15 10:51:38,714][flwr][INFO] - evaluate_round 55: no clients selected, cancel
[2026-01-15 10:51:38,714][flwr][DEBUG] - fit_round 56: strategy sampled 5 clients (out of 20)
[2026-01-15 10:51:39,561][flwr][DEBUG] - fit_round 56 received 5 results and 0 failures
[2026-01-15 10:51:39,643][flwr][INFO] - fit progress: (56, 202.75429624319077, {'accuracy': 0.5775}, 56.11399233300472)
[2026-01-15 10:51:39,643][flwr][INFO] - evaluate_round 56: no clients selected, cancel
[2026-01-15 10:51:39,643][flwr][DEBUG] - fit_round 57: strategy sampled 5 clients (out of 20)
[2026-01-15 10:51:40,504][flwr][DEBUG] - fit_round 57 received 5 results and 0 failures
[2026-01-15 10:51:40,581][flwr][INFO] - fit progress: (57, 140.46715804934502, {'accuracy': 0.664}, 57.052068207995035)
[2026-01-15 10:51:40,581][flwr][INFO] - evaluate_round 57: no clients selected, cancel
[2026-01-15 10:51:40,581][flwr][DEBUG] - fit_round 58: strategy sampled 5 clients (out of 20)
[2026-01-15 10:51:41,347][flwr][DEBUG] - fit_round 58 received 5 results and 0 failures
[2026-01-15 10:51:41,421][flwr][INFO] - fit progress: (58, 190.41112211346626, {'accuracy': 0.666}, 57.89250324998284)
[2026-01-15 10:51:41,421][flwr][INFO] - evaluate_round 58: no clients selected, cancel
[2026-01-15 10:51:41,422][flwr][DEBUG] - fit_round 59: strategy sampled 5 clients (out of 20)
[2026-01-15 10:51:42,260][flwr][DEBUG] - fit_round 59 received 5 results and 0 failures
[2026-01-15 10:51:42,333][flwr][INFO] - fit progress: (59, 163.53786312788725, {'accuracy': 0.6645}, 58.80394812498707)
[2026-01-15 10:51:42,333][flwr][INFO] - evaluate_round 59: no clients selected, cancel
[2026-01-15 10:51:42,333][flwr][DEBUG] - fit_round 60: strategy sampled 5 clients (out of 20)
[2026-01-15 10:51:43,171][flwr][DEBUG] - fit_round 60 received 5 results and 0 failures
[2026-01-15 10:51:43,244][flwr][INFO] - fit progress: (60, 177.3949371278286, {'accuracy': 0.638}, 59.714937790995464)
[2026-01-15 10:51:43,244][flwr][INFO] - evaluate_round 60: no clients selected, cancel
[2026-01-15 10:51:43,244][flwr][DEBUG] - fit_round 61: strategy sampled 5 clients (out of 20)
[2026-01-15 10:51:44,116][flwr][DEBUG] - fit_round 61 received 5 results and 0 failures
[2026-01-15 10:51:44,196][flwr][INFO] - fit progress: (61, 137.14812794327736, {'accuracy': 0.651}, 60.66745887498837)
[2026-01-15 10:51:44,196][flwr][INFO] - evaluate_round 61: no clients selected, cancel
[2026-01-15 10:51:44,197][flwr][DEBUG] - fit_round 62: strategy sampled 5 clients (out of 20)
[2026-01-15 10:51:45,101][flwr][DEBUG] - fit_round 62 received 5 results and 0 failures
[2026-01-15 10:51:45,182][flwr][INFO] - fit progress: (62, 192.66884583234787, {'accuracy': 0.6375}, 61.65312437500688)
[2026-01-15 10:51:45,182][flwr][INFO] - evaluate_round 62: no clients selected, cancel
[2026-01-15 10:51:45,182][flwr][DEBUG] - fit_round 63: strategy sampled 5 clients (out of 20)
[2026-01-15 10:51:46,060][flwr][DEBUG] - fit_round 63 received 5 results and 0 failures
[2026-01-15 10:51:46,136][flwr][INFO] - fit progress: (63, 188.5185622572899, {'accuracy': 0.639}, 62.607179082988296)
[2026-01-15 10:51:46,136][flwr][INFO] - evaluate_round 63: no clients selected, cancel
[2026-01-15 10:51:46,136][flwr][DEBUG] - fit_round 64: strategy sampled 5 clients (out of 20)
[2026-01-15 10:51:46,984][flwr][DEBUG] - fit_round 64 received 5 results and 0 failures
[2026-01-15 10:51:47,058][flwr][INFO] - fit progress: (64, 144.70890247821808, {'accuracy': 0.639}, 63.52887570799794)
[2026-01-15 10:51:47,058][flwr][INFO] - evaluate_round 64: no clients selected, cancel
[2026-01-15 10:51:47,058][flwr][DEBUG] - fit_round 65: strategy sampled 5 clients (out of 20)
[2026-01-15 10:51:47,912][flwr][DEBUG] - fit_round 65 received 5 results and 0 failures
[2026-01-15 10:51:47,992][flwr][INFO] - fit progress: (65, 136.73969180881977, {'accuracy': 0.6635}, 64.46338341600494)
[2026-01-15 10:51:47,992][flwr][INFO] - evaluate_round 65: no clients selected, cancel
[2026-01-15 10:51:47,992][flwr][DEBUG] - fit_round 66: strategy sampled 5 clients (out of 20)
[2026-01-15 10:51:48,781][flwr][DEBUG] - fit_round 66 received 5 results and 0 failures
[2026-01-15 10:51:48,866][flwr][INFO] - fit progress: (66, 159.55331912636757, {'accuracy': 0.6645}, 65.33778054098366)
[2026-01-15 10:51:48,867][flwr][INFO] - evaluate_round 66: no clients selected, cancel
[2026-01-15 10:51:48,867][flwr][DEBUG] - fit_round 67: strategy sampled 5 clients (out of 20)
[2026-01-15 10:51:50,074][flwr][DEBUG] - fit_round 67 received 5 results and 0 failures
[2026-01-15 10:51:50,154][flwr][INFO] - fit progress: (67, 232.36262796260417, {'accuracy': 0.6655}, 66.62574112499715)
[2026-01-15 10:51:50,155][flwr][INFO] - evaluate_round 67: no clients selected, cancel
[2026-01-15 10:51:50,155][flwr][DEBUG] - fit_round 68: strategy sampled 5 clients (out of 20)
[2026-01-15 10:51:51,251][flwr][DEBUG] - fit_round 68 received 5 results and 0 failures
[2026-01-15 10:51:51,328][flwr][INFO] - fit progress: (68, 135.21083842217922, {'accuracy': 0.6615}, 67.79914708298747)
[2026-01-15 10:51:51,328][flwr][INFO] - evaluate_round 68: no clients selected, cancel
[2026-01-15 10:51:51,328][flwr][DEBUG] - fit_round 69: strategy sampled 5 clients (out of 20)
[2026-01-15 10:51:52,195][flwr][DEBUG] - fit_round 69 received 5 results and 0 failures
[2026-01-15 10:51:52,282][flwr][INFO] - fit progress: (69, 202.62372102960944, {'accuracy': 0.6645}, 68.75333812498138)
[2026-01-15 10:51:52,282][flwr][INFO] - evaluate_round 69: no clients selected, cancel
[2026-01-15 10:51:52,283][flwr][DEBUG] - fit_round 70: strategy sampled 5 clients (out of 20)
[2026-01-15 10:51:53,361][flwr][DEBUG] - fit_round 70 received 5 results and 0 failures
[2026-01-15 10:51:53,439][flwr][INFO] - fit progress: (70, 138.63373993337154, {'accuracy': 0.6625}, 69.91049199999543)
[2026-01-15 10:51:53,439][flwr][INFO] - evaluate_round 70: no clients selected, cancel
[2026-01-15 10:51:53,440][flwr][DEBUG] - fit_round 71: strategy sampled 5 clients (out of 20)
[2026-01-15 10:51:54,373][flwr][DEBUG] - fit_round 71 received 5 results and 0 failures
[2026-01-15 10:51:54,451][flwr][INFO] - fit progress: (71, 139.56258776783943, {'accuracy': 0.664}, 70.9226615410007)
[2026-01-15 10:51:54,452][flwr][INFO] - evaluate_round 71: no clients selected, cancel
[2026-01-15 10:51:54,452][flwr][DEBUG] - fit_round 72: strategy sampled 5 clients (out of 20)
[2026-01-15 10:51:55,480][flwr][DEBUG] - fit_round 72 received 5 results and 0 failures
[2026-01-15 10:51:55,564][flwr][INFO] - fit progress: (72, 141.08896718919277, {'accuracy': 0.6645}, 72.03527624998242)
[2026-01-15 10:51:55,564][flwr][INFO] - evaluate_round 72: no clients selected, cancel
[2026-01-15 10:51:55,565][flwr][DEBUG] - fit_round 73: strategy sampled 5 clients (out of 20)
[2026-01-15 10:51:56,498][flwr][DEBUG] - fit_round 73 received 5 results and 0 failures
[2026-01-15 10:51:56,571][flwr][INFO] - fit progress: (73, 134.91877727210522, {'accuracy': 0.6625}, 73.04232387497905)
[2026-01-15 10:51:56,571][flwr][INFO] - evaluate_round 73: no clients selected, cancel
[2026-01-15 10:51:56,571][flwr][DEBUG] - fit_round 74: strategy sampled 5 clients (out of 20)
[2026-01-15 10:51:57,513][flwr][DEBUG] - fit_round 74 received 5 results and 0 failures
[2026-01-15 10:51:57,592][flwr][INFO] - fit progress: (74, 138.1156688258052, {'accuracy': 0.6395}, 74.06281916599255)
[2026-01-15 10:51:57,592][flwr][INFO] - evaluate_round 74: no clients selected, cancel
[2026-01-15 10:51:57,592][flwr][DEBUG] - fit_round 75: strategy sampled 5 clients (out of 20)
[2026-01-15 10:51:58,413][flwr][DEBUG] - fit_round 75 received 5 results and 0 failures
[2026-01-15 10:51:58,485][flwr][INFO] - fit progress: (75, 198.8965090289712, {'accuracy': 0.6645}, 74.95621775000473)
[2026-01-15 10:51:58,485][flwr][INFO] - evaluate_round 75: no clients selected, cancel
[2026-01-15 10:51:58,485][flwr][DEBUG] - fit_round 76: strategy sampled 5 clients (out of 20)
[2026-01-15 10:51:59,390][flwr][DEBUG] - fit_round 76 received 5 results and 0 failures
[2026-01-15 10:51:59,464][flwr][INFO] - fit progress: (76, 146.92227293550968, {'accuracy': 0.639}, 75.93525312500424)
[2026-01-15 10:51:59,464][flwr][INFO] - evaluate_round 76: no clients selected, cancel
[2026-01-15 10:51:59,464][flwr][DEBUG] - fit_round 77: strategy sampled 5 clients (out of 20)
[2026-01-15 10:52:00,434][flwr][DEBUG] - fit_round 77 received 5 results and 0 failures
[2026-01-15 10:52:00,508][flwr][INFO] - fit progress: (77, 196.77281265705824, {'accuracy': 0.6385}, 76.97951341597945)
[2026-01-15 10:52:00,508][flwr][INFO] - evaluate_round 77: no clients selected, cancel
[2026-01-15 10:52:00,509][flwr][DEBUG] - fit_round 78: strategy sampled 5 clients (out of 20)
[2026-01-15 10:52:01,392][flwr][DEBUG] - fit_round 78 received 5 results and 0 failures
[2026-01-15 10:52:01,530][flwr][INFO] - fit progress: (78, 139.14877140522003, {'accuracy': 0.639}, 78.00098662500386)
[2026-01-15 10:52:01,530][flwr][INFO] - evaluate_round 78: no clients selected, cancel
[2026-01-15 10:52:01,530][flwr][DEBUG] - fit_round 79: strategy sampled 5 clients (out of 20)
[2026-01-15 10:52:02,425][flwr][DEBUG] - fit_round 79 received 5 results and 0 failures
[2026-01-15 10:52:02,499][flwr][INFO] - fit progress: (79, 292.6493438780308, {'accuracy': 0.637}, 78.9699087079789)
[2026-01-15 10:52:02,499][flwr][INFO] - evaluate_round 79: no clients selected, cancel
[2026-01-15 10:52:02,499][flwr][DEBUG] - fit_round 80: strategy sampled 5 clients (out of 20)
[2026-01-15 10:52:03,312][flwr][DEBUG] - fit_round 80 received 5 results and 0 failures
[2026-01-15 10:52:03,388][flwr][INFO] - fit progress: (80, 199.76474022492766, {'accuracy': 0.6645}, 79.8593496249814)
[2026-01-15 10:52:03,388][flwr][INFO] - evaluate_round 80: no clients selected, cancel
[2026-01-15 10:52:03,388][flwr][DEBUG] - fit_round 81: strategy sampled 5 clients (out of 20)
[2026-01-15 10:52:04,295][flwr][DEBUG] - fit_round 81 received 5 results and 0 failures
[2026-01-15 10:52:04,367][flwr][INFO] - fit progress: (81, 222.81303177773952, {'accuracy': 0.6375}, 80.83866283300449)
[2026-01-15 10:52:04,367][flwr][INFO] - evaluate_round 81: no clients selected, cancel
[2026-01-15 10:52:04,368][flwr][DEBUG] - fit_round 82: strategy sampled 5 clients (out of 20)
[2026-01-15 10:52:05,276][flwr][DEBUG] - fit_round 82 received 5 results and 0 failures
[2026-01-15 10:52:05,349][flwr][INFO] - fit progress: (82, 142.90415860712528, {'accuracy': 0.665}, 81.81992962499498)
[2026-01-15 10:52:05,349][flwr][INFO] - evaluate_round 82: no clients selected, cancel
[2026-01-15 10:52:05,349][flwr][DEBUG] - fit_round 83: strategy sampled 5 clients (out of 20)
[2026-01-15 10:52:06,225][flwr][DEBUG] - fit_round 83 received 5 results and 0 failures
[2026-01-15 10:52:06,297][flwr][INFO] - fit progress: (83, 138.97045655548573, {'accuracy': 0.664}, 82.76847162499325)
[2026-01-15 10:52:06,297][flwr][INFO] - evaluate_round 83: no clients selected, cancel
[2026-01-15 10:52:06,298][flwr][DEBUG] - fit_round 84: strategy sampled 5 clients (out of 20)
[2026-01-15 10:52:07,077][flwr][DEBUG] - fit_round 84 received 5 results and 0 failures
[2026-01-15 10:52:07,150][flwr][INFO] - fit progress: (84, 143.6841562539339, {'accuracy': 0.6645}, 83.62101204099599)
[2026-01-15 10:52:07,150][flwr][INFO] - evaluate_round 84: no clients selected, cancel
[2026-01-15 10:52:07,150][flwr][DEBUG] - fit_round 85: strategy sampled 5 clients (out of 20)
[2026-01-15 10:52:08,019][flwr][DEBUG] - fit_round 85 received 5 results and 0 failures
[2026-01-15 10:52:08,094][flwr][INFO] - fit progress: (85, 176.29077385365963, {'accuracy': 0.6655}, 84.56528591600363)
[2026-01-15 10:52:08,094][flwr][INFO] - evaluate_round 85: no clients selected, cancel
[2026-01-15 10:52:08,094][flwr][DEBUG] - fit_round 86: strategy sampled 5 clients (out of 20)
[2026-01-15 10:52:09,007][flwr][DEBUG] - fit_round 86 received 5 results and 0 failures
[2026-01-15 10:52:09,082][flwr][INFO] - fit progress: (86, 152.84353920072317, {'accuracy': 0.6655}, 85.55366154099465)
[2026-01-15 10:52:09,083][flwr][INFO] - evaluate_round 86: no clients selected, cancel
[2026-01-15 10:52:09,083][flwr][DEBUG] - fit_round 87: strategy sampled 5 clients (out of 20)
[2026-01-15 10:52:10,226][flwr][DEBUG] - fit_round 87 received 5 results and 0 failures
[2026-01-15 10:52:10,298][flwr][INFO] - fit progress: (87, 175.37207953631878, {'accuracy': 0.6385}, 86.76960933298687)
[2026-01-15 10:52:10,298][flwr][INFO] - evaluate_round 87: no clients selected, cancel
[2026-01-15 10:52:10,299][flwr][DEBUG] - fit_round 88: strategy sampled 5 clients (out of 20)
[2026-01-15 10:52:11,087][flwr][DEBUG] - fit_round 88 received 5 results and 0 failures
[2026-01-15 10:52:11,160][flwr][INFO] - fit progress: (88, 266.7984160054475, {'accuracy': 0.665}, 87.63152283299132)
[2026-01-15 10:52:11,160][flwr][INFO] - evaluate_round 88: no clients selected, cancel
[2026-01-15 10:52:11,161][flwr][DEBUG] - fit_round 89: strategy sampled 5 clients (out of 20)
[2026-01-15 10:52:12,027][flwr][DEBUG] - fit_round 89 received 5 results and 0 failures
[2026-01-15 10:52:12,100][flwr][INFO] - fit progress: (89, 136.58771732449532, {'accuracy': 0.6635}, 88.5709630829806)
[2026-01-15 10:52:12,100][flwr][INFO] - evaluate_round 89: no clients selected, cancel
[2026-01-15 10:52:12,100][flwr][DEBUG] - fit_round 90: strategy sampled 5 clients (out of 20)
[2026-01-15 10:52:13,065][flwr][DEBUG] - fit_round 90 received 5 results and 0 failures
[2026-01-15 10:52:13,148][flwr][INFO] - fit progress: (90, 203.96525265276432, {'accuracy': 0.6375}, 89.61904541598051)
[2026-01-15 10:52:13,148][flwr][INFO] - evaluate_round 90: no clients selected, cancel
[2026-01-15 10:52:13,148][flwr][DEBUG] - fit_round 91: strategy sampled 5 clients (out of 20)
[2026-01-15 10:52:14,035][flwr][DEBUG] - fit_round 91 received 5 results and 0 failures
[2026-01-15 10:52:14,107][flwr][INFO] - fit progress: (91, 255.4131829328835, {'accuracy': 0.6655}, 90.57872645798489)
[2026-01-15 10:52:14,108][flwr][INFO] - evaluate_round 91: no clients selected, cancel
[2026-01-15 10:52:14,108][flwr][DEBUG] - fit_round 92: strategy sampled 5 clients (out of 20)
[2026-01-15 10:52:15,005][flwr][DEBUG] - fit_round 92 received 5 results and 0 failures
[2026-01-15 10:52:15,087][flwr][INFO] - fit progress: (92, 158.90877306461334, {'accuracy': 0.639}, 91.5586370829842)
[2026-01-15 10:52:15,087][flwr][INFO] - evaluate_round 92: no clients selected, cancel
[2026-01-15 10:52:15,088][flwr][DEBUG] - fit_round 93: strategy sampled 5 clients (out of 20)
[2026-01-15 10:52:15,920][flwr][DEBUG] - fit_round 93 received 5 results and 0 failures
[2026-01-15 10:52:15,994][flwr][INFO] - fit progress: (93, 181.10099835693836, {'accuracy': 0.666}, 92.46524195797974)
[2026-01-15 10:52:15,994][flwr][INFO] - evaluate_round 93: no clients selected, cancel
[2026-01-15 10:52:15,994][flwr][DEBUG] - fit_round 94: strategy sampled 5 clients (out of 20)
[2026-01-15 10:52:17,023][flwr][DEBUG] - fit_round 94 received 5 results and 0 failures
[2026-01-15 10:52:17,098][flwr][INFO] - fit progress: (94, 154.67890146374702, {'accuracy': 0.637}, 93.56966904099681)
[2026-01-15 10:52:17,099][flwr][INFO] - evaluate_round 94: no clients selected, cancel
[2026-01-15 10:52:17,099][flwr][DEBUG] - fit_round 95: strategy sampled 5 clients (out of 20)
[2026-01-15 10:52:17,946][flwr][DEBUG] - fit_round 95 received 5 results and 0 failures
[2026-01-15 10:52:18,028][flwr][INFO] - fit progress: (95, 167.49286025762558, {'accuracy': 0.666}, 94.49946591598564)
[2026-01-15 10:52:18,028][flwr][INFO] - evaluate_round 95: no clients selected, cancel
[2026-01-15 10:52:18,029][flwr][DEBUG] - fit_round 96: strategy sampled 5 clients (out of 20)
[2026-01-15 10:52:19,592][flwr][DEBUG] - fit_round 96 received 5 results and 0 failures
[2026-01-15 10:52:19,672][flwr][INFO] - fit progress: (96, 148.64925180375576, {'accuracy': 0.6635}, 96.14353962498717)
[2026-01-15 10:52:19,672][flwr][INFO] - evaluate_round 96: no clients selected, cancel
[2026-01-15 10:52:19,673][flwr][DEBUG] - fit_round 97: strategy sampled 5 clients (out of 20)
[2026-01-15 10:52:20,588][flwr][DEBUG] - fit_round 97 received 5 results and 0 failures
[2026-01-15 10:52:20,663][flwr][INFO] - fit progress: (97, 148.6684164777398, {'accuracy': 0.664}, 97.13415970798815)
[2026-01-15 10:52:20,663][flwr][INFO] - evaluate_round 97: no clients selected, cancel
[2026-01-15 10:52:20,663][flwr][DEBUG] - fit_round 98: strategy sampled 5 clients (out of 20)
[2026-01-15 10:52:21,597][flwr][DEBUG] - fit_round 98 received 5 results and 0 failures
[2026-01-15 10:52:21,678][flwr][INFO] - fit progress: (98, 155.58043628931046, {'accuracy': 0.639}, 98.14924091598368)
[2026-01-15 10:52:21,678][flwr][INFO] - evaluate_round 98: no clients selected, cancel
[2026-01-15 10:52:21,678][flwr][DEBUG] - fit_round 99: strategy sampled 5 clients (out of 20)
[2026-01-15 10:52:22,583][flwr][DEBUG] - fit_round 99 received 5 results and 0 failures
[2026-01-15 10:52:22,658][flwr][INFO] - fit progress: (99, 145.9594298452139, {'accuracy': 0.6645}, 99.12889312498737)
[2026-01-15 10:52:22,658][flwr][INFO] - evaluate_round 99: no clients selected, cancel
[2026-01-15 10:52:22,658][flwr][DEBUG] - fit_round 100: strategy sampled 5 clients (out of 20)
[2026-01-15 10:52:23,529][flwr][DEBUG] - fit_round 100 received 5 results and 0 failures
[2026-01-15 10:52:23,664][flwr][INFO] - fit progress: (100, 157.49617505818605, {'accuracy': 0.665}, 100.13487199999508)
[2026-01-15 10:52:23,664][flwr][INFO] - evaluate_round 100: no clients selected, cancel
[2026-01-15 10:52:23,664][flwr][INFO] - FL finished in 100.13528308298555
[2026-01-15 10:52:23,664][flwr][INFO] - app_fit: losses_distributed []
[2026-01-15 10:52:23,667][flwr][INFO] - app_fit: metrics_distributed_fit {'c_global_norm': [(1, 0.2001932228374744), (2, 0.17049119481478886), (3, 0.10811698708127), (4, 0.07196513139296425), (5, 0.06451510993263804), (6, 0.05635701783833908), (7, 0.05218709689336821), (8, 0.05856317738306303), (9, 0.04801829900903776), (10, 0.05298343621313176), (11, 0.04319657907791472), (12, 0.04219830252752882), (13, 0.03626929319086136), (14, 0.041467892520412615), (15, 0.03992622470748922), (16, 0.041643489731389365), (17, 0.046653225506040084), (18, 0.03825461322685286), (19, 0.035769707312158526), (20, 0.0333521222059918), (21, 0.03557542705632371), (22, 0.026794997625616563), (23, 0.03373168668733175), (24, 0.04009939095054573), (25, 0.03353261840836259), (26, 0.03169802306216581), (27, 0.04925377315371909), (28, 0.03749941783325819), (29, 0.031074648915284612), (30, 0.026956549119515096), (31, 0.03710645931312188), (32, 0.03601370915165815), (33, 0.024338298811870447), (34, 0.02177782412869026), (35, 0.02693156653854046), (36, 0.028390734453768572), (37, 0.021538858156554066), (38, 0.02238812169873831), (39, 0.022521873490211015), (40, 0.024083143273697566), (41, 0.021156649364175686), (42, 0.01936480167011501), (43, 0.01997756814886095), (44, 0.016827792849709616), (45, 0.017022161689045516), (46, 0.022619363805761197), (47, 0.017147255927346478), (48, 0.028332570776099783), (49, 0.02237413850597812), (50, 0.023089011548441445), (51, 0.02011271318013817), (52, 0.02500894324408427), (53, 0.0354336955523787), (54, 0.04500107286319814), (55, 0.058608811405082), (56, 0.033933221731786783), (57, 0.03921713650180859), (58, 0.05047339776144296), (59, 0.053470791165665894), (60, 0.05803668111514417), (61, 0.04195764652790196), (62, 0.034747460416618754), (63, 0.03515397207772296), (64, 0.028447687195216148), (65, 0.028202309366911253), (66, 0.0295832051040731), (67, 0.045715893301974814), (68, 0.0222473376480274), (69, 0.021650226091486414), (70, 0.022562455918956656), (71, 0.025454591107258572), (72, 0.021840925054726852), (73, 0.016272698205056453), (74, 0.015481589849167955), (75, 0.03440267751762651), (76, 0.019818948735866294), (77, 0.015883163350836893), (78, 0.016099664473681663), (79, 0.0174907417714585), (80, 0.033875813295072214), (81, 0.021055646953192293), (82, 0.019546870615802767), (83, 0.01673933589426438), (84, 0.014451224617854056), (85, 0.01921846583165018), (86, 0.021812943262858882), (87, 0.02293026020076752), (88, 0.04549272316826297), (89, 0.03838491290935447), (90, 0.016962481324784052), (91, 0.02847566429697819), (92, 0.020984313511379794), (93, 0.02319514635050951), (94, 0.018409701911006313), (95, 0.02125044224731947), (96, 0.01633337203800902), (97, 0.029840559475333078), (98, 0.014191367414225822), (99, 0.020482733441698795), (100, 0.025417977044239953)], 'num_clients': [(1, 5), (2, 5), (3, 5), (4, 5), (5, 5), (6, 5), (7, 5), (8, 5), (9, 5), (10, 5), (11, 5), (12, 5), (13, 5), (14, 5), (15, 5), (16, 5), (17, 5), (18, 5), (19, 5), (20, 5), (21, 5), (22, 5), (23, 5), (24, 5), (25, 5), (26, 5), (27, 5), (28, 5), (29, 5), (30, 5), (31, 5), (32, 5), (33, 5), (34, 5), (35, 5), (36, 5), (37, 5), (38, 5), (39, 5), (40, 5), (41, 5), (42, 5), (43, 5), (44, 5), (45, 5), (46, 5), (47, 5), (48, 5), (49, 5), (50, 5), (51, 5), (52, 5), (53, 5), (54, 5), (55, 5), (56, 5), (57, 5), (58, 5), (59, 5), (60, 5), (61, 5), (62, 5), (63, 5), (64, 5), (65, 5), (66, 5), (67, 5), (68, 5), (69, 5), (70, 5), (71, 5), (72, 5), (73, 5), (74, 5), (75, 5), (76, 5), (77, 5), (78, 5), (79, 5), (80, 5), (81, 5), (82, 5), (83, 5), (84, 5), (85, 5), (86, 5), (87, 5), (88, 5), (89, 5), (90, 5), (91, 5), (92, 5), (93, 5), (94, 5), (95, 5), (96, 5), (97, 5), (98, 5), (99, 5), (100, 5)]}
[2026-01-15 10:52:23,667][flwr][INFO] - app_fit: metrics_distributed {}
[2026-01-15 10:52:23,668][flwr][INFO] - app_fit: losses_centralized [(0, 275.8148798942566), (1, 185.8825308084488), (2, 160.00995215773582), (3, 200.071160890162), (4, 154.2204002290964), (5, 147.98904240876436), (6, 187.23196983337402), (7, 187.28465735912323), (8, 170.8670949935913), (9, 201.57950059324503), (10, 147.04434095323086), (11, 142.3915469199419), (12, 138.9764911979437), (13, 142.54453809559345), (14, 141.21664778143167), (15, 165.1797919794917), (16, 197.51202768087387), (17, 212.74449748545885), (18, 228.9892924502492), (19, 152.99434307217598), (20, 190.52373818308115), (21, 168.20057675987482), (22, 147.4124299287796), (23, 139.50705824792385), (24, 228.59320159256458), (25, 139.09756906330585), (26, 136.2645357698202), (27, 204.69351194053888), (28, 146.06686414778233), (29, 152.1015624180436), (30, 137.33353884518147), (31, 256.0406826250255), (32, 212.23894415423274), (33, 137.5777573287487), (34, 172.55994345992804), (35, 136.0459823012352), (36, 137.18296916782856), (37, 138.89620330929756), (38, 136.59741659462452), (39, 179.8287747129798), (40, 217.03994239494205), (41, 144.79392904043198), (42, 150.88727341592312), (43, 171.94856739789248), (44, 171.1792591959238), (45, 142.2609561085701), (46, 176.1183244138956), (47, 138.2248121649027), (48, 333.1460174806416), (49, 201.98388741910458), (50, 142.47839483618736), (51, 163.73144759237766), (52, 258.317474078387), (53, 214.65010141208768), (54, 225.1213351637125), (55, 194.52762414887547), (56, 202.75429624319077), (57, 140.46715804934502), (58, 190.41112211346626), (59, 163.53786312788725), (60, 177.3949371278286), (61, 137.14812794327736), (62, 192.66884583234787), (63, 188.5185622572899), (64, 144.70890247821808), (65, 136.73969180881977), (66, 159.55331912636757), (67, 232.36262796260417), (68, 135.21083842217922), (69, 202.62372102960944), (70, 138.63373993337154), (71, 139.56258776783943), (72, 141.08896718919277), (73, 134.91877727210522), (74, 138.1156688258052), (75, 198.8965090289712), (76, 146.92227293550968), (77, 196.77281265705824), (78, 139.14877140522003), (79, 292.6493438780308), (80, 199.76474022492766), (81, 222.81303177773952), (82, 142.90415860712528), (83, 138.97045655548573), (84, 143.6841562539339), (85, 176.29077385365963), (86, 152.84353920072317), (87, 175.37207953631878), (88, 266.7984160054475), (89, 136.58771732449532), (90, 203.96525265276432), (91, 255.4131829328835), (92, 158.90877306461334), (93, 181.10099835693836), (94, 154.67890146374702), (95, 167.49286025762558), (96, 148.64925180375576), (97, 148.6684164777398), (98, 155.58043628931046), (99, 145.9594298452139), (100, 157.49617505818605)]
[2026-01-15 10:52:23,668][flwr][INFO] - app_fit: metrics_centralized {'accuracy': [(0, 0.3415), (1, 0.59), (2, 0.636), (3, 0.6365), (4, 0.6325), (5, 0.6565), (6, 0.66), (7, 0.6565), (8, 0.6485), (9, 0.6585), (10, 0.66), (11, 0.6355), (12, 0.6585), (13, 0.6355), (14, 0.6605), (15, 0.6615), (16, 0.627), (17, 0.6635), (18, 0.664), (19, 0.6345), (20, 0.6375), (21, 0.6615), (22, 0.66), (23, 0.6635), (24, 0.6645), (25, 0.664), (26, 0.663), (27, 0.6645), (28, 0.6395), (29, 0.666), (30, 0.661), (31, 0.6655), (32, 0.665), (33, 0.64), (34, 0.666), (35, 0.6655), (36, 0.639), (37, 0.638), (38, 0.6385), (39, 0.666), (40, 0.665), (41, 0.6395), (42, 0.665), (43, 0.665), (44, 0.6655), (45, 0.639), (46, 0.665), (47, 0.6655), (48, 0.6645), (49, 0.6645), (50, 0.6625), (51, 0.665), (52, 0.6655), (53, 0.6655), (54, 0.665), (55, 0.6655), (56, 0.5775), (57, 0.664), (58, 0.666), (59, 0.6645), (60, 0.638), (61, 0.651), (62, 0.6375), (63, 0.639), (64, 0.639), (65, 0.6635), (66, 0.6645), (67, 0.6655), (68, 0.6615), (69, 0.6645), (70, 0.6625), (71, 0.664), (72, 0.6645), (73, 0.6625), (74, 0.6395), (75, 0.6645), (76, 0.639), (77, 0.6385), (78, 0.639), (79, 0.637), (80, 0.6645), (81, 0.6375), (82, 0.665), (83, 0.664), (84, 0.6645), (85, 0.6655), (86, 0.6655), (87, 0.6385), (88, 0.665), (89, 0.6635), (90, 0.6375), (91, 0.6655), (92, 0.639), (93, 0.666), (94, 0.637), (95, 0.666), (96, 0.6635), (97, 0.664), (98, 0.639), (99, 0.6645), (100, 0.665)]}
[2026-01-15 10:52:23,810][flwr][INFO] - Starting Flower simulation, config: ServerConfig(num_rounds=100, round_timeout=None)
[2026-01-15 10:52:31,823][flwr][INFO] - Flower VCE: Ray initialized with resources: {'object_store_memory': 2147483648.0, 'memory': 12124974285.0, 'node:127.0.0.1': 1.0, 'CPU': 10.0}
[2026-01-15 10:52:31,824][flwr][INFO] - Initializing global parameters
[2026-01-15 10:52:31,824][flwr][INFO] - Using initial parameters provided by strategy
[2026-01-15 10:52:31,824][flwr][INFO] - Evaluating initial parameters
[2026-01-15 10:52:31,911][flwr][INFO] - initial parameters (loss, other metrics): 275.8148798942566, {'accuracy': 0.3415}
[2026-01-15 10:52:31,911][flwr][INFO] - FL starting
[2026-01-15 10:52:31,913][flwr][DEBUG] - fit_round 1: strategy sampled 5 clients (out of 20)
[2026-01-15 10:52:37,008][flwr][DEBUG] - fit_round 1 received 5 results and 0 failures
[2026-01-15 10:52:37,098][flwr][INFO] - fit progress: (1, 219.1665862351656, {'accuracy': 0.6115}, 5.186571124999318)
[2026-01-15 10:52:37,098][flwr][INFO] - evaluate_round 1: no clients selected, cancel
[2026-01-15 10:52:37,100][flwr][DEBUG] - fit_round 2: strategy sampled 5 clients (out of 20)
[2026-01-15 10:52:38,015][flwr][DEBUG] - fit_round 2 received 5 results and 0 failures
[2026-01-15 10:52:38,092][flwr][INFO] - fit progress: (2, 195.61735294759274, {'accuracy': 0.593}, 6.180999208998401)
[2026-01-15 10:52:38,092][flwr][INFO] - evaluate_round 2: no clients selected, cancel
[2026-01-15 10:52:38,093][flwr][DEBUG] - fit_round 3: strategy sampled 5 clients (out of 20)
[2026-01-15 10:52:38,954][flwr][DEBUG] - fit_round 3 received 5 results and 0 failures
[2026-01-15 10:52:39,031][flwr][INFO] - fit progress: (3, 194.18861428648233, {'accuracy': 0.6325}, 7.1197945839958265)
[2026-01-15 10:52:39,031][flwr][INFO] - evaluate_round 3: no clients selected, cancel
[2026-01-15 10:52:39,032][flwr][DEBUG] - fit_round 4: strategy sampled 5 clients (out of 20)
[2026-01-15 10:52:39,985][flwr][DEBUG] - fit_round 4 received 5 results and 0 failures
[2026-01-15 10:52:40,061][flwr][INFO] - fit progress: (4, 253.86362343654037, {'accuracy': 0.6215}, 8.150103249994572)
[2026-01-15 10:52:40,061][flwr][INFO] - evaluate_round 4: no clients selected, cancel
[2026-01-15 10:52:40,062][flwr][DEBUG] - fit_round 5: strategy sampled 5 clients (out of 20)
[2026-01-15 10:52:41,010][flwr][DEBUG] - fit_round 5 received 5 results and 0 failures
[2026-01-15 10:52:41,085][flwr][INFO] - fit progress: (5, 160.14526163041592, {'accuracy': 0.6545}, 9.17395129200304)
[2026-01-15 10:52:41,085][flwr][INFO] - evaluate_round 5: no clients selected, cancel
[2026-01-15 10:52:41,086][flwr][DEBUG] - fit_round 6: strategy sampled 5 clients (out of 20)
[2026-01-15 10:52:41,851][flwr][DEBUG] - fit_round 6 received 5 results and 0 failures
[2026-01-15 10:52:41,928][flwr][INFO] - fit progress: (6, 497.2023362861946, {'accuracy': 0.6565}, 10.017011709016515)
[2026-01-15 10:52:41,928][flwr][INFO] - evaluate_round 6: no clients selected, cancel
[2026-01-15 10:52:41,929][flwr][DEBUG] - fit_round 7: strategy sampled 5 clients (out of 20)
[2026-01-15 10:52:42,806][flwr][DEBUG] - fit_round 7 received 5 results and 0 failures
[2026-01-15 10:52:42,889][flwr][INFO] - fit progress: (7, 343.194466099143, {'accuracy': 0.6505}, 10.978175958996871)
[2026-01-15 10:52:42,889][flwr][INFO] - evaluate_round 7: no clients selected, cancel
[2026-01-15 10:52:42,891][flwr][DEBUG] - fit_round 8: strategy sampled 5 clients (out of 20)
[2026-01-15 10:52:43,711][flwr][DEBUG] - fit_round 8 received 5 results and 0 failures
[2026-01-15 10:52:43,795][flwr][INFO] - fit progress: (8, 158.40018719434738, {'accuracy': 0.647}, 11.883977834018879)
[2026-01-15 10:52:43,795][flwr][INFO] - evaluate_round 8: no clients selected, cancel
[2026-01-15 10:52:43,796][flwr][DEBUG] - fit_round 9: strategy sampled 5 clients (out of 20)
[2026-01-15 10:52:44,748][flwr][DEBUG] - fit_round 9 received 5 results and 0 failures
[2026-01-15 10:52:44,828][flwr][INFO] - fit progress: (9, 138.8806174620986, {'accuracy': 0.6615}, 12.916912042011973)
[2026-01-15 10:52:44,828][flwr][INFO] - evaluate_round 9: no clients selected, cancel
[2026-01-15 10:52:44,829][flwr][DEBUG] - fit_round 10: strategy sampled 5 clients (out of 20)
[2026-01-15 10:52:45,783][flwr][DEBUG] - fit_round 10 received 5 results and 0 failures
[2026-01-15 10:52:45,861][flwr][INFO] - fit progress: (10, 240.13782471045852, {'accuracy': 0.661}, 13.950516584009165)
[2026-01-15 10:52:45,862][flwr][INFO] - evaluate_round 10: no clients selected, cancel
[2026-01-15 10:52:45,863][flwr][DEBUG] - fit_round 11: strategy sampled 5 clients (out of 20)
[2026-01-15 10:52:46,847][flwr][DEBUG] - fit_round 11 received 5 results and 0 failures
[2026-01-15 10:52:46,933][flwr][INFO] - fit progress: (11, 174.3523771390319, {'accuracy': 0.657}, 15.021916541998507)
[2026-01-15 10:52:46,933][flwr][INFO] - evaluate_round 11: no clients selected, cancel
[2026-01-15 10:52:46,935][flwr][DEBUG] - fit_round 12: strategy sampled 5 clients (out of 20)
[2026-01-15 10:52:47,843][flwr][DEBUG] - fit_round 12 received 5 results and 0 failures
[2026-01-15 10:52:47,926][flwr][INFO] - fit progress: (12, 264.82704240083694, {'accuracy': 0.448}, 16.014650791999884)
[2026-01-15 10:52:47,926][flwr][INFO] - evaluate_round 12: no clients selected, cancel
[2026-01-15 10:52:47,927][flwr][DEBUG] - fit_round 13: strategy sampled 5 clients (out of 20)
[2026-01-15 10:52:48,835][flwr][DEBUG] - fit_round 13 received 5 results and 0 failures
[2026-01-15 10:52:49,012][flwr][INFO] - fit progress: (13, 172.9289547279477, {'accuracy': 0.6375}, 17.100969209015602)
[2026-01-15 10:52:49,013][flwr][INFO] - evaluate_round 13: no clients selected, cancel
[2026-01-15 10:52:49,016][flwr][DEBUG] - fit_round 14: strategy sampled 5 clients (out of 20)
[2026-01-15 10:52:51,064][flwr][DEBUG] - fit_round 14 received 5 results and 0 failures
[2026-01-15 10:52:51,165][flwr][INFO] - fit progress: (14, 142.58714043349028, {'accuracy': 0.6625}, 19.254267167008948)
[2026-01-15 10:52:51,165][flwr][INFO] - evaluate_round 14: no clients selected, cancel
[2026-01-15 10:52:51,169][flwr][DEBUG] - fit_round 15: strategy sampled 5 clients (out of 20)
[2026-01-15 10:52:52,567][flwr][DEBUG] - fit_round 15 received 5 results and 0 failures
[2026-01-15 10:52:52,674][flwr][INFO] - fit progress: (15, 160.2142317891121, {'accuracy': 0.6585}, 20.762814500019886)
[2026-01-15 10:52:52,674][flwr][INFO] - evaluate_round 15: no clients selected, cancel
[2026-01-15 10:52:52,677][flwr][DEBUG] - fit_round 16: strategy sampled 5 clients (out of 20)
[2026-01-15 10:52:54,946][flwr][DEBUG] - fit_round 16 received 5 results and 0 failures
[2026-01-15 10:52:55,029][flwr][INFO] - fit progress: (16, 170.5233029872179, {'accuracy': 0.6615}, 23.117846459004795)
[2026-01-15 10:52:55,029][flwr][INFO] - evaluate_round 16: no clients selected, cancel
[2026-01-15 10:52:55,030][flwr][DEBUG] - fit_round 17: strategy sampled 5 clients (out of 20)
[2026-01-15 10:52:56,927][flwr][DEBUG] - fit_round 17 received 5 results and 0 failures
[2026-01-15 10:52:57,005][flwr][INFO] - fit progress: (17, 139.09834660589695, {'accuracy': 0.6345}, 25.093976375006605)
[2026-01-15 10:52:57,005][flwr][INFO] - evaluate_round 17: no clients selected, cancel
[2026-01-15 10:52:57,006][flwr][DEBUG] - fit_round 18: strategy sampled 5 clients (out of 20)
[2026-01-15 10:52:58,716][flwr][DEBUG] - fit_round 18 received 5 results and 0 failures
[2026-01-15 10:52:58,793][flwr][INFO] - fit progress: (18, 179.95956985652447, {'accuracy': 0.6635}, 26.882359875016846)
[2026-01-15 10:52:58,794][flwr][INFO] - evaluate_round 18: no clients selected, cancel
[2026-01-15 10:52:58,795][flwr][DEBUG] - fit_round 19: strategy sampled 5 clients (out of 20)
[2026-01-15 10:53:00,423][flwr][DEBUG] - fit_round 19 received 5 results and 0 failures
[2026-01-15 10:53:00,498][flwr][INFO] - fit progress: (19, 386.7897039237432, {'accuracy': 0.661}, 28.58752466700389)
[2026-01-15 10:53:00,499][flwr][INFO] - evaluate_round 19: no clients selected, cancel
[2026-01-15 10:53:00,500][flwr][DEBUG] - fit_round 20: strategy sampled 5 clients (out of 20)
[2026-01-15 10:53:02,317][flwr][DEBUG] - fit_round 20 received 5 results and 0 failures
[2026-01-15 10:53:02,397][flwr][INFO] - fit progress: (20, 291.2479187855497, {'accuracy': 0.6625}, 30.486438749998342)
[2026-01-15 10:53:02,398][flwr][INFO] - evaluate_round 20: no clients selected, cancel
[2026-01-15 10:53:02,399][flwr][DEBUG] - fit_round 21: strategy sampled 5 clients (out of 20)
[2026-01-15 10:53:04,326][flwr][DEBUG] - fit_round 21 received 5 results and 0 failures
[2026-01-15 10:53:04,408][flwr][INFO] - fit progress: (21, 140.43465319275856, {'accuracy': 0.66}, 32.496974500012584)
[2026-01-15 10:53:04,408][flwr][INFO] - evaluate_round 21: no clients selected, cancel
[2026-01-15 10:53:04,409][flwr][DEBUG] - fit_round 22: strategy sampled 5 clients (out of 20)
[2026-01-15 10:53:06,575][flwr][DEBUG] - fit_round 22 received 5 results and 0 failures
[2026-01-15 10:53:06,660][flwr][INFO] - fit progress: (22, 152.42342057824135, {'accuracy': 0.631}, 34.74857904200326)
[2026-01-15 10:53:06,660][flwr][INFO] - evaluate_round 22: no clients selected, cancel
[2026-01-15 10:53:06,661][flwr][DEBUG] - fit_round 23: strategy sampled 5 clients (out of 20)
[2026-01-15 10:53:08,463][flwr][DEBUG] - fit_round 23 received 5 results and 0 failures
[2026-01-15 10:53:08,540][flwr][INFO] - fit progress: (23, 230.59588710963726, {'accuracy': 0.664}, 36.62892612500582)
[2026-01-15 10:53:08,540][flwr][INFO] - evaluate_round 23: no clients selected, cancel
[2026-01-15 10:53:08,542][flwr][DEBUG] - fit_round 24: strategy sampled 5 clients (out of 20)
[2026-01-15 10:53:10,787][flwr][DEBUG] - fit_round 24 received 5 results and 0 failures
[2026-01-15 10:53:10,864][flwr][INFO] - fit progress: (24, 187.20183208212256, {'accuracy': 0.6615}, 38.9534173340071)
[2026-01-15 10:53:10,865][flwr][INFO] - evaluate_round 24: no clients selected, cancel
[2026-01-15 10:53:10,866][flwr][DEBUG] - fit_round 25: strategy sampled 5 clients (out of 20)
[2026-01-15 10:53:12,742][flwr][DEBUG] - fit_round 25 received 5 results and 0 failures
[2026-01-15 10:53:12,817][flwr][INFO] - fit progress: (25, 148.96365139633417, {'accuracy': 0.6625}, 40.90578708401881)
[2026-01-15 10:53:12,817][flwr][INFO] - evaluate_round 25: no clients selected, cancel
[2026-01-15 10:53:12,818][flwr][DEBUG] - fit_round 26: strategy sampled 5 clients (out of 20)
[2026-01-15 10:53:14,736][flwr][DEBUG] - fit_round 26 received 5 results and 0 failures
[2026-01-15 10:53:14,811][flwr][INFO] - fit progress: (26, 181.67156100273132, {'accuracy': 0.622}, 42.90029308400699)
[2026-01-15 10:53:14,811][flwr][INFO] - evaluate_round 26: no clients selected, cancel
[2026-01-15 10:53:14,813][flwr][DEBUG] - fit_round 27: strategy sampled 5 clients (out of 20)
[2026-01-15 10:53:16,420][flwr][DEBUG] - fit_round 27 received 5 results and 0 failures
[2026-01-15 10:53:16,507][flwr][INFO] - fit progress: (27, 149.30340772867203, {'accuracy': 0.6365}, 44.59555129200453)
[2026-01-15 10:53:16,507][flwr][INFO] - evaluate_round 27: no clients selected, cancel
[2026-01-15 10:53:16,509][flwr][DEBUG] - fit_round 28: strategy sampled 5 clients (out of 20)
[2026-01-15 10:53:18,439][flwr][DEBUG] - fit_round 28 received 5 results and 0 failures
[2026-01-15 10:53:18,519][flwr][INFO] - fit progress: (28, 143.9555325359106, {'accuracy': 0.663}, 46.60817429199233)
[2026-01-15 10:53:18,519][flwr][INFO] - evaluate_round 28: no clients selected, cancel
[2026-01-15 10:53:18,521][flwr][DEBUG] - fit_round 29: strategy sampled 5 clients (out of 20)
[2026-01-15 10:53:20,653][flwr][DEBUG] - fit_round 29 received 5 results and 0 failures
[2026-01-15 10:53:20,732][flwr][INFO] - fit progress: (29, 137.10835875570774, {'accuracy': 0.6595}, 48.82077799999388)
[2026-01-15 10:53:20,732][flwr][INFO] - evaluate_round 29: no clients selected, cancel
[2026-01-15 10:53:20,734][flwr][DEBUG] - fit_round 30: strategy sampled 5 clients (out of 20)
[2026-01-15 10:53:22,440][flwr][DEBUG] - fit_round 30 received 5 results and 0 failures
[2026-01-15 10:53:22,518][flwr][INFO] - fit progress: (30, 158.91587851196527, {'accuracy': 0.664}, 50.60656745900633)
[2026-01-15 10:53:22,518][flwr][INFO] - evaluate_round 30: no clients selected, cancel
[2026-01-15 10:53:22,519][flwr][DEBUG] - fit_round 31: strategy sampled 5 clients (out of 20)
[2026-01-15 10:53:24,268][flwr][DEBUG] - fit_round 31 received 5 results and 0 failures
[2026-01-15 10:53:24,344][flwr][INFO] - fit progress: (31, 142.97767674922943, {'accuracy': 0.664}, 52.43350612500217)
[2026-01-15 10:53:24,345][flwr][INFO] - evaluate_round 31: no clients selected, cancel
[2026-01-15 10:53:24,346][flwr][DEBUG] - fit_round 32: strategy sampled 5 clients (out of 20)
[2026-01-15 10:53:26,228][flwr][DEBUG] - fit_round 32 received 5 results and 0 failures
[2026-01-15 10:53:26,306][flwr][INFO] - fit progress: (32, 137.8180766403675, {'accuracy': 0.6595}, 54.39542512499611)
[2026-01-15 10:53:26,307][flwr][INFO] - evaluate_round 32: no clients selected, cancel
[2026-01-15 10:53:26,308][flwr][DEBUG] - fit_round 33: strategy sampled 5 clients (out of 20)
[2026-01-15 10:53:27,969][flwr][DEBUG] - fit_round 33 received 5 results and 0 failures
[2026-01-15 10:53:28,049][flwr][INFO] - fit progress: (33, 153.39094575494528, {'accuracy': 0.6625}, 56.137844250013586)
[2026-01-15 10:53:28,049][flwr][INFO] - evaluate_round 33: no clients selected, cancel
[2026-01-15 10:53:28,051][flwr][DEBUG] - fit_round 34: strategy sampled 5 clients (out of 20)
[2026-01-15 10:53:29,678][flwr][DEBUG] - fit_round 34 received 5 results and 0 failures
[2026-01-15 10:53:29,776][flwr][INFO] - fit progress: (34, 278.39262323640287, {'accuracy': 0.6645}, 57.86490995899658)
[2026-01-15 10:53:29,776][flwr][INFO] - evaluate_round 34: no clients selected, cancel
[2026-01-15 10:53:29,777][flwr][DEBUG] - fit_round 35: strategy sampled 5 clients (out of 20)
[2026-01-15 10:53:31,613][flwr][DEBUG] - fit_round 35 received 5 results and 0 failures
[2026-01-15 10:53:31,692][flwr][INFO] - fit progress: (35, 187.80343641713262, {'accuracy': 0.6645}, 59.78153345899773)
[2026-01-15 10:53:31,693][flwr][INFO] - evaluate_round 35: no clients selected, cancel
[2026-01-15 10:53:31,694][flwr][DEBUG] - fit_round 36: strategy sampled 5 clients (out of 20)
[2026-01-15 10:53:33,475][flwr][DEBUG] - fit_round 36 received 5 results and 0 failures
[2026-01-15 10:53:33,549][flwr][INFO] - fit progress: (36, 159.95776933431625, {'accuracy': 0.6635}, 61.63832050000201)
[2026-01-15 10:53:33,549][flwr][INFO] - evaluate_round 36: no clients selected, cancel
[2026-01-15 10:53:33,551][flwr][DEBUG] - fit_round 37: strategy sampled 5 clients (out of 20)
[2026-01-15 10:53:35,369][flwr][DEBUG] - fit_round 37 received 5 results and 0 failures
[2026-01-15 10:53:35,444][flwr][INFO] - fit progress: (37, 135.4575126618147, {'accuracy': 0.659}, 63.53339979200973)
[2026-01-15 10:53:35,444][flwr][INFO] - evaluate_round 37: no clients selected, cancel
[2026-01-15 10:53:35,446][flwr][DEBUG] - fit_round 38: strategy sampled 5 clients (out of 20)
[2026-01-15 10:53:37,364][flwr][DEBUG] - fit_round 38 received 5 results and 0 failures
[2026-01-15 10:53:37,449][flwr][INFO] - fit progress: (38, 141.34230463206768, {'accuracy': 0.637}, 65.53825237500132)
[2026-01-15 10:53:37,449][flwr][INFO] - evaluate_round 38: no clients selected, cancel
[2026-01-15 10:53:37,451][flwr][DEBUG] - fit_round 39: strategy sampled 5 clients (out of 20)
[2026-01-15 10:53:39,776][flwr][DEBUG] - fit_round 39 received 5 results and 0 failures
[2026-01-15 10:53:39,866][flwr][INFO] - fit progress: (39, 135.85039761662483, {'accuracy': 0.661}, 67.95467354200082)
[2026-01-15 10:53:39,877][flwr][INFO] - evaluate_round 39: no clients selected, cancel
[2026-01-15 10:53:39,881][flwr][DEBUG] - fit_round 40: strategy sampled 5 clients (out of 20)
[2026-01-15 10:53:41,988][flwr][DEBUG] - fit_round 40 received 5 results and 0 failures
[2026-01-15 10:53:42,064][flwr][INFO] - fit progress: (40, 137.8462855219841, {'accuracy': 0.661}, 70.15356712500216)
[2026-01-15 10:53:42,065][flwr][INFO] - evaluate_round 40: no clients selected, cancel
[2026-01-15 10:53:42,066][flwr][DEBUG] - fit_round 41: strategy sampled 5 clients (out of 20)
[2026-01-15 10:53:43,903][flwr][DEBUG] - fit_round 41 received 5 results and 0 failures
[2026-01-15 10:53:43,976][flwr][INFO] - fit progress: (41, 167.35147769749165, {'accuracy': 0.6375}, 72.065422167012)
[2026-01-15 10:53:43,976][flwr][INFO] - evaluate_round 41: no clients selected, cancel
[2026-01-15 10:53:43,978][flwr][DEBUG] - fit_round 42: strategy sampled 5 clients (out of 20)
[2026-01-15 10:53:45,791][flwr][DEBUG] - fit_round 42 received 5 results and 0 failures
[2026-01-15 10:53:45,871][flwr][INFO] - fit progress: (42, 145.87133468687534, {'accuracy': 0.6625}, 73.96057316701626)
[2026-01-15 10:53:45,872][flwr][INFO] - evaluate_round 42: no clients selected, cancel
[2026-01-15 10:53:45,873][flwr][DEBUG] - fit_round 43: strategy sampled 5 clients (out of 20)
[2026-01-15 10:53:47,766][flwr][DEBUG] - fit_round 43 received 5 results and 0 failures
[2026-01-15 10:53:47,839][flwr][INFO] - fit progress: (43, 143.14274690300226, {'accuracy': 0.639}, 75.92823200000566)
[2026-01-15 10:53:47,839][flwr][INFO] - evaluate_round 43: no clients selected, cancel
[2026-01-15 10:53:47,841][flwr][DEBUG] - fit_round 44: strategy sampled 5 clients (out of 20)
[2026-01-15 10:53:49,590][flwr][DEBUG] - fit_round 44 received 5 results and 0 failures
[2026-01-15 10:53:49,665][flwr][INFO] - fit progress: (44, 142.8758534193039, {'accuracy': 0.6645}, 77.75392583399662)
[2026-01-15 10:53:49,665][flwr][INFO] - evaluate_round 44: no clients selected, cancel
[2026-01-15 10:53:49,666][flwr][DEBUG] - fit_round 45: strategy sampled 5 clients (out of 20)
[2026-01-15 10:53:51,444][flwr][DEBUG] - fit_round 45 received 5 results and 0 failures
[2026-01-15 10:53:51,523][flwr][INFO] - fit progress: (45, 144.26026152074337, {'accuracy': 0.6645}, 79.6123578340048)
[2026-01-15 10:53:51,523][flwr][INFO] - evaluate_round 45: no clients selected, cancel
[2026-01-15 10:53:51,525][flwr][DEBUG] - fit_round 46: strategy sampled 5 clients (out of 20)
[2026-01-15 10:53:53,364][flwr][DEBUG] - fit_round 46 received 5 results and 0 failures
[2026-01-15 10:53:53,441][flwr][INFO] - fit progress: (46, 220.1435562968254, {'accuracy': 0.6645}, 81.53052562501398)
[2026-01-15 10:53:53,442][flwr][INFO] - evaluate_round 46: no clients selected, cancel
[2026-01-15 10:53:53,443][flwr][DEBUG] - fit_round 47: strategy sampled 5 clients (out of 20)
[2026-01-15 10:53:55,205][flwr][DEBUG] - fit_round 47 received 5 results and 0 failures
[2026-01-15 10:53:55,305][flwr][INFO] - fit progress: (47, 149.67616096884012, {'accuracy': 0.6645}, 83.39402325000265)
[2026-01-15 10:53:55,305][flwr][INFO] - evaluate_round 47: no clients selected, cancel
[2026-01-15 10:53:55,307][flwr][DEBUG] - fit_round 48: strategy sampled 5 clients (out of 20)
[2026-01-15 10:53:57,484][flwr][DEBUG] - fit_round 48 received 5 results and 0 failures
[2026-01-15 10:53:57,558][flwr][INFO] - fit progress: (48, 177.50897321105003, {'accuracy': 0.6365}, 85.64677708400995)
[2026-01-15 10:53:57,558][flwr][INFO] - evaluate_round 48: no clients selected, cancel
[2026-01-15 10:53:57,559][flwr][DEBUG] - fit_round 49: strategy sampled 5 clients (out of 20)
[2026-01-15 10:53:59,154][flwr][DEBUG] - fit_round 49 received 5 results and 0 failures
[2026-01-15 10:53:59,230][flwr][INFO] - fit progress: (49, 303.1681469678879, {'accuracy': 0.514}, 87.3193119589996)
[2026-01-15 10:53:59,230][flwr][INFO] - evaluate_round 49: no clients selected, cancel
[2026-01-15 10:53:59,232][flwr][DEBUG] - fit_round 50: strategy sampled 5 clients (out of 20)
[2026-01-15 10:54:01,745][flwr][DEBUG] - fit_round 50 received 5 results and 0 failures
[2026-01-15 10:54:01,840][flwr][INFO] - fit progress: (50, 138.16427159309387, {'accuracy': 0.6355}, 89.9286608340044)
[2026-01-15 10:54:01,840][flwr][INFO] - evaluate_round 50: no clients selected, cancel
[2026-01-15 10:54:01,842][flwr][DEBUG] - fit_round 51: strategy sampled 5 clients (out of 20)
[2026-01-15 10:54:03,634][flwr][DEBUG] - fit_round 51 received 5 results and 0 failures
[2026-01-15 10:54:03,717][flwr][INFO] - fit progress: (51, 140.3993460983038, {'accuracy': 0.6635}, 91.80613549999543)
[2026-01-15 10:54:03,717][flwr][INFO] - evaluate_round 51: no clients selected, cancel
[2026-01-15 10:54:03,719][flwr][DEBUG] - fit_round 52: strategy sampled 5 clients (out of 20)
[2026-01-15 10:54:05,718][flwr][DEBUG] - fit_round 52 received 5 results and 0 failures
[2026-01-15 10:54:05,808][flwr][INFO] - fit progress: (52, 140.65303592383862, {'accuracy': 0.6385}, 93.89743145901593)
[2026-01-15 10:54:05,809][flwr][INFO] - evaluate_round 52: no clients selected, cancel
[2026-01-15 10:54:05,810][flwr][DEBUG] - fit_round 53: strategy sampled 5 clients (out of 20)
[2026-01-15 10:54:07,790][flwr][DEBUG] - fit_round 53 received 5 results and 0 failures
[2026-01-15 10:54:07,866][flwr][INFO] - fit progress: (53, 152.16154070943594, {'accuracy': 0.6655}, 95.95500754201203)
[2026-01-15 10:54:07,866][flwr][INFO] - evaluate_round 53: no clients selected, cancel
[2026-01-15 10:54:07,867][flwr][DEBUG] - fit_round 54: strategy sampled 5 clients (out of 20)
[2026-01-15 10:54:09,939][flwr][DEBUG] - fit_round 54 received 5 results and 0 failures
[2026-01-15 10:54:10,023][flwr][INFO] - fit progress: (54, 182.02774609997869, {'accuracy': 0.6655}, 98.11182033401565)
[2026-01-15 10:54:10,023][flwr][INFO] - evaluate_round 54: no clients selected, cancel
[2026-01-15 10:54:10,025][flwr][DEBUG] - fit_round 55: strategy sampled 5 clients (out of 20)
[2026-01-15 10:54:11,875][flwr][DEBUG] - fit_round 55 received 5 results and 0 failures
[2026-01-15 10:54:11,951][flwr][INFO] - fit progress: (55, 160.95305229723454, {'accuracy': 0.6655}, 100.04008974999306)
[2026-01-15 10:54:11,951][flwr][INFO] - evaluate_round 55: no clients selected, cancel
[2026-01-15 10:54:11,953][flwr][DEBUG] - fit_round 56: strategy sampled 5 clients (out of 20)
[2026-01-15 10:54:14,196][flwr][DEBUG] - fit_round 56 received 5 results and 0 failures
[2026-01-15 10:54:14,309][flwr][INFO] - fit progress: (56, 139.4680539369583, {'accuracy': 0.6645}, 102.39840895900852)
[2026-01-15 10:54:14,310][flwr][INFO] - evaluate_round 56: no clients selected, cancel
[2026-01-15 10:54:14,313][flwr][DEBUG] - fit_round 57: strategy sampled 5 clients (out of 20)
[2026-01-15 10:54:16,216][flwr][DEBUG] - fit_round 57 received 5 results and 0 failures
[2026-01-15 10:54:16,291][flwr][INFO] - fit progress: (57, 145.59787660837173, {'accuracy': 0.6365}, 104.38042216701433)
[2026-01-15 10:54:16,291][flwr][INFO] - evaluate_round 57: no clients selected, cancel
[2026-01-15 10:54:16,293][flwr][DEBUG] - fit_round 58: strategy sampled 5 clients (out of 20)
[2026-01-15 10:54:18,316][flwr][DEBUG] - fit_round 58 received 5 results and 0 failures
[2026-01-15 10:54:18,397][flwr][INFO] - fit progress: (58, 204.78638502955437, {'accuracy': 0.637}, 106.48566545901122)
[2026-01-15 10:54:18,397][flwr][INFO] - evaluate_round 58: no clients selected, cancel
[2026-01-15 10:54:18,398][flwr][DEBUG] - fit_round 59: strategy sampled 5 clients (out of 20)
[2026-01-15 10:54:20,485][flwr][DEBUG] - fit_round 59 received 5 results and 0 failures
[2026-01-15 10:54:20,564][flwr][INFO] - fit progress: (59, 177.19880001991987, {'accuracy': 0.664}, 108.65339462499833)
[2026-01-15 10:54:20,564][flwr][INFO] - evaluate_round 59: no clients selected, cancel
[2026-01-15 10:54:20,566][flwr][DEBUG] - fit_round 60: strategy sampled 5 clients (out of 20)
[2026-01-15 10:54:22,222][flwr][DEBUG] - fit_round 60 received 5 results and 0 failures
[2026-01-15 10:54:22,313][flwr][INFO] - fit progress: (60, 290.12097839359194, {'accuracy': 0.6645}, 110.40214575000573)
[2026-01-15 10:54:22,313][flwr][INFO] - evaluate_round 60: no clients selected, cancel
[2026-01-15 10:54:22,315][flwr][DEBUG] - fit_round 61: strategy sampled 5 clients (out of 20)
[2026-01-15 10:54:24,459][flwr][DEBUG] - fit_round 61 received 5 results and 0 failures
[2026-01-15 10:54:24,543][flwr][INFO] - fit progress: (61, 146.08616840839386, {'accuracy': 0.6375}, 112.63234670899692)
[2026-01-15 10:54:24,543][flwr][INFO] - evaluate_round 61: no clients selected, cancel
[2026-01-15 10:54:24,545][flwr][DEBUG] - fit_round 62: strategy sampled 5 clients (out of 20)
[2026-01-15 10:54:26,551][flwr][DEBUG] - fit_round 62 received 5 results and 0 failures
[2026-01-15 10:54:26,632][flwr][INFO] - fit progress: (62, 190.82307651638985, {'accuracy': 0.6355}, 114.72092849999899)
[2026-01-15 10:54:26,632][flwr][INFO] - evaluate_round 62: no clients selected, cancel
[2026-01-15 10:54:26,634][flwr][DEBUG] - fit_round 63: strategy sampled 5 clients (out of 20)
[2026-01-15 10:54:28,458][flwr][DEBUG] - fit_round 63 received 5 results and 0 failures
[2026-01-15 10:54:28,537][flwr][INFO] - fit progress: (63, 222.13937232643366, {'accuracy': 0.6655}, 116.6264936249936)
[2026-01-15 10:54:28,538][flwr][INFO] - evaluate_round 63: no clients selected, cancel
[2026-01-15 10:54:28,539][flwr][DEBUG] - fit_round 64: strategy sampled 5 clients (out of 20)
[2026-01-15 10:54:30,586][flwr][DEBUG] - fit_round 64 received 5 results and 0 failures
[2026-01-15 10:54:30,668][flwr][INFO] - fit progress: (64, 164.05508464574814, {'accuracy': 0.6375}, 118.7566194999963)
[2026-01-15 10:54:30,668][flwr][INFO] - evaluate_round 64: no clients selected, cancel
[2026-01-15 10:54:30,669][flwr][DEBUG] - fit_round 65: strategy sampled 5 clients (out of 20)
[2026-01-15 10:54:32,801][flwr][DEBUG] - fit_round 65 received 5 results and 0 failures
[2026-01-15 10:54:32,883][flwr][INFO] - fit progress: (65, 201.44358986243606, {'accuracy': 0.664}, 120.97164245901513)
[2026-01-15 10:54:32,883][flwr][INFO] - evaluate_round 65: no clients selected, cancel
[2026-01-15 10:54:32,884][flwr][DEBUG] - fit_round 66: strategy sampled 5 clients (out of 20)
[2026-01-15 10:54:35,146][flwr][DEBUG] - fit_round 66 received 5 results and 0 failures
[2026-01-15 10:54:35,383][flwr][INFO] - fit progress: (66, 206.93119933083653, {'accuracy': 0.664}, 123.47257362501114)
[2026-01-15 10:54:35,384][flwr][INFO] - evaluate_round 66: no clients selected, cancel
[2026-01-15 10:54:35,412][flwr][DEBUG] - fit_round 67: strategy sampled 5 clients (out of 20)
[2026-01-15 10:54:38,671][flwr][DEBUG] - fit_round 67 received 5 results and 0 failures
[2026-01-15 10:54:38,753][flwr][INFO] - fit progress: (67, 149.79397876560688, {'accuracy': 0.6655}, 126.8419080839958)
[2026-01-15 10:54:38,753][flwr][INFO] - evaluate_round 67: no clients selected, cancel
[2026-01-15 10:54:38,755][flwr][DEBUG] - fit_round 68: strategy sampled 5 clients (out of 20)
[2026-01-15 10:54:41,166][flwr][DEBUG] - fit_round 68 received 5 results and 0 failures
[2026-01-15 10:54:41,245][flwr][INFO] - fit progress: (68, 140.62044182419777, {'accuracy': 0.637}, 129.33364512500702)
[2026-01-15 10:54:41,245][flwr][INFO] - evaluate_round 68: no clients selected, cancel
[2026-01-15 10:54:41,247][flwr][DEBUG] - fit_round 69: strategy sampled 5 clients (out of 20)
[2026-01-15 10:54:43,070][flwr][DEBUG] - fit_round 69 received 5 results and 0 failures
[2026-01-15 10:54:43,148][flwr][INFO] - fit progress: (69, 135.70683570206165, {'accuracy': 0.661}, 131.23692349999328)
[2026-01-15 10:54:43,148][flwr][INFO] - evaluate_round 69: no clients selected, cancel
[2026-01-15 10:54:43,149][flwr][DEBUG] - fit_round 70: strategy sampled 5 clients (out of 20)
[2026-01-15 10:54:44,785][flwr][DEBUG] - fit_round 70 received 5 results and 0 failures
[2026-01-15 10:54:44,861][flwr][INFO] - fit progress: (70, 196.77708972245455, {'accuracy': 0.665}, 132.95011070900364)
[2026-01-15 10:54:44,861][flwr][INFO] - evaluate_round 70: no clients selected, cancel
[2026-01-15 10:54:44,863][flwr][DEBUG] - fit_round 71: strategy sampled 5 clients (out of 20)
[2026-01-15 10:54:46,728][flwr][DEBUG] - fit_round 71 received 5 results and 0 failures
[2026-01-15 10:54:46,803][flwr][INFO] - fit progress: (71, 173.3681359142065, {'accuracy': 0.665}, 134.8919265420118)
[2026-01-15 10:54:46,803][flwr][INFO] - evaluate_round 71: no clients selected, cancel
[2026-01-15 10:54:46,804][flwr][DEBUG] - fit_round 72: strategy sampled 5 clients (out of 20)
[2026-01-15 10:54:48,656][flwr][DEBUG] - fit_round 72 received 5 results and 0 failures
[2026-01-15 10:54:48,730][flwr][INFO] - fit progress: (72, 157.86597388982773, {'accuracy': 0.665}, 136.81926570899668)
[2026-01-15 10:54:48,730][flwr][INFO] - evaluate_round 72: no clients selected, cancel
[2026-01-15 10:54:48,732][flwr][DEBUG] - fit_round 73: strategy sampled 5 clients (out of 20)
[2026-01-15 10:54:50,697][flwr][DEBUG] - fit_round 73 received 5 results and 0 failures
[2026-01-15 10:54:50,771][flwr][INFO] - fit progress: (73, 139.27887038886547, {'accuracy': 0.637}, 138.85973337499308)
[2026-01-15 10:54:50,771][flwr][INFO] - evaluate_round 73: no clients selected, cancel
[2026-01-15 10:54:50,772][flwr][DEBUG] - fit_round 74: strategy sampled 5 clients (out of 20)
[2026-01-15 10:54:52,610][flwr][DEBUG] - fit_round 74 received 5 results and 0 failures
[2026-01-15 10:54:52,685][flwr][INFO] - fit progress: (74, 216.2725134342909, {'accuracy': 0.6355}, 140.7738737920008)
[2026-01-15 10:54:52,685][flwr][INFO] - evaluate_round 74: no clients selected, cancel
[2026-01-15 10:54:52,686][flwr][DEBUG] - fit_round 75: strategy sampled 5 clients (out of 20)
[2026-01-15 10:54:54,530][flwr][DEBUG] - fit_round 75 received 5 results and 0 failures
[2026-01-15 10:54:54,605][flwr][INFO] - fit progress: (75, 151.72019697725773, {'accuracy': 0.639}, 142.69420245900983)
[2026-01-15 10:54:54,605][flwr][INFO] - evaluate_round 75: no clients selected, cancel
[2026-01-15 10:54:54,606][flwr][DEBUG] - fit_round 76: strategy sampled 5 clients (out of 20)
[2026-01-15 10:54:56,411][flwr][DEBUG] - fit_round 76 received 5 results and 0 failures
[2026-01-15 10:54:56,488][flwr][INFO] - fit progress: (76, 164.62631648778915, {'accuracy': 0.66}, 144.57756624999456)
[2026-01-15 10:54:56,489][flwr][INFO] - evaluate_round 76: no clients selected, cancel
[2026-01-15 10:54:56,490][flwr][DEBUG] - fit_round 77: strategy sampled 5 clients (out of 20)
[2026-01-15 10:54:58,291][flwr][DEBUG] - fit_round 77 received 5 results and 0 failures
[2026-01-15 10:54:58,368][flwr][INFO] - fit progress: (77, 135.25839486718178, {'accuracy': 0.6645}, 146.45755120899412)
[2026-01-15 10:54:58,369][flwr][INFO] - evaluate_round 77: no clients selected, cancel
[2026-01-15 10:54:58,370][flwr][DEBUG] - fit_round 78: strategy sampled 5 clients (out of 20)
[2026-01-15 10:55:00,024][flwr][DEBUG] - fit_round 78 received 5 results and 0 failures
[2026-01-15 10:55:00,100][flwr][INFO] - fit progress: (78, 229.79949686303735, {'accuracy': 0.664}, 148.18930254201405)
[2026-01-15 10:55:00,100][flwr][INFO] - evaluate_round 78: no clients selected, cancel
[2026-01-15 10:55:00,102][flwr][DEBUG] - fit_round 79: strategy sampled 5 clients (out of 20)
[2026-01-15 10:55:02,064][flwr][DEBUG] - fit_round 79 received 5 results and 0 failures
[2026-01-15 10:55:02,147][flwr][INFO] - fit progress: (79, 152.99373422563076, {'accuracy': 0.6645}, 150.23647775000427)
[2026-01-15 10:55:02,148][flwr][INFO] - evaluate_round 79: no clients selected, cancel
[2026-01-15 10:55:02,149][flwr][DEBUG] - fit_round 80: strategy sampled 5 clients (out of 20)
[2026-01-15 10:55:03,794][flwr][DEBUG] - fit_round 80 received 5 results and 0 failures
[2026-01-15 10:55:03,872][flwr][INFO] - fit progress: (80, 287.39775430969894, {'accuracy': 0.6645}, 151.96096954200766)
[2026-01-15 10:55:03,872][flwr][INFO] - evaluate_round 80: no clients selected, cancel
[2026-01-15 10:55:03,873][flwr][DEBUG] - fit_round 81: strategy sampled 5 clients (out of 20)
[2026-01-15 10:55:05,579][flwr][DEBUG] - fit_round 81 received 5 results and 0 failures
[2026-01-15 10:55:05,667][flwr][INFO] - fit progress: (81, 156.75367315113544, {'accuracy': 0.637}, 153.75617987499572)
[2026-01-15 10:55:05,667][flwr][INFO] - evaluate_round 81: no clients selected, cancel
[2026-01-15 10:55:05,669][flwr][DEBUG] - fit_round 82: strategy sampled 5 clients (out of 20)
[2026-01-15 10:55:07,237][flwr][DEBUG] - fit_round 82 received 5 results and 0 failures
[2026-01-15 10:55:07,310][flwr][INFO] - fit progress: (82, 222.5215186700225, {'accuracy': 0.665}, 155.39956316701137)
[2026-01-15 10:55:07,311][flwr][INFO] - evaluate_round 82: no clients selected, cancel
[2026-01-15 10:55:07,312][flwr][DEBUG] - fit_round 83: strategy sampled 5 clients (out of 20)
[2026-01-15 10:55:09,430][flwr][DEBUG] - fit_round 83 received 5 results and 0 failures
[2026-01-15 10:55:09,519][flwr][INFO] - fit progress: (83, 136.53028285503387, {'accuracy': 0.6385}, 157.6079512500146)
[2026-01-15 10:55:09,519][flwr][INFO] - evaluate_round 83: no clients selected, cancel
[2026-01-15 10:55:09,520][flwr][DEBUG] - fit_round 84: strategy sampled 5 clients (out of 20)
[2026-01-15 10:55:11,279][flwr][DEBUG] - fit_round 84 received 5 results and 0 failures
[2026-01-15 10:55:11,356][flwr][INFO] - fit progress: (84, 204.67536863312125, {'accuracy': 0.6645}, 159.44492483400973)
[2026-01-15 10:55:11,356][flwr][INFO] - evaluate_round 84: no clients selected, cancel
[2026-01-15 10:55:11,357][flwr][DEBUG] - fit_round 85: strategy sampled 5 clients (out of 20)
[2026-01-15 10:55:13,528][flwr][DEBUG] - fit_round 85 received 5 results and 0 failures
[2026-01-15 10:55:13,766][flwr][INFO] - fit progress: (85, 139.6845709308982, {'accuracy': 0.6395}, 161.85502937500132)
[2026-01-15 10:55:13,766][flwr][INFO] - evaluate_round 85: no clients selected, cancel
[2026-01-15 10:55:13,769][flwr][DEBUG] - fit_round 86: strategy sampled 5 clients (out of 20)
[2026-01-15 10:55:15,566][flwr][DEBUG] - fit_round 86 received 5 results and 0 failures
[2026-01-15 10:55:15,650][flwr][INFO] - fit progress: (86, 234.04191640019417, {'accuracy': 0.666}, 163.7389752920135)
[2026-01-15 10:55:15,650][flwr][INFO] - evaluate_round 86: no clients selected, cancel
[2026-01-15 10:55:15,651][flwr][DEBUG] - fit_round 87: strategy sampled 5 clients (out of 20)
[2026-01-15 10:55:17,483][flwr][DEBUG] - fit_round 87 received 5 results and 0 failures
[2026-01-15 10:55:17,562][flwr][INFO] - fit progress: (87, 184.84824693202972, {'accuracy': 0.6645}, 165.65062545900582)
[2026-01-15 10:55:17,562][flwr][INFO] - evaluate_round 87: no clients selected, cancel
[2026-01-15 10:55:17,563][flwr][DEBUG] - fit_round 88: strategy sampled 5 clients (out of 20)
[2026-01-15 10:55:19,233][flwr][DEBUG] - fit_round 88 received 5 results and 0 failures
[2026-01-15 10:55:19,310][flwr][INFO] - fit progress: (88, 199.22108329832554, {'accuracy': 0.665}, 167.3992072920082)
[2026-01-15 10:55:19,310][flwr][INFO] - evaluate_round 88: no clients selected, cancel
[2026-01-15 10:55:19,311][flwr][DEBUG] - fit_round 89: strategy sampled 5 clients (out of 20)
[2026-01-15 10:55:21,237][flwr][DEBUG] - fit_round 89 received 5 results and 0 failures
[2026-01-15 10:55:21,315][flwr][INFO] - fit progress: (89, 139.31560426950455, {'accuracy': 0.6605}, 169.40382487501483)
[2026-01-15 10:55:21,315][flwr][INFO] - evaluate_round 89: no clients selected, cancel
[2026-01-15 10:55:21,316][flwr][DEBUG] - fit_round 90: strategy sampled 5 clients (out of 20)
[2026-01-15 10:55:23,234][flwr][DEBUG] - fit_round 90 received 5 results and 0 failures
[2026-01-15 10:55:23,308][flwr][INFO] - fit progress: (90, 135.6241715401411, {'accuracy': 0.6615}, 171.397625875019)
[2026-01-15 10:55:23,309][flwr][INFO] - evaluate_round 90: no clients selected, cancel
[2026-01-15 10:55:23,310][flwr][DEBUG] - fit_round 91: strategy sampled 5 clients (out of 20)
[2026-01-15 10:55:25,144][flwr][DEBUG] - fit_round 91 received 5 results and 0 failures
[2026-01-15 10:55:25,221][flwr][INFO] - fit progress: (91, 139.4081990122795, {'accuracy': 0.6625}, 173.3100731250015)
[2026-01-15 10:55:25,221][flwr][INFO] - evaluate_round 91: no clients selected, cancel
[2026-01-15 10:55:25,223][flwr][DEBUG] - fit_round 92: strategy sampled 5 clients (out of 20)
[2026-01-15 10:55:27,112][flwr][DEBUG] - fit_round 92 received 5 results and 0 failures
[2026-01-15 10:55:27,186][flwr][INFO] - fit progress: (92, 170.78150410950184, {'accuracy': 0.666}, 175.27499725000234)
[2026-01-15 10:55:27,186][flwr][INFO] - evaluate_round 92: no clients selected, cancel
[2026-01-15 10:55:27,187][flwr][DEBUG] - fit_round 93: strategy sampled 5 clients (out of 20)
[2026-01-15 10:55:29,079][flwr][DEBUG] - fit_round 93 received 5 results and 0 failures
[2026-01-15 10:55:29,158][flwr][INFO] - fit progress: (93, 165.32446660846472, {'accuracy': 0.6655}, 177.24722995900083)
[2026-01-15 10:55:29,158][flwr][INFO] - evaluate_round 93: no clients selected, cancel
[2026-01-15 10:55:29,160][flwr][DEBUG] - fit_round 94: strategy sampled 5 clients (out of 20)
[2026-01-15 10:55:31,073][flwr][DEBUG] - fit_round 94 received 5 results and 0 failures
[2026-01-15 10:55:31,147][flwr][INFO] - fit progress: (94, 148.32298942655325, {'accuracy': 0.64}, 179.23601291701198)
[2026-01-15 10:55:31,147][flwr][INFO] - evaluate_round 94: no clients selected, cancel
[2026-01-15 10:55:31,148][flwr][DEBUG] - fit_round 95: strategy sampled 5 clients (out of 20)
[2026-01-15 10:55:33,096][flwr][DEBUG] - fit_round 95 received 5 results and 0 failures
[2026-01-15 10:55:33,170][flwr][INFO] - fit progress: (95, 152.56218452751637, {'accuracy': 0.6355}, 181.25865299999714)
[2026-01-15 10:55:33,170][flwr][INFO] - evaluate_round 95: no clients selected, cancel
[2026-01-15 10:55:33,171][flwr][DEBUG] - fit_round 96: strategy sampled 5 clients (out of 20)
[2026-01-15 10:55:34,997][flwr][DEBUG] - fit_round 96 received 5 results and 0 failures
[2026-01-15 10:55:35,071][flwr][INFO] - fit progress: (96, 141.93993397057056, {'accuracy': 0.666}, 183.16031570901396)
[2026-01-15 10:55:35,071][flwr][INFO] - evaluate_round 96: no clients selected, cancel
[2026-01-15 10:55:35,073][flwr][DEBUG] - fit_round 97: strategy sampled 5 clients (out of 20)
[2026-01-15 10:55:36,946][flwr][DEBUG] - fit_round 97 received 5 results and 0 failures
[2026-01-15 10:55:37,028][flwr][INFO] - fit progress: (97, 171.7991881966591, {'accuracy': 0.6655}, 185.11726987501606)
[2026-01-15 10:55:37,028][flwr][INFO] - evaluate_round 97: no clients selected, cancel
[2026-01-15 10:55:37,031][flwr][DEBUG] - fit_round 98: strategy sampled 5 clients (out of 20)
[2026-01-15 10:55:39,360][flwr][DEBUG] - fit_round 98 received 5 results and 0 failures
[2026-01-15 10:55:39,459][flwr][INFO] - fit progress: (98, 347.7781868162565, {'accuracy': 0.6655}, 187.54766245899373)
[2026-01-15 10:55:39,459][flwr][INFO] - evaluate_round 98: no clients selected, cancel
[2026-01-15 10:55:39,461][flwr][DEBUG] - fit_round 99: strategy sampled 5 clients (out of 20)
[2026-01-15 10:55:41,604][flwr][DEBUG] - fit_round 99 received 5 results and 0 failures
[2026-01-15 10:55:41,682][flwr][INFO] - fit progress: (99, 169.90066200494766, {'accuracy': 0.665}, 189.7709640840185)
[2026-01-15 10:55:41,682][flwr][INFO] - evaluate_round 99: no clients selected, cancel
[2026-01-15 10:55:41,684][flwr][DEBUG] - fit_round 100: strategy sampled 5 clients (out of 20)
[2026-01-15 10:55:43,588][flwr][DEBUG] - fit_round 100 received 5 results and 0 failures
[2026-01-15 10:55:43,665][flwr][INFO] - fit progress: (100, 153.14217786490917, {'accuracy': 0.637}, 191.75391195900738)
[2026-01-15 10:55:43,665][flwr][INFO] - evaluate_round 100: no clients selected, cancel
[2026-01-15 10:55:43,665][flwr][INFO] - FL finished in 191.75415708401124
[2026-01-15 10:55:43,665][flwr][INFO] - app_fit: losses_distributed []
[2026-01-15 10:55:43,667][flwr][INFO] - app_fit: metrics_distributed_fit {'c_global_norm': [(1, 0.17305935039446987), (2, 0.15601960437944998), (3, 0.09654939787709713), (4, 0.10095735682655743), (5, 0.09322880704399883), (6, 0.10848402024997363), (7, 0.0681255580945184), (8, 0.05636775518215122), (9, 0.05679023840964217), (10, 0.06800863855530791), (11, 0.05107391408783464), (12, 0.052048871736006495), (13, 0.06256800842383024), (14, 0.046939937189618475), (15, 0.04348022343033875), (16, 0.037055588647723035), (17, 0.023488736920753966), (18, 0.029263364800276474), (19, 0.03367828108670256), (20, 0.02067635224252312), (21, 0.024718883115960214), (22, 0.020134391118840755), (23, 0.030448735584909938), (24, 0.01812812279544862), (25, 0.015864195756758848), (26, 0.020674741412402515), (27, 0.014735858703694234), (28, 0.01804409719995675), (29, 0.015236788281756649), (30, 0.01564023065128354), (31, 0.014284139803745948), (32, 0.014142589525638257), (33, 0.015773659602790514), (34, 0.022557008080092616), (35, 0.017686488220376845), (36, 0.014575454236127947), (37, 0.014395227724930527), (38, 0.012494359778647032), (39, 0.01407535794654372), (40, 0.013353587546301934), (41, 0.015186937684602263), (42, 0.017757148340043227), (43, 0.014928259597101392), (44, 0.017973460356439975), (45, 0.012842596503276207), (46, 0.017058107301979812), (47, 0.014842228120715312), (48, 0.01326748807582019), (49, 0.011540083299364111), (50, 0.018307683760128517), (51, 0.01096435847101779), (52, 0.012045036242637759), (53, 0.013200483116878287), (54, 0.011810013182155785), (55, 0.014529140287952666), (56, 0.012191224592294988), (57, 0.011548713183922702), (58, 0.013688064851551492), (59, 0.021628392013931724), (60, 0.014034208378984126), (61, 0.016916774562548073), (62, 0.011398719903884387), (63, 0.021879691549974795), (64, 0.016530916557105476), (65, 0.019052397657843927), (66, 0.012591641712294361), (67, 0.013190843180119117), (68, 0.011262305476070345), (69, 0.010980096552621976), (70, 0.014738955321419207), (71, 0.013541695296023119), (72, 0.01360885033590201), (73, 0.012478180461668013), (74, 0.01247694305171004), (75, 0.012974008541827061), (76, 0.017943508408217335), (77, 0.015257554972930819), (78, 0.021105487041351574), (79, 0.010430428557810567), (80, 0.0229940709474418), (81, 0.020176335155570414), (82, 0.019006812135842745), (83, 0.015703436801520712), (84, 0.016885172660264753), (85, 0.014859784157358528), (86, 0.022186055955437958), (87, 0.010351061288817931), (88, 0.021602537257139554), (89, 0.025958182745342676), (90, 0.02099692550668025), (91, 0.03350046218028225), (92, 0.014693589293811751), (93, 0.020301410588886012), (94, 0.017234813596403522), (95, 0.014509945451594636), (96, 0.023043598009781258), (97, 0.025837331683888326), (98, 0.029602469047024838), (99, 0.02085551217433947), (100, 0.021233914795239745)], 'current_mu': [(1, 0.0), (2, 0.0), (3, 0.0), (4, 0.0), (5, 0.0), (6, 0.0), (7, 0.0), (8, 0.0), (9, 0.0), (10, 0.0), (11, 0.0), (12, 0.0), (13, 0.0), (14, 0.0), (15, 0.0), (16, 0.001), (17, 0.001), (18, 0.001), (19, 0.001), (20, 0.002), (21, 0.002), (22, 0.002), (23, 0.002), (24, 0.002), (25, 0.004), (26, 0.004), (27, 0.004), (28, 0.004), (29, 0.004), (30, 0.008), (31, 0.008), (32, 0.008), (33, 0.008), (34, 0.008), (35, 0.016), (36, 0.016), (37, 0.016), (38, 0.016), (39, 0.016), (40, 0.032), (41, 0.032), (42, 0.032), (43, 0.032), (44, 0.032), (45, 0.064), (46, 0.064), (47, 0.064), (48, 0.064), (49, 0.064), (50, 0.128), (51, 0.128), (52, 0.128), (53, 0.128), (54, 0.128), (55, 0.256), (56, 0.256), (57, 0.256), (58, 0.256), (59, 0.256), (60, 0.3), (61, 0.3), (62, 0.3), (63, 0.3), (64, 0.3), (65, 0.3), (66, 0.3), (67, 0.3), (68, 0.3), (69, 0.3), (70, 0.3), (71, 0.3), (72, 0.3), (73, 0.3), (74, 0.3), (75, 0.3), (76, 0.3), (77, 0.3), (78, 0.3), (79, 0.3), (80, 0.3), (81, 0.3), (82, 0.3), (83, 0.3), (84, 0.3), (85, 0.3), (86, 0.3), (87, 0.3), (88, 0.3), (89, 0.3), (90, 0.3), (91, 0.3), (92, 0.3), (93, 0.3), (94, 0.3), (95, 0.3), (96, 0.3), (97, 0.3), (98, 0.3), (99, 0.3), (100, 0.3)], 'phase': [(1, 'Phase1_SCAFFOLD'), (2, 'Phase1_SCAFFOLD'), (3, 'Phase1_SCAFFOLD'), (4, 'Phase1_SCAFFOLD'), (5, 'Phase1_SCAFFOLD'), (6, 'Phase1_SCAFFOLD'), (7, 'Phase1_SCAFFOLD'), (8, 'Phase1_SCAFFOLD'), (9, 'Phase1_SCAFFOLD'), (10, 'Phase1_SCAFFOLD'), (11, 'Phase1_SCAFFOLD'), (12, 'Phase1_SCAFFOLD'), (13, 'Phase1_SCAFFOLD'), (14, 'Phase1_SCAFFOLD'), (15, 'Phase1_SCAFFOLD'), (16, 'Phase2_Hybrid'), (17, 'Phase2_Hybrid'), (18, 'Phase2_Hybrid'), (19, 'Phase2_Hybrid'), (20, 'Phase2_Hybrid'), (21, 'Phase2_Hybrid'), (22, 'Phase2_Hybrid'), (23, 'Phase2_Hybrid'), (24, 'Phase2_Hybrid'), (25, 'Phase2_Hybrid'), (26, 'Phase2_Hybrid'), (27, 'Phase2_Hybrid'), (28, 'Phase2_Hybrid'), (29, 'Phase2_Hybrid'), (30, 'Phase2_Hybrid'), (31, 'Phase2_Hybrid'), (32, 'Phase2_Hybrid'), (33, 'Phase2_Hybrid'), (34, 'Phase2_Hybrid'), (35, 'Phase2_Hybrid'), (36, 'Phase2_Hybrid'), (37, 'Phase2_Hybrid'), (38, 'Phase2_Hybrid'), (39, 'Phase2_Hybrid'), (40, 'Phase2_Hybrid'), (41, 'Phase2_Hybrid'), (42, 'Phase2_Hybrid'), (43, 'Phase2_Hybrid'), (44, 'Phase2_Hybrid'), (45, 'Phase2_Hybrid'), (46, 'Phase2_Hybrid'), (47, 'Phase2_Hybrid'), (48, 'Phase2_Hybrid'), (49, 'Phase2_Hybrid'), (50, 'Phase2_Hybrid'), (51, 'Phase2_Hybrid'), (52, 'Phase2_Hybrid'), (53, 'Phase2_Hybrid'), (54, 'Phase2_Hybrid'), (55, 'Phase2_Hybrid'), (56, 'Phase2_Hybrid'), (57, 'Phase2_Hybrid'), (58, 'Phase2_Hybrid'), (59, 'Phase2_Hybrid'), (60, 'Phase2_Hybrid'), (61, 'Phase2_Hybrid'), (62, 'Phase2_Hybrid'), (63, 'Phase2_Hybrid'), (64, 'Phase2_Hybrid'), (65, 'Phase2_Hybrid'), (66, 'Phase2_Hybrid'), (67, 'Phase2_Hybrid'), (68, 'Phase2_Hybrid'), (69, 'Phase2_Hybrid'), (70, 'Phase2_Hybrid'), (71, 'Phase2_Hybrid'), (72, 'Phase2_Hybrid'), (73, 'Phase2_Hybrid'), (74, 'Phase2_Hybrid'), (75, 'Phase2_Hybrid'), (76, 'Phase2_Hybrid'), (77, 'Phase2_Hybrid'), (78, 'Phase2_Hybrid'), (79, 'Phase2_Hybrid'), (80, 'Phase2_Hybrid'), (81, 'Phase2_Hybrid'), (82, 'Phase2_Hybrid'), (83, 'Phase2_Hybrid'), (84, 'Phase2_Hybrid'), (85, 'Phase2_Hybrid'), (86, 'Phase2_Hybrid'), (87, 'Phase2_Hybrid'), (88, 'Phase2_Hybrid'), (89, 'Phase2_Hybrid'), (90, 'Phase2_Hybrid'), (91, 'Phase2_Hybrid'), (92, 'Phase2_Hybrid'), (93, 'Phase2_Hybrid'), (94, 'Phase2_Hybrid'), (95, 'Phase2_Hybrid'), (96, 'Phase2_Hybrid'), (97, 'Phase2_Hybrid'), (98, 'Phase2_Hybrid'), (99, 'Phase2_Hybrid'), (100, 'Phase2_Hybrid')], 'warmup_rounds': [(1, 15), (2, 15), (3, 15), (4, 15), (5, 15), (6, 15), (7, 15), (8, 15), (9, 15), (10, 15), (11, 15), (12, 15), (13, 15), (14, 15), (15, 15), (16, 15), (17, 15), (18, 15), (19, 15), (20, 15), (21, 15), (22, 15), (23, 15), (24, 15), (25, 15), (26, 15), (27, 15), (28, 15), (29, 15), (30, 15), (31, 15), (32, 15), (33, 15), (34, 15), (35, 15), (36, 15), (37, 15), (38, 15), (39, 15), (40, 15), (41, 15), (42, 15), (43, 15), (44, 15), (45, 15), (46, 15), (47, 15), (48, 15), (49, 15), (50, 15), (51, 15), (52, 15), (53, 15), (54, 15), (55, 15), (56, 15), (57, 15), (58, 15), (59, 15), (60, 15), (61, 15), (62, 15), (63, 15), (64, 15), (65, 15), (66, 15), (67, 15), (68, 15), (69, 15), (70, 15), (71, 15), (72, 15), (73, 15), (74, 15), (75, 15), (76, 15), (77, 15), (78, 15), (79, 15), (80, 15), (81, 15), (82, 15), (83, 15), (84, 15), (85, 15), (86, 15), (87, 15), (88, 15), (89, 15), (90, 15), (91, 15), (92, 15), (93, 15), (94, 15), (95, 15), (96, 15), (97, 15), (98, 15), (99, 15), (100, 15)], 'use_dual_mu': [(1, 1), (2, 1), (3, 1), (4, 1), (5, 1), (6, 1), (7, 1), (8, 1), (9, 1), (10, 1), (11, 1), (12, 1), (13, 1), (14, 1), (15, 1), (16, 1), (17, 1), (18, 1), (19, 1), (20, 1), (21, 1), (22, 1), (23, 1), (24, 1), (25, 1), (26, 1), (27, 1), (28, 1), (29, 1), (30, 1), (31, 1), (32, 1), (33, 1), (34, 1), (35, 1), (36, 1), (37, 1), (38, 1), (39, 1), (40, 1), (41, 1), (42, 1), (43, 1), (44, 1), (45, 1), (46, 1), (47, 1), (48, 1), (49, 1), (50, 1), (51, 1), (52, 1), (53, 1), (54, 1), (55, 1), (56, 1), (57, 1), (58, 1), (59, 1), (60, 1), (61, 1), (62, 1), (63, 1), (64, 1), (65, 1), (66, 1), (67, 1), (68, 1), (69, 1), (70, 1), (71, 1), (72, 1), (73, 1), (74, 1), (75, 1), (76, 1), (77, 1), (78, 1), (79, 1), (80, 1), (81, 1), (82, 1), (83, 1), (84, 1), (85, 1), (86, 1), (87, 1), (88, 1), (89, 1), (90, 1), (91, 1), (92, 1), (93, 1), (94, 1), (95, 1), (96, 1), (97, 1), (98, 1), (99, 1), (100, 1)], 'use_drift_detection': [(1, 1), (2, 1), (3, 1), (4, 1), (5, 1), (6, 1), (7, 1), (8, 1), (9, 1), (10, 1), (11, 1), (12, 1), (13, 1), (14, 1), (15, 1), (16, 1), (17, 1), (18, 1), (19, 1), (20, 1), (21, 1), (22, 1), (23, 1), (24, 1), (25, 1), (26, 1), (27, 1), (28, 1), (29, 1), (30, 1), (31, 1), (32, 1), (33, 1), (34, 1), (35, 1), (36, 1), (37, 1), (38, 1), (39, 1), (40, 1), (41, 1), (42, 1), (43, 1), (44, 1), (45, 1), (46, 1), (47, 1), (48, 1), (49, 1), (50, 1), (51, 1), (52, 1), (53, 1), (54, 1), (55, 1), (56, 1), (57, 1), (58, 1), (59, 1), (60, 1), (61, 1), (62, 1), (63, 1), (64, 1), (65, 1), (66, 1), (67, 1), (68, 1), (69, 1), (70, 1), (71, 1), (72, 1), (73, 1), (74, 1), (75, 1), (76, 1), (77, 1), (78, 1), (79, 1), (80, 1), (81, 1), (82, 1), (83, 1), (84, 1), (85, 1), (86, 1), (87, 1), (88, 1), (89, 1), (90, 1), (91, 1), (92, 1), (93, 1), (94, 1), (95, 1), (96, 1), (97, 1), (98, 1), (99, 1), (100, 1)], 'num_clients': [(1, 5), (2, 5), (3, 5), (4, 5), (5, 5), (6, 5), (7, 5), (8, 5), (9, 5), (10, 5), (11, 5), (12, 5), (13, 5), (14, 5), (15, 5), (16, 5), (17, 5), (18, 5), (19, 5), (20, 5), (21, 5), (22, 5), (23, 5), (24, 5), (25, 5), (26, 5), (27, 5), (28, 5), (29, 5), (30, 5), (31, 5), (32, 5), (33, 5), (34, 5), (35, 5), (36, 5), (37, 5), (38, 5), (39, 5), (40, 5), (41, 5), (42, 5), (43, 5), (44, 5), (45, 5), (46, 5), (47, 5), (48, 5), (49, 5), (50, 5), (51, 5), (52, 5), (53, 5), (54, 5), (55, 5), (56, 5), (57, 5), (58, 5), (59, 5), (60, 5), (61, 5), (62, 5), (63, 5), (64, 5), (65, 5), (66, 5), (67, 5), (68, 5), (69, 5), (70, 5), (71, 5), (72, 5), (73, 5), (74, 5), (75, 5), (76, 5), (77, 5), (78, 5), (79, 5), (80, 5), (81, 5), (82, 5), (83, 5), (84, 5), (85, 5), (86, 5), (87, 5), (88, 5), (89, 5), (90, 5), (91, 5), (92, 5), (93, 5), (94, 5), (95, 5), (96, 5), (97, 5), (98, 5), (99, 5), (100, 5)], 'mu_raw': [(1, 0.2), (2, 0.2), (3, 0.2), (4, 0.2), (5, 0.2), (6, 0.2), (7, 0.2), (8, 0.2), (9, 0.2), (10, 0.2), (11, 0.2), (12, 0.2), (13, 0.2), (14, 0.2), (15, 0.2), (16, 0.2), (17, 0.2), (18, 0.2), (19, 0.2), (20, 0.2), (21, 0.2), (22, 0.2), (23, 0.2), (24, 0.2), (25, 0.2), (26, 0.2), (27, 0.2), (28, 0.2), (29, 0.2), (30, 0.2), (31, 0.2), (32, 0.2), (33, 0.2), (34, 0.2), (35, 0.2), (36, 0.2), (37, 0.2), (38, 0.2), (39, 0.2), (40, 0.2), (41, 0.2), (42, 0.2), (43, 0.2), (44, 0.2), (45, 0.2), (46, 0.2), (47, 0.2), (48, 0.2), (49, 0.2), (50, 0.2), (51, 0.2), (52, 0.2), (53, 0.2), (54, 0.2), (55, 0.2), (56, 0.2), (57, 0.2), (58, 0.2), (59, 0.2), (60, 0.2), (61, 0.2), (62, 0.2), (63, 0.2), (64, 0.2), (65, 0.2), (66, 0.2), (67, 0.2), (68, 0.2), (69, 0.2), (70, 0.2), (71, 0.2), (72, 0.2), (73, 0.2), (74, 0.2), (75, 0.2), (76, 0.2), (77, 0.2), (78, 0.2), (79, 0.2), (80, 0.2), (81, 0.2), (82, 0.2), (83, 0.2), (84, 0.2), (85, 0.2), (86, 0.2), (87, 0.2), (88, 0.2), (89, 0.2), (90, 0.2), (91, 0.2), (92, 0.2), (93, 0.2), (94, 0.2), (95, 0.2), (96, 0.2), (97, 0.2), (98, 0.2), (99, 0.2), (100, 0.2)], 'mu_corrected': [(1, 0.01), (2, 0.01), (3, 0.01), (4, 0.01), (5, 0.01), (6, 0.01), (7, 0.01), (8, 0.01), (9, 0.01), (10, 0.01), (11, 0.01), (12, 0.01), (13, 0.01), (14, 0.01), (15, 0.01), (16, 0.01), (17, 0.01), (18, 0.01), (19, 0.01), (20, 0.01), (21, 0.01), (22, 0.01), (23, 0.01), (24, 0.01), (25, 0.01), (26, 0.01), (27, 0.01), (28, 0.01), (29, 0.01), (30, 0.01), (31, 0.01), (32, 0.01), (33, 0.01), (34, 0.01), (35, 0.01), (36, 0.01), (37, 0.01), (38, 0.01), (39, 0.01), (40, 0.01), (41, 0.01), (42, 0.01), (43, 0.01), (44, 0.01), (45, 0.01), (46, 0.01), (47, 0.01), (48, 0.01), (49, 0.01), (50, 0.01), (51, 0.01), (52, 0.01), (53, 0.01), (54, 0.01), (55, 0.01), (56, 0.01), (57, 0.01), (58, 0.01), (59, 0.01), (60, 0.01), (61, 0.01), (62, 0.01), (63, 0.01), (64, 0.01), (65, 0.01), (66, 0.01), (67, 0.01), (68, 0.01), (69, 0.01), (70, 0.01), (71, 0.01), (72, 0.01), (73, 0.01), (74, 0.01), (75, 0.01), (76, 0.01), (77, 0.01), (78, 0.01), (79, 0.01), (80, 0.01), (81, 0.01), (82, 0.01), (83, 0.01), (84, 0.01), (85, 0.01), (86, 0.01), (87, 0.01), (88, 0.01), (89, 0.01), (90, 0.01), (91, 0.01), (92, 0.01), (93, 0.01), (94, 0.01), (95, 0.01), (96, 0.01), (97, 0.01), (98, 0.01), (99, 0.01), (100, 0.01)]}
[2026-01-15 10:55:43,668][flwr][INFO] - app_fit: metrics_distributed {}
[2026-01-15 10:55:43,668][flwr][INFO] - app_fit: losses_centralized [(0, 275.8148798942566), (1, 219.1665862351656), (2, 195.61735294759274), (3, 194.18861428648233), (4, 253.86362343654037), (5, 160.14526163041592), (6, 497.2023362861946), (7, 343.194466099143), (8, 158.40018719434738), (9, 138.8806174620986), (10, 240.13782471045852), (11, 174.3523771390319), (12, 264.82704240083694), (13, 172.9289547279477), (14, 142.58714043349028), (15, 160.2142317891121), (16, 170.5233029872179), (17, 139.09834660589695), (18, 179.95956985652447), (19, 386.7897039237432), (20, 291.2479187855497), (21, 140.43465319275856), (22, 152.42342057824135), (23, 230.59588710963726), (24, 187.20183208212256), (25, 148.96365139633417), (26, 181.67156100273132), (27, 149.30340772867203), (28, 143.9555325359106), (29, 137.10835875570774), (30, 158.91587851196527), (31, 142.97767674922943), (32, 137.8180766403675), (33, 153.39094575494528), (34, 278.39262323640287), (35, 187.80343641713262), (36, 159.95776933431625), (37, 135.4575126618147), (38, 141.34230463206768), (39, 135.85039761662483), (40, 137.8462855219841), (41, 167.35147769749165), (42, 145.87133468687534), (43, 143.14274690300226), (44, 142.8758534193039), (45, 144.26026152074337), (46, 220.1435562968254), (47, 149.67616096884012), (48, 177.50897321105003), (49, 303.1681469678879), (50, 138.16427159309387), (51, 140.3993460983038), (52, 140.65303592383862), (53, 152.16154070943594), (54, 182.02774609997869), (55, 160.95305229723454), (56, 139.4680539369583), (57, 145.59787660837173), (58, 204.78638502955437), (59, 177.19880001991987), (60, 290.12097839359194), (61, 146.08616840839386), (62, 190.82307651638985), (63, 222.13937232643366), (64, 164.05508464574814), (65, 201.44358986243606), (66, 206.93119933083653), (67, 149.79397876560688), (68, 140.62044182419777), (69, 135.70683570206165), (70, 196.77708972245455), (71, 173.3681359142065), (72, 157.86597388982773), (73, 139.27887038886547), (74, 216.2725134342909), (75, 151.72019697725773), (76, 164.62631648778915), (77, 135.25839486718178), (78, 229.79949686303735), (79, 152.99373422563076), (80, 287.39775430969894), (81, 156.75367315113544), (82, 222.5215186700225), (83, 136.53028285503387), (84, 204.67536863312125), (85, 139.6845709308982), (86, 234.04191640019417), (87, 184.84824693202972), (88, 199.22108329832554), (89, 139.31560426950455), (90, 135.6241715401411), (91, 139.4081990122795), (92, 170.78150410950184), (93, 165.32446660846472), (94, 148.32298942655325), (95, 152.56218452751637), (96, 141.93993397057056), (97, 171.7991881966591), (98, 347.7781868162565), (99, 169.90066200494766), (100, 153.14217786490917)]
[2026-01-15 10:55:43,668][flwr][INFO] - app_fit: metrics_centralized {'accuracy': [(0, 0.3415), (1, 0.6115), (2, 0.593), (3, 0.6325), (4, 0.6215), (5, 0.6545), (6, 0.6565), (7, 0.6505), (8, 0.647), (9, 0.6615), (10, 0.661), (11, 0.657), (12, 0.448), (13, 0.6375), (14, 0.6625), (15, 0.6585), (16, 0.6615), (17, 0.6345), (18, 0.6635), (19, 0.661), (20, 0.6625), (21, 0.66), (22, 0.631), (23, 0.664), (24, 0.6615), (25, 0.6625), (26, 0.622), (27, 0.6365), (28, 0.663), (29, 0.6595), (30, 0.664), (31, 0.664), (32, 0.6595), (33, 0.6625), (34, 0.6645), (35, 0.6645), (36, 0.6635), (37, 0.659), (38, 0.637), (39, 0.661), (40, 0.661), (41, 0.6375), (42, 0.6625), (43, 0.639), (44, 0.6645), (45, 0.6645), (46, 0.6645), (47, 0.6645), (48, 0.6365), (49, 0.514), (50, 0.6355), (51, 0.6635), (52, 0.6385), (53, 0.6655), (54, 0.6655), (55, 0.6655), (56, 0.6645), (57, 0.6365), (58, 0.637), (59, 0.664), (60, 0.6645), (61, 0.6375), (62, 0.6355), (63, 0.6655), (64, 0.6375), (65, 0.664), (66, 0.664), (67, 0.6655), (68, 0.637), (69, 0.661), (70, 0.665), (71, 0.665), (72, 0.665), (73, 0.637), (74, 0.6355), (75, 0.639), (76, 0.66), (77, 0.6645), (78, 0.664), (79, 0.6645), (80, 0.6645), (81, 0.637), (82, 0.665), (83, 0.6385), (84, 0.6645), (85, 0.6395), (86, 0.666), (87, 0.6645), (88, 0.665), (89, 0.6605), (90, 0.6615), (91, 0.6625), (92, 0.666), (93, 0.6655), (94, 0.64), (95, 0.6355), (96, 0.666), (97, 0.6655), (98, 0.6655), (99, 0.665), (100, 0.637)]}
