[2026-01-14 23:52:52,606][flwr][INFO] - Starting Flower simulation, config: ServerConfig(num_rounds=100, round_timeout=None)
[2026-01-14 23:52:58,116][flwr][INFO] - Flower VCE: Ray initialized with resources: {'memory': 11841379533.0, 'object_store_memory': 2147483648.0, 'node:127.0.0.1': 1.0, 'CPU': 10.0}
[2026-01-14 23:52:58,117][flwr][INFO] - Initializing global parameters
[2026-01-14 23:52:58,117][flwr][INFO] - Using initial parameters provided by strategy
[2026-01-14 23:52:58,117][flwr][INFO] - Evaluating initial parameters
[2026-01-14 23:52:58,241][flwr][INFO] - initial parameters (loss, other metrics): 275.8148798942566, {'accuracy': 0.3415}
[2026-01-14 23:52:58,241][flwr][INFO] - FL starting
[2026-01-14 23:52:58,242][flwr][DEBUG] - fit_round 1: strategy sampled 20 clients (out of 20)
[2026-01-14 23:53:05,124][flwr][DEBUG] - fit_round 1 received 20 results and 0 failures
[2026-01-14 23:53:05,140][flwr][WARNING] - No fit_metrics_aggregation_fn provided
[2026-01-14 23:53:05,220][flwr][INFO] - fit progress: (1, 175.72438398003578, {'accuracy': 0.6415}, 6.978731458017137)
[2026-01-14 23:53:05,221][flwr][DEBUG] - evaluate_round 1: strategy sampled 20 clients (out of 20)
[2026-01-14 23:53:05,365][flwr][DEBUG] - evaluate_round 1 received 20 results and 0 failures
[2026-01-14 23:53:05,366][flwr][WARNING] - No evaluate_metrics_aggregation_fn provided
[2026-01-14 23:53:05,366][flwr][DEBUG] - fit_round 2: strategy sampled 20 clients (out of 20)
[2026-01-14 23:53:06,558][flwr][DEBUG] - fit_round 2 received 20 results and 0 failures
[2026-01-14 23:53:06,640][flwr][INFO] - fit progress: (2, 168.82146947085857, {'accuracy': 0.645}, 8.398272250022274)
[2026-01-14 23:53:06,640][flwr][DEBUG] - evaluate_round 2: strategy sampled 20 clients (out of 20)
[2026-01-14 23:53:06,722][flwr][DEBUG] - evaluate_round 2 received 20 results and 0 failures
[2026-01-14 23:53:06,723][flwr][DEBUG] - fit_round 3: strategy sampled 20 clients (out of 20)
[2026-01-14 23:53:07,899][flwr][DEBUG] - fit_round 3 received 20 results and 0 failures
[2026-01-14 23:53:07,990][flwr][INFO] - fit progress: (3, 172.59766676276922, {'accuracy': 0.647}, 9.748737040994456)
[2026-01-14 23:53:07,990][flwr][DEBUG] - evaluate_round 3: strategy sampled 20 clients (out of 20)
[2026-01-14 23:53:08,083][flwr][DEBUG] - evaluate_round 3 received 20 results and 0 failures
[2026-01-14 23:53:08,083][flwr][DEBUG] - fit_round 4: strategy sampled 20 clients (out of 20)
[2026-01-14 23:53:09,251][flwr][DEBUG] - fit_round 4 received 20 results and 0 failures
[2026-01-14 23:53:09,335][flwr][INFO] - fit progress: (4, 172.23045340180397, {'accuracy': 0.651}, 11.093369666021317)
[2026-01-14 23:53:09,335][flwr][DEBUG] - evaluate_round 4: strategy sampled 20 clients (out of 20)
[2026-01-14 23:53:09,425][flwr][DEBUG] - evaluate_round 4 received 20 results and 0 failures
[2026-01-14 23:53:09,426][flwr][DEBUG] - fit_round 5: strategy sampled 20 clients (out of 20)
[2026-01-14 23:53:10,625][flwr][DEBUG] - fit_round 5 received 20 results and 0 failures
[2026-01-14 23:53:10,713][flwr][INFO] - fit progress: (5, 170.37062142044306, {'accuracy': 0.6505}, 12.472025374998339)
[2026-01-14 23:53:10,714][flwr][DEBUG] - evaluate_round 5: strategy sampled 20 clients (out of 20)
[2026-01-14 23:53:10,799][flwr][DEBUG] - evaluate_round 5 received 20 results and 0 failures
[2026-01-14 23:53:10,799][flwr][DEBUG] - fit_round 6: strategy sampled 20 clients (out of 20)
[2026-01-14 23:53:12,023][flwr][DEBUG] - fit_round 6 received 20 results and 0 failures
[2026-01-14 23:53:12,126][flwr][INFO] - fit progress: (6, 166.53650901466608, {'accuracy': 0.655}, 13.884534915996483)
[2026-01-14 23:53:12,126][flwr][DEBUG] - evaluate_round 6: strategy sampled 20 clients (out of 20)
[2026-01-14 23:53:12,230][flwr][DEBUG] - evaluate_round 6 received 20 results and 0 failures
[2026-01-14 23:53:12,230][flwr][DEBUG] - fit_round 7: strategy sampled 20 clients (out of 20)
[2026-01-14 23:53:13,389][flwr][DEBUG] - fit_round 7 received 20 results and 0 failures
[2026-01-14 23:53:13,468][flwr][INFO] - fit progress: (7, 166.71387112140656, {'accuracy': 0.6605}, 15.226662750006653)
[2026-01-14 23:53:13,468][flwr][DEBUG] - evaluate_round 7: strategy sampled 20 clients (out of 20)
[2026-01-14 23:53:13,545][flwr][DEBUG] - evaluate_round 7 received 20 results and 0 failures
[2026-01-14 23:53:13,545][flwr][DEBUG] - fit_round 8: strategy sampled 20 clients (out of 20)
[2026-01-14 23:53:14,708][flwr][DEBUG] - fit_round 8 received 20 results and 0 failures
[2026-01-14 23:53:14,793][flwr][INFO] - fit progress: (8, 162.79885189980268, {'accuracy': 0.6585}, 16.551601708022645)
[2026-01-14 23:53:14,793][flwr][DEBUG] - evaluate_round 8: strategy sampled 20 clients (out of 20)
[2026-01-14 23:53:14,871][flwr][DEBUG] - evaluate_round 8 received 20 results and 0 failures
[2026-01-14 23:53:14,871][flwr][DEBUG] - fit_round 9: strategy sampled 20 clients (out of 20)
[2026-01-14 23:53:15,991][flwr][DEBUG] - fit_round 9 received 20 results and 0 failures
[2026-01-14 23:53:16,077][flwr][INFO] - fit progress: (9, 167.56208013743162, {'accuracy': 0.6595}, 17.835984500008635)
[2026-01-14 23:53:16,078][flwr][DEBUG] - evaluate_round 9: strategy sampled 20 clients (out of 20)
[2026-01-14 23:53:16,165][flwr][DEBUG] - evaluate_round 9 received 20 results and 0 failures
[2026-01-14 23:53:16,165][flwr][DEBUG] - fit_round 10: strategy sampled 20 clients (out of 20)
[2026-01-14 23:53:17,379][flwr][DEBUG] - fit_round 10 received 20 results and 0 failures
[2026-01-14 23:53:17,460][flwr][INFO] - fit progress: (10, 162.23476584255695, {'accuracy': 0.6595}, 19.218771750020096)
[2026-01-14 23:53:17,460][flwr][DEBUG] - evaluate_round 10: strategy sampled 20 clients (out of 20)
[2026-01-14 23:53:17,534][flwr][DEBUG] - evaluate_round 10 received 20 results and 0 failures
[2026-01-14 23:53:17,534][flwr][DEBUG] - fit_round 11: strategy sampled 20 clients (out of 20)
[2026-01-14 23:53:19,095][flwr][DEBUG] - fit_round 11 received 20 results and 0 failures
[2026-01-14 23:53:19,184][flwr][INFO] - fit progress: (11, 167.11451357603073, {'accuracy': 0.66}, 20.94290049999836)
[2026-01-14 23:53:19,185][flwr][DEBUG] - evaluate_round 11: strategy sampled 20 clients (out of 20)
[2026-01-14 23:53:19,274][flwr][DEBUG] - evaluate_round 11 received 20 results and 0 failures
[2026-01-14 23:53:19,275][flwr][DEBUG] - fit_round 12: strategy sampled 20 clients (out of 20)
[2026-01-14 23:53:20,562][flwr][DEBUG] - fit_round 12 received 20 results and 0 failures
[2026-01-14 23:53:20,650][flwr][INFO] - fit progress: (12, 166.43852245807648, {'accuracy': 0.661}, 22.408993165998254)
[2026-01-14 23:53:20,651][flwr][DEBUG] - evaluate_round 12: strategy sampled 20 clients (out of 20)
[2026-01-14 23:53:20,736][flwr][DEBUG] - evaluate_round 12 received 20 results and 0 failures
[2026-01-14 23:53:20,736][flwr][DEBUG] - fit_round 13: strategy sampled 20 clients (out of 20)
[2026-01-14 23:53:21,818][flwr][DEBUG] - fit_round 13 received 20 results and 0 failures
[2026-01-14 23:53:21,898][flwr][INFO] - fit progress: (13, 167.7765555009246, {'accuracy': 0.6585}, 23.65649900000426)
[2026-01-14 23:53:21,898][flwr][DEBUG] - evaluate_round 13: strategy sampled 20 clients (out of 20)
[2026-01-14 23:53:21,978][flwr][DEBUG] - evaluate_round 13 received 20 results and 0 failures
[2026-01-14 23:53:21,978][flwr][DEBUG] - fit_round 14: strategy sampled 20 clients (out of 20)
[2026-01-14 23:53:23,157][flwr][DEBUG] - fit_round 14 received 20 results and 0 failures
[2026-01-14 23:53:23,235][flwr][INFO] - fit progress: (14, 168.61075934767723, {'accuracy': 0.66}, 24.99390487500932)
[2026-01-14 23:53:23,236][flwr][DEBUG] - evaluate_round 14: strategy sampled 20 clients (out of 20)
[2026-01-14 23:53:23,319][flwr][DEBUG] - evaluate_round 14 received 20 results and 0 failures
[2026-01-14 23:53:23,319][flwr][DEBUG] - fit_round 15: strategy sampled 20 clients (out of 20)
[2026-01-14 23:53:24,464][flwr][DEBUG] - fit_round 15 received 20 results and 0 failures
[2026-01-14 23:53:24,545][flwr][INFO] - fit progress: (15, 159.1937607228756, {'accuracy': 0.6605}, 26.303770083002746)
[2026-01-14 23:53:24,545][flwr][DEBUG] - evaluate_round 15: strategy sampled 20 clients (out of 20)
[2026-01-14 23:53:24,621][flwr][DEBUG] - evaluate_round 15 received 20 results and 0 failures
[2026-01-14 23:53:24,622][flwr][DEBUG] - fit_round 16: strategy sampled 20 clients (out of 20)
[2026-01-14 23:53:25,737][flwr][DEBUG] - fit_round 16 received 20 results and 0 failures
[2026-01-14 23:53:25,818][flwr][INFO] - fit progress: (16, 165.70240139961243, {'accuracy': 0.6615}, 27.57693895799457)
[2026-01-14 23:53:25,819][flwr][DEBUG] - evaluate_round 16: strategy sampled 20 clients (out of 20)
[2026-01-14 23:53:25,897][flwr][DEBUG] - evaluate_round 16 received 20 results and 0 failures
[2026-01-14 23:53:25,897][flwr][DEBUG] - fit_round 17: strategy sampled 20 clients (out of 20)
[2026-01-14 23:53:27,116][flwr][DEBUG] - fit_round 17 received 20 results and 0 failures
[2026-01-14 23:53:27,195][flwr][INFO] - fit progress: (17, 164.6186741515994, {'accuracy': 0.66}, 28.953731916000834)
[2026-01-14 23:53:27,195][flwr][DEBUG] - evaluate_round 17: strategy sampled 20 clients (out of 20)
[2026-01-14 23:53:27,275][flwr][DEBUG] - evaluate_round 17 received 20 results and 0 failures
[2026-01-14 23:53:27,276][flwr][DEBUG] - fit_round 18: strategy sampled 20 clients (out of 20)
[2026-01-14 23:53:28,541][flwr][DEBUG] - fit_round 18 received 20 results and 0 failures
[2026-01-14 23:53:28,624][flwr][INFO] - fit progress: (18, 163.3295178860426, {'accuracy': 0.661}, 30.38280120800482)
[2026-01-14 23:53:28,624][flwr][DEBUG] - evaluate_round 18: strategy sampled 20 clients (out of 20)
[2026-01-14 23:53:28,710][flwr][DEBUG] - evaluate_round 18 received 20 results and 0 failures
[2026-01-14 23:53:28,711][flwr][DEBUG] - fit_round 19: strategy sampled 20 clients (out of 20)
[2026-01-14 23:53:30,039][flwr][DEBUG] - fit_round 19 received 20 results and 0 failures
[2026-01-14 23:53:30,124][flwr][INFO] - fit progress: (19, 165.7661449983716, {'accuracy': 0.6615}, 31.882341958000325)
[2026-01-14 23:53:30,124][flwr][DEBUG] - evaluate_round 19: strategy sampled 20 clients (out of 20)
[2026-01-14 23:53:30,210][flwr][DEBUG] - evaluate_round 19 received 20 results and 0 failures
[2026-01-14 23:53:30,210][flwr][DEBUG] - fit_round 20: strategy sampled 20 clients (out of 20)
[2026-01-14 23:53:31,357][flwr][DEBUG] - fit_round 20 received 20 results and 0 failures
[2026-01-14 23:53:31,441][flwr][INFO] - fit progress: (20, 164.9134550690651, {'accuracy': 0.6595}, 33.19941737499903)
[2026-01-14 23:53:31,441][flwr][DEBUG] - evaluate_round 20: strategy sampled 20 clients (out of 20)
[2026-01-14 23:53:31,529][flwr][DEBUG] - evaluate_round 20 received 20 results and 0 failures
[2026-01-14 23:53:31,530][flwr][DEBUG] - fit_round 21: strategy sampled 20 clients (out of 20)
[2026-01-14 23:53:32,692][flwr][DEBUG] - fit_round 21 received 20 results and 0 failures
[2026-01-14 23:53:32,771][flwr][INFO] - fit progress: (21, 166.89990758895874, {'accuracy': 0.6605}, 34.52982841600897)
[2026-01-14 23:53:32,772][flwr][DEBUG] - evaluate_round 21: strategy sampled 20 clients (out of 20)
[2026-01-14 23:53:32,850][flwr][DEBUG] - evaluate_round 21 received 20 results and 0 failures
[2026-01-14 23:53:32,850][flwr][DEBUG] - fit_round 22: strategy sampled 20 clients (out of 20)
[2026-01-14 23:53:33,968][flwr][DEBUG] - fit_round 22 received 20 results and 0 failures
[2026-01-14 23:53:34,053][flwr][INFO] - fit progress: (22, 163.34324721992016, {'accuracy': 0.6595}, 35.811884833005024)
[2026-01-14 23:53:34,054][flwr][DEBUG] - evaluate_round 22: strategy sampled 20 clients (out of 20)
[2026-01-14 23:53:34,135][flwr][DEBUG] - evaluate_round 22 received 20 results and 0 failures
[2026-01-14 23:53:34,136][flwr][DEBUG] - fit_round 23: strategy sampled 20 clients (out of 20)
[2026-01-14 23:53:35,232][flwr][DEBUG] - fit_round 23 received 20 results and 0 failures
[2026-01-14 23:53:35,313][flwr][INFO] - fit progress: (23, 162.2328895702958, {'accuracy': 0.661}, 37.07115941599477)
[2026-01-14 23:53:35,313][flwr][DEBUG] - evaluate_round 23: strategy sampled 20 clients (out of 20)
[2026-01-14 23:53:35,391][flwr][DEBUG] - evaluate_round 23 received 20 results and 0 failures
[2026-01-14 23:53:35,391][flwr][DEBUG] - fit_round 24: strategy sampled 20 clients (out of 20)
[2026-01-14 23:53:36,546][flwr][DEBUG] - fit_round 24 received 20 results and 0 failures
[2026-01-14 23:53:36,625][flwr][INFO] - fit progress: (24, 164.6591485887766, {'accuracy': 0.6595}, 38.38384395799949)
[2026-01-14 23:53:36,626][flwr][DEBUG] - evaluate_round 24: strategy sampled 20 clients (out of 20)
[2026-01-14 23:53:36,701][flwr][DEBUG] - evaluate_round 24 received 20 results and 0 failures
[2026-01-14 23:53:36,701][flwr][DEBUG] - fit_round 25: strategy sampled 20 clients (out of 20)
[2026-01-14 23:53:37,819][flwr][DEBUG] - fit_round 25 received 20 results and 0 failures
[2026-01-14 23:53:37,912][flwr][INFO] - fit progress: (25, 167.4790958687663, {'accuracy': 0.66}, 39.67020604101708)
[2026-01-14 23:53:37,912][flwr][DEBUG] - evaluate_round 25: strategy sampled 20 clients (out of 20)
[2026-01-14 23:53:37,987][flwr][DEBUG] - evaluate_round 25 received 20 results and 0 failures
[2026-01-14 23:53:37,987][flwr][DEBUG] - fit_round 26: strategy sampled 20 clients (out of 20)
[2026-01-14 23:53:39,113][flwr][DEBUG] - fit_round 26 received 20 results and 0 failures
[2026-01-14 23:53:39,195][flwr][INFO] - fit progress: (26, 165.31989888846874, {'accuracy': 0.6585}, 40.95348479101085)
[2026-01-14 23:53:39,195][flwr][DEBUG] - evaluate_round 26: strategy sampled 20 clients (out of 20)
[2026-01-14 23:53:39,273][flwr][DEBUG] - evaluate_round 26 received 20 results and 0 failures
[2026-01-14 23:53:39,273][flwr][DEBUG] - fit_round 27: strategy sampled 20 clients (out of 20)
[2026-01-14 23:53:40,407][flwr][DEBUG] - fit_round 27 received 20 results and 0 failures
[2026-01-14 23:53:40,487][flwr][INFO] - fit progress: (27, 162.34876963496208, {'accuracy': 0.66}, 42.245497833006084)
[2026-01-14 23:53:40,487][flwr][DEBUG] - evaluate_round 27: strategy sampled 20 clients (out of 20)
[2026-01-14 23:53:40,566][flwr][DEBUG] - evaluate_round 27 received 20 results and 0 failures
[2026-01-14 23:53:40,566][flwr][DEBUG] - fit_round 28: strategy sampled 20 clients (out of 20)
[2026-01-14 23:53:42,159][flwr][DEBUG] - fit_round 28 received 20 results and 0 failures
[2026-01-14 23:53:42,242][flwr][INFO] - fit progress: (28, 162.17507598549128, {'accuracy': 0.66}, 44.00069587500184)
[2026-01-14 23:53:42,242][flwr][DEBUG] - evaluate_round 28: strategy sampled 20 clients (out of 20)
[2026-01-14 23:53:42,324][flwr][DEBUG] - evaluate_round 28 received 20 results and 0 failures
[2026-01-14 23:53:42,324][flwr][DEBUG] - fit_round 29: strategy sampled 20 clients (out of 20)
[2026-01-14 23:53:43,480][flwr][DEBUG] - fit_round 29 received 20 results and 0 failures
[2026-01-14 23:53:43,563][flwr][INFO] - fit progress: (29, 157.10166860371828, {'accuracy': 0.6585}, 45.32108575000893)
[2026-01-14 23:53:43,563][flwr][DEBUG] - evaluate_round 29: strategy sampled 20 clients (out of 20)
[2026-01-14 23:53:43,640][flwr][DEBUG] - evaluate_round 29 received 20 results and 0 failures
[2026-01-14 23:53:43,640][flwr][DEBUG] - fit_round 30: strategy sampled 20 clients (out of 20)
[2026-01-14 23:53:44,743][flwr][DEBUG] - fit_round 30 received 20 results and 0 failures
[2026-01-14 23:53:44,826][flwr][INFO] - fit progress: (30, 159.25715150684118, {'accuracy': 0.659}, 46.584407999995165)
[2026-01-14 23:53:44,826][flwr][DEBUG] - evaluate_round 30: strategy sampled 20 clients (out of 20)
[2026-01-14 23:53:44,911][flwr][DEBUG] - evaluate_round 30 received 20 results and 0 failures
[2026-01-14 23:53:44,911][flwr][DEBUG] - fit_round 31: strategy sampled 20 clients (out of 20)
[2026-01-14 23:53:46,080][flwr][DEBUG] - fit_round 31 received 20 results and 0 failures
[2026-01-14 23:53:46,163][flwr][INFO] - fit progress: (31, 162.10839715600014, {'accuracy': 0.6585}, 47.92139879101887)
[2026-01-14 23:53:46,163][flwr][DEBUG] - evaluate_round 31: strategy sampled 20 clients (out of 20)
[2026-01-14 23:53:46,243][flwr][DEBUG] - evaluate_round 31 received 20 results and 0 failures
[2026-01-14 23:53:46,243][flwr][DEBUG] - fit_round 32: strategy sampled 20 clients (out of 20)
[2026-01-14 23:53:47,321][flwr][DEBUG] - fit_round 32 received 20 results and 0 failures
[2026-01-14 23:53:47,402][flwr][INFO] - fit progress: (32, 166.08671563863754, {'accuracy': 0.658}, 49.160793832998024)
[2026-01-14 23:53:47,402][flwr][DEBUG] - evaluate_round 32: strategy sampled 20 clients (out of 20)
[2026-01-14 23:53:47,482][flwr][DEBUG] - evaluate_round 32 received 20 results and 0 failures
[2026-01-14 23:53:47,482][flwr][DEBUG] - fit_round 33: strategy sampled 20 clients (out of 20)
[2026-01-14 23:53:48,872][flwr][DEBUG] - fit_round 33 received 20 results and 0 failures
[2026-01-14 23:53:48,959][flwr][INFO] - fit progress: (33, 163.70914491266012, {'accuracy': 0.6585}, 50.71745937500964)
[2026-01-14 23:53:48,959][flwr][DEBUG] - evaluate_round 33: strategy sampled 20 clients (out of 20)
[2026-01-14 23:53:49,036][flwr][DEBUG] - evaluate_round 33 received 20 results and 0 failures
[2026-01-14 23:53:49,037][flwr][DEBUG] - fit_round 34: strategy sampled 20 clients (out of 20)
[2026-01-14 23:53:50,276][flwr][DEBUG] - fit_round 34 received 20 results and 0 failures
[2026-01-14 23:53:50,361][flwr][INFO] - fit progress: (34, 165.83616687357426, {'accuracy': 0.659}, 52.11922725001932)
[2026-01-14 23:53:50,361][flwr][DEBUG] - evaluate_round 34: strategy sampled 20 clients (out of 20)
[2026-01-14 23:53:50,468][flwr][DEBUG] - evaluate_round 34 received 20 results and 0 failures
[2026-01-14 23:53:50,468][flwr][DEBUG] - fit_round 35: strategy sampled 20 clients (out of 20)
[2026-01-14 23:53:52,113][flwr][DEBUG] - fit_round 35 received 20 results and 0 failures
[2026-01-14 23:53:52,225][flwr][INFO] - fit progress: (35, 163.01600735634565, {'accuracy': 0.6575}, 53.98358187501435)
[2026-01-14 23:53:52,227][flwr][DEBUG] - evaluate_round 35: strategy sampled 20 clients (out of 20)
[2026-01-14 23:53:52,329][flwr][DEBUG] - evaluate_round 35 received 20 results and 0 failures
[2026-01-14 23:53:52,330][flwr][DEBUG] - fit_round 36: strategy sampled 20 clients (out of 20)
[2026-01-14 23:53:54,093][flwr][DEBUG] - fit_round 36 received 20 results and 0 failures
[2026-01-14 23:53:54,206][flwr][INFO] - fit progress: (36, 172.0175627619028, {'accuracy': 0.6585}, 55.96497787500266)
[2026-01-14 23:53:54,207][flwr][DEBUG] - evaluate_round 36: strategy sampled 20 clients (out of 20)
[2026-01-14 23:53:54,326][flwr][DEBUG] - evaluate_round 36 received 20 results and 0 failures
[2026-01-14 23:53:54,326][flwr][DEBUG] - fit_round 37: strategy sampled 20 clients (out of 20)
[2026-01-14 23:53:55,872][flwr][DEBUG] - fit_round 37 received 20 results and 0 failures
[2026-01-14 23:53:55,963][flwr][INFO] - fit progress: (37, 164.52191361039877, {'accuracy': 0.658}, 57.72115891601425)
[2026-01-14 23:53:55,963][flwr][DEBUG] - evaluate_round 37: strategy sampled 20 clients (out of 20)
[2026-01-14 23:53:56,058][flwr][DEBUG] - evaluate_round 37 received 20 results and 0 failures
[2026-01-14 23:53:56,058][flwr][DEBUG] - fit_round 38: strategy sampled 20 clients (out of 20)
[2026-01-14 23:53:57,422][flwr][DEBUG] - fit_round 38 received 20 results and 0 failures
[2026-01-14 23:53:57,508][flwr][INFO] - fit progress: (38, 162.3118408471346, {'accuracy': 0.6575}, 59.26670537501923)
[2026-01-14 23:53:57,508][flwr][DEBUG] - evaluate_round 38: strategy sampled 20 clients (out of 20)
[2026-01-14 23:53:57,609][flwr][DEBUG] - evaluate_round 38 received 20 results and 0 failures
[2026-01-14 23:53:57,610][flwr][DEBUG] - fit_round 39: strategy sampled 20 clients (out of 20)
[2026-01-14 23:53:58,957][flwr][DEBUG] - fit_round 39 received 20 results and 0 failures
[2026-01-14 23:53:59,050][flwr][INFO] - fit progress: (39, 168.14522136747837, {'accuracy': 0.658}, 60.80899462499656)
[2026-01-14 23:53:59,051][flwr][DEBUG] - evaluate_round 39: strategy sampled 20 clients (out of 20)
[2026-01-14 23:53:59,148][flwr][DEBUG] - evaluate_round 39 received 20 results and 0 failures
[2026-01-14 23:53:59,149][flwr][DEBUG] - fit_round 40: strategy sampled 20 clients (out of 20)
[2026-01-14 23:54:00,359][flwr][DEBUG] - fit_round 40 received 20 results and 0 failures
[2026-01-14 23:54:00,448][flwr][INFO] - fit progress: (40, 160.45721285045147, {'accuracy': 0.658}, 62.20619733299827)
[2026-01-14 23:54:00,448][flwr][DEBUG] - evaluate_round 40: strategy sampled 20 clients (out of 20)
[2026-01-14 23:54:00,540][flwr][DEBUG] - evaluate_round 40 received 20 results and 0 failures
[2026-01-14 23:54:00,540][flwr][DEBUG] - fit_round 41: strategy sampled 20 clients (out of 20)
[2026-01-14 23:54:02,186][flwr][DEBUG] - fit_round 41 received 20 results and 0 failures
[2026-01-14 23:54:02,288][flwr][INFO] - fit progress: (41, 169.37864726781845, {'accuracy': 0.6575}, 64.04622154100798)
[2026-01-14 23:54:02,288][flwr][DEBUG] - evaluate_round 41: strategy sampled 20 clients (out of 20)
[2026-01-14 23:54:02,453][flwr][DEBUG] - evaluate_round 41 received 20 results and 0 failures
[2026-01-14 23:54:02,453][flwr][DEBUG] - fit_round 42: strategy sampled 20 clients (out of 20)
[2026-01-14 23:54:03,827][flwr][DEBUG] - fit_round 42 received 20 results and 0 failures
[2026-01-14 23:54:03,930][flwr][INFO] - fit progress: (42, 162.4961508065462, {'accuracy': 0.658}, 65.68876629101578)
[2026-01-14 23:54:03,931][flwr][DEBUG] - evaluate_round 42: strategy sampled 20 clients (out of 20)
[2026-01-14 23:54:04,028][flwr][DEBUG] - evaluate_round 42 received 20 results and 0 failures
[2026-01-14 23:54:04,028][flwr][DEBUG] - fit_round 43: strategy sampled 20 clients (out of 20)
[2026-01-14 23:54:05,139][flwr][DEBUG] - fit_round 43 received 20 results and 0 failures
[2026-01-14 23:54:05,269][flwr][INFO] - fit progress: (43, 163.44149266928434, {'accuracy': 0.657}, 67.02714400002151)
[2026-01-14 23:54:05,269][flwr][DEBUG] - evaluate_round 43: strategy sampled 20 clients (out of 20)
[2026-01-14 23:54:05,365][flwr][DEBUG] - evaluate_round 43 received 20 results and 0 failures
[2026-01-14 23:54:05,365][flwr][DEBUG] - fit_round 44: strategy sampled 20 clients (out of 20)
[2026-01-14 23:54:06,557][flwr][DEBUG] - fit_round 44 received 20 results and 0 failures
[2026-01-14 23:54:06,638][flwr][INFO] - fit progress: (44, 159.21283823251724, {'accuracy': 0.658}, 68.39626541599864)
[2026-01-14 23:54:06,638][flwr][DEBUG] - evaluate_round 44: strategy sampled 20 clients (out of 20)
[2026-01-14 23:54:06,720][flwr][DEBUG] - evaluate_round 44 received 20 results and 0 failures
[2026-01-14 23:54:06,720][flwr][DEBUG] - fit_round 45: strategy sampled 20 clients (out of 20)
[2026-01-14 23:54:08,495][flwr][DEBUG] - fit_round 45 received 20 results and 0 failures
[2026-01-14 23:54:08,588][flwr][INFO] - fit progress: (45, 171.9685272052884, {'accuracy': 0.659}, 70.34610166601487)
[2026-01-14 23:54:08,588][flwr][DEBUG] - evaluate_round 45: strategy sampled 20 clients (out of 20)
[2026-01-14 23:54:08,692][flwr][DEBUG] - evaluate_round 45 received 20 results and 0 failures
[2026-01-14 23:54:08,692][flwr][DEBUG] - fit_round 46: strategy sampled 20 clients (out of 20)
[2026-01-14 23:54:09,992][flwr][DEBUG] - fit_round 46 received 20 results and 0 failures
[2026-01-14 23:54:10,086][flwr][INFO] - fit progress: (46, 169.4721011966467, {'accuracy': 0.659}, 71.84469770800206)
[2026-01-14 23:54:10,086][flwr][DEBUG] - evaluate_round 46: strategy sampled 20 clients (out of 20)
[2026-01-14 23:54:10,177][flwr][DEBUG] - evaluate_round 46 received 20 results and 0 failures
[2026-01-14 23:54:10,177][flwr][DEBUG] - fit_round 47: strategy sampled 20 clients (out of 20)
[2026-01-14 23:54:11,660][flwr][DEBUG] - fit_round 47 received 20 results and 0 failures
[2026-01-14 23:54:11,760][flwr][INFO] - fit progress: (47, 166.73493692278862, {'accuracy': 0.659}, 73.51897450000979)
[2026-01-14 23:54:11,761][flwr][DEBUG] - evaluate_round 47: strategy sampled 20 clients (out of 20)
[2026-01-14 23:54:11,868][flwr][DEBUG] - evaluate_round 47 received 20 results and 0 failures
[2026-01-14 23:54:11,868][flwr][DEBUG] - fit_round 48: strategy sampled 20 clients (out of 20)
[2026-01-14 23:54:13,123][flwr][DEBUG] - fit_round 48 received 20 results and 0 failures
[2026-01-14 23:54:13,210][flwr][INFO] - fit progress: (48, 161.75994078069925, {'accuracy': 0.6565}, 74.96873183301068)
[2026-01-14 23:54:13,210][flwr][DEBUG] - evaluate_round 48: strategy sampled 20 clients (out of 20)
[2026-01-14 23:54:13,317][flwr][DEBUG] - evaluate_round 48 received 20 results and 0 failures
[2026-01-14 23:54:13,317][flwr][DEBUG] - fit_round 49: strategy sampled 20 clients (out of 20)
[2026-01-14 23:54:14,495][flwr][DEBUG] - fit_round 49 received 20 results and 0 failures
[2026-01-14 23:54:14,579][flwr][INFO] - fit progress: (49, 163.851125061512, {'accuracy': 0.6585}, 76.33711466600653)
[2026-01-14 23:54:14,579][flwr][DEBUG] - evaluate_round 49: strategy sampled 20 clients (out of 20)
[2026-01-14 23:54:14,745][flwr][DEBUG] - evaluate_round 49 received 20 results and 0 failures
[2026-01-14 23:54:14,745][flwr][DEBUG] - fit_round 50: strategy sampled 20 clients (out of 20)
[2026-01-14 23:54:16,020][flwr][DEBUG] - fit_round 50 received 20 results and 0 failures
[2026-01-14 23:54:16,103][flwr][INFO] - fit progress: (50, 158.9296654984355, {'accuracy': 0.658}, 77.86176670799614)
[2026-01-14 23:54:16,103][flwr][DEBUG] - evaluate_round 50: strategy sampled 20 clients (out of 20)
[2026-01-14 23:54:16,230][flwr][DEBUG] - evaluate_round 50 received 20 results and 0 failures
[2026-01-14 23:54:16,230][flwr][DEBUG] - fit_round 51: strategy sampled 20 clients (out of 20)
[2026-01-14 23:54:17,351][flwr][DEBUG] - fit_round 51 received 20 results and 0 failures
[2026-01-14 23:54:17,429][flwr][INFO] - fit progress: (51, 164.19822501391172, {'accuracy': 0.6595}, 79.18788504099939)
[2026-01-14 23:54:17,430][flwr][DEBUG] - evaluate_round 51: strategy sampled 20 clients (out of 20)
[2026-01-14 23:54:17,520][flwr][DEBUG] - evaluate_round 51 received 20 results and 0 failures
[2026-01-14 23:54:17,520][flwr][DEBUG] - fit_round 52: strategy sampled 20 clients (out of 20)
[2026-01-14 23:54:18,690][flwr][DEBUG] - fit_round 52 received 20 results and 0 failures
[2026-01-14 23:54:18,777][flwr][INFO] - fit progress: (52, 156.13492508232594, {'accuracy': 0.6595}, 80.53590958300629)
[2026-01-14 23:54:18,778][flwr][DEBUG] - evaluate_round 52: strategy sampled 20 clients (out of 20)
[2026-01-14 23:54:18,860][flwr][DEBUG] - evaluate_round 52 received 20 results and 0 failures
[2026-01-14 23:54:18,860][flwr][DEBUG] - fit_round 53: strategy sampled 20 clients (out of 20)
[2026-01-14 23:54:20,011][flwr][DEBUG] - fit_round 53 received 20 results and 0 failures
[2026-01-14 23:54:20,104][flwr][INFO] - fit progress: (53, 169.18258574604988, {'accuracy': 0.659}, 81.86246037500678)
[2026-01-14 23:54:20,104][flwr][DEBUG] - evaluate_round 53: strategy sampled 20 clients (out of 20)
[2026-01-14 23:54:20,227][flwr][DEBUG] - evaluate_round 53 received 20 results and 0 failures
[2026-01-14 23:54:20,227][flwr][DEBUG] - fit_round 54: strategy sampled 20 clients (out of 20)
[2026-01-14 23:54:21,425][flwr][DEBUG] - fit_round 54 received 20 results and 0 failures
[2026-01-14 23:54:21,505][flwr][INFO] - fit progress: (54, 161.84365290403366, {'accuracy': 0.661}, 83.26384170801612)
[2026-01-14 23:54:21,506][flwr][DEBUG] - evaluate_round 54: strategy sampled 20 clients (out of 20)
[2026-01-14 23:54:21,595][flwr][DEBUG] - evaluate_round 54 received 20 results and 0 failures
[2026-01-14 23:54:21,595][flwr][DEBUG] - fit_round 55: strategy sampled 20 clients (out of 20)
[2026-01-14 23:54:22,768][flwr][DEBUG] - fit_round 55 received 20 results and 0 failures
[2026-01-14 23:54:22,846][flwr][INFO] - fit progress: (55, 162.15597693622112, {'accuracy': 0.66}, 84.60478745799628)
[2026-01-14 23:54:22,846][flwr][DEBUG] - evaluate_round 55: strategy sampled 20 clients (out of 20)
[2026-01-14 23:54:22,930][flwr][DEBUG] - evaluate_round 55 received 20 results and 0 failures
[2026-01-14 23:54:22,931][flwr][DEBUG] - fit_round 56: strategy sampled 20 clients (out of 20)
[2026-01-14 23:54:24,054][flwr][DEBUG] - fit_round 56 received 20 results and 0 failures
[2026-01-14 23:54:24,137][flwr][INFO] - fit progress: (56, 161.51613509655, {'accuracy': 0.6595}, 85.8951854580082)
[2026-01-14 23:54:24,137][flwr][DEBUG] - evaluate_round 56: strategy sampled 20 clients (out of 20)
[2026-01-14 23:54:24,235][flwr][DEBUG] - evaluate_round 56 received 20 results and 0 failures
[2026-01-14 23:54:24,236][flwr][DEBUG] - fit_round 57: strategy sampled 20 clients (out of 20)
[2026-01-14 23:54:25,352][flwr][DEBUG] - fit_round 57 received 20 results and 0 failures
[2026-01-14 23:54:25,433][flwr][INFO] - fit progress: (57, 163.89943304657936, {'accuracy': 0.659}, 87.19168141600676)
[2026-01-14 23:54:25,433][flwr][DEBUG] - evaluate_round 57: strategy sampled 20 clients (out of 20)
[2026-01-14 23:54:25,577][flwr][DEBUG] - evaluate_round 57 received 20 results and 0 failures
[2026-01-14 23:54:25,577][flwr][DEBUG] - fit_round 58: strategy sampled 20 clients (out of 20)
[2026-01-14 23:54:26,738][flwr][DEBUG] - fit_round 58 received 20 results and 0 failures
[2026-01-14 23:54:26,827][flwr][INFO] - fit progress: (58, 159.1882348433137, {'accuracy': 0.659}, 88.58503154100617)
[2026-01-14 23:54:26,827][flwr][DEBUG] - evaluate_round 58: strategy sampled 20 clients (out of 20)
[2026-01-14 23:54:27,272][flwr][DEBUG] - evaluate_round 58 received 20 results and 0 failures
[2026-01-14 23:54:27,275][flwr][DEBUG] - fit_round 59: strategy sampled 20 clients (out of 20)
[2026-01-14 23:54:28,480][flwr][DEBUG] - fit_round 59 received 20 results and 0 failures
[2026-01-14 23:54:28,561][flwr][INFO] - fit progress: (59, 158.55755058676004, {'accuracy': 0.6595}, 90.319518083008)
[2026-01-14 23:54:28,561][flwr][DEBUG] - evaluate_round 59: strategy sampled 20 clients (out of 20)
[2026-01-14 23:54:28,662][flwr][DEBUG] - evaluate_round 59 received 20 results and 0 failures
[2026-01-14 23:54:28,662][flwr][DEBUG] - fit_round 60: strategy sampled 20 clients (out of 20)
[2026-01-14 23:54:29,849][flwr][DEBUG] - fit_round 60 received 20 results and 0 failures
[2026-01-14 23:54:29,930][flwr][INFO] - fit progress: (60, 166.72588104009628, {'accuracy': 0.66}, 91.68829558300786)
[2026-01-14 23:54:29,930][flwr][DEBUG] - evaluate_round 60: strategy sampled 20 clients (out of 20)
[2026-01-14 23:54:30,011][flwr][DEBUG] - evaluate_round 60 received 20 results and 0 failures
[2026-01-14 23:54:30,012][flwr][DEBUG] - fit_round 61: strategy sampled 20 clients (out of 20)
[2026-01-14 23:54:31,165][flwr][DEBUG] - fit_round 61 received 20 results and 0 failures
[2026-01-14 23:54:31,245][flwr][INFO] - fit progress: (61, 167.9695579856634, {'accuracy': 0.6605}, 93.0031007080106)
[2026-01-14 23:54:31,245][flwr][DEBUG] - evaluate_round 61: strategy sampled 20 clients (out of 20)
[2026-01-14 23:54:31,354][flwr][DEBUG] - evaluate_round 61 received 20 results and 0 failures
[2026-01-14 23:54:31,354][flwr][DEBUG] - fit_round 62: strategy sampled 20 clients (out of 20)
[2026-01-14 23:54:32,577][flwr][DEBUG] - fit_round 62 received 20 results and 0 failures
[2026-01-14 23:54:32,659][flwr][INFO] - fit progress: (62, 161.42015251517296, {'accuracy': 0.6595}, 94.41727320800419)
[2026-01-14 23:54:32,659][flwr][DEBUG] - evaluate_round 62: strategy sampled 20 clients (out of 20)
[2026-01-14 23:54:32,774][flwr][DEBUG] - evaluate_round 62 received 20 results and 0 failures
[2026-01-14 23:54:32,774][flwr][DEBUG] - fit_round 63: strategy sampled 20 clients (out of 20)
[2026-01-14 23:54:33,933][flwr][DEBUG] - fit_round 63 received 20 results and 0 failures
[2026-01-14 23:54:34,026][flwr][INFO] - fit progress: (63, 156.64586349576712, {'accuracy': 0.66}, 95.78419325000141)
[2026-01-14 23:54:34,026][flwr][DEBUG] - evaluate_round 63: strategy sampled 20 clients (out of 20)
[2026-01-14 23:54:34,116][flwr][DEBUG] - evaluate_round 63 received 20 results and 0 failures
[2026-01-14 23:54:34,116][flwr][DEBUG] - fit_round 64: strategy sampled 20 clients (out of 20)
[2026-01-14 23:54:35,249][flwr][DEBUG] - fit_round 64 received 20 results and 0 failures
[2026-01-14 23:54:35,330][flwr][INFO] - fit progress: (64, 162.85140312463045, {'accuracy': 0.66}, 97.08888225001283)
[2026-01-14 23:54:35,331][flwr][DEBUG] - evaluate_round 64: strategy sampled 20 clients (out of 20)
[2026-01-14 23:54:35,421][flwr][DEBUG] - evaluate_round 64 received 20 results and 0 failures
[2026-01-14 23:54:35,422][flwr][DEBUG] - fit_round 65: strategy sampled 20 clients (out of 20)
[2026-01-14 23:54:36,542][flwr][DEBUG] - fit_round 65 received 20 results and 0 failures
[2026-01-14 23:54:36,622][flwr][INFO] - fit progress: (65, 161.55790764838457, {'accuracy': 0.6595}, 98.38001320802141)
[2026-01-14 23:54:36,622][flwr][DEBUG] - evaluate_round 65: strategy sampled 20 clients (out of 20)
[2026-01-14 23:54:36,713][flwr][DEBUG] - evaluate_round 65 received 20 results and 0 failures
[2026-01-14 23:54:36,713][flwr][DEBUG] - fit_round 66: strategy sampled 20 clients (out of 20)
[2026-01-14 23:54:37,923][flwr][DEBUG] - fit_round 66 received 20 results and 0 failures
[2026-01-14 23:54:38,003][flwr][INFO] - fit progress: (66, 159.62576209753752, {'accuracy': 0.659}, 99.76110062500811)
[2026-01-14 23:54:38,003][flwr][DEBUG] - evaluate_round 66: strategy sampled 20 clients (out of 20)
[2026-01-14 23:54:38,141][flwr][DEBUG] - evaluate_round 66 received 20 results and 0 failures
[2026-01-14 23:54:38,141][flwr][DEBUG] - fit_round 67: strategy sampled 20 clients (out of 20)
[2026-01-14 23:54:39,312][flwr][DEBUG] - fit_round 67 received 20 results and 0 failures
[2026-01-14 23:54:39,392][flwr][INFO] - fit progress: (67, 157.24159920960665, {'accuracy': 0.66}, 101.1503500410181)
[2026-01-14 23:54:39,392][flwr][DEBUG] - evaluate_round 67: strategy sampled 20 clients (out of 20)
[2026-01-14 23:54:39,497][flwr][DEBUG] - evaluate_round 67 received 20 results and 0 failures
[2026-01-14 23:54:39,498][flwr][DEBUG] - fit_round 68: strategy sampled 20 clients (out of 20)
[2026-01-14 23:54:40,651][flwr][DEBUG] - fit_round 68 received 20 results and 0 failures
[2026-01-14 23:54:40,806][flwr][INFO] - fit progress: (68, 156.9430767968297, {'accuracy': 0.6595}, 102.56401308299974)
[2026-01-14 23:54:40,806][flwr][DEBUG] - evaluate_round 68: strategy sampled 20 clients (out of 20)
[2026-01-14 23:54:40,898][flwr][DEBUG] - evaluate_round 68 received 20 results and 0 failures
[2026-01-14 23:54:40,899][flwr][DEBUG] - fit_round 69: strategy sampled 20 clients (out of 20)
[2026-01-14 23:54:42,493][flwr][DEBUG] - fit_round 69 received 20 results and 0 failures
[2026-01-14 23:54:42,581][flwr][INFO] - fit progress: (69, 154.30555295199156, {'accuracy': 0.6595}, 104.3392994159949)
[2026-01-14 23:54:42,581][flwr][DEBUG] - evaluate_round 69: strategy sampled 20 clients (out of 20)
[2026-01-14 23:54:42,695][flwr][DEBUG] - evaluate_round 69 received 20 results and 0 failures
[2026-01-14 23:54:42,695][flwr][DEBUG] - fit_round 70: strategy sampled 20 clients (out of 20)
[2026-01-14 23:54:43,870][flwr][DEBUG] - fit_round 70 received 20 results and 0 failures
[2026-01-14 23:54:43,953][flwr][INFO] - fit progress: (70, 160.40431615710258, {'accuracy': 0.661}, 105.71132983302232)
[2026-01-14 23:54:43,953][flwr][DEBUG] - evaluate_round 70: strategy sampled 20 clients (out of 20)
[2026-01-14 23:54:44,040][flwr][DEBUG] - evaluate_round 70 received 20 results and 0 failures
[2026-01-14 23:54:44,040][flwr][DEBUG] - fit_round 71: strategy sampled 20 clients (out of 20)
[2026-01-14 23:54:45,208][flwr][DEBUG] - fit_round 71 received 20 results and 0 failures
[2026-01-14 23:54:45,289][flwr][INFO] - fit progress: (71, 155.53678529709578, {'accuracy': 0.6605}, 107.04706599999918)
[2026-01-14 23:54:45,289][flwr][DEBUG] - evaluate_round 71: strategy sampled 20 clients (out of 20)
[2026-01-14 23:54:45,389][flwr][DEBUG] - evaluate_round 71 received 20 results and 0 failures
[2026-01-14 23:54:45,390][flwr][DEBUG] - fit_round 72: strategy sampled 20 clients (out of 20)
[2026-01-14 23:54:46,511][flwr][DEBUG] - fit_round 72 received 20 results and 0 failures
[2026-01-14 23:54:46,593][flwr][INFO] - fit progress: (72, 162.05482534319162, {'accuracy': 0.662}, 108.35103245801292)
[2026-01-14 23:54:46,593][flwr][DEBUG] - evaluate_round 72: strategy sampled 20 clients (out of 20)
[2026-01-14 23:54:46,679][flwr][DEBUG] - evaluate_round 72 received 20 results and 0 failures
[2026-01-14 23:54:46,679][flwr][DEBUG] - fit_round 73: strategy sampled 20 clients (out of 20)
[2026-01-14 23:54:47,819][flwr][DEBUG] - fit_round 73 received 20 results and 0 failures
[2026-01-14 23:54:47,903][flwr][INFO] - fit progress: (73, 160.58305027335882, {'accuracy': 0.6615}, 109.66185666600359)
[2026-01-14 23:54:47,904][flwr][DEBUG] - evaluate_round 73: strategy sampled 20 clients (out of 20)
[2026-01-14 23:54:47,988][flwr][DEBUG] - evaluate_round 73 received 20 results and 0 failures
[2026-01-14 23:54:47,989][flwr][DEBUG] - fit_round 74: strategy sampled 20 clients (out of 20)
[2026-01-14 23:54:49,190][flwr][DEBUG] - fit_round 74 received 20 results and 0 failures
[2026-01-14 23:54:49,274][flwr][INFO] - fit progress: (74, 161.24227824807167, {'accuracy': 0.6615}, 111.0320713330002)
[2026-01-14 23:54:49,274][flwr][DEBUG] - evaluate_round 74: strategy sampled 20 clients (out of 20)
[2026-01-14 23:54:49,403][flwr][DEBUG] - evaluate_round 74 received 20 results and 0 failures
[2026-01-14 23:54:49,403][flwr][DEBUG] - fit_round 75: strategy sampled 20 clients (out of 20)
[2026-01-14 23:54:50,593][flwr][DEBUG] - fit_round 75 received 20 results and 0 failures
[2026-01-14 23:54:50,672][flwr][INFO] - fit progress: (75, 162.19954873621464, {'accuracy': 0.66}, 112.43069675000152)
[2026-01-14 23:54:50,672][flwr][DEBUG] - evaluate_round 75: strategy sampled 20 clients (out of 20)
[2026-01-14 23:54:50,772][flwr][DEBUG] - evaluate_round 75 received 20 results and 0 failures
[2026-01-14 23:54:50,772][flwr][DEBUG] - fit_round 76: strategy sampled 20 clients (out of 20)
[2026-01-14 23:54:51,883][flwr][DEBUG] - fit_round 76 received 20 results and 0 failures
[2026-01-14 23:54:51,962][flwr][INFO] - fit progress: (76, 162.3953788727522, {'accuracy': 0.6605}, 113.72086845801095)
[2026-01-14 23:54:51,963][flwr][DEBUG] - evaluate_round 76: strategy sampled 20 clients (out of 20)
[2026-01-14 23:54:52,041][flwr][DEBUG] - evaluate_round 76 received 20 results and 0 failures
[2026-01-14 23:54:52,042][flwr][DEBUG] - fit_round 77: strategy sampled 20 clients (out of 20)
[2026-01-14 23:54:53,182][flwr][DEBUG] - fit_round 77 received 20 results and 0 failures
[2026-01-14 23:54:53,266][flwr][INFO] - fit progress: (77, 160.93546798825264, {'accuracy': 0.661}, 115.02434604099835)
[2026-01-14 23:54:53,266][flwr][DEBUG] - evaluate_round 77: strategy sampled 20 clients (out of 20)
[2026-01-14 23:54:53,352][flwr][DEBUG] - evaluate_round 77 received 20 results and 0 failures
[2026-01-14 23:54:53,352][flwr][DEBUG] - fit_round 78: strategy sampled 20 clients (out of 20)
[2026-01-14 23:54:54,560][flwr][DEBUG] - fit_round 78 received 20 results and 0 failures
[2026-01-14 23:54:54,640][flwr][INFO] - fit progress: (78, 158.31445494294167, {'accuracy': 0.6605}, 116.39843354100594)
[2026-01-14 23:54:54,640][flwr][DEBUG] - evaluate_round 78: strategy sampled 20 clients (out of 20)
[2026-01-14 23:54:54,726][flwr][DEBUG] - evaluate_round 78 received 20 results and 0 failures
[2026-01-14 23:54:54,726][flwr][DEBUG] - fit_round 79: strategy sampled 20 clients (out of 20)
[2026-01-14 23:54:55,854][flwr][DEBUG] - fit_round 79 received 20 results and 0 failures
[2026-01-14 23:54:55,939][flwr][INFO] - fit progress: (79, 164.46551504731178, {'accuracy': 0.662}, 117.69741191601497)
[2026-01-14 23:54:55,939][flwr][DEBUG] - evaluate_round 79: strategy sampled 20 clients (out of 20)
[2026-01-14 23:54:56,031][flwr][DEBUG] - evaluate_round 79 received 20 results and 0 failures
[2026-01-14 23:54:56,031][flwr][DEBUG] - fit_round 80: strategy sampled 20 clients (out of 20)
[2026-01-14 23:54:57,239][flwr][DEBUG] - fit_round 80 received 20 results and 0 failures
[2026-01-14 23:54:57,319][flwr][INFO] - fit progress: (80, 161.42903757095337, {'accuracy': 0.662}, 119.07769237499451)
[2026-01-14 23:54:57,319][flwr][DEBUG] - evaluate_round 80: strategy sampled 20 clients (out of 20)
[2026-01-14 23:54:57,412][flwr][DEBUG] - evaluate_round 80 received 20 results and 0 failures
[2026-01-14 23:54:57,412][flwr][DEBUG] - fit_round 81: strategy sampled 20 clients (out of 20)
[2026-01-14 23:54:58,597][flwr][DEBUG] - fit_round 81 received 20 results and 0 failures
[2026-01-14 23:54:58,677][flwr][INFO] - fit progress: (81, 155.44051925837994, {'accuracy': 0.661}, 120.4354726250167)
[2026-01-14 23:54:58,677][flwr][DEBUG] - evaluate_round 81: strategy sampled 20 clients (out of 20)
[2026-01-14 23:54:58,771][flwr][DEBUG] - evaluate_round 81 received 20 results and 0 failures
[2026-01-14 23:54:58,772][flwr][DEBUG] - fit_round 82: strategy sampled 20 clients (out of 20)
[2026-01-14 23:54:59,951][flwr][DEBUG] - fit_round 82 received 20 results and 0 failures
[2026-01-14 23:55:00,033][flwr][INFO] - fit progress: (82, 159.79491787403822, {'accuracy': 0.662}, 121.79167475001304)
[2026-01-14 23:55:00,033][flwr][DEBUG] - evaluate_round 82: strategy sampled 20 clients (out of 20)
[2026-01-14 23:55:00,153][flwr][DEBUG] - evaluate_round 82 received 20 results and 0 failures
[2026-01-14 23:55:00,153][flwr][DEBUG] - fit_round 83: strategy sampled 20 clients (out of 20)
[2026-01-14 23:55:01,288][flwr][DEBUG] - fit_round 83 received 20 results and 0 failures
[2026-01-14 23:55:01,387][flwr][INFO] - fit progress: (83, 155.5566938892007, {'accuracy': 0.662}, 123.14504320800188)
[2026-01-14 23:55:01,387][flwr][DEBUG] - evaluate_round 83: strategy sampled 20 clients (out of 20)
[2026-01-14 23:55:01,489][flwr][DEBUG] - evaluate_round 83 received 20 results and 0 failures
[2026-01-14 23:55:01,489][flwr][DEBUG] - fit_round 84: strategy sampled 20 clients (out of 20)
[2026-01-14 23:55:02,703][flwr][DEBUG] - fit_round 84 received 20 results and 0 failures
[2026-01-14 23:55:02,781][flwr][INFO] - fit progress: (84, 155.8656441271305, {'accuracy': 0.6615}, 124.5390138750081)
[2026-01-14 23:55:02,781][flwr][DEBUG] - evaluate_round 84: strategy sampled 20 clients (out of 20)
[2026-01-14 23:55:02,863][flwr][DEBUG] - evaluate_round 84 received 20 results and 0 failures
[2026-01-14 23:55:02,863][flwr][DEBUG] - fit_round 85: strategy sampled 20 clients (out of 20)
[2026-01-14 23:55:03,971][flwr][DEBUG] - fit_round 85 received 20 results and 0 failures
[2026-01-14 23:55:04,052][flwr][INFO] - fit progress: (85, 154.0292223021388, {'accuracy': 0.6615}, 125.81017237500055)
[2026-01-14 23:55:04,052][flwr][DEBUG] - evaluate_round 85: strategy sampled 20 clients (out of 20)
[2026-01-14 23:55:04,127][flwr][DEBUG] - evaluate_round 85 received 20 results and 0 failures
[2026-01-14 23:55:04,127][flwr][DEBUG] - fit_round 86: strategy sampled 20 clients (out of 20)
[2026-01-14 23:55:05,320][flwr][DEBUG] - fit_round 86 received 20 results and 0 failures
[2026-01-14 23:55:05,400][flwr][INFO] - fit progress: (86, 154.13154905289412, {'accuracy': 0.6615}, 127.15866829099832)
[2026-01-14 23:55:05,400][flwr][DEBUG] - evaluate_round 86: strategy sampled 20 clients (out of 20)
[2026-01-14 23:55:05,507][flwr][DEBUG] - evaluate_round 86 received 20 results and 0 failures
[2026-01-14 23:55:05,508][flwr][DEBUG] - fit_round 87: strategy sampled 20 clients (out of 20)
[2026-01-14 23:55:06,620][flwr][DEBUG] - fit_round 87 received 20 results and 0 failures
[2026-01-14 23:55:06,699][flwr][INFO] - fit progress: (87, 156.71170341968536, {'accuracy': 0.662}, 128.45796170801623)
[2026-01-14 23:55:06,700][flwr][DEBUG] - evaluate_round 87: strategy sampled 20 clients (out of 20)
[2026-01-14 23:55:06,791][flwr][DEBUG] - evaluate_round 87 received 20 results and 0 failures
[2026-01-14 23:55:06,791][flwr][DEBUG] - fit_round 88: strategy sampled 20 clients (out of 20)
[2026-01-14 23:55:08,343][flwr][DEBUG] - fit_round 88 received 20 results and 0 failures
[2026-01-14 23:55:08,436][flwr][INFO] - fit progress: (88, 156.70619606226683, {'accuracy': 0.663}, 130.1947169160121)
[2026-01-14 23:55:08,437][flwr][DEBUG] - evaluate_round 88: strategy sampled 20 clients (out of 20)
[2026-01-14 23:55:08,531][flwr][DEBUG] - evaluate_round 88 received 20 results and 0 failures
[2026-01-14 23:55:08,532][flwr][DEBUG] - fit_round 89: strategy sampled 20 clients (out of 20)
[2026-01-14 23:55:09,673][flwr][DEBUG] - fit_round 89 received 20 results and 0 failures
[2026-01-14 23:55:09,755][flwr][INFO] - fit progress: (89, 156.4616817086935, {'accuracy': 0.6615}, 131.51372991601238)
[2026-01-14 23:55:09,755][flwr][DEBUG] - evaluate_round 89: strategy sampled 20 clients (out of 20)
[2026-01-14 23:55:09,847][flwr][DEBUG] - evaluate_round 89 received 20 results and 0 failures
[2026-01-14 23:55:09,847][flwr][DEBUG] - fit_round 90: strategy sampled 20 clients (out of 20)
[2026-01-14 23:55:11,129][flwr][DEBUG] - fit_round 90 received 20 results and 0 failures
[2026-01-14 23:55:11,210][flwr][INFO] - fit progress: (90, 156.9265244975686, {'accuracy': 0.6625}, 132.9683614160167)
[2026-01-14 23:55:11,210][flwr][DEBUG] - evaluate_round 90: strategy sampled 20 clients (out of 20)
[2026-01-14 23:55:11,294][flwr][DEBUG] - evaluate_round 90 received 20 results and 0 failures
[2026-01-14 23:55:11,294][flwr][DEBUG] - fit_round 91: strategy sampled 20 clients (out of 20)
[2026-01-14 23:55:12,817][flwr][DEBUG] - fit_round 91 received 20 results and 0 failures
[2026-01-14 23:55:12,901][flwr][INFO] - fit progress: (91, 155.48432832211256, {'accuracy': 0.6635}, 134.65907383299782)
[2026-01-14 23:55:12,901][flwr][DEBUG] - evaluate_round 91: strategy sampled 20 clients (out of 20)
[2026-01-14 23:55:13,034][flwr][DEBUG] - evaluate_round 91 received 20 results and 0 failures
[2026-01-14 23:55:13,034][flwr][DEBUG] - fit_round 92: strategy sampled 20 clients (out of 20)
[2026-01-14 23:55:14,222][flwr][DEBUG] - fit_round 92 received 20 results and 0 failures
[2026-01-14 23:55:14,309][flwr][INFO] - fit progress: (92, 157.3254428654909, {'accuracy': 0.6625}, 136.06760062501417)
[2026-01-14 23:55:14,309][flwr][DEBUG] - evaluate_round 92: strategy sampled 20 clients (out of 20)
[2026-01-14 23:55:14,400][flwr][DEBUG] - evaluate_round 92 received 20 results and 0 failures
[2026-01-14 23:55:14,400][flwr][DEBUG] - fit_round 93: strategy sampled 20 clients (out of 20)
[2026-01-14 23:55:15,678][flwr][DEBUG] - fit_round 93 received 20 results and 0 failures
[2026-01-14 23:55:15,764][flwr][INFO] - fit progress: (93, 157.36771224439144, {'accuracy': 0.663}, 137.52197720800177)
[2026-01-14 23:55:15,764][flwr][DEBUG] - evaluate_round 93: strategy sampled 20 clients (out of 20)
[2026-01-14 23:55:15,873][flwr][DEBUG] - evaluate_round 93 received 20 results and 0 failures
[2026-01-14 23:55:15,873][flwr][DEBUG] - fit_round 94: strategy sampled 20 clients (out of 20)
[2026-01-14 23:55:17,158][flwr][DEBUG] - fit_round 94 received 20 results and 0 failures
[2026-01-14 23:55:17,237][flwr][INFO] - fit progress: (94, 157.73609234392643, {'accuracy': 0.664}, 138.99572487501428)
[2026-01-14 23:55:17,237][flwr][DEBUG] - evaluate_round 94: strategy sampled 20 clients (out of 20)
[2026-01-14 23:55:17,330][flwr][DEBUG] - evaluate_round 94 received 20 results and 0 failures
[2026-01-14 23:55:17,331][flwr][DEBUG] - fit_round 95: strategy sampled 20 clients (out of 20)
[2026-01-14 23:55:18,630][flwr][DEBUG] - fit_round 95 received 20 results and 0 failures
[2026-01-14 23:55:18,720][flwr][INFO] - fit progress: (95, 154.43613819032907, {'accuracy': 0.6625}, 140.47826462500961)
[2026-01-14 23:55:18,720][flwr][DEBUG] - evaluate_round 95: strategy sampled 20 clients (out of 20)
[2026-01-14 23:55:18,813][flwr][DEBUG] - evaluate_round 95 received 20 results and 0 failures
[2026-01-14 23:55:18,813][flwr][DEBUG] - fit_round 96: strategy sampled 20 clients (out of 20)
[2026-01-14 23:55:19,946][flwr][DEBUG] - fit_round 96 received 20 results and 0 failures
[2026-01-14 23:55:20,028][flwr][INFO] - fit progress: (96, 155.6186671257019, {'accuracy': 0.662}, 141.7865896250005)
[2026-01-14 23:55:20,028][flwr][DEBUG] - evaluate_round 96: strategy sampled 20 clients (out of 20)
[2026-01-14 23:55:20,112][flwr][DEBUG] - evaluate_round 96 received 20 results and 0 failures
[2026-01-14 23:55:20,112][flwr][DEBUG] - fit_round 97: strategy sampled 20 clients (out of 20)
[2026-01-14 23:55:21,255][flwr][DEBUG] - fit_round 97 received 20 results and 0 failures
[2026-01-14 23:55:21,339][flwr][INFO] - fit progress: (97, 158.0435496121645, {'accuracy': 0.664}, 143.09774633302004)
[2026-01-14 23:55:21,339][flwr][DEBUG] - evaluate_round 97: strategy sampled 20 clients (out of 20)
[2026-01-14 23:55:21,420][flwr][DEBUG] - evaluate_round 97 received 20 results and 0 failures
[2026-01-14 23:55:21,421][flwr][DEBUG] - fit_round 98: strategy sampled 20 clients (out of 20)
[2026-01-14 23:55:22,535][flwr][DEBUG] - fit_round 98 received 20 results and 0 failures
[2026-01-14 23:55:22,614][flwr][INFO] - fit progress: (98, 156.73748914897442, {'accuracy': 0.663}, 144.37277137499768)
[2026-01-14 23:55:22,615][flwr][DEBUG] - evaluate_round 98: strategy sampled 20 clients (out of 20)
[2026-01-14 23:55:22,695][flwr][DEBUG] - evaluate_round 98 received 20 results and 0 failures
[2026-01-14 23:55:22,695][flwr][DEBUG] - fit_round 99: strategy sampled 20 clients (out of 20)
[2026-01-14 23:55:23,859][flwr][DEBUG] - fit_round 99 received 20 results and 0 failures
[2026-01-14 23:55:23,942][flwr][INFO] - fit progress: (99, 158.68400068581104, {'accuracy': 0.6635}, 145.70016237499658)
[2026-01-14 23:55:23,942][flwr][DEBUG] - evaluate_round 99: strategy sampled 20 clients (out of 20)
[2026-01-14 23:55:24,088][flwr][DEBUG] - evaluate_round 99 received 20 results and 0 failures
[2026-01-14 23:55:24,088][flwr][DEBUG] - fit_round 100: strategy sampled 20 clients (out of 20)
[2026-01-14 23:55:25,211][flwr][DEBUG] - fit_round 100 received 20 results and 0 failures
[2026-01-14 23:55:25,293][flwr][INFO] - fit progress: (100, 155.9307387918234, {'accuracy': 0.6635}, 147.05128229100956)
[2026-01-14 23:55:25,293][flwr][DEBUG] - evaluate_round 100: strategy sampled 20 clients (out of 20)
[2026-01-14 23:55:25,376][flwr][DEBUG] - evaluate_round 100 received 20 results and 0 failures
[2026-01-14 23:55:25,376][flwr][INFO] - FL finished in 147.13494591601193
[2026-01-14 23:55:25,377][flwr][INFO] - app_fit: losses_distributed [(1, 8.590924742505395), (2, 8.538311479651622), (3, 8.816437562193142), (4, 8.829251224308068), (5, 8.737244141015406), (6, 8.548295314481395), (7, 8.58030014287325), (8, 8.359521635491722), (9, 8.65145608684286), (10, 8.348071138304386), (11, 8.64850355612246), (12, 8.618633571444978), (13, 8.692010991673188), (14, 8.736386421014494), (15, 8.189007834493449), (16, 8.572586556537127), (17, 8.510659627337995), (18, 8.440723273736916), (19, 8.580960621156642), (20, 8.52320238607024), (21, 8.634594656875056), (22, 8.428770856868436), (23, 8.35383000772195), (24, 8.501786679607061), (25, 8.655472220241093), (26, 8.537758213851749), (27, 8.369048431519849), (28, 8.363291986569205), (29, 8.069510328158014), (30, 8.193075831123506), (31, 8.358523739706486), (32, 8.595536391494397), (33, 8.453324667980601), (34, 8.561507721113149), (35, 8.406170939356587), (36, 8.922171407250913), (37, 8.492247618167628), (38, 8.366574516134493), (39, 8.707709842051415), (40, 8.264333069582126), (41, 8.778892429168422), (42, 8.372558804207086), (43, 8.42708014478264), (44, 8.176604003856884), (45, 8.911070550289638), (46, 8.764198578214735), (47, 8.607723397979324), (48, 8.325725900604532), (49, 8.455197089970344), (50, 8.159959936162329), (51, 8.464830113474095), (52, 7.979687661179786), (53, 8.748982067228743), (54, 8.330035656019506), (55, 8.343311480554501), (56, 8.310194535468685), (57, 8.435419796904204), (58, 8.170053928799623), (59, 8.124242939593087), (60, 8.607350142451384), (61, 8.66664489482286), (62, 8.29417877295457), (63, 8.0146951075047), (64, 8.366490718656689), (65, 8.29767119254121), (66, 8.181083771884774), (67, 8.046727338472326), (68, 8.031057646251877), (69, 7.878619718723253), (70, 8.23885668832466), (71, 7.944218943825296), (72, 8.322433295317422), (73, 8.240171714474453), (74, 8.276293630028695), (75, 8.332814423921084), (76, 8.346835601335206), (77, 8.254682497983113), (78, 8.105725366886075), (79, 8.464752343757004), (80, 8.298876664539454), (81, 7.930039618571527), (82, 8.200047314981475), (83, 7.95093648070215), (84, 7.975763562368619), (85, 7.8544396240341054), (86, 7.8618315286493905), (87, 8.001058173612616), (88, 8.001828765185998), (89, 7.987525332588193), (90, 8.016847864393824), (91, 7.935179302199836), (92, 8.055864053342555), (93, 8.054645277580534), (94, 8.073766607656136), (95, 7.878853568598437), (96, 7.952207929542526), (97, 8.094311415559076), (98, 8.014274712728842), (99, 8.124231680552436), (100, 7.963603806425856)]
[2026-01-14 23:55:25,377][flwr][INFO] - app_fit: metrics_distributed_fit {}
[2026-01-14 23:55:25,377][flwr][INFO] - app_fit: metrics_distributed {}
[2026-01-14 23:55:25,378][flwr][INFO] - app_fit: losses_centralized [(0, 275.8148798942566), (1, 175.72438398003578), (2, 168.82146947085857), (3, 172.59766676276922), (4, 172.23045340180397), (5, 170.37062142044306), (6, 166.53650901466608), (7, 166.71387112140656), (8, 162.79885189980268), (9, 167.56208013743162), (10, 162.23476584255695), (11, 167.11451357603073), (12, 166.43852245807648), (13, 167.7765555009246), (14, 168.61075934767723), (15, 159.1937607228756), (16, 165.70240139961243), (17, 164.6186741515994), (18, 163.3295178860426), (19, 165.7661449983716), (20, 164.9134550690651), (21, 166.89990758895874), (22, 163.34324721992016), (23, 162.2328895702958), (24, 164.6591485887766), (25, 167.4790958687663), (26, 165.31989888846874), (27, 162.34876963496208), (28, 162.17507598549128), (29, 157.10166860371828), (30, 159.25715150684118), (31, 162.10839715600014), (32, 166.08671563863754), (33, 163.70914491266012), (34, 165.83616687357426), (35, 163.01600735634565), (36, 172.0175627619028), (37, 164.52191361039877), (38, 162.3118408471346), (39, 168.14522136747837), (40, 160.45721285045147), (41, 169.37864726781845), (42, 162.4961508065462), (43, 163.44149266928434), (44, 159.21283823251724), (45, 171.9685272052884), (46, 169.4721011966467), (47, 166.73493692278862), (48, 161.75994078069925), (49, 163.851125061512), (50, 158.9296654984355), (51, 164.19822501391172), (52, 156.13492508232594), (53, 169.18258574604988), (54, 161.84365290403366), (55, 162.15597693622112), (56, 161.51613509655), (57, 163.89943304657936), (58, 159.1882348433137), (59, 158.55755058676004), (60, 166.72588104009628), (61, 167.9695579856634), (62, 161.42015251517296), (63, 156.64586349576712), (64, 162.85140312463045), (65, 161.55790764838457), (66, 159.62576209753752), (67, 157.24159920960665), (68, 156.9430767968297), (69, 154.30555295199156), (70, 160.40431615710258), (71, 155.53678529709578), (72, 162.05482534319162), (73, 160.58305027335882), (74, 161.24227824807167), (75, 162.19954873621464), (76, 162.3953788727522), (77, 160.93546798825264), (78, 158.31445494294167), (79, 164.46551504731178), (80, 161.42903757095337), (81, 155.44051925837994), (82, 159.79491787403822), (83, 155.5566938892007), (84, 155.8656441271305), (85, 154.0292223021388), (86, 154.13154905289412), (87, 156.71170341968536), (88, 156.70619606226683), (89, 156.4616817086935), (90, 156.9265244975686), (91, 155.48432832211256), (92, 157.3254428654909), (93, 157.36771224439144), (94, 157.73609234392643), (95, 154.43613819032907), (96, 155.6186671257019), (97, 158.0435496121645), (98, 156.73748914897442), (99, 158.68400068581104), (100, 155.9307387918234)]
[2026-01-14 23:55:25,378][flwr][INFO] - app_fit: metrics_centralized {'accuracy': [(0, 0.3415), (1, 0.6415), (2, 0.645), (3, 0.647), (4, 0.651), (5, 0.6505), (6, 0.655), (7, 0.6605), (8, 0.6585), (9, 0.6595), (10, 0.6595), (11, 0.66), (12, 0.661), (13, 0.6585), (14, 0.66), (15, 0.6605), (16, 0.6615), (17, 0.66), (18, 0.661), (19, 0.6615), (20, 0.6595), (21, 0.6605), (22, 0.6595), (23, 0.661), (24, 0.6595), (25, 0.66), (26, 0.6585), (27, 0.66), (28, 0.66), (29, 0.6585), (30, 0.659), (31, 0.6585), (32, 0.658), (33, 0.6585), (34, 0.659), (35, 0.6575), (36, 0.6585), (37, 0.658), (38, 0.6575), (39, 0.658), (40, 0.658), (41, 0.6575), (42, 0.658), (43, 0.657), (44, 0.658), (45, 0.659), (46, 0.659), (47, 0.659), (48, 0.6565), (49, 0.6585), (50, 0.658), (51, 0.6595), (52, 0.6595), (53, 0.659), (54, 0.661), (55, 0.66), (56, 0.6595), (57, 0.659), (58, 0.659), (59, 0.6595), (60, 0.66), (61, 0.6605), (62, 0.6595), (63, 0.66), (64, 0.66), (65, 0.6595), (66, 0.659), (67, 0.66), (68, 0.6595), (69, 0.6595), (70, 0.661), (71, 0.6605), (72, 0.662), (73, 0.6615), (74, 0.6615), (75, 0.66), (76, 0.6605), (77, 0.661), (78, 0.6605), (79, 0.662), (80, 0.662), (81, 0.661), (82, 0.662), (83, 0.662), (84, 0.6615), (85, 0.6615), (86, 0.6615), (87, 0.662), (88, 0.663), (89, 0.6615), (90, 0.6625), (91, 0.6635), (92, 0.6625), (93, 0.663), (94, 0.664), (95, 0.6625), (96, 0.662), (97, 0.664), (98, 0.663), (99, 0.6635), (100, 0.6635)]}
[2026-01-14 23:55:25,427][flwr][INFO] - Starting Flower simulation, config: ServerConfig(num_rounds=100, round_timeout=None)
[2026-01-14 23:55:33,370][flwr][INFO] - Flower VCE: Ray initialized with resources: {'CPU': 10.0, 'memory': 12419757261.0, 'node:127.0.0.1': 1.0, 'object_store_memory': 2147483648.0}
[2026-01-14 23:55:33,370][flwr][INFO] - Initializing global parameters
[2026-01-14 23:55:33,370][flwr][INFO] - Using initial parameters provided by strategy
[2026-01-14 23:55:33,370][flwr][INFO] - Evaluating initial parameters
[2026-01-14 23:55:33,447][flwr][INFO] - initial parameters (loss, other metrics): 275.8148798942566, {'accuracy': 0.3415, 'adaptive_mu': 0.1, 'mu_adapted': False}
[2026-01-14 23:55:33,447][flwr][INFO] - FL starting
[2026-01-14 23:55:33,448][flwr][DEBUG] - fit_round 1: strategy sampled 20 clients (out of 20)
[2026-01-14 23:55:39,802][flwr][DEBUG] - fit_round 1 received 20 results and 0 failures
[2026-01-14 23:55:39,815][flwr][WARNING] - No fit_metrics_aggregation_fn provided
[2026-01-14 23:55:39,890][flwr][INFO] - fit progress: (1, 208.78050470352173, {'accuracy': 0.61, 'adaptive_mu': 0.1, 'mu_adapted': False}, 6.442515749979066)
[2026-01-14 23:55:39,890][flwr][DEBUG] - evaluate_round 1: strategy sampled 20 clients (out of 20)
[2026-01-14 23:55:39,987][flwr][DEBUG] - evaluate_round 1 received 20 results and 0 failures
[2026-01-14 23:55:39,988][flwr][WARNING] - No evaluate_metrics_aggregation_fn provided
[2026-01-14 23:55:39,988][flwr][DEBUG] - fit_round 2: strategy sampled 20 clients (out of 20)
[2026-01-14 23:55:41,757][flwr][DEBUG] - fit_round 2 received 20 results and 0 failures
[2026-01-14 23:55:41,847][flwr][INFO] - fit progress: (2, 167.8532249033451, {'accuracy': 0.6295, 'adaptive_mu': 0.1, 'mu_adapted': False}, 8.399391916987952)
[2026-01-14 23:55:41,847][flwr][DEBUG] - evaluate_round 2: strategy sampled 20 clients (out of 20)
[2026-01-14 23:55:41,931][flwr][DEBUG] - evaluate_round 2 received 20 results and 0 failures
[2026-01-14 23:55:41,931][flwr][DEBUG] - fit_round 3: strategy sampled 20 clients (out of 20)
[2026-01-14 23:55:43,648][flwr][DEBUG] - fit_round 3 received 20 results and 0 failures
[2026-01-14 23:55:43,730][flwr][INFO] - fit progress: (3, 163.222738802433, {'accuracy': 0.639, 'adaptive_mu': 0.1, 'mu_adapted': False}, 10.282672708999598)
[2026-01-14 23:55:43,730][flwr][DEBUG] - evaluate_round 3: strategy sampled 20 clients (out of 20)
[2026-01-14 23:55:43,808][flwr][DEBUG] - evaluate_round 3 received 20 results and 0 failures
[2026-01-14 23:55:43,808][flwr][DEBUG] - fit_round 4: strategy sampled 20 clients (out of 20)
[2026-01-14 23:55:45,604][flwr][DEBUG] - fit_round 4 received 20 results and 0 failures
[2026-01-14 23:55:45,685][flwr][INFO] - fit progress: (4, 163.56479448080063, {'accuracy': 0.6415, 'adaptive_mu': 0.1, 'mu_adapted': False}, 12.2376439999789)
[2026-01-14 23:55:45,685][flwr][DEBUG] - evaluate_round 4: strategy sampled 20 clients (out of 20)
[2026-01-14 23:55:45,761][flwr][DEBUG] - evaluate_round 4 received 20 results and 0 failures
[2026-01-14 23:55:45,761][flwr][DEBUG] - fit_round 5: strategy sampled 20 clients (out of 20)
[2026-01-14 23:55:47,549][flwr][DEBUG] - fit_round 5 received 20 results and 0 failures
[2026-01-14 23:55:47,634][flwr][INFO] - fit progress: (5, 164.01451842486858, {'accuracy': 0.648, 'adaptive_mu': 0.1, 'mu_adapted': False}, 14.186418541998137)
[2026-01-14 23:55:47,634][flwr][DEBUG] - evaluate_round 5: strategy sampled 20 clients (out of 20)
[2026-01-14 23:55:47,718][flwr][DEBUG] - evaluate_round 5 received 20 results and 0 failures
[2026-01-14 23:55:47,718][flwr][DEBUG] - fit_round 6: strategy sampled 20 clients (out of 20)
[2026-01-14 23:55:49,516][flwr][DEBUG] - fit_round 6 received 20 results and 0 failures
[2026-01-14 23:55:49,595][flwr][INFO] - fit progress: (6, 164.60785876214504, {'accuracy': 0.6485, 'adaptive_mu': 0.11000000000000001, 'mu_adapted': True}, 16.147637708985712)
[2026-01-14 23:55:49,595][flwr][DEBUG] - evaluate_round 6: strategy sampled 20 clients (out of 20)
[2026-01-14 23:55:49,677][flwr][DEBUG] - evaluate_round 6 received 20 results and 0 failures
[2026-01-14 23:55:49,677][flwr][DEBUG] - fit_round 7: strategy sampled 20 clients (out of 20)
[2026-01-14 23:55:51,440][flwr][DEBUG] - fit_round 7 received 20 results and 0 failures
[2026-01-14 23:55:51,523][flwr][INFO] - fit progress: (7, 166.54356396198273, {'accuracy': 0.6485, 'adaptive_mu': 0.12100000000000002, 'mu_adapted': True}, 18.075379249989055)
[2026-01-14 23:55:51,523][flwr][DEBUG] - evaluate_round 7: strategy sampled 20 clients (out of 20)
[2026-01-14 23:55:51,605][flwr][DEBUG] - evaluate_round 7 received 20 results and 0 failures
[2026-01-14 23:55:51,606][flwr][DEBUG] - fit_round 8: strategy sampled 20 clients (out of 20)
[2026-01-14 23:55:53,475][flwr][DEBUG] - fit_round 8 received 20 results and 0 failures
[2026-01-14 23:55:53,556][flwr][INFO] - fit progress: (8, 166.10465659946203, {'accuracy': 0.6505, 'adaptive_mu': 0.11495000000000002, 'mu_adapted': True}, 20.108477999980096)
[2026-01-14 23:55:53,556][flwr][DEBUG] - evaluate_round 8: strategy sampled 20 clients (out of 20)
[2026-01-14 23:55:53,634][flwr][DEBUG] - evaluate_round 8 received 20 results and 0 failures
[2026-01-14 23:55:53,634][flwr][DEBUG] - fit_round 9: strategy sampled 20 clients (out of 20)
[2026-01-14 23:55:55,381][flwr][DEBUG] - fit_round 9 received 20 results and 0 failures
[2026-01-14 23:55:55,467][flwr][INFO] - fit progress: (9, 164.93338749557734, {'accuracy': 0.653, 'adaptive_mu': 0.10920250000000002, 'mu_adapted': True}, 22.01956774998689)
[2026-01-14 23:55:55,467][flwr][DEBUG] - evaluate_round 9: strategy sampled 20 clients (out of 20)
[2026-01-14 23:55:55,545][flwr][DEBUG] - evaluate_round 9 received 20 results and 0 failures
[2026-01-14 23:55:55,545][flwr][DEBUG] - fit_round 10: strategy sampled 20 clients (out of 20)
[2026-01-14 23:55:57,350][flwr][DEBUG] - fit_round 10 received 20 results and 0 failures
[2026-01-14 23:55:57,429][flwr][INFO] - fit progress: (10, 166.34503646194935, {'accuracy': 0.654, 'adaptive_mu': 0.12012275000000003, 'mu_adapted': True}, 23.98196191698662)
[2026-01-14 23:55:57,430][flwr][DEBUG] - evaluate_round 10: strategy sampled 20 clients (out of 20)
[2026-01-14 23:55:57,510][flwr][DEBUG] - evaluate_round 10 received 20 results and 0 failures
[2026-01-14 23:55:57,510][flwr][DEBUG] - fit_round 11: strategy sampled 20 clients (out of 20)
[2026-01-14 23:55:59,287][flwr][DEBUG] - fit_round 11 received 20 results and 0 failures
[2026-01-14 23:55:59,367][flwr][INFO] - fit progress: (11, 167.48941606283188, {'accuracy': 0.656, 'adaptive_mu': 0.13213502500000004, 'mu_adapted': True}, 25.919179499993334)
[2026-01-14 23:55:59,367][flwr][DEBUG] - evaluate_round 11: strategy sampled 20 clients (out of 20)
[2026-01-14 23:55:59,443][flwr][DEBUG] - evaluate_round 11 received 20 results and 0 failures
[2026-01-14 23:55:59,444][flwr][DEBUG] - fit_round 12: strategy sampled 20 clients (out of 20)
[2026-01-14 23:56:01,399][flwr][DEBUG] - fit_round 12 received 20 results and 0 failures
[2026-01-14 23:56:01,488][flwr][INFO] - fit progress: (12, 168.2408899962902, {'accuracy': 0.657, 'adaptive_mu': 0.14534852750000007, 'mu_adapted': True}, 28.040731958986726)
[2026-01-14 23:56:01,488][flwr][DEBUG] - evaluate_round 12: strategy sampled 20 clients (out of 20)
[2026-01-14 23:56:01,571][flwr][DEBUG] - evaluate_round 12 received 20 results and 0 failures
[2026-01-14 23:56:01,572][flwr][DEBUG] - fit_round 13: strategy sampled 20 clients (out of 20)
[2026-01-14 23:56:03,383][flwr][DEBUG] - fit_round 13 received 20 results and 0 failures
[2026-01-14 23:56:03,468][flwr][INFO] - fit progress: (13, 166.32951471209526, {'accuracy': 0.6575, 'adaptive_mu': 0.13808110112500008, 'mu_adapted': True}, 30.020548000000417)
[2026-01-14 23:56:03,468][flwr][DEBUG] - evaluate_round 13: strategy sampled 20 clients (out of 20)
[2026-01-14 23:56:03,549][flwr][DEBUG] - evaluate_round 13 received 20 results and 0 failures
[2026-01-14 23:56:03,549][flwr][DEBUG] - fit_round 14: strategy sampled 20 clients (out of 20)
[2026-01-14 23:56:05,318][flwr][DEBUG] - fit_round 14 received 20 results and 0 failures
[2026-01-14 23:56:05,397][flwr][INFO] - fit progress: (14, 166.86577923595905, {'accuracy': 0.6585, 'adaptive_mu': 0.1518892112375001, 'mu_adapted': True}, 31.94956999999704)
[2026-01-14 23:56:05,397][flwr][DEBUG] - evaluate_round 14: strategy sampled 20 clients (out of 20)
[2026-01-14 23:56:05,473][flwr][DEBUG] - evaluate_round 14 received 20 results and 0 failures
[2026-01-14 23:56:05,473][flwr][DEBUG] - fit_round 15: strategy sampled 20 clients (out of 20)
[2026-01-14 23:56:07,229][flwr][DEBUG] - fit_round 15 received 20 results and 0 failures
[2026-01-14 23:56:07,309][flwr][INFO] - fit progress: (15, 170.02505864948034, {'accuracy': 0.661, 'adaptive_mu': 0.16707813236125013, 'mu_adapted': True}, 33.86175362498034)
[2026-01-14 23:56:07,309][flwr][DEBUG] - evaluate_round 15: strategy sampled 20 clients (out of 20)
[2026-01-14 23:56:07,385][flwr][DEBUG] - evaluate_round 15 received 20 results and 0 failures
[2026-01-14 23:56:07,386][flwr][DEBUG] - fit_round 16: strategy sampled 20 clients (out of 20)
[2026-01-14 23:56:09,599][flwr][DEBUG] - fit_round 16 received 20 results and 0 failures
[2026-01-14 23:56:09,682][flwr][INFO] - fit progress: (16, 166.71210464835167, {'accuracy': 0.6615, 'adaptive_mu': 0.15872422574318762, 'mu_adapted': True}, 36.23469133398612)
[2026-01-14 23:56:09,682][flwr][DEBUG] - evaluate_round 16: strategy sampled 20 clients (out of 20)
[2026-01-14 23:56:09,771][flwr][DEBUG] - evaluate_round 16 received 20 results and 0 failures
[2026-01-14 23:56:09,772][flwr][DEBUG] - fit_round 17: strategy sampled 20 clients (out of 20)
[2026-01-14 23:56:11,559][flwr][DEBUG] - fit_round 17 received 20 results and 0 failures
[2026-01-14 23:56:11,644][flwr][INFO] - fit progress: (17, 171.50968578457832, {'accuracy': 0.6605, 'adaptive_mu': 0.1745966483175064, 'mu_adapted': True}, 38.19608770898776)
[2026-01-14 23:56:11,644][flwr][DEBUG] - evaluate_round 17: strategy sampled 20 clients (out of 20)
[2026-01-14 23:56:11,718][flwr][DEBUG] - evaluate_round 17 received 20 results and 0 failures
[2026-01-14 23:56:11,718][flwr][DEBUG] - fit_round 18: strategy sampled 20 clients (out of 20)
[2026-01-14 23:56:13,439][flwr][DEBUG] - fit_round 18 received 20 results and 0 failures
[2026-01-14 23:56:13,534][flwr][INFO] - fit progress: (18, 170.51080537587404, {'accuracy': 0.6615, 'adaptive_mu': 0.16586681590163108, 'mu_adapted': True}, 40.086483208986465)
[2026-01-14 23:56:13,534][flwr][DEBUG] - evaluate_round 18: strategy sampled 20 clients (out of 20)
[2026-01-14 23:56:13,616][flwr][DEBUG] - evaluate_round 18 received 20 results and 0 failures
[2026-01-14 23:56:13,616][flwr][DEBUG] - fit_round 19: strategy sampled 20 clients (out of 20)
[2026-01-14 23:56:15,354][flwr][DEBUG] - fit_round 19 received 20 results and 0 failures
[2026-01-14 23:56:15,434][flwr][INFO] - fit progress: (19, 165.8892675936222, {'accuracy': 0.662, 'adaptive_mu': 0.1575734751065495, 'mu_adapted': True}, 41.986618083989015)
[2026-01-14 23:56:15,434][flwr][DEBUG] - evaluate_round 19: strategy sampled 20 clients (out of 20)
[2026-01-14 23:56:15,515][flwr][DEBUG] - evaluate_round 19 received 20 results and 0 failures
[2026-01-14 23:56:15,516][flwr][DEBUG] - fit_round 20: strategy sampled 20 clients (out of 20)
[2026-01-14 23:56:17,344][flwr][DEBUG] - fit_round 20 received 20 results and 0 failures
[2026-01-14 23:56:17,422][flwr][INFO] - fit progress: (20, 167.13489828258753, {'accuracy': 0.6625, 'adaptive_mu': 0.17333082261720448, 'mu_adapted': True}, 43.97453474998474)
[2026-01-14 23:56:17,422][flwr][DEBUG] - evaluate_round 20: strategy sampled 20 clients (out of 20)
[2026-01-14 23:56:17,502][flwr][DEBUG] - evaluate_round 20 received 20 results and 0 failures
[2026-01-14 23:56:17,502][flwr][DEBUG] - fit_round 21: strategy sampled 20 clients (out of 20)
[2026-01-14 23:56:19,249][flwr][DEBUG] - fit_round 21 received 20 results and 0 failures
[2026-01-14 23:56:19,330][flwr][INFO] - fit progress: (21, 169.0089609697461, {'accuracy': 0.6605, 'adaptive_mu': 0.19066390487892493, 'mu_adapted': True}, 45.88271458397503)
[2026-01-14 23:56:19,330][flwr][DEBUG] - evaluate_round 21: strategy sampled 20 clients (out of 20)
[2026-01-14 23:56:19,404][flwr][DEBUG] - evaluate_round 21 received 20 results and 0 failures
[2026-01-14 23:56:19,405][flwr][DEBUG] - fit_round 22: strategy sampled 20 clients (out of 20)
[2026-01-14 23:56:21,180][flwr][DEBUG] - fit_round 22 received 20 results and 0 failures
[2026-01-14 23:56:21,259][flwr][INFO] - fit progress: (22, 166.520831823349, {'accuracy': 0.66, 'adaptive_mu': 0.18113070963497868, 'mu_adapted': True}, 47.811425791995134)
[2026-01-14 23:56:21,259][flwr][DEBUG] - evaluate_round 22: strategy sampled 20 clients (out of 20)
[2026-01-14 23:56:21,334][flwr][DEBUG] - evaluate_round 22 received 20 results and 0 failures
[2026-01-14 23:56:21,334][flwr][DEBUG] - fit_round 23: strategy sampled 20 clients (out of 20)
[2026-01-14 23:56:23,158][flwr][DEBUG] - fit_round 23 received 20 results and 0 failures
[2026-01-14 23:56:23,238][flwr][INFO] - fit progress: (23, 164.96919282525778, {'accuracy': 0.66, 'adaptive_mu': 0.17207417415322973, 'mu_adapted': True}, 49.79000070897746)
[2026-01-14 23:56:23,238][flwr][DEBUG] - evaluate_round 23: strategy sampled 20 clients (out of 20)
[2026-01-14 23:56:23,319][flwr][DEBUG] - evaluate_round 23 received 20 results and 0 failures
[2026-01-14 23:56:23,319][flwr][DEBUG] - fit_round 24: strategy sampled 20 clients (out of 20)
[2026-01-14 23:56:25,093][flwr][DEBUG] - fit_round 24 received 20 results and 0 failures
[2026-01-14 23:56:25,175][flwr][INFO] - fit progress: (24, 164.33996801823378, {'accuracy': 0.6595, 'adaptive_mu': 0.16347046544556823, 'mu_adapted': True}, 51.727413249987876)
[2026-01-14 23:56:25,175][flwr][DEBUG] - evaluate_round 24: strategy sampled 20 clients (out of 20)
[2026-01-14 23:56:25,253][flwr][DEBUG] - evaluate_round 24 received 20 results and 0 failures
[2026-01-14 23:56:25,254][flwr][DEBUG] - fit_round 25: strategy sampled 20 clients (out of 20)
[2026-01-14 23:56:27,069][flwr][DEBUG] - fit_round 25 received 20 results and 0 failures
[2026-01-14 23:56:27,150][flwr][INFO] - fit progress: (25, 164.7446864321828, {'accuracy': 0.659, 'adaptive_mu': 0.17981751199012508, 'mu_adapted': True}, 53.70209412497934)
[2026-01-14 23:56:27,150][flwr][DEBUG] - evaluate_round 25: strategy sampled 20 clients (out of 20)
[2026-01-14 23:56:27,229][flwr][DEBUG] - evaluate_round 25 received 20 results and 0 failures
[2026-01-14 23:56:27,229][flwr][DEBUG] - fit_round 26: strategy sampled 20 clients (out of 20)
[2026-01-14 23:56:29,030][flwr][DEBUG] - fit_round 26 received 20 results and 0 failures
[2026-01-14 23:56:29,109][flwr][INFO] - fit progress: (26, 165.5692345649004, {'accuracy': 0.659, 'adaptive_mu': 0.1977992631891376, 'mu_adapted': True}, 55.661121583980275)
[2026-01-14 23:56:29,109][flwr][DEBUG] - evaluate_round 26: strategy sampled 20 clients (out of 20)
[2026-01-14 23:56:29,181][flwr][DEBUG] - evaluate_round 26 received 20 results and 0 failures
[2026-01-14 23:56:29,181][flwr][DEBUG] - fit_round 27: strategy sampled 20 clients (out of 20)
[2026-01-14 23:56:30,895][flwr][DEBUG] - fit_round 27 received 20 results and 0 failures
[2026-01-14 23:56:30,977][flwr][INFO] - fit progress: (27, 160.90185599029064, {'accuracy': 0.66, 'adaptive_mu': 0.1879093000296807, 'mu_adapted': True}, 57.529559458984295)
[2026-01-14 23:56:30,977][flwr][DEBUG] - evaluate_round 27: strategy sampled 20 clients (out of 20)
[2026-01-14 23:56:31,060][flwr][DEBUG] - evaluate_round 27 received 20 results and 0 failures
[2026-01-14 23:56:31,061][flwr][DEBUG] - fit_round 28: strategy sampled 20 clients (out of 20)
[2026-01-14 23:56:32,815][flwr][DEBUG] - fit_round 28 received 20 results and 0 failures
[2026-01-14 23:56:32,896][flwr][INFO] - fit progress: (28, 165.20276626199484, {'accuracy': 0.659, 'adaptive_mu': 0.20670023003264879, 'mu_adapted': True}, 59.44833341697813)
[2026-01-14 23:56:32,896][flwr][DEBUG] - evaluate_round 28: strategy sampled 20 clients (out of 20)
[2026-01-14 23:56:32,972][flwr][DEBUG] - evaluate_round 28 received 20 results and 0 failures
[2026-01-14 23:56:32,972][flwr][DEBUG] - fit_round 29: strategy sampled 20 clients (out of 20)
[2026-01-14 23:56:35,150][flwr][DEBUG] - fit_round 29 received 20 results and 0 failures
[2026-01-14 23:56:35,231][flwr][INFO] - fit progress: (29, 168.23705878853798, {'accuracy': 0.659, 'adaptive_mu': 0.22737025303591368, 'mu_adapted': True}, 61.78310370899271)
[2026-01-14 23:56:35,231][flwr][DEBUG] - evaluate_round 29: strategy sampled 20 clients (out of 20)
[2026-01-14 23:56:35,314][flwr][DEBUG] - evaluate_round 29 received 20 results and 0 failures
[2026-01-14 23:56:35,315][flwr][DEBUG] - fit_round 30: strategy sampled 20 clients (out of 20)
[2026-01-14 23:56:37,085][flwr][DEBUG] - fit_round 30 received 20 results and 0 failures
[2026-01-14 23:56:37,168][flwr][INFO] - fit progress: (30, 162.12445551156998, {'accuracy': 0.659, 'adaptive_mu': 0.21600174038411799, 'mu_adapted': True}, 63.72067570898798)
[2026-01-14 23:56:37,168][flwr][DEBUG] - evaluate_round 30: strategy sampled 20 clients (out of 20)
[2026-01-14 23:56:37,249][flwr][DEBUG] - evaluate_round 30 received 20 results and 0 failures
[2026-01-14 23:56:37,250][flwr][DEBUG] - fit_round 31: strategy sampled 20 clients (out of 20)
[2026-01-14 23:56:39,136][flwr][DEBUG] - fit_round 31 received 20 results and 0 failures
[2026-01-14 23:56:39,216][flwr][INFO] - fit progress: (31, 164.6238891556859, {'accuracy': 0.66, 'adaptive_mu': 0.23760191442252981, 'mu_adapted': True}, 65.76837316699675)
[2026-01-14 23:56:39,216][flwr][DEBUG] - evaluate_round 31: strategy sampled 20 clients (out of 20)
[2026-01-14 23:56:39,293][flwr][DEBUG] - evaluate_round 31 received 20 results and 0 failures
[2026-01-14 23:56:39,293][flwr][DEBUG] - fit_round 32: strategy sampled 20 clients (out of 20)
[2026-01-14 23:56:41,088][flwr][DEBUG] - fit_round 32 received 20 results and 0 failures
[2026-01-14 23:56:41,168][flwr][INFO] - fit progress: (32, 165.70021963119507, {'accuracy': 0.66, 'adaptive_mu': 0.2613621058647828, 'mu_adapted': True}, 67.72084054199513)
[2026-01-14 23:56:41,169][flwr][DEBUG] - evaluate_round 32: strategy sampled 20 clients (out of 20)
[2026-01-14 23:56:41,246][flwr][DEBUG] - evaluate_round 32 received 20 results and 0 failures
[2026-01-14 23:56:41,246][flwr][DEBUG] - fit_round 33: strategy sampled 20 clients (out of 20)
[2026-01-14 23:56:43,341][flwr][DEBUG] - fit_round 33 received 20 results and 0 failures
[2026-01-14 23:56:43,428][flwr][INFO] - fit progress: (33, 163.86226969212294, {'accuracy': 0.6595, 'adaptive_mu': 0.24829400057154366, 'mu_adapted': True}, 69.9807454169786)
[2026-01-14 23:56:43,428][flwr][DEBUG] - evaluate_round 33: strategy sampled 20 clients (out of 20)
[2026-01-14 23:56:43,513][flwr][DEBUG] - evaluate_round 33 received 20 results and 0 failures
[2026-01-14 23:56:43,513][flwr][DEBUG] - fit_round 34: strategy sampled 20 clients (out of 20)
[2026-01-14 23:56:45,476][flwr][DEBUG] - fit_round 34 received 20 results and 0 failures
[2026-01-14 23:56:45,571][flwr][INFO] - fit progress: (34, 163.32853443920612, {'accuracy': 0.661, 'adaptive_mu': 0.23587930054296646, 'mu_adapted': True}, 72.12297779199434)
[2026-01-14 23:56:45,571][flwr][DEBUG] - evaluate_round 34: strategy sampled 20 clients (out of 20)
[2026-01-14 23:56:45,680][flwr][DEBUG] - evaluate_round 34 received 20 results and 0 failures
[2026-01-14 23:56:45,681][flwr][DEBUG] - fit_round 35: strategy sampled 20 clients (out of 20)
[2026-01-14 23:56:48,165][flwr][DEBUG] - fit_round 35 received 20 results and 0 failures
[2026-01-14 23:56:48,324][flwr][INFO] - fit progress: (35, 167.40456352382898, {'accuracy': 0.6605, 'adaptive_mu': 0.2594672305972631, 'mu_adapted': True}, 74.87672899998142)
[2026-01-14 23:56:48,325][flwr][DEBUG] - evaluate_round 35: strategy sampled 20 clients (out of 20)
[2026-01-14 23:56:48,434][flwr][DEBUG] - evaluate_round 35 received 20 results and 0 failures
[2026-01-14 23:56:48,435][flwr][DEBUG] - fit_round 36: strategy sampled 20 clients (out of 20)
[2026-01-14 23:56:50,771][flwr][DEBUG] - fit_round 36 received 20 results and 0 failures
[2026-01-14 23:56:50,861][flwr][INFO] - fit progress: (36, 168.43122509121895, {'accuracy': 0.6605, 'adaptive_mu': 0.28541395365698946, 'mu_adapted': True}, 77.41390012498596)
[2026-01-14 23:56:50,862][flwr][DEBUG] - evaluate_round 36: strategy sampled 20 clients (out of 20)
[2026-01-14 23:56:50,953][flwr][DEBUG] - evaluate_round 36 received 20 results and 0 failures
[2026-01-14 23:56:50,953][flwr][DEBUG] - fit_round 37: strategy sampled 20 clients (out of 20)
[2026-01-14 23:56:52,695][flwr][DEBUG] - fit_round 37 received 20 results and 0 failures
[2026-01-14 23:56:52,778][flwr][INFO] - fit progress: (37, 165.94513119012117, {'accuracy': 0.66, 'adaptive_mu': 0.27114325597413996, 'mu_adapted': True}, 79.3300563749799)
[2026-01-14 23:56:52,778][flwr][DEBUG] - evaluate_round 37: strategy sampled 20 clients (out of 20)
[2026-01-14 23:56:52,870][flwr][DEBUG] - evaluate_round 37 received 20 results and 0 failures
[2026-01-14 23:56:52,870][flwr][DEBUG] - fit_round 38: strategy sampled 20 clients (out of 20)
[2026-01-14 23:56:54,644][flwr][DEBUG] - fit_round 38 received 20 results and 0 failures
[2026-01-14 23:56:54,731][flwr][INFO] - fit progress: (38, 165.31942480802536, {'accuracy': 0.6595, 'adaptive_mu': 0.25758609317543296, 'mu_adapted': True}, 81.28366170899244)
[2026-01-14 23:56:54,731][flwr][DEBUG] - evaluate_round 38: strategy sampled 20 clients (out of 20)
[2026-01-14 23:56:54,830][flwr][DEBUG] - evaluate_round 38 received 20 results and 0 failures
[2026-01-14 23:56:54,830][flwr][DEBUG] - fit_round 39: strategy sampled 20 clients (out of 20)
[2026-01-14 23:56:56,611][flwr][DEBUG] - fit_round 39 received 20 results and 0 failures
[2026-01-14 23:56:56,695][flwr][INFO] - fit progress: (39, 163.58749517798424, {'accuracy': 0.6605, 'adaptive_mu': 0.2447067885166613, 'mu_adapted': True}, 83.24757070897613)
[2026-01-14 23:56:56,695][flwr][DEBUG] - evaluate_round 39: strategy sampled 20 clients (out of 20)
[2026-01-14 23:56:56,802][flwr][DEBUG] - evaluate_round 39 received 20 results and 0 failures
[2026-01-14 23:56:56,804][flwr][DEBUG] - fit_round 40: strategy sampled 20 clients (out of 20)
[2026-01-14 23:56:58,762][flwr][DEBUG] - fit_round 40 received 20 results and 0 failures
[2026-01-14 23:56:58,843][flwr][INFO] - fit progress: (40, 165.09871758520603, {'accuracy': 0.6605, 'adaptive_mu': 0.2691774673683275, 'mu_adapted': True}, 85.39576370897703)
[2026-01-14 23:56:58,844][flwr][DEBUG] - evaluate_round 40: strategy sampled 20 clients (out of 20)
[2026-01-14 23:56:58,927][flwr][DEBUG] - evaluate_round 40 received 20 results and 0 failures
[2026-01-14 23:56:58,927][flwr][DEBUG] - fit_round 41: strategy sampled 20 clients (out of 20)
[2026-01-14 23:57:00,882][flwr][DEBUG] - fit_round 41 received 20 results and 0 failures
[2026-01-14 23:57:00,961][flwr][INFO] - fit progress: (41, 168.34764838963747, {'accuracy': 0.6595, 'adaptive_mu': 0.29609521410516026, 'mu_adapted': True}, 87.51311762499972)
[2026-01-14 23:57:00,961][flwr][DEBUG] - evaluate_round 41: strategy sampled 20 clients (out of 20)
[2026-01-14 23:57:01,087][flwr][DEBUG] - evaluate_round 41 received 20 results and 0 failures
[2026-01-14 23:57:01,087][flwr][DEBUG] - fit_round 42: strategy sampled 20 clients (out of 20)
[2026-01-14 23:57:02,861][flwr][DEBUG] - fit_round 42 received 20 results and 0 failures
[2026-01-14 23:57:02,943][flwr][INFO] - fit progress: (42, 161.94095442444086, {'accuracy': 0.659, 'adaptive_mu': 0.2812904533999022, 'mu_adapted': True}, 89.4956264999928)
[2026-01-14 23:57:02,943][flwr][DEBUG] - evaluate_round 42: strategy sampled 20 clients (out of 20)
[2026-01-14 23:57:03,047][flwr][DEBUG] - evaluate_round 42 received 20 results and 0 failures
[2026-01-14 23:57:03,047][flwr][DEBUG] - fit_round 43: strategy sampled 20 clients (out of 20)
[2026-01-14 23:57:05,197][flwr][DEBUG] - fit_round 43 received 20 results and 0 failures
[2026-01-14 23:57:05,280][flwr][INFO] - fit progress: (43, 163.93431322276592, {'accuracy': 0.6595, 'adaptive_mu': 0.30941949873989244, 'mu_adapted': True}, 91.83266683400143)
[2026-01-14 23:57:05,280][flwr][DEBUG] - evaluate_round 43: strategy sampled 20 clients (out of 20)
[2026-01-14 23:57:05,366][flwr][DEBUG] - evaluate_round 43 received 20 results and 0 failures
[2026-01-14 23:57:05,366][flwr][DEBUG] - fit_round 44: strategy sampled 20 clients (out of 20)
[2026-01-14 23:57:07,236][flwr][DEBUG] - fit_round 44 received 20 results and 0 failures
[2026-01-14 23:57:07,316][flwr][INFO] - fit progress: (44, 162.10439819842577, {'accuracy': 0.6595, 'adaptive_mu': 0.2939485238028978, 'mu_adapted': True}, 93.8680883339839)
[2026-01-14 23:57:07,316][flwr][DEBUG] - evaluate_round 44: strategy sampled 20 clients (out of 20)
[2026-01-14 23:57:07,403][flwr][DEBUG] - evaluate_round 44 received 20 results and 0 failures
[2026-01-14 23:57:07,403][flwr][DEBUG] - fit_round 45: strategy sampled 20 clients (out of 20)
[2026-01-14 23:57:09,765][flwr][DEBUG] - fit_round 45 received 20 results and 0 failures
[2026-01-14 23:57:09,851][flwr][INFO] - fit progress: (45, 165.29489532858133, {'accuracy': 0.6595, 'adaptive_mu': 0.32334337618318765, 'mu_adapted': True}, 96.40362449997338)
[2026-01-14 23:57:09,851][flwr][DEBUG] - evaluate_round 45: strategy sampled 20 clients (out of 20)
[2026-01-14 23:57:09,952][flwr][DEBUG] - evaluate_round 45 received 20 results and 0 failures
[2026-01-14 23:57:09,953][flwr][DEBUG] - fit_round 46: strategy sampled 20 clients (out of 20)
[2026-01-14 23:57:11,763][flwr][DEBUG] - fit_round 46 received 20 results and 0 failures
[2026-01-14 23:57:11,843][flwr][INFO] - fit progress: (46, 169.3104546740651, {'accuracy': 0.6595, 'adaptive_mu': 0.3556777138015064, 'mu_adapted': True}, 98.39520483399974)
[2026-01-14 23:57:11,843][flwr][DEBUG] - evaluate_round 46: strategy sampled 20 clients (out of 20)
[2026-01-14 23:57:11,943][flwr][DEBUG] - evaluate_round 46 received 20 results and 0 failures
[2026-01-14 23:57:11,943][flwr][DEBUG] - fit_round 47: strategy sampled 20 clients (out of 20)
[2026-01-14 23:57:13,759][flwr][DEBUG] - fit_round 47 received 20 results and 0 failures
[2026-01-14 23:57:13,841][flwr][INFO] - fit progress: (47, 163.49547161906958, {'accuracy': 0.6585, 'adaptive_mu': 0.3378938281114311, 'mu_adapted': True}, 100.39325758398627)
[2026-01-14 23:57:13,841][flwr][DEBUG] - evaluate_round 47: strategy sampled 20 clients (out of 20)
[2026-01-14 23:57:13,926][flwr][DEBUG] - evaluate_round 47 received 20 results and 0 failures
[2026-01-14 23:57:13,926][flwr][DEBUG] - fit_round 48: strategy sampled 20 clients (out of 20)
[2026-01-14 23:57:15,726][flwr][DEBUG] - fit_round 48 received 20 results and 0 failures
[2026-01-14 23:57:15,807][flwr][INFO] - fit progress: (48, 164.83366649597883, {'accuracy': 0.659, 'adaptive_mu': 0.3716832109225742, 'mu_adapted': True}, 102.35978154197801)
[2026-01-14 23:57:15,808][flwr][DEBUG] - evaluate_round 48: strategy sampled 20 clients (out of 20)
[2026-01-14 23:57:15,891][flwr][DEBUG] - evaluate_round 48 received 20 results and 0 failures
[2026-01-14 23:57:15,891][flwr][DEBUG] - fit_round 49: strategy sampled 20 clients (out of 20)
[2026-01-14 23:57:17,686][flwr][DEBUG] - fit_round 49 received 20 results and 0 failures
[2026-01-14 23:57:17,772][flwr][INFO] - fit progress: (49, 165.77795837074518, {'accuracy': 0.66, 'adaptive_mu': 0.40885153201483165, 'mu_adapted': True}, 104.32455091699376)
[2026-01-14 23:57:17,772][flwr][DEBUG] - evaluate_round 49: strategy sampled 20 clients (out of 20)
[2026-01-14 23:57:17,895][flwr][DEBUG] - evaluate_round 49 received 20 results and 0 failures
[2026-01-14 23:57:17,895][flwr][DEBUG] - fit_round 50: strategy sampled 20 clients (out of 20)
[2026-01-14 23:57:19,804][flwr][DEBUG] - fit_round 50 received 20 results and 0 failures
[2026-01-14 23:57:19,886][flwr][INFO] - fit progress: (50, 157.41520831733942, {'accuracy': 0.6605, 'adaptive_mu': 0.38840895541409004, 'mu_adapted': True}, 106.43850704198121)
[2026-01-14 23:57:19,886][flwr][DEBUG] - evaluate_round 50: strategy sampled 20 clients (out of 20)
[2026-01-14 23:57:19,996][flwr][DEBUG] - evaluate_round 50 received 20 results and 0 failures
[2026-01-14 23:57:19,996][flwr][DEBUG] - fit_round 51: strategy sampled 20 clients (out of 20)
[2026-01-14 23:57:21,725][flwr][DEBUG] - fit_round 51 received 20 results and 0 failures
[2026-01-14 23:57:21,813][flwr][INFO] - fit progress: (51, 165.00845466554165, {'accuracy': 0.6585, 'adaptive_mu': 0.42724985095549906, 'mu_adapted': True}, 108.36514983398956)
[2026-01-14 23:57:21,813][flwr][DEBUG] - evaluate_round 51: strategy sampled 20 clients (out of 20)
[2026-01-14 23:57:21,896][flwr][DEBUG] - evaluate_round 51 received 20 results and 0 failures
[2026-01-14 23:57:21,896][flwr][DEBUG] - fit_round 52: strategy sampled 20 clients (out of 20)
[2026-01-14 23:57:23,708][flwr][DEBUG] - fit_round 52 received 20 results and 0 failures
[2026-01-14 23:57:23,793][flwr][INFO] - fit progress: (52, 160.85354098677635, {'accuracy': 0.66, 'adaptive_mu': 0.4058873584077241, 'mu_adapted': True}, 110.34569745897898)
[2026-01-14 23:57:23,793][flwr][DEBUG] - evaluate_round 52: strategy sampled 20 clients (out of 20)
[2026-01-14 23:57:23,884][flwr][DEBUG] - evaluate_round 52 received 20 results and 0 failures
[2026-01-14 23:57:23,884][flwr][DEBUG] - fit_round 53: strategy sampled 20 clients (out of 20)
[2026-01-14 23:57:25,763][flwr][DEBUG] - fit_round 53 received 20 results and 0 failures
[2026-01-14 23:57:25,846][flwr][INFO] - fit progress: (53, 161.8408626317978, {'accuracy': 0.66, 'adaptive_mu': 0.44647609424849655, 'mu_adapted': True}, 112.39884358400013)
[2026-01-14 23:57:25,847][flwr][DEBUG] - evaluate_round 53: strategy sampled 20 clients (out of 20)
[2026-01-14 23:57:25,941][flwr][DEBUG] - evaluate_round 53 received 20 results and 0 failures
[2026-01-14 23:57:25,941][flwr][DEBUG] - fit_round 54: strategy sampled 20 clients (out of 20)
[2026-01-14 23:57:28,050][flwr][DEBUG] - fit_round 54 received 20 results and 0 failures
[2026-01-14 23:57:28,131][flwr][INFO] - fit progress: (54, 160.01731944084167, {'accuracy': 0.6615, 'adaptive_mu': 0.4241522895360717, 'mu_adapted': True}, 114.68296112498501)
[2026-01-14 23:57:28,131][flwr][DEBUG] - evaluate_round 54: strategy sampled 20 clients (out of 20)
[2026-01-14 23:57:28,222][flwr][DEBUG] - evaluate_round 54 received 20 results and 0 failures
[2026-01-14 23:57:28,223][flwr][DEBUG] - fit_round 55: strategy sampled 20 clients (out of 20)
[2026-01-14 23:57:30,036][flwr][DEBUG] - fit_round 55 received 20 results and 0 failures
[2026-01-14 23:57:30,119][flwr][INFO] - fit progress: (55, 167.22166050970554, {'accuracy': 0.661, 'adaptive_mu': 0.4665675184896789, 'mu_adapted': True}, 116.67152087498107)
[2026-01-14 23:57:30,119][flwr][DEBUG] - evaluate_round 55: strategy sampled 20 clients (out of 20)
[2026-01-14 23:57:30,207][flwr][DEBUG] - evaluate_round 55 received 20 results and 0 failures
[2026-01-14 23:57:30,208][flwr][DEBUG] - fit_round 56: strategy sampled 20 clients (out of 20)
[2026-01-14 23:57:32,279][flwr][DEBUG] - fit_round 56 received 20 results and 0 failures
[2026-01-14 23:57:32,366][flwr][INFO] - fit progress: (56, 162.5741864964366, {'accuracy': 0.6605, 'adaptive_mu': 0.443239142565195, 'mu_adapted': True}, 118.91827549997834)
[2026-01-14 23:57:32,366][flwr][DEBUG] - evaluate_round 56: strategy sampled 20 clients (out of 20)
[2026-01-14 23:57:32,477][flwr][DEBUG] - evaluate_round 56 received 20 results and 0 failures
[2026-01-14 23:57:32,477][flwr][DEBUG] - fit_round 57: strategy sampled 20 clients (out of 20)
[2026-01-14 23:57:34,864][flwr][DEBUG] - fit_round 57 received 20 results and 0 failures
[2026-01-14 23:57:34,965][flwr][INFO] - fit progress: (57, 154.44537765532732, {'accuracy': 0.6605, 'adaptive_mu': 0.42107718543693523, 'mu_adapted': True}, 121.51708445898839)
[2026-01-14 23:57:34,965][flwr][DEBUG] - evaluate_round 57: strategy sampled 20 clients (out of 20)
[2026-01-14 23:57:35,139][flwr][DEBUG] - evaluate_round 57 received 20 results and 0 failures
[2026-01-14 23:57:35,139][flwr][DEBUG] - fit_round 58: strategy sampled 20 clients (out of 20)
[2026-01-14 23:57:37,072][flwr][DEBUG] - fit_round 58 received 20 results and 0 failures
[2026-01-14 23:57:37,167][flwr][INFO] - fit progress: (58, 158.21636033058167, {'accuracy': 0.6605, 'adaptive_mu': 0.4631849039806288, 'mu_adapted': True}, 123.7193540839944)
[2026-01-14 23:57:37,167][flwr][DEBUG] - evaluate_round 58: strategy sampled 20 clients (out of 20)
[2026-01-14 23:57:37,293][flwr][DEBUG] - evaluate_round 58 received 20 results and 0 failures
[2026-01-14 23:57:37,294][flwr][DEBUG] - fit_round 59: strategy sampled 20 clients (out of 20)
[2026-01-14 23:57:39,118][flwr][DEBUG] - fit_round 59 received 20 results and 0 failures
[2026-01-14 23:57:39,227][flwr][INFO] - fit progress: (59, 166.14559350162745, {'accuracy': 0.66, 'adaptive_mu': 0.5, 'mu_adapted': True}, 125.77943887497531)
[2026-01-14 23:57:39,227][flwr][DEBUG] - evaluate_round 59: strategy sampled 20 clients (out of 20)
[2026-01-14 23:57:39,314][flwr][DEBUG] - evaluate_round 59 received 20 results and 0 failures
[2026-01-14 23:57:39,314][flwr][DEBUG] - fit_round 60: strategy sampled 20 clients (out of 20)
[2026-01-14 23:57:41,317][flwr][DEBUG] - fit_round 60 received 20 results and 0 failures
[2026-01-14 23:57:41,399][flwr][INFO] - fit progress: (60, 159.04850085824728, {'accuracy': 0.66, 'adaptive_mu': 0.475, 'mu_adapted': True}, 127.95161070898757)
[2026-01-14 23:57:41,399][flwr][DEBUG] - evaluate_round 60: strategy sampled 20 clients (out of 20)
[2026-01-14 23:57:41,516][flwr][DEBUG] - evaluate_round 60 received 20 results and 0 failures
[2026-01-14 23:57:41,516][flwr][DEBUG] - fit_round 61: strategy sampled 20 clients (out of 20)
[2026-01-14 23:57:43,242][flwr][DEBUG] - fit_round 61 received 20 results and 0 failures
[2026-01-14 23:57:43,324][flwr][INFO] - fit progress: (61, 157.4738446995616, {'accuracy': 0.659, 'adaptive_mu': 0.45125, 'mu_adapted': True}, 129.8761610419897)
[2026-01-14 23:57:43,324][flwr][DEBUG] - evaluate_round 61: strategy sampled 20 clients (out of 20)
[2026-01-14 23:57:43,420][flwr][DEBUG] - evaluate_round 61 received 20 results and 0 failures
[2026-01-14 23:57:43,421][flwr][DEBUG] - fit_round 62: strategy sampled 20 clients (out of 20)
[2026-01-14 23:57:45,236][flwr][DEBUG] - fit_round 62 received 20 results and 0 failures
[2026-01-14 23:57:45,324][flwr][INFO] - fit progress: (62, 160.99659476429224, {'accuracy': 0.66, 'adaptive_mu': 0.496375, 'mu_adapted': True}, 131.87682004197268)
[2026-01-14 23:57:45,325][flwr][DEBUG] - evaluate_round 62: strategy sampled 20 clients (out of 20)
[2026-01-14 23:57:45,409][flwr][DEBUG] - evaluate_round 62 received 20 results and 0 failures
[2026-01-14 23:57:45,409][flwr][DEBUG] - fit_round 63: strategy sampled 20 clients (out of 20)
[2026-01-14 23:57:47,393][flwr][DEBUG] - fit_round 63 received 20 results and 0 failures
[2026-01-14 23:57:47,485][flwr][INFO] - fit progress: (63, 157.654219314456, {'accuracy': 0.6595, 'adaptive_mu': 0.47155625, 'mu_adapted': True}, 134.0369567499729)
[2026-01-14 23:57:47,485][flwr][DEBUG] - evaluate_round 63: strategy sampled 20 clients (out of 20)
[2026-01-14 23:57:47,567][flwr][DEBUG] - evaluate_round 63 received 20 results and 0 failures
[2026-01-14 23:57:47,567][flwr][DEBUG] - fit_round 64: strategy sampled 20 clients (out of 20)
[2026-01-14 23:57:49,382][flwr][DEBUG] - fit_round 64 received 20 results and 0 failures
[2026-01-14 23:57:49,464][flwr][INFO] - fit progress: (64, 154.5602176785469, {'accuracy': 0.6605, 'adaptive_mu': 0.4479784375, 'mu_adapted': True}, 136.01596083398908)
[2026-01-14 23:57:49,464][flwr][DEBUG] - evaluate_round 64: strategy sampled 20 clients (out of 20)
[2026-01-14 23:57:49,557][flwr][DEBUG] - evaluate_round 64 received 20 results and 0 failures
[2026-01-14 23:57:49,558][flwr][DEBUG] - fit_round 65: strategy sampled 20 clients (out of 20)
[2026-01-14 23:57:51,433][flwr][DEBUG] - fit_round 65 received 20 results and 0 failures
[2026-01-14 23:57:51,513][flwr][INFO] - fit progress: (65, 160.93539499491453, {'accuracy': 0.6595, 'adaptive_mu': 0.49277628125000006, 'mu_adapted': True}, 138.0658313749882)
[2026-01-14 23:57:51,514][flwr][DEBUG] - evaluate_round 65: strategy sampled 20 clients (out of 20)
[2026-01-14 23:57:51,599][flwr][DEBUG] - evaluate_round 65 received 20 results and 0 failures
[2026-01-14 23:57:51,600][flwr][DEBUG] - fit_round 66: strategy sampled 20 clients (out of 20)
[2026-01-14 23:57:53,404][flwr][DEBUG] - fit_round 66 received 20 results and 0 failures
[2026-01-14 23:57:53,487][flwr][INFO] - fit progress: (66, 157.30902335047722, {'accuracy': 0.66, 'adaptive_mu': 0.46813746718750004, 'mu_adapted': True}, 140.03962266698363)
[2026-01-14 23:57:53,487][flwr][DEBUG] - evaluate_round 66: strategy sampled 20 clients (out of 20)
[2026-01-14 23:57:53,645][flwr][DEBUG] - evaluate_round 66 received 20 results and 0 failures
[2026-01-14 23:57:53,646][flwr][DEBUG] - fit_round 67: strategy sampled 20 clients (out of 20)
[2026-01-14 23:57:55,413][flwr][DEBUG] - fit_round 67 received 20 results and 0 failures
[2026-01-14 23:57:55,521][flwr][INFO] - fit progress: (67, 168.18376898765564, {'accuracy': 0.6595, 'adaptive_mu': 0.5, 'mu_adapted': True}, 142.07361333398148)
[2026-01-14 23:57:55,521][flwr][DEBUG] - evaluate_round 67: strategy sampled 20 clients (out of 20)
[2026-01-14 23:57:55,642][flwr][DEBUG] - evaluate_round 67 received 20 results and 0 failures
[2026-01-14 23:57:55,643][flwr][DEBUG] - fit_round 68: strategy sampled 20 clients (out of 20)
[2026-01-14 23:57:57,486][flwr][DEBUG] - fit_round 68 received 20 results and 0 failures
[2026-01-14 23:57:57,568][flwr][INFO] - fit progress: (68, 167.49640590697527, {'accuracy': 0.66, 'adaptive_mu': 0.475, 'mu_adapted': True}, 144.12043483398156)
[2026-01-14 23:57:57,568][flwr][DEBUG] - evaluate_round 68: strategy sampled 20 clients (out of 20)
[2026-01-14 23:57:57,657][flwr][DEBUG] - evaluate_round 68 received 20 results and 0 failures
[2026-01-14 23:57:57,657][flwr][DEBUG] - fit_round 69: strategy sampled 20 clients (out of 20)
[2026-01-14 23:57:59,436][flwr][DEBUG] - fit_round 69 received 20 results and 0 failures
[2026-01-14 23:57:59,520][flwr][INFO] - fit progress: (69, 152.7889040634036, {'accuracy': 0.6605, 'adaptive_mu': 0.45125, 'mu_adapted': True}, 146.0721183749847)
[2026-01-14 23:57:59,520][flwr][DEBUG] - evaluate_round 69: strategy sampled 20 clients (out of 20)
[2026-01-14 23:57:59,606][flwr][DEBUG] - evaluate_round 69 received 20 results and 0 failures
[2026-01-14 23:57:59,607][flwr][DEBUG] - fit_round 70: strategy sampled 20 clients (out of 20)
[2026-01-14 23:58:01,590][flwr][DEBUG] - fit_round 70 received 20 results and 0 failures
[2026-01-14 23:58:01,676][flwr][INFO] - fit progress: (70, 160.63198655843735, {'accuracy': 0.6595, 'adaptive_mu': 0.496375, 'mu_adapted': True}, 148.22803537498112)
[2026-01-14 23:58:01,676][flwr][DEBUG] - evaluate_round 70: strategy sampled 20 clients (out of 20)
[2026-01-14 23:58:01,787][flwr][DEBUG] - evaluate_round 70 received 20 results and 0 failures
[2026-01-14 23:58:01,787][flwr][DEBUG] - fit_round 71: strategy sampled 20 clients (out of 20)
[2026-01-14 23:58:04,124][flwr][DEBUG] - fit_round 71 received 20 results and 0 failures
[2026-01-14 23:58:04,219][flwr][INFO] - fit progress: (71, 156.1449054852128, {'accuracy': 0.66, 'adaptive_mu': 0.47155625, 'mu_adapted': True}, 150.7711213750008)
[2026-01-14 23:58:04,219][flwr][DEBUG] - evaluate_round 71: strategy sampled 20 clients (out of 20)
[2026-01-14 23:58:04,337][flwr][DEBUG] - evaluate_round 71 received 20 results and 0 failures
[2026-01-14 23:58:04,337][flwr][DEBUG] - fit_round 72: strategy sampled 20 clients (out of 20)
[2026-01-14 23:58:06,163][flwr][DEBUG] - fit_round 72 received 20 results and 0 failures
[2026-01-14 23:58:06,245][flwr][INFO] - fit progress: (72, 160.90766432881355, {'accuracy': 0.6605, 'adaptive_mu': 0.5, 'mu_adapted': True}, 152.79787416697945)
[2026-01-14 23:58:06,246][flwr][DEBUG] - evaluate_round 72: strategy sampled 20 clients (out of 20)
[2026-01-14 23:58:06,365][flwr][DEBUG] - evaluate_round 72 received 20 results and 0 failures
[2026-01-14 23:58:06,365][flwr][DEBUG] - fit_round 73: strategy sampled 20 clients (out of 20)
[2026-01-14 23:58:08,676][flwr][DEBUG] - fit_round 73 received 20 results and 0 failures
[2026-01-14 23:58:08,773][flwr][INFO] - fit progress: (73, 159.86076447367668, {'accuracy': 0.6605, 'adaptive_mu': 0.475, 'mu_adapted': True}, 155.32491566697718)
[2026-01-14 23:58:08,773][flwr][DEBUG] - evaluate_round 73: strategy sampled 20 clients (out of 20)
[2026-01-14 23:58:08,888][flwr][DEBUG] - evaluate_round 73 received 20 results and 0 failures
[2026-01-14 23:58:08,889][flwr][DEBUG] - fit_round 74: strategy sampled 20 clients (out of 20)
[2026-01-14 23:58:10,884][flwr][DEBUG] - fit_round 74 received 20 results and 0 failures
[2026-01-14 23:58:10,977][flwr][INFO] - fit progress: (74, 160.04825048148632, {'accuracy': 0.6605, 'adaptive_mu': 0.5, 'mu_adapted': True}, 157.52934612499666)
[2026-01-14 23:58:10,977][flwr][DEBUG] - evaluate_round 74: strategy sampled 20 clients (out of 20)
[2026-01-14 23:58:11,108][flwr][DEBUG] - evaluate_round 74 received 20 results and 0 failures
[2026-01-14 23:58:11,108][flwr][DEBUG] - fit_round 75: strategy sampled 20 clients (out of 20)
[2026-01-14 23:58:13,067][flwr][DEBUG] - fit_round 75 received 20 results and 0 failures
[2026-01-14 23:58:13,149][flwr][INFO] - fit progress: (75, 158.41024144738913, {'accuracy': 0.66, 'adaptive_mu': 0.475, 'mu_adapted': True}, 159.70143516699318)
[2026-01-14 23:58:13,149][flwr][DEBUG] - evaluate_round 75: strategy sampled 20 clients (out of 20)
[2026-01-14 23:58:13,244][flwr][DEBUG] - evaluate_round 75 received 20 results and 0 failures
[2026-01-14 23:58:13,244][flwr][DEBUG] - fit_round 76: strategy sampled 20 clients (out of 20)
[2026-01-14 23:58:15,013][flwr][DEBUG] - fit_round 76 received 20 results and 0 failures
[2026-01-14 23:58:15,096][flwr][INFO] - fit progress: (76, 155.85913756489754, {'accuracy': 0.66, 'adaptive_mu': 0.45125, 'mu_adapted': True}, 161.64824604199384)
[2026-01-14 23:58:15,096][flwr][DEBUG] - evaluate_round 76: strategy sampled 20 clients (out of 20)
[2026-01-14 23:58:15,191][flwr][DEBUG] - evaluate_round 76 received 20 results and 0 failures
[2026-01-14 23:58:15,192][flwr][DEBUG] - fit_round 77: strategy sampled 20 clients (out of 20)
[2026-01-14 23:58:17,035][flwr][DEBUG] - fit_round 77 received 20 results and 0 failures
[2026-01-14 23:58:17,117][flwr][INFO] - fit progress: (77, 166.381133005023, {'accuracy': 0.6615, 'adaptive_mu': 0.496375, 'mu_adapted': True}, 163.66943954199087)
[2026-01-14 23:58:17,117][flwr][DEBUG] - evaluate_round 77: strategy sampled 20 clients (out of 20)
[2026-01-14 23:58:17,204][flwr][DEBUG] - evaluate_round 77 received 20 results and 0 failures
[2026-01-14 23:58:17,204][flwr][DEBUG] - fit_round 78: strategy sampled 20 clients (out of 20)
[2026-01-14 23:58:19,031][flwr][DEBUG] - fit_round 78 received 20 results and 0 failures
[2026-01-14 23:58:19,115][flwr][INFO] - fit progress: (78, 163.48714888840914, {'accuracy': 0.66, 'adaptive_mu': 0.47155625, 'mu_adapted': True}, 165.66715333398315)
[2026-01-14 23:58:19,115][flwr][DEBUG] - evaluate_round 78: strategy sampled 20 clients (out of 20)
[2026-01-14 23:58:19,209][flwr][DEBUG] - evaluate_round 78 received 20 results and 0 failures
[2026-01-14 23:58:19,209][flwr][DEBUG] - fit_round 79: strategy sampled 20 clients (out of 20)
[2026-01-14 23:58:21,029][flwr][DEBUG] - fit_round 79 received 20 results and 0 failures
[2026-01-14 23:58:21,114][flwr][INFO] - fit progress: (79, 165.8547863960266, {'accuracy': 0.6615, 'adaptive_mu': 0.5, 'mu_adapted': True}, 167.666051874985)
[2026-01-14 23:58:21,114][flwr][DEBUG] - evaluate_round 79: strategy sampled 20 clients (out of 20)
[2026-01-14 23:58:21,197][flwr][DEBUG] - evaluate_round 79 received 20 results and 0 failures
[2026-01-14 23:58:21,198][flwr][DEBUG] - fit_round 80: strategy sampled 20 clients (out of 20)
[2026-01-14 23:58:23,053][flwr][DEBUG] - fit_round 80 received 20 results and 0 failures
[2026-01-14 23:58:23,135][flwr][INFO] - fit progress: (80, 166.88747833669186, {'accuracy': 0.662, 'adaptive_mu': 0.5, 'mu_adapted': True}, 169.6871812499885)
[2026-01-14 23:58:23,135][flwr][DEBUG] - evaluate_round 80: strategy sampled 20 clients (out of 20)
[2026-01-14 23:58:23,223][flwr][DEBUG] - evaluate_round 80 received 20 results and 0 failures
[2026-01-14 23:58:23,223][flwr][DEBUG] - fit_round 81: strategy sampled 20 clients (out of 20)
[2026-01-14 23:58:25,133][flwr][DEBUG] - fit_round 81 received 20 results and 0 failures
[2026-01-14 23:58:25,214][flwr][INFO] - fit progress: (81, 161.89032861590385, {'accuracy': 0.6605, 'adaptive_mu': 0.475, 'mu_adapted': True}, 171.7662015419919)
[2026-01-14 23:58:25,214][flwr][DEBUG] - evaluate_round 81: strategy sampled 20 clients (out of 20)
[2026-01-14 23:58:25,316][flwr][DEBUG] - evaluate_round 81 received 20 results and 0 failures
[2026-01-14 23:58:25,316][flwr][DEBUG] - fit_round 82: strategy sampled 20 clients (out of 20)
[2026-01-14 23:58:27,163][flwr][DEBUG] - fit_round 82 received 20 results and 0 failures
[2026-01-14 23:58:27,244][flwr][INFO] - fit progress: (82, 165.398643322289, {'accuracy': 0.6605, 'adaptive_mu': 0.5, 'mu_adapted': True}, 173.7965821249818)
[2026-01-14 23:58:27,244][flwr][DEBUG] - evaluate_round 82: strategy sampled 20 clients (out of 20)
[2026-01-14 23:58:27,365][flwr][DEBUG] - evaluate_round 82 received 20 results and 0 failures
[2026-01-14 23:58:27,366][flwr][DEBUG] - fit_round 83: strategy sampled 20 clients (out of 20)
[2026-01-14 23:58:29,226][flwr][DEBUG] - fit_round 83 received 20 results and 0 failures
[2026-01-14 23:58:29,306][flwr][INFO] - fit progress: (83, 159.73664899915457, {'accuracy': 0.6605, 'adaptive_mu': 0.475, 'mu_adapted': True}, 175.8580291249964)
[2026-01-14 23:58:29,306][flwr][DEBUG] - evaluate_round 83: strategy sampled 20 clients (out of 20)
[2026-01-14 23:58:29,410][flwr][DEBUG] - evaluate_round 83 received 20 results and 0 failures
[2026-01-14 23:58:29,410][flwr][DEBUG] - fit_round 84: strategy sampled 20 clients (out of 20)
[2026-01-14 23:58:31,224][flwr][DEBUG] - fit_round 84 received 20 results and 0 failures
[2026-01-14 23:58:31,308][flwr][INFO] - fit progress: (84, 159.22386299073696, {'accuracy': 0.66, 'adaptive_mu': 0.45125, 'mu_adapted': True}, 177.86057724998682)
[2026-01-14 23:58:31,308][flwr][DEBUG] - evaluate_round 84: strategy sampled 20 clients (out of 20)
[2026-01-14 23:58:31,399][flwr][DEBUG] - evaluate_round 84 received 20 results and 0 failures
[2026-01-14 23:58:31,399][flwr][DEBUG] - fit_round 85: strategy sampled 20 clients (out of 20)
[2026-01-14 23:58:33,196][flwr][DEBUG] - fit_round 85 received 20 results and 0 failures
[2026-01-14 23:58:33,698][flwr][INFO] - fit progress: (85, 162.97462329268456, {'accuracy': 0.661, 'adaptive_mu': 0.496375, 'mu_adapted': True}, 180.25013241698616)
[2026-01-14 23:58:33,698][flwr][DEBUG] - evaluate_round 85: strategy sampled 20 clients (out of 20)
[2026-01-14 23:58:33,797][flwr][DEBUG] - evaluate_round 85 received 20 results and 0 failures
[2026-01-14 23:58:33,798][flwr][DEBUG] - fit_round 86: strategy sampled 20 clients (out of 20)
[2026-01-14 23:58:35,631][flwr][DEBUG] - fit_round 86 received 20 results and 0 failures
[2026-01-14 23:58:35,713][flwr][INFO] - fit progress: (86, 163.26903925836086, {'accuracy': 0.6615, 'adaptive_mu': 0.5, 'mu_adapted': True}, 182.26553812497878)
[2026-01-14 23:58:35,713][flwr][DEBUG] - evaluate_round 86: strategy sampled 20 clients (out of 20)
[2026-01-14 23:58:35,813][flwr][DEBUG] - evaluate_round 86 received 20 results and 0 failures
[2026-01-14 23:58:35,813][flwr][DEBUG] - fit_round 87: strategy sampled 20 clients (out of 20)
[2026-01-14 23:58:37,721][flwr][DEBUG] - fit_round 87 received 20 results and 0 failures
[2026-01-14 23:58:37,805][flwr][INFO] - fit progress: (87, 163.1379179060459, {'accuracy': 0.6605, 'adaptive_mu': 0.475, 'mu_adapted': True}, 184.35786108399043)
[2026-01-14 23:58:37,806][flwr][DEBUG] - evaluate_round 87: strategy sampled 20 clients (out of 20)
[2026-01-14 23:58:37,897][flwr][DEBUG] - evaluate_round 87 received 20 results and 0 failures
[2026-01-14 23:58:37,897][flwr][DEBUG] - fit_round 88: strategy sampled 20 clients (out of 20)
[2026-01-14 23:58:39,734][flwr][DEBUG] - fit_round 88 received 20 results and 0 failures
[2026-01-14 23:58:39,814][flwr][INFO] - fit progress: (88, 169.02595592290163, {'accuracy': 0.6615, 'adaptive_mu': 0.5, 'mu_adapted': True}, 186.366360333981)
[2026-01-14 23:58:39,814][flwr][DEBUG] - evaluate_round 88: strategy sampled 20 clients (out of 20)
[2026-01-14 23:58:39,900][flwr][DEBUG] - evaluate_round 88 received 20 results and 0 failures
[2026-01-14 23:58:39,901][flwr][DEBUG] - fit_round 89: strategy sampled 20 clients (out of 20)
[2026-01-14 23:58:41,686][flwr][DEBUG] - fit_round 89 received 20 results and 0 failures
[2026-01-14 23:58:41,786][flwr][INFO] - fit progress: (89, 164.75504964590073, {'accuracy': 0.6615, 'adaptive_mu': 0.475, 'mu_adapted': True}, 188.33818624998094)
[2026-01-14 23:58:41,786][flwr][DEBUG] - evaluate_round 89: strategy sampled 20 clients (out of 20)
[2026-01-14 23:58:41,883][flwr][DEBUG] - evaluate_round 89 received 20 results and 0 failures
[2026-01-14 23:58:41,883][flwr][DEBUG] - fit_round 90: strategy sampled 20 clients (out of 20)
[2026-01-14 23:58:43,701][flwr][DEBUG] - fit_round 90 received 20 results and 0 failures
[2026-01-14 23:58:43,781][flwr][INFO] - fit progress: (90, 160.33532068133354, {'accuracy': 0.661, 'adaptive_mu': 0.45125, 'mu_adapted': True}, 190.33348483397276)
[2026-01-14 23:58:43,781][flwr][DEBUG] - evaluate_round 90: strategy sampled 20 clients (out of 20)
[2026-01-14 23:58:43,907][flwr][DEBUG] - evaluate_round 90 received 20 results and 0 failures
[2026-01-14 23:58:43,907][flwr][DEBUG] - fit_round 91: strategy sampled 20 clients (out of 20)
[2026-01-14 23:58:45,735][flwr][DEBUG] - fit_round 91 received 20 results and 0 failures
[2026-01-14 23:58:45,814][flwr][INFO] - fit progress: (91, 166.67953226715326, {'accuracy': 0.661, 'adaptive_mu': 0.496375, 'mu_adapted': True}, 192.36657479198766)
[2026-01-14 23:58:45,814][flwr][DEBUG] - evaluate_round 91: strategy sampled 20 clients (out of 20)
[2026-01-14 23:58:45,938][flwr][DEBUG] - evaluate_round 91 received 20 results and 0 failures
[2026-01-14 23:58:45,938][flwr][DEBUG] - fit_round 92: strategy sampled 20 clients (out of 20)
[2026-01-14 23:58:47,706][flwr][DEBUG] - fit_round 92 received 20 results and 0 failures
[2026-01-14 23:58:47,787][flwr][INFO] - fit progress: (92, 164.91664136201143, {'accuracy': 0.6615, 'adaptive_mu': 0.47155625, 'mu_adapted': True}, 194.3395034999994)
[2026-01-14 23:58:47,787][flwr][DEBUG] - evaluate_round 92: strategy sampled 20 clients (out of 20)
[2026-01-14 23:58:47,875][flwr][DEBUG] - evaluate_round 92 received 20 results and 0 failures
[2026-01-14 23:58:47,875][flwr][DEBUG] - fit_round 93: strategy sampled 20 clients (out of 20)
[2026-01-14 23:58:49,709][flwr][DEBUG] - fit_round 93 received 20 results and 0 failures
[2026-01-14 23:58:49,790][flwr][INFO] - fit progress: (93, 160.89486772567034, {'accuracy': 0.662, 'adaptive_mu': 0.4479784375, 'mu_adapted': True}, 196.34261658397736)
[2026-01-14 23:58:49,790][flwr][DEBUG] - evaluate_round 93: strategy sampled 20 clients (out of 20)
[2026-01-14 23:58:49,897][flwr][DEBUG] - evaluate_round 93 received 20 results and 0 failures
[2026-01-14 23:58:49,897][flwr][DEBUG] - fit_round 94: strategy sampled 20 clients (out of 20)
[2026-01-14 23:58:51,728][flwr][DEBUG] - fit_round 94 received 20 results and 0 failures
[2026-01-14 23:58:51,812][flwr][INFO] - fit progress: (94, 153.69607999920845, {'accuracy': 0.6605, 'adaptive_mu': 0.42557951562499996, 'mu_adapted': True}, 198.36412399998517)
[2026-01-14 23:58:51,812][flwr][DEBUG] - evaluate_round 94: strategy sampled 20 clients (out of 20)
[2026-01-14 23:58:51,916][flwr][DEBUG] - evaluate_round 94 received 20 results and 0 failures
[2026-01-14 23:58:51,917][flwr][DEBUG] - fit_round 95: strategy sampled 20 clients (out of 20)
[2026-01-14 23:58:53,680][flwr][DEBUG] - fit_round 95 received 20 results and 0 failures
[2026-01-14 23:58:53,766][flwr][INFO] - fit progress: (95, 160.91755849123, {'accuracy': 0.662, 'adaptive_mu': 0.4681374671875, 'mu_adapted': True}, 200.31794649999938)
[2026-01-14 23:58:53,766][flwr][DEBUG] - evaluate_round 95: strategy sampled 20 clients (out of 20)
[2026-01-14 23:58:53,860][flwr][DEBUG] - evaluate_round 95 received 20 results and 0 failures
[2026-01-14 23:58:53,860][flwr][DEBUG] - fit_round 96: strategy sampled 20 clients (out of 20)
[2026-01-14 23:58:55,625][flwr][DEBUG] - fit_round 96 received 20 results and 0 failures
[2026-01-14 23:58:55,705][flwr][INFO] - fit progress: (96, 162.916866235435, {'accuracy': 0.662, 'adaptive_mu': 0.5, 'mu_adapted': True}, 202.2573096669803)
[2026-01-14 23:58:55,705][flwr][DEBUG] - evaluate_round 96: strategy sampled 20 clients (out of 20)
[2026-01-14 23:58:55,792][flwr][DEBUG] - evaluate_round 96 received 20 results and 0 failures
[2026-01-14 23:58:55,792][flwr][DEBUG] - fit_round 97: strategy sampled 20 clients (out of 20)
[2026-01-14 23:58:57,708][flwr][DEBUG] - fit_round 97 received 20 results and 0 failures
[2026-01-14 23:58:57,791][flwr][INFO] - fit progress: (97, 158.69166228175163, {'accuracy': 0.661, 'adaptive_mu': 0.475, 'mu_adapted': True}, 204.3429509169946)
[2026-01-14 23:58:57,791][flwr][DEBUG] - evaluate_round 97: strategy sampled 20 clients (out of 20)
[2026-01-14 23:58:57,875][flwr][DEBUG] - evaluate_round 97 received 20 results and 0 failures
[2026-01-14 23:58:57,876][flwr][DEBUG] - fit_round 98: strategy sampled 20 clients (out of 20)
[2026-01-14 23:58:59,644][flwr][DEBUG] - fit_round 98 received 20 results and 0 failures
[2026-01-14 23:58:59,731][flwr][INFO] - fit progress: (98, 161.76419545710087, {'accuracy': 0.662, 'adaptive_mu': 0.5, 'mu_adapted': True}, 206.28331079200143)
[2026-01-14 23:58:59,731][flwr][DEBUG] - evaluate_round 98: strategy sampled 20 clients (out of 20)
[2026-01-14 23:58:59,812][flwr][DEBUG] - evaluate_round 98 received 20 results and 0 failures
[2026-01-14 23:58:59,813][flwr][DEBUG] - fit_round 99: strategy sampled 20 clients (out of 20)
[2026-01-14 23:59:01,638][flwr][DEBUG] - fit_round 99 received 20 results and 0 failures
[2026-01-14 23:59:01,722][flwr][INFO] - fit progress: (99, 158.74803426861763, {'accuracy': 0.6615, 'adaptive_mu': 0.475, 'mu_adapted': True}, 208.27486254199175)
[2026-01-14 23:59:01,723][flwr][DEBUG] - evaluate_round 99: strategy sampled 20 clients (out of 20)
[2026-01-14 23:59:01,840][flwr][DEBUG] - evaluate_round 99 received 20 results and 0 failures
[2026-01-14 23:59:01,840][flwr][DEBUG] - fit_round 100: strategy sampled 20 clients (out of 20)
[2026-01-14 23:59:04,068][flwr][DEBUG] - fit_round 100 received 20 results and 0 failures
[2026-01-14 23:59:04,163][flwr][INFO] - fit progress: (100, 164.28321021795273, {'accuracy': 0.662, 'adaptive_mu': 0.5, 'mu_adapted': True}, 210.71537662498304)
[2026-01-14 23:59:04,163][flwr][DEBUG] - evaluate_round 100: strategy sampled 20 clients (out of 20)
[2026-01-14 23:59:04,269][flwr][DEBUG] - evaluate_round 100 received 20 results and 0 failures
[2026-01-14 23:59:04,269][flwr][INFO] - FL finished in 210.82184599997709
[2026-01-14 23:59:04,270][flwr][INFO] - app_fit: losses_distributed [(1, 10.017850610276406), (2, 8.227858340937999), (3, 8.121002750407865), (4, 8.203674744716983), (5, 8.273536878948065), (6, 8.334398361962814), (7, 8.471525425993102), (8, 8.469864715891124), (9, 8.420994166727347), (10, 8.515825029983036), (11, 8.59429008750753), (12, 8.641102726830454), (13, 8.542644815670084), (14, 8.582190913019927), (15, 8.77038255903498), (16, 8.58621325949181), (17, 8.86884092740565), (18, 8.812528190264823), (19, 8.545609417308603), (20, 8.625811015598048), (21, 8.732776540474383), (22, 8.588493051236973), (23, 8.502647063569714), (24, 8.469646297512618), (25, 8.494916286823333), (26, 8.54692606890976), (27, 8.274367548560654), (28, 8.532167601609489), (29, 8.70952351016397), (30, 8.352997584776444), (31, 8.49678198215736), (32, 8.565894829115544), (33, 8.462642700837824), (34, 8.426999272739154), (35, 8.66755110399597), (36, 8.730904725864862), (37, 8.59070086737755), (38, 8.555724364811866), (39, 8.456577585193568), (40, 8.544613353752236), (41, 8.733914645416771), (42, 8.365823924521735), (43, 8.482675254380261), (44, 8.378532751291425), (45, 8.565599829691934), (46, 8.795646080058495), (47, 8.465560085290281), (48, 8.541665004922635), (49, 8.593839671051393), (50, 8.104523770247285), (51, 8.554418927085587), (52, 8.317995690307967), (53, 8.370577565276433), (54, 8.26286471148717), (55, 8.677291748183013), (56, 8.410140626697618), (57, 7.929233689688051), (58, 8.150807928257583), (59, 8.615613675656029), (60, 8.20403766001918), (61, 8.110165748502114), (62, 8.315978482386384), (63, 8.115546387033843), (64, 7.927588128694112), (65, 8.306016284835302), (66, 8.092796973285733), (67, 8.724781315973184), (68, 8.68702585890482), (69, 7.8242995384779315), (70, 8.291655205437426), (71, 8.021638864471603), (72, 8.302024850461837), (73, 8.24202825840224), (74, 8.251973966384858), (75, 8.157665965645442), (76, 8.00823307813369), (77, 8.621086979136328), (78, 8.455121258389033), (79, 8.594680413298363), (80, 8.649132826982084), (81, 8.364384015917164), (82, 8.563332326070297), (83, 8.232733177635103), (84, 8.206331725122705), (85, 8.427078619433127), (86, 8.43979596782827), (87, 8.434190376024388), (88, 8.767211136163503), (89, 8.521137468488778), (90, 8.266592341745808), (91, 8.640920844718574), (92, 8.535585291036474), (93, 8.297852125649413), (94, 7.8690610703026875), (95, 8.294744380722232), (96, 8.418867756694148), (97, 8.172281710159842), (98, 8.346700921190338), (99, 8.17609334433097), (100, 8.502796782865264)]
[2026-01-14 23:59:04,270][flwr][INFO] - app_fit: metrics_distributed_fit {'adaptive_mu': [(1, 0.1), (2, 0.1), (3, 0.1), (4, 0.1), (5, 0.1), (6, 0.1), (7, 0.11000000000000001), (8, 0.12100000000000002), (9, 0.11495000000000002), (10, 0.10920250000000002), (11, 0.12012275000000003), (12, 0.13213502500000004), (13, 0.14534852750000007), (14, 0.13808110112500008), (15, 0.1518892112375001), (16, 0.16707813236125013), (17, 0.15872422574318762), (18, 0.1745966483175064), (19, 0.16586681590163108), (20, 0.1575734751065495), (21, 0.17333082261720448), (22, 0.19066390487892493), (23, 0.18113070963497868), (24, 0.17207417415322973), (25, 0.16347046544556823), (26, 0.17981751199012508), (27, 0.1977992631891376), (28, 0.1879093000296807), (29, 0.20670023003264879), (30, 0.22737025303591368), (31, 0.21600174038411799), (32, 0.23760191442252981), (33, 0.2613621058647828), (34, 0.24829400057154366), (35, 0.23587930054296646), (36, 0.2594672305972631), (37, 0.28541395365698946), (38, 0.27114325597413996), (39, 0.25758609317543296), (40, 0.2447067885166613), (41, 0.2691774673683275), (42, 0.29609521410516026), (43, 0.2812904533999022), (44, 0.30941949873989244), (45, 0.2939485238028978), (46, 0.32334337618318765), (47, 0.3556777138015064), (48, 0.3378938281114311), (49, 0.3716832109225742), (50, 0.40885153201483165), (51, 0.38840895541409004), (52, 0.42724985095549906), (53, 0.4058873584077241), (54, 0.44647609424849655), (55, 0.4241522895360717), (56, 0.4665675184896789), (57, 0.443239142565195), (58, 0.42107718543693523), (59, 0.4631849039806288), (60, 0.5), (61, 0.475), (62, 0.45125), (63, 0.496375), (64, 0.47155625), (65, 0.4479784375), (66, 0.49277628125000006), (67, 0.46813746718750004), (68, 0.5), (69, 0.475), (70, 0.45125), (71, 0.496375), (72, 0.47155625), (73, 0.5), (74, 0.475), (75, 0.5), (76, 0.475), (77, 0.45125), (78, 0.496375), (79, 0.47155625), (80, 0.5), (81, 0.5), (82, 0.475), (83, 0.5), (84, 0.475), (85, 0.45125), (86, 0.496375), (87, 0.5), (88, 0.475), (89, 0.5), (90, 0.475), (91, 0.45125), (92, 0.496375), (93, 0.47155625), (94, 0.4479784375), (95, 0.42557951562499996), (96, 0.4681374671875), (97, 0.5), (98, 0.475), (99, 0.5), (100, 0.475)]}
[2026-01-14 23:59:04,271][flwr][INFO] - app_fit: metrics_distributed {}
[2026-01-14 23:59:04,271][flwr][INFO] - app_fit: losses_centralized [(0, 275.8148798942566), (1, 208.78050470352173), (2, 167.8532249033451), (3, 163.222738802433), (4, 163.56479448080063), (5, 164.01451842486858), (6, 164.60785876214504), (7, 166.54356396198273), (8, 166.10465659946203), (9, 164.93338749557734), (10, 166.34503646194935), (11, 167.48941606283188), (12, 168.2408899962902), (13, 166.32951471209526), (14, 166.86577923595905), (15, 170.02505864948034), (16, 166.71210464835167), (17, 171.50968578457832), (18, 170.51080537587404), (19, 165.8892675936222), (20, 167.13489828258753), (21, 169.0089609697461), (22, 166.520831823349), (23, 164.96919282525778), (24, 164.33996801823378), (25, 164.7446864321828), (26, 165.5692345649004), (27, 160.90185599029064), (28, 165.20276626199484), (29, 168.23705878853798), (30, 162.12445551156998), (31, 164.6238891556859), (32, 165.70021963119507), (33, 163.86226969212294), (34, 163.32853443920612), (35, 167.40456352382898), (36, 168.43122509121895), (37, 165.94513119012117), (38, 165.31942480802536), (39, 163.58749517798424), (40, 165.09871758520603), (41, 168.34764838963747), (42, 161.94095442444086), (43, 163.93431322276592), (44, 162.10439819842577), (45, 165.29489532858133), (46, 169.3104546740651), (47, 163.49547161906958), (48, 164.83366649597883), (49, 165.77795837074518), (50, 157.41520831733942), (51, 165.00845466554165), (52, 160.85354098677635), (53, 161.8408626317978), (54, 160.01731944084167), (55, 167.22166050970554), (56, 162.5741864964366), (57, 154.44537765532732), (58, 158.21636033058167), (59, 166.14559350162745), (60, 159.04850085824728), (61, 157.4738446995616), (62, 160.99659476429224), (63, 157.654219314456), (64, 154.5602176785469), (65, 160.93539499491453), (66, 157.30902335047722), (67, 168.18376898765564), (68, 167.49640590697527), (69, 152.7889040634036), (70, 160.63198655843735), (71, 156.1449054852128), (72, 160.90766432881355), (73, 159.86076447367668), (74, 160.04825048148632), (75, 158.41024144738913), (76, 155.85913756489754), (77, 166.381133005023), (78, 163.48714888840914), (79, 165.8547863960266), (80, 166.88747833669186), (81, 161.89032861590385), (82, 165.398643322289), (83, 159.73664899915457), (84, 159.22386299073696), (85, 162.97462329268456), (86, 163.26903925836086), (87, 163.1379179060459), (88, 169.02595592290163), (89, 164.75504964590073), (90, 160.33532068133354), (91, 166.67953226715326), (92, 164.91664136201143), (93, 160.89486772567034), (94, 153.69607999920845), (95, 160.91755849123), (96, 162.916866235435), (97, 158.69166228175163), (98, 161.76419545710087), (99, 158.74803426861763), (100, 164.28321021795273)]
[2026-01-14 23:59:04,271][flwr][INFO] - app_fit: metrics_centralized {'accuracy': [(0, 0.3415), (1, 0.61), (2, 0.6295), (3, 0.639), (4, 0.6415), (5, 0.648), (6, 0.6485), (7, 0.6485), (8, 0.6505), (9, 0.653), (10, 0.654), (11, 0.656), (12, 0.657), (13, 0.6575), (14, 0.6585), (15, 0.661), (16, 0.6615), (17, 0.6605), (18, 0.6615), (19, 0.662), (20, 0.6625), (21, 0.6605), (22, 0.66), (23, 0.66), (24, 0.6595), (25, 0.659), (26, 0.659), (27, 0.66), (28, 0.659), (29, 0.659), (30, 0.659), (31, 0.66), (32, 0.66), (33, 0.6595), (34, 0.661), (35, 0.6605), (36, 0.6605), (37, 0.66), (38, 0.6595), (39, 0.6605), (40, 0.6605), (41, 0.6595), (42, 0.659), (43, 0.6595), (44, 0.6595), (45, 0.6595), (46, 0.6595), (47, 0.6585), (48, 0.659), (49, 0.66), (50, 0.6605), (51, 0.6585), (52, 0.66), (53, 0.66), (54, 0.6615), (55, 0.661), (56, 0.6605), (57, 0.6605), (58, 0.6605), (59, 0.66), (60, 0.66), (61, 0.659), (62, 0.66), (63, 0.6595), (64, 0.6605), (65, 0.6595), (66, 0.66), (67, 0.6595), (68, 0.66), (69, 0.6605), (70, 0.6595), (71, 0.66), (72, 0.6605), (73, 0.6605), (74, 0.6605), (75, 0.66), (76, 0.66), (77, 0.6615), (78, 0.66), (79, 0.6615), (80, 0.662), (81, 0.6605), (82, 0.6605), (83, 0.6605), (84, 0.66), (85, 0.661), (86, 0.6615), (87, 0.6605), (88, 0.6615), (89, 0.6615), (90, 0.661), (91, 0.661), (92, 0.6615), (93, 0.662), (94, 0.6605), (95, 0.662), (96, 0.662), (97, 0.661), (98, 0.662), (99, 0.6615), (100, 0.662)], 'adaptive_mu': [(0, 0.1), (1, 0.1), (2, 0.1), (3, 0.1), (4, 0.1), (5, 0.1), (6, 0.11000000000000001), (7, 0.12100000000000002), (8, 0.11495000000000002), (9, 0.10920250000000002), (10, 0.12012275000000003), (11, 0.13213502500000004), (12, 0.14534852750000007), (13, 0.13808110112500008), (14, 0.1518892112375001), (15, 0.16707813236125013), (16, 0.15872422574318762), (17, 0.1745966483175064), (18, 0.16586681590163108), (19, 0.1575734751065495), (20, 0.17333082261720448), (21, 0.19066390487892493), (22, 0.18113070963497868), (23, 0.17207417415322973), (24, 0.16347046544556823), (25, 0.17981751199012508), (26, 0.1977992631891376), (27, 0.1879093000296807), (28, 0.20670023003264879), (29, 0.22737025303591368), (30, 0.21600174038411799), (31, 0.23760191442252981), (32, 0.2613621058647828), (33, 0.24829400057154366), (34, 0.23587930054296646), (35, 0.2594672305972631), (36, 0.28541395365698946), (37, 0.27114325597413996), (38, 0.25758609317543296), (39, 0.2447067885166613), (40, 0.2691774673683275), (41, 0.29609521410516026), (42, 0.2812904533999022), (43, 0.30941949873989244), (44, 0.2939485238028978), (45, 0.32334337618318765), (46, 0.3556777138015064), (47, 0.3378938281114311), (48, 0.3716832109225742), (49, 0.40885153201483165), (50, 0.38840895541409004), (51, 0.42724985095549906), (52, 0.4058873584077241), (53, 0.44647609424849655), (54, 0.4241522895360717), (55, 0.4665675184896789), (56, 0.443239142565195), (57, 0.42107718543693523), (58, 0.4631849039806288), (59, 0.5), (60, 0.475), (61, 0.45125), (62, 0.496375), (63, 0.47155625), (64, 0.4479784375), (65, 0.49277628125000006), (66, 0.46813746718750004), (67, 0.5), (68, 0.475), (69, 0.45125), (70, 0.496375), (71, 0.47155625), (72, 0.5), (73, 0.475), (74, 0.5), (75, 0.475), (76, 0.45125), (77, 0.496375), (78, 0.47155625), (79, 0.5), (80, 0.5), (81, 0.475), (82, 0.5), (83, 0.475), (84, 0.45125), (85, 0.496375), (86, 0.5), (87, 0.475), (88, 0.5), (89, 0.475), (90, 0.45125), (91, 0.496375), (92, 0.47155625), (93, 0.4479784375), (94, 0.42557951562499996), (95, 0.4681374671875), (96, 0.5), (97, 0.475), (98, 0.5), (99, 0.475), (100, 0.5)], 'mu_adapted': [(0, False), (1, False), (2, False), (3, False), (4, False), (5, False), (6, True), (7, True), (8, True), (9, True), (10, True), (11, True), (12, True), (13, True), (14, True), (15, True), (16, True), (17, True), (18, True), (19, True), (20, True), (21, True), (22, True), (23, True), (24, True), (25, True), (26, True), (27, True), (28, True), (29, True), (30, True), (31, True), (32, True), (33, True), (34, True), (35, True), (36, True), (37, True), (38, True), (39, True), (40, True), (41, True), (42, True), (43, True), (44, True), (45, True), (46, True), (47, True), (48, True), (49, True), (50, True), (51, True), (52, True), (53, True), (54, True), (55, True), (56, True), (57, True), (58, True), (59, True), (60, True), (61, True), (62, True), (63, True), (64, True), (65, True), (66, True), (67, True), (68, True), (69, True), (70, True), (71, True), (72, True), (73, True), (74, True), (75, True), (76, True), (77, True), (78, True), (79, True), (80, True), (81, True), (82, True), (83, True), (84, True), (85, True), (86, True), (87, True), (88, True), (89, True), (90, True), (91, True), (92, True), (93, True), (94, True), (95, True), (96, True), (97, True), (98, True), (99, True), (100, True)]}
[2026-01-14 23:59:04,312][flwr][INFO] - Starting Flower simulation, config: ServerConfig(num_rounds=100, round_timeout=None)
[2026-01-14 23:59:11,727][flwr][INFO] - Flower VCE: Ray initialized with resources: {'CPU': 10.0, 'object_store_memory': 2147483648.0, 'node:127.0.0.1': 1.0, 'memory': 12264423424.0}
[2026-01-14 23:59:11,728][flwr][INFO] - Initializing global parameters
[2026-01-14 23:59:11,728][flwr][INFO] - Using initial parameters provided by strategy
[2026-01-14 23:59:11,728][flwr][INFO] - Evaluating initial parameters
[2026-01-14 23:59:11,799][flwr][INFO] - initial parameters (loss, other metrics): 275.8148798942566, {'accuracy': 0.3415}
[2026-01-14 23:59:11,799][flwr][INFO] - FL starting
[2026-01-14 23:59:11,801][flwr][DEBUG] - fit_round 1: strategy sampled 5 clients (out of 20)
[2026-01-14 23:59:16,481][flwr][DEBUG] - fit_round 1 received 5 results and 0 failures
[2026-01-14 23:59:16,558][flwr][INFO] - fit progress: (1, 218.19127924740314, {'accuracy': 0.6515}, 4.758728583023185)
[2026-01-14 23:59:16,558][flwr][INFO] - evaluate_round 1: no clients selected, cancel
[2026-01-14 23:59:16,559][flwr][DEBUG] - fit_round 2: strategy sampled 5 clients (out of 20)
[2026-01-14 23:59:17,371][flwr][DEBUG] - fit_round 2 received 5 results and 0 failures
[2026-01-14 23:59:17,446][flwr][INFO] - fit progress: (2, 267.0803211852908, {'accuracy': 0.6055}, 5.646970708010485)
[2026-01-14 23:59:17,446][flwr][INFO] - evaluate_round 2: no clients selected, cancel
[2026-01-14 23:59:17,447][flwr][DEBUG] - fit_round 3: strategy sampled 5 clients (out of 20)
[2026-01-14 23:59:18,274][flwr][DEBUG] - fit_round 3 received 5 results and 0 failures
[2026-01-14 23:59:18,347][flwr][INFO] - fit progress: (3, 217.70181120932102, {'accuracy': 0.5625}, 6.547581125021679)
[2026-01-14 23:59:18,347][flwr][INFO] - evaluate_round 3: no clients selected, cancel
[2026-01-14 23:59:18,347][flwr][DEBUG] - fit_round 4: strategy sampled 5 clients (out of 20)
[2026-01-14 23:59:19,164][flwr][DEBUG] - fit_round 4 received 5 results and 0 failures
[2026-01-14 23:59:19,237][flwr][INFO] - fit progress: (4, 157.09111113101244, {'accuracy': 0.613}, 7.437621875025798)
[2026-01-14 23:59:19,237][flwr][INFO] - evaluate_round 4: no clients selected, cancel
[2026-01-14 23:59:19,237][flwr][DEBUG] - fit_round 5: strategy sampled 5 clients (out of 20)
[2026-01-14 23:59:20,036][flwr][DEBUG] - fit_round 5 received 5 results and 0 failures
[2026-01-14 23:59:20,109][flwr][INFO] - fit progress: (5, 273.0291877165437, {'accuracy': 0.6455}, 8.309802667004988)
[2026-01-14 23:59:20,109][flwr][INFO] - evaluate_round 5: no clients selected, cancel
[2026-01-14 23:59:20,110][flwr][DEBUG] - fit_round 6: strategy sampled 5 clients (out of 20)
[2026-01-14 23:59:20,933][flwr][DEBUG] - fit_round 6 received 5 results and 0 failures
[2026-01-14 23:59:21,007][flwr][INFO] - fit progress: (6, 168.60428814589977, {'accuracy': 0.622}, 9.207500125019578)
[2026-01-14 23:59:21,007][flwr][INFO] - evaluate_round 6: no clients selected, cancel
[2026-01-14 23:59:21,007][flwr][DEBUG] - fit_round 7: strategy sampled 5 clients (out of 20)
[2026-01-14 23:59:21,819][flwr][DEBUG] - fit_round 7 received 5 results and 0 failures
[2026-01-14 23:59:21,893][flwr][INFO] - fit progress: (7, 194.4625326693058, {'accuracy': 0.625}, 10.093854958016891)
[2026-01-14 23:59:21,893][flwr][INFO] - evaluate_round 7: no clients selected, cancel
[2026-01-14 23:59:21,893][flwr][DEBUG] - fit_round 8: strategy sampled 5 clients (out of 20)
[2026-01-14 23:59:22,636][flwr][DEBUG] - fit_round 8 received 5 results and 0 failures
[2026-01-14 23:59:22,708][flwr][INFO] - fit progress: (8, 150.27997341752052, {'accuracy': 0.6505}, 10.90884804201778)
[2026-01-14 23:59:22,708][flwr][INFO] - evaluate_round 8: no clients selected, cancel
[2026-01-14 23:59:22,709][flwr][DEBUG] - fit_round 9: strategy sampled 5 clients (out of 20)
[2026-01-14 23:59:23,474][flwr][DEBUG] - fit_round 9 received 5 results and 0 failures
[2026-01-14 23:59:23,550][flwr][INFO] - fit progress: (9, 148.3265755623579, {'accuracy': 0.6585}, 11.750388750020647)
[2026-01-14 23:59:23,550][flwr][INFO] - evaluate_round 9: no clients selected, cancel
[2026-01-14 23:59:23,550][flwr][DEBUG] - fit_round 10: strategy sampled 5 clients (out of 20)
[2026-01-14 23:59:24,359][flwr][DEBUG] - fit_round 10 received 5 results and 0 failures
[2026-01-14 23:59:24,431][flwr][INFO] - fit progress: (10, 160.5830353051424, {'accuracy': 0.634}, 12.631663542008027)
[2026-01-14 23:59:24,431][flwr][INFO] - evaluate_round 10: no clients selected, cancel
[2026-01-14 23:59:24,431][flwr][DEBUG] - fit_round 11: strategy sampled 5 clients (out of 20)
[2026-01-14 23:59:25,170][flwr][DEBUG] - fit_round 11 received 5 results and 0 failures
[2026-01-14 23:59:25,243][flwr][INFO] - fit progress: (11, 275.0689251963049, {'accuracy': 0.6615}, 13.443435292021604)
[2026-01-14 23:59:25,243][flwr][INFO] - evaluate_round 11: no clients selected, cancel
[2026-01-14 23:59:25,243][flwr][DEBUG] - fit_round 12: strategy sampled 5 clients (out of 20)
[2026-01-14 23:59:26,065][flwr][DEBUG] - fit_round 12 received 5 results and 0 failures
[2026-01-14 23:59:26,138][flwr][INFO] - fit progress: (12, 155.40418401360512, {'accuracy': 0.6355}, 14.338424792018486)
[2026-01-14 23:59:26,138][flwr][INFO] - evaluate_round 12: no clients selected, cancel
[2026-01-14 23:59:26,138][flwr][DEBUG] - fit_round 13: strategy sampled 5 clients (out of 20)
[2026-01-14 23:59:26,878][flwr][DEBUG] - fit_round 13 received 5 results and 0 failures
[2026-01-14 23:59:26,951][flwr][INFO] - fit progress: (13, 152.31076776236296, {'accuracy': 0.6615}, 15.151962292002281)
[2026-01-14 23:59:26,951][flwr][INFO] - evaluate_round 13: no clients selected, cancel
[2026-01-14 23:59:26,952][flwr][DEBUG] - fit_round 14: strategy sampled 5 clients (out of 20)
[2026-01-14 23:59:27,773][flwr][DEBUG] - fit_round 14 received 5 results and 0 failures
[2026-01-14 23:59:27,847][flwr][INFO] - fit progress: (14, 170.97006276249886, {'accuracy': 0.6335}, 16.048105042020325)
[2026-01-14 23:59:27,848][flwr][INFO] - evaluate_round 14: no clients selected, cancel
[2026-01-14 23:59:27,848][flwr][DEBUG] - fit_round 15: strategy sampled 5 clients (out of 20)
[2026-01-14 23:59:28,669][flwr][DEBUG] - fit_round 15 received 5 results and 0 failures
[2026-01-14 23:59:28,742][flwr][INFO] - fit progress: (15, 138.145321726799, {'accuracy': 0.656}, 16.942624957999215)
[2026-01-14 23:59:28,742][flwr][INFO] - evaluate_round 15: no clients selected, cancel
[2026-01-14 23:59:28,742][flwr][DEBUG] - fit_round 16: strategy sampled 5 clients (out of 20)
[2026-01-14 23:59:29,565][flwr][DEBUG] - fit_round 16 received 5 results and 0 failures
[2026-01-14 23:59:29,649][flwr][INFO] - fit progress: (16, 155.8385646045208, {'accuracy': 0.634}, 17.849440208025044)
[2026-01-14 23:59:29,649][flwr][INFO] - evaluate_round 16: no clients selected, cancel
[2026-01-14 23:59:29,649][flwr][DEBUG] - fit_round 17: strategy sampled 5 clients (out of 20)
[2026-01-14 23:59:30,447][flwr][DEBUG] - fit_round 17 received 5 results and 0 failures
[2026-01-14 23:59:30,530][flwr][INFO] - fit progress: (17, 261.3126620911062, {'accuracy': 0.6625}, 18.731011167023098)
[2026-01-14 23:59:30,530][flwr][INFO] - evaluate_round 17: no clients selected, cancel
[2026-01-14 23:59:30,531][flwr][DEBUG] - fit_round 18: strategy sampled 5 clients (out of 20)
[2026-01-14 23:59:31,324][flwr][DEBUG] - fit_round 18 received 5 results and 0 failures
[2026-01-14 23:59:31,399][flwr][INFO] - fit progress: (18, 185.95650742948055, {'accuracy': 0.6625}, 19.599533250002423)
[2026-01-14 23:59:31,399][flwr][INFO] - evaluate_round 18: no clients selected, cancel
[2026-01-14 23:59:31,399][flwr][DEBUG] - fit_round 19: strategy sampled 5 clients (out of 20)
[2026-01-14 23:59:32,234][flwr][DEBUG] - fit_round 19 received 5 results and 0 failures
[2026-01-14 23:59:32,305][flwr][INFO] - fit progress: (19, 153.94563291966915, {'accuracy': 0.637}, 20.5057036250073)
[2026-01-14 23:59:32,305][flwr][INFO] - evaluate_round 19: no clients selected, cancel
[2026-01-14 23:59:32,305][flwr][DEBUG] - fit_round 20: strategy sampled 5 clients (out of 20)
[2026-01-14 23:59:33,131][flwr][DEBUG] - fit_round 20 received 5 results and 0 failures
[2026-01-14 23:59:33,203][flwr][INFO] - fit progress: (20, 181.60385648161173, {'accuracy': 0.6625}, 21.404165250016376)
[2026-01-14 23:59:33,204][flwr][INFO] - evaluate_round 20: no clients selected, cancel
[2026-01-14 23:59:33,204][flwr][DEBUG] - fit_round 21: strategy sampled 5 clients (out of 20)
[2026-01-14 23:59:33,982][flwr][DEBUG] - fit_round 21 received 5 results and 0 failures
[2026-01-14 23:59:34,055][flwr][INFO] - fit progress: (21, 200.28901901096106, {'accuracy': 0.663}, 22.25594887501211)
[2026-01-14 23:59:34,055][flwr][INFO] - evaluate_round 21: no clients selected, cancel
[2026-01-14 23:59:34,056][flwr][DEBUG] - fit_round 22: strategy sampled 5 clients (out of 20)
[2026-01-14 23:59:34,826][flwr][DEBUG] - fit_round 22 received 5 results and 0 failures
[2026-01-14 23:59:34,906][flwr][INFO] - fit progress: (22, 148.39007479697466, {'accuracy': 0.6635}, 23.10664587499923)
[2026-01-14 23:59:34,906][flwr][INFO] - evaluate_round 22: no clients selected, cancel
[2026-01-14 23:59:34,906][flwr][DEBUG] - fit_round 23: strategy sampled 5 clients (out of 20)
[2026-01-14 23:59:35,772][flwr][DEBUG] - fit_round 23 received 5 results and 0 failures
[2026-01-14 23:59:35,845][flwr][INFO] - fit progress: (23, 282.4240962564945, {'accuracy': 0.461}, 24.046095625002636)
[2026-01-14 23:59:35,845][flwr][INFO] - evaluate_round 23: no clients selected, cancel
[2026-01-14 23:59:35,846][flwr][DEBUG] - fit_round 24: strategy sampled 5 clients (out of 20)
[2026-01-14 23:59:36,689][flwr][DEBUG] - fit_round 24 received 5 results and 0 failures
[2026-01-14 23:59:36,762][flwr][INFO] - fit progress: (24, 170.45609825849533, {'accuracy': 0.635}, 24.96310687501682)
[2026-01-14 23:59:36,763][flwr][INFO] - evaluate_round 24: no clients selected, cancel
[2026-01-14 23:59:36,763][flwr][DEBUG] - fit_round 25: strategy sampled 5 clients (out of 20)
[2026-01-14 23:59:37,602][flwr][DEBUG] - fit_round 25 received 5 results and 0 failures
[2026-01-14 23:59:37,675][flwr][INFO] - fit progress: (25, 139.52180489897728, {'accuracy': 0.6365}, 25.876241500023752)
[2026-01-14 23:59:37,676][flwr][INFO] - evaluate_round 25: no clients selected, cancel
[2026-01-14 23:59:37,676][flwr][DEBUG] - fit_round 26: strategy sampled 5 clients (out of 20)
[2026-01-14 23:59:38,538][flwr][DEBUG] - fit_round 26 received 5 results and 0 failures
[2026-01-14 23:59:38,617][flwr][INFO] - fit progress: (26, 168.36690509319305, {'accuracy': 0.6375}, 26.817770833004033)
[2026-01-14 23:59:38,617][flwr][INFO] - evaluate_round 26: no clients selected, cancel
[2026-01-14 23:59:38,617][flwr][DEBUG] - fit_round 27: strategy sampled 5 clients (out of 20)
[2026-01-14 23:59:39,413][flwr][DEBUG] - fit_round 27 received 5 results and 0 failures
[2026-01-14 23:59:39,485][flwr][INFO] - fit progress: (27, 174.73988682031631, {'accuracy': 0.664}, 27.685738667001715)
[2026-01-14 23:59:39,485][flwr][INFO] - evaluate_round 27: no clients selected, cancel
[2026-01-14 23:59:39,485][flwr][DEBUG] - fit_round 28: strategy sampled 5 clients (out of 20)
[2026-01-14 23:59:40,302][flwr][DEBUG] - fit_round 28 received 5 results and 0 failures
[2026-01-14 23:59:40,375][flwr][INFO] - fit progress: (28, 150.4247081130743, {'accuracy': 0.666}, 28.57593841702328)
[2026-01-14 23:59:40,375][flwr][INFO] - evaluate_round 28: no clients selected, cancel
[2026-01-14 23:59:40,376][flwr][DEBUG] - fit_round 29: strategy sampled 5 clients (out of 20)
[2026-01-14 23:59:41,200][flwr][DEBUG] - fit_round 29 received 5 results and 0 failures
[2026-01-14 23:59:41,274][flwr][INFO] - fit progress: (29, 184.30101892352104, {'accuracy': 0.624}, 29.474320625013206)
[2026-01-14 23:59:41,274][flwr][INFO] - evaluate_round 29: no clients selected, cancel
[2026-01-14 23:59:41,274][flwr][DEBUG] - fit_round 30: strategy sampled 5 clients (out of 20)
[2026-01-14 23:59:42,108][flwr][DEBUG] - fit_round 30 received 5 results and 0 failures
[2026-01-14 23:59:42,182][flwr][INFO] - fit progress: (30, 153.88443659245968, {'accuracy': 0.6385}, 30.38238879200071)
[2026-01-14 23:59:42,182][flwr][INFO] - evaluate_round 30: no clients selected, cancel
[2026-01-14 23:59:42,182][flwr][DEBUG] - fit_round 31: strategy sampled 5 clients (out of 20)
[2026-01-14 23:59:42,991][flwr][DEBUG] - fit_round 31 received 5 results and 0 failures
[2026-01-14 23:59:43,064][flwr][INFO] - fit progress: (31, 229.92276790738106, {'accuracy': 0.6635}, 31.264788792002946)
[2026-01-14 23:59:43,064][flwr][INFO] - evaluate_round 31: no clients selected, cancel
[2026-01-14 23:59:43,064][flwr][DEBUG] - fit_round 32: strategy sampled 5 clients (out of 20)
[2026-01-14 23:59:43,828][flwr][DEBUG] - fit_round 32 received 5 results and 0 failures
[2026-01-14 23:59:43,903][flwr][INFO] - fit progress: (32, 165.61751395463943, {'accuracy': 0.664}, 32.10331220802618)
[2026-01-14 23:59:43,903][flwr][INFO] - evaluate_round 32: no clients selected, cancel
[2026-01-14 23:59:43,903][flwr][DEBUG] - fit_round 33: strategy sampled 5 clients (out of 20)
[2026-01-14 23:59:44,774][flwr][DEBUG] - fit_round 33 received 5 results and 0 failures
[2026-01-14 23:59:44,847][flwr][INFO] - fit progress: (33, 173.45336942374706, {'accuracy': 0.6395}, 33.04747658301494)
[2026-01-14 23:59:44,847][flwr][INFO] - evaluate_round 33: no clients selected, cancel
[2026-01-14 23:59:44,847][flwr][DEBUG] - fit_round 34: strategy sampled 5 clients (out of 20)
[2026-01-14 23:59:45,655][flwr][DEBUG] - fit_round 34 received 5 results and 0 failures
[2026-01-14 23:59:45,729][flwr][INFO] - fit progress: (34, 166.2498514726758, {'accuracy': 0.663}, 33.929834500013385)
[2026-01-14 23:59:45,729][flwr][INFO] - evaluate_round 34: no clients selected, cancel
[2026-01-14 23:59:45,729][flwr][DEBUG] - fit_round 35: strategy sampled 5 clients (out of 20)
[2026-01-14 23:59:46,483][flwr][DEBUG] - fit_round 35 received 5 results and 0 failures
[2026-01-14 23:59:46,559][flwr][INFO] - fit progress: (35, 189.96425507962704, {'accuracy': 0.6655}, 34.759727417025715)
[2026-01-14 23:59:46,559][flwr][INFO] - evaluate_round 35: no clients selected, cancel
[2026-01-14 23:59:46,559][flwr][DEBUG] - fit_round 36: strategy sampled 5 clients (out of 20)
[2026-01-14 23:59:47,594][flwr][DEBUG] - fit_round 36 received 5 results and 0 failures
[2026-01-14 23:59:47,672][flwr][INFO] - fit progress: (36, 145.39668095111847, {'accuracy': 0.6405}, 35.872453375020996)
[2026-01-14 23:59:47,672][flwr][INFO] - evaluate_round 36: no clients selected, cancel
[2026-01-14 23:59:47,672][flwr][DEBUG] - fit_round 37: strategy sampled 5 clients (out of 20)
[2026-01-14 23:59:48,526][flwr][DEBUG] - fit_round 37 received 5 results and 0 failures
[2026-01-14 23:59:48,603][flwr][INFO] - fit progress: (37, 139.54508811235428, {'accuracy': 0.639}, 36.80383741701371)
[2026-01-14 23:59:48,603][flwr][INFO] - evaluate_round 37: no clients selected, cancel
[2026-01-14 23:59:48,603][flwr][DEBUG] - fit_round 38: strategy sampled 5 clients (out of 20)
[2026-01-14 23:59:49,431][flwr][DEBUG] - fit_round 38 received 5 results and 0 failures
[2026-01-14 23:59:49,503][flwr][INFO] - fit progress: (38, 158.22558251023293, {'accuracy': 0.6645}, 37.703930957999546)
[2026-01-14 23:59:49,503][flwr][INFO] - evaluate_round 38: no clients selected, cancel
[2026-01-14 23:59:49,504][flwr][DEBUG] - fit_round 39: strategy sampled 5 clients (out of 20)
[2026-01-14 23:59:50,274][flwr][DEBUG] - fit_round 39 received 5 results and 0 failures
[2026-01-14 23:59:50,350][flwr][INFO] - fit progress: (39, 189.81054960936308, {'accuracy': 0.666}, 38.55027975002304)
[2026-01-14 23:59:50,350][flwr][INFO] - evaluate_round 39: no clients selected, cancel
[2026-01-14 23:59:50,350][flwr][DEBUG] - fit_round 40: strategy sampled 5 clients (out of 20)
[2026-01-14 23:59:51,186][flwr][DEBUG] - fit_round 40 received 5 results and 0 failures
[2026-01-14 23:59:51,262][flwr][INFO] - fit progress: (40, 166.11155983060598, {'accuracy': 0.664}, 39.462350833025994)
[2026-01-14 23:59:51,262][flwr][INFO] - evaluate_round 40: no clients selected, cancel
[2026-01-14 23:59:51,262][flwr][DEBUG] - fit_round 41: strategy sampled 5 clients (out of 20)
[2026-01-14 23:59:52,167][flwr][DEBUG] - fit_round 41 received 5 results and 0 failures
[2026-01-14 23:59:52,247][flwr][INFO] - fit progress: (41, 238.62172155082226, {'accuracy': 0.6345}, 40.44763729200349)
[2026-01-14 23:59:52,247][flwr][INFO] - evaluate_round 41: no clients selected, cancel
[2026-01-14 23:59:52,247][flwr][DEBUG] - fit_round 42: strategy sampled 5 clients (out of 20)
[2026-01-14 23:59:53,258][flwr][DEBUG] - fit_round 42 received 5 results and 0 failures
[2026-01-14 23:59:53,368][flwr][INFO] - fit progress: (42, 138.07085455954075, {'accuracy': 0.663}, 41.569040125003085)
[2026-01-14 23:59:53,369][flwr][INFO] - evaluate_round 42: no clients selected, cancel
[2026-01-14 23:59:53,369][flwr][DEBUG] - fit_round 43: strategy sampled 5 clients (out of 20)
[2026-01-14 23:59:54,387][flwr][DEBUG] - fit_round 43 received 5 results and 0 failures
[2026-01-14 23:59:54,481][flwr][INFO] - fit progress: (43, 139.30577892065048, {'accuracy': 0.6385}, 42.681889416999184)
[2026-01-14 23:59:54,481][flwr][INFO] - evaluate_round 43: no clients selected, cancel
[2026-01-14 23:59:54,482][flwr][DEBUG] - fit_round 44: strategy sampled 5 clients (out of 20)
[2026-01-14 23:59:55,364][flwr][DEBUG] - fit_round 44 received 5 results and 0 failures
[2026-01-14 23:59:55,454][flwr][INFO] - fit progress: (44, 144.14495992660522, {'accuracy': 0.662}, 43.654395792022115)
[2026-01-14 23:59:55,454][flwr][INFO] - evaluate_round 44: no clients selected, cancel
[2026-01-14 23:59:55,454][flwr][DEBUG] - fit_round 45: strategy sampled 5 clients (out of 20)
[2026-01-14 23:59:56,236][flwr][DEBUG] - fit_round 45 received 5 results and 0 failures
[2026-01-14 23:59:56,316][flwr][INFO] - fit progress: (45, 254.18335486203432, {'accuracy': 0.6635}, 44.517075000010664)
[2026-01-14 23:59:56,316][flwr][INFO] - evaluate_round 45: no clients selected, cancel
[2026-01-14 23:59:56,317][flwr][DEBUG] - fit_round 46: strategy sampled 5 clients (out of 20)
[2026-01-14 23:59:57,171][flwr][DEBUG] - fit_round 46 received 5 results and 0 failures
[2026-01-14 23:59:57,249][flwr][INFO] - fit progress: (46, 155.96085900068283, {'accuracy': 0.664}, 45.449421333003556)
[2026-01-14 23:59:57,249][flwr][INFO] - evaluate_round 46: no clients selected, cancel
[2026-01-14 23:59:57,249][flwr][DEBUG] - fit_round 47: strategy sampled 5 clients (out of 20)
[2026-01-14 23:59:58,085][flwr][DEBUG] - fit_round 47 received 5 results and 0 failures
[2026-01-14 23:59:58,165][flwr][INFO] - fit progress: (47, 167.90512637794018, {'accuracy': 0.6645}, 46.36581133300206)
[2026-01-14 23:59:58,165][flwr][INFO] - evaluate_round 47: no clients selected, cancel
[2026-01-14 23:59:58,165][flwr][DEBUG] - fit_round 48: strategy sampled 5 clients (out of 20)
[2026-01-14 23:59:58,958][flwr][DEBUG] - fit_round 48 received 5 results and 0 failures
[2026-01-14 23:59:59,032][flwr][INFO] - fit progress: (48, 147.10079266130924, {'accuracy': 0.6645}, 47.23226525000064)
[2026-01-14 23:59:59,032][flwr][INFO] - evaluate_round 48: no clients selected, cancel
[2026-01-14 23:59:59,032][flwr][DEBUG] - fit_round 49: strategy sampled 5 clients (out of 20)
[2026-01-14 23:59:59,934][flwr][DEBUG] - fit_round 49 received 5 results and 0 failures
[2026-01-15 00:00:00,081][flwr][INFO] - fit progress: (49, 137.61697936058044, {'accuracy': 0.6395}, 48.28220116702141)
[2026-01-15 00:00:00,082][flwr][INFO] - evaluate_round 49: no clients selected, cancel
[2026-01-15 00:00:00,082][flwr][DEBUG] - fit_round 50: strategy sampled 5 clients (out of 20)
[2026-01-15 00:00:01,242][flwr][DEBUG] - fit_round 50 received 5 results and 0 failures
[2026-01-15 00:00:01,330][flwr][INFO] - fit progress: (50, 206.4047392308712, {'accuracy': 0.6245}, 49.53075975002139)
[2026-01-15 00:00:01,330][flwr][INFO] - evaluate_round 50: no clients selected, cancel
[2026-01-15 00:00:01,331][flwr][DEBUG] - fit_round 51: strategy sampled 5 clients (out of 20)
[2026-01-15 00:00:02,356][flwr][DEBUG] - fit_round 51 received 5 results and 0 failures
[2026-01-15 00:00:02,440][flwr][INFO] - fit progress: (51, 137.98169073462486, {'accuracy': 0.638}, 50.64107291700202)
[2026-01-15 00:00:02,441][flwr][INFO] - evaluate_round 51: no clients selected, cancel
[2026-01-15 00:00:02,441][flwr][DEBUG] - fit_round 52: strategy sampled 5 clients (out of 20)
[2026-01-15 00:00:03,297][flwr][DEBUG] - fit_round 52 received 5 results and 0 failures
[2026-01-15 00:00:03,371][flwr][INFO] - fit progress: (52, 139.97266887128353, {'accuracy': 0.665}, 51.57139441702748)
[2026-01-15 00:00:03,371][flwr][INFO] - evaluate_round 52: no clients selected, cancel
[2026-01-15 00:00:03,371][flwr][DEBUG] - fit_round 53: strategy sampled 5 clients (out of 20)
[2026-01-15 00:00:04,244][flwr][DEBUG] - fit_round 53 received 5 results and 0 failures
[2026-01-15 00:00:04,326][flwr][INFO] - fit progress: (53, 164.06346605718136, {'accuracy': 0.639}, 52.52676883302047)
[2026-01-15 00:00:04,326][flwr][INFO] - evaluate_round 53: no clients selected, cancel
[2026-01-15 00:00:04,327][flwr][DEBUG] - fit_round 54: strategy sampled 5 clients (out of 20)
[2026-01-15 00:00:05,241][flwr][DEBUG] - fit_round 54 received 5 results and 0 failures
[2026-01-15 00:00:05,314][flwr][INFO] - fit progress: (54, 141.9949192404747, {'accuracy': 0.664}, 53.51426891700248)
[2026-01-15 00:00:05,314][flwr][INFO] - evaluate_round 54: no clients selected, cancel
[2026-01-15 00:00:05,314][flwr][DEBUG] - fit_round 55: strategy sampled 5 clients (out of 20)
[2026-01-15 00:00:06,113][flwr][DEBUG] - fit_round 55 received 5 results and 0 failures
[2026-01-15 00:00:06,195][flwr][INFO] - fit progress: (55, 238.03313262574375, {'accuracy': 0.6645}, 54.39564929201151)
[2026-01-15 00:00:06,195][flwr][INFO] - evaluate_round 55: no clients selected, cancel
[2026-01-15 00:00:06,195][flwr][DEBUG] - fit_round 56: strategy sampled 5 clients (out of 20)
[2026-01-15 00:00:07,098][flwr][DEBUG] - fit_round 56 received 5 results and 0 failures
[2026-01-15 00:00:07,171][flwr][INFO] - fit progress: (56, 157.09212236106396, {'accuracy': 0.664}, 55.37143175001256)
[2026-01-15 00:00:07,171][flwr][INFO] - evaluate_round 56: no clients selected, cancel
[2026-01-15 00:00:07,171][flwr][DEBUG] - fit_round 57: strategy sampled 5 clients (out of 20)
[2026-01-15 00:00:08,410][flwr][DEBUG] - fit_round 57 received 5 results and 0 failures
[2026-01-15 00:00:08,488][flwr][INFO] - fit progress: (57, 191.2367793917656, {'accuracy': 0.624}, 56.68856804200914)
[2026-01-15 00:00:08,488][flwr][INFO] - evaluate_round 57: no clients selected, cancel
[2026-01-15 00:00:08,490][flwr][DEBUG] - fit_round 58: strategy sampled 5 clients (out of 20)
[2026-01-15 00:00:09,303][flwr][DEBUG] - fit_round 58 received 5 results and 0 failures
[2026-01-15 00:00:09,378][flwr][INFO] - fit progress: (58, 155.9410648494959, {'accuracy': 0.6655}, 57.578896000020904)
[2026-01-15 00:00:09,378][flwr][INFO] - evaluate_round 58: no clients selected, cancel
[2026-01-15 00:00:09,379][flwr][DEBUG] - fit_round 59: strategy sampled 5 clients (out of 20)
[2026-01-15 00:00:10,226][flwr][DEBUG] - fit_round 59 received 5 results and 0 failures
[2026-01-15 00:00:10,301][flwr][INFO] - fit progress: (59, 143.40382382273674, {'accuracy': 0.665}, 58.501572375011165)
[2026-01-15 00:00:10,301][flwr][INFO] - evaluate_round 59: no clients selected, cancel
[2026-01-15 00:00:10,301][flwr][DEBUG] - fit_round 60: strategy sampled 5 clients (out of 20)
[2026-01-15 00:00:11,172][flwr][DEBUG] - fit_round 60 received 5 results and 0 failures
[2026-01-15 00:00:11,246][flwr][INFO] - fit progress: (60, 164.6558666676283, {'accuracy': 0.639}, 59.44644195801811)
[2026-01-15 00:00:11,246][flwr][INFO] - evaluate_round 60: no clients selected, cancel
[2026-01-15 00:00:11,246][flwr][DEBUG] - fit_round 61: strategy sampled 5 clients (out of 20)
[2026-01-15 00:00:12,127][flwr][DEBUG] - fit_round 61 received 5 results and 0 failures
[2026-01-15 00:00:12,199][flwr][INFO] - fit progress: (61, 148.48509957641363, {'accuracy': 0.665}, 60.40023116700468)
[2026-01-15 00:00:12,200][flwr][INFO] - evaluate_round 61: no clients selected, cancel
[2026-01-15 00:00:12,200][flwr][DEBUG] - fit_round 62: strategy sampled 5 clients (out of 20)
[2026-01-15 00:00:13,075][flwr][DEBUG] - fit_round 62 received 5 results and 0 failures
[2026-01-15 00:00:13,150][flwr][INFO] - fit progress: (62, 135.5662685930729, {'accuracy': 0.664}, 61.350986750010634)
[2026-01-15 00:00:13,150][flwr][INFO] - evaluate_round 62: no clients selected, cancel
[2026-01-15 00:00:13,151][flwr][DEBUG] - fit_round 63: strategy sampled 5 clients (out of 20)
[2026-01-15 00:00:13,941][flwr][DEBUG] - fit_round 63 received 5 results and 0 failures
[2026-01-15 00:00:14,015][flwr][INFO] - fit progress: (63, 223.4748274087906, {'accuracy': 0.6655}, 62.21567316702567)
[2026-01-15 00:00:14,015][flwr][INFO] - evaluate_round 63: no clients selected, cancel
[2026-01-15 00:00:14,015][flwr][DEBUG] - fit_round 64: strategy sampled 5 clients (out of 20)
[2026-01-15 00:00:14,877][flwr][DEBUG] - fit_round 64 received 5 results and 0 failures
[2026-01-15 00:00:14,950][flwr][INFO] - fit progress: (64, 138.28992460668087, {'accuracy': 0.664}, 63.151097125024535)
[2026-01-15 00:00:14,950][flwr][INFO] - evaluate_round 64: no clients selected, cancel
[2026-01-15 00:00:14,951][flwr][DEBUG] - fit_round 65: strategy sampled 5 clients (out of 20)
[2026-01-15 00:00:15,706][flwr][DEBUG] - fit_round 65 received 5 results and 0 failures
[2026-01-15 00:00:15,783][flwr][INFO] - fit progress: (65, 171.51013808697462, {'accuracy': 0.665}, 63.98400075000245)
[2026-01-15 00:00:15,783][flwr][INFO] - evaluate_round 65: no clients selected, cancel
[2026-01-15 00:00:15,784][flwr][DEBUG] - fit_round 66: strategy sampled 5 clients (out of 20)
[2026-01-15 00:00:16,641][flwr][DEBUG] - fit_round 66 received 5 results and 0 failures
[2026-01-15 00:00:17,023][flwr][INFO] - fit progress: (66, 143.31702901422977, {'accuracy': 0.639}, 65.22402016702108)
[2026-01-15 00:00:17,023][flwr][INFO] - evaluate_round 66: no clients selected, cancel
[2026-01-15 00:00:17,024][flwr][DEBUG] - fit_round 67: strategy sampled 5 clients (out of 20)
[2026-01-15 00:00:17,938][flwr][DEBUG] - fit_round 67 received 5 results and 0 failures
[2026-01-15 00:00:18,017][flwr][INFO] - fit progress: (67, 136.44404853880405, {'accuracy': 0.6375}, 66.21776366702397)
[2026-01-15 00:00:18,017][flwr][INFO] - evaluate_round 67: no clients selected, cancel
[2026-01-15 00:00:18,017][flwr][DEBUG] - fit_round 68: strategy sampled 5 clients (out of 20)
[2026-01-15 00:00:18,990][flwr][DEBUG] - fit_round 68 received 5 results and 0 failures
[2026-01-15 00:00:19,065][flwr][INFO] - fit progress: (68, 150.61529522389174, {'accuracy': 0.6395}, 67.2659360000107)
[2026-01-15 00:00:19,065][flwr][INFO] - evaluate_round 68: no clients selected, cancel
[2026-01-15 00:00:19,066][flwr][DEBUG] - fit_round 69: strategy sampled 5 clients (out of 20)
[2026-01-15 00:00:20,008][flwr][DEBUG] - fit_round 69 received 5 results and 0 failures
[2026-01-15 00:00:20,083][flwr][INFO] - fit progress: (69, 159.54515536874533, {'accuracy': 0.664}, 68.28405429201666)
[2026-01-15 00:00:20,083][flwr][INFO] - evaluate_round 69: no clients selected, cancel
[2026-01-15 00:00:20,084][flwr][DEBUG] - fit_round 70: strategy sampled 5 clients (out of 20)
[2026-01-15 00:00:20,777][flwr][DEBUG] - fit_round 70 received 5 results and 0 failures
[2026-01-15 00:00:20,857][flwr][INFO] - fit progress: (70, 345.97612655721605, {'accuracy': 0.665}, 69.05800925000221)
[2026-01-15 00:00:20,858][flwr][INFO] - evaluate_round 70: no clients selected, cancel
[2026-01-15 00:00:20,858][flwr][DEBUG] - fit_round 71: strategy sampled 5 clients (out of 20)
[2026-01-15 00:00:21,639][flwr][DEBUG] - fit_round 71 received 5 results and 0 failures
[2026-01-15 00:00:21,727][flwr][INFO] - fit progress: (71, 207.74343534186482, {'accuracy': 0.6655}, 69.92823970800964)
[2026-01-15 00:00:21,728][flwr][INFO] - evaluate_round 71: no clients selected, cancel
[2026-01-15 00:00:21,728][flwr][DEBUG] - fit_round 72: strategy sampled 5 clients (out of 20)
[2026-01-15 00:00:22,508][flwr][DEBUG] - fit_round 72 received 5 results and 0 failures
[2026-01-15 00:00:22,583][flwr][INFO] - fit progress: (72, 206.53409156948328, {'accuracy': 0.6655}, 70.78387800001656)
[2026-01-15 00:00:22,583][flwr][INFO] - evaluate_round 72: no clients selected, cancel
[2026-01-15 00:00:22,584][flwr][DEBUG] - fit_round 73: strategy sampled 5 clients (out of 20)
[2026-01-15 00:00:23,470][flwr][DEBUG] - fit_round 73 received 5 results and 0 failures
[2026-01-15 00:00:23,544][flwr][INFO] - fit progress: (73, 191.2141853272915, {'accuracy': 0.6075}, 71.74485204200028)
[2026-01-15 00:00:23,544][flwr][INFO] - evaluate_round 73: no clients selected, cancel
[2026-01-15 00:00:23,545][flwr][DEBUG] - fit_round 74: strategy sampled 5 clients (out of 20)
[2026-01-15 00:00:24,456][flwr][DEBUG] - fit_round 74 received 5 results and 0 failures
[2026-01-15 00:00:24,528][flwr][INFO] - fit progress: (74, 136.48871977627277, {'accuracy': 0.6425}, 72.72863691701787)
[2026-01-15 00:00:24,528][flwr][INFO] - evaluate_round 74: no clients selected, cancel
[2026-01-15 00:00:24,528][flwr][DEBUG] - fit_round 75: strategy sampled 5 clients (out of 20)
[2026-01-15 00:00:25,350][flwr][DEBUG] - fit_round 75 received 5 results and 0 failures
[2026-01-15 00:00:25,772][flwr][INFO] - fit progress: (75, 165.0650827139616, {'accuracy': 0.665}, 73.97244383301586)
[2026-01-15 00:00:25,772][flwr][INFO] - evaluate_round 75: no clients selected, cancel
[2026-01-15 00:00:25,772][flwr][DEBUG] - fit_round 76: strategy sampled 5 clients (out of 20)
[2026-01-15 00:00:26,562][flwr][DEBUG] - fit_round 76 received 5 results and 0 failures
[2026-01-15 00:00:26,639][flwr][INFO] - fit progress: (76, 283.8143768841401, {'accuracy': 0.6665}, 74.83994720800547)
[2026-01-15 00:00:26,639][flwr][INFO] - evaluate_round 76: no clients selected, cancel
[2026-01-15 00:00:26,640][flwr][DEBUG] - fit_round 77: strategy sampled 5 clients (out of 20)
[2026-01-15 00:00:27,801][flwr][DEBUG] - fit_round 77 received 5 results and 0 failures
[2026-01-15 00:00:27,880][flwr][INFO] - fit progress: (77, 328.362490683794, {'accuracy': 0.632}, 76.08090420800727)
[2026-01-15 00:00:27,880][flwr][INFO] - evaluate_round 77: no clients selected, cancel
[2026-01-15 00:00:27,881][flwr][DEBUG] - fit_round 78: strategy sampled 5 clients (out of 20)
[2026-01-15 00:00:28,828][flwr][DEBUG] - fit_round 78 received 5 results and 0 failures
[2026-01-15 00:00:28,903][flwr][INFO] - fit progress: (78, 139.0343665331602, {'accuracy': 0.6395}, 77.10374691701145)
[2026-01-15 00:00:28,903][flwr][INFO] - evaluate_round 78: no clients selected, cancel
[2026-01-15 00:00:28,903][flwr][DEBUG] - fit_round 79: strategy sampled 5 clients (out of 20)
[2026-01-15 00:00:29,752][flwr][DEBUG] - fit_round 79 received 5 results and 0 failures
[2026-01-15 00:00:29,831][flwr][INFO] - fit progress: (79, 148.57612308859825, {'accuracy': 0.6385}, 78.03143158301827)
[2026-01-15 00:00:29,831][flwr][INFO] - evaluate_round 79: no clients selected, cancel
[2026-01-15 00:00:29,832][flwr][DEBUG] - fit_round 80: strategy sampled 5 clients (out of 20)
[2026-01-15 00:00:30,673][flwr][DEBUG] - fit_round 80 received 5 results and 0 failures
[2026-01-15 00:00:30,750][flwr][INFO] - fit progress: (80, 175.28782936930656, {'accuracy': 0.639}, 78.95053737499984)
[2026-01-15 00:00:30,750][flwr][INFO] - evaluate_round 80: no clients selected, cancel
[2026-01-15 00:00:30,750][flwr][DEBUG] - fit_round 81: strategy sampled 5 clients (out of 20)
[2026-01-15 00:00:31,565][flwr][DEBUG] - fit_round 81 received 5 results and 0 failures
[2026-01-15 00:00:31,639][flwr][INFO] - fit progress: (81, 157.5001132041216, {'accuracy': 0.665}, 79.84015070801252)
[2026-01-15 00:00:31,640][flwr][INFO] - evaluate_round 81: no clients selected, cancel
[2026-01-15 00:00:31,640][flwr][DEBUG] - fit_round 82: strategy sampled 5 clients (out of 20)
[2026-01-15 00:00:32,558][flwr][DEBUG] - fit_round 82 received 5 results and 0 failures
[2026-01-15 00:00:32,639][flwr][INFO] - fit progress: (82, 150.2486903294921, {'accuracy': 0.639}, 80.83996179202222)
[2026-01-15 00:00:32,639][flwr][INFO] - evaluate_round 82: no clients selected, cancel
[2026-01-15 00:00:32,640][flwr][DEBUG] - fit_round 83: strategy sampled 5 clients (out of 20)
[2026-01-15 00:00:33,488][flwr][DEBUG] - fit_round 83 received 5 results and 0 failures
[2026-01-15 00:00:33,561][flwr][INFO] - fit progress: (83, 168.1483279839158, {'accuracy': 0.6665}, 81.76143154202146)
[2026-01-15 00:00:33,561][flwr][INFO] - evaluate_round 83: no clients selected, cancel
[2026-01-15 00:00:33,561][flwr][DEBUG] - fit_round 84: strategy sampled 5 clients (out of 20)
[2026-01-15 00:00:34,363][flwr][DEBUG] - fit_round 84 received 5 results and 0 failures
[2026-01-15 00:00:34,436][flwr][INFO] - fit progress: (84, 145.94191470742226, {'accuracy': 0.643}, 82.63684733302216)
[2026-01-15 00:00:34,436][flwr][INFO] - evaluate_round 84: no clients selected, cancel
[2026-01-15 00:00:34,437][flwr][DEBUG] - fit_round 85: strategy sampled 5 clients (out of 20)
[2026-01-15 00:00:35,238][flwr][DEBUG] - fit_round 85 received 5 results and 0 failures
[2026-01-15 00:00:35,310][flwr][INFO] - fit progress: (85, 165.86814446747303, {'accuracy': 0.666}, 83.51098908300628)
[2026-01-15 00:00:35,310][flwr][INFO] - evaluate_round 85: no clients selected, cancel
[2026-01-15 00:00:35,311][flwr][DEBUG] - fit_round 86: strategy sampled 5 clients (out of 20)
[2026-01-15 00:00:36,167][flwr][DEBUG] - fit_round 86 received 5 results and 0 failures
[2026-01-15 00:00:36,242][flwr][INFO] - fit progress: (86, 141.40001770853996, {'accuracy': 0.639}, 84.44246645801468)
[2026-01-15 00:00:36,242][flwr][INFO] - evaluate_round 86: no clients selected, cancel
[2026-01-15 00:00:36,242][flwr][DEBUG] - fit_round 87: strategy sampled 5 clients (out of 20)
[2026-01-15 00:00:37,188][flwr][DEBUG] - fit_round 87 received 5 results and 0 failures
[2026-01-15 00:00:37,259][flwr][INFO] - fit progress: (87, 150.5225483700633, {'accuracy': 0.6645}, 85.45961766701657)
[2026-01-15 00:00:37,259][flwr][INFO] - evaluate_round 87: no clients selected, cancel
[2026-01-15 00:00:37,259][flwr][DEBUG] - fit_round 88: strategy sampled 5 clients (out of 20)
[2026-01-15 00:00:38,172][flwr][DEBUG] - fit_round 88 received 5 results and 0 failures
[2026-01-15 00:00:38,244][flwr][INFO] - fit progress: (88, 153.2706465870142, {'accuracy': 0.638}, 86.44435504201101)
[2026-01-15 00:00:38,244][flwr][INFO] - evaluate_round 88: no clients selected, cancel
[2026-01-15 00:00:38,244][flwr][DEBUG] - fit_round 89: strategy sampled 5 clients (out of 20)
[2026-01-15 00:00:39,116][flwr][DEBUG] - fit_round 89 received 5 results and 0 failures
[2026-01-15 00:00:39,188][flwr][INFO] - fit progress: (89, 141.28064733743668, {'accuracy': 0.664}, 87.38897137501044)
[2026-01-15 00:00:39,188][flwr][INFO] - evaluate_round 89: no clients selected, cancel
[2026-01-15 00:00:39,189][flwr][DEBUG] - fit_round 90: strategy sampled 5 clients (out of 20)
[2026-01-15 00:00:40,053][flwr][DEBUG] - fit_round 90 received 5 results and 0 failures
[2026-01-15 00:00:40,128][flwr][INFO] - fit progress: (90, 147.4670746177435, {'accuracy': 0.639}, 88.3288531670114)
[2026-01-15 00:00:40,128][flwr][INFO] - evaluate_round 90: no clients selected, cancel
[2026-01-15 00:00:40,129][flwr][DEBUG] - fit_round 91: strategy sampled 5 clients (out of 20)
[2026-01-15 00:00:41,018][flwr][DEBUG] - fit_round 91 received 5 results and 0 failures
[2026-01-15 00:00:41,090][flwr][INFO] - fit progress: (91, 139.12219434976578, {'accuracy': 0.6385}, 89.29052404200775)
[2026-01-15 00:00:41,090][flwr][INFO] - evaluate_round 91: no clients selected, cancel
[2026-01-15 00:00:41,090][flwr][DEBUG] - fit_round 92: strategy sampled 5 clients (out of 20)
[2026-01-15 00:00:41,905][flwr][DEBUG] - fit_round 92 received 5 results and 0 failures
[2026-01-15 00:00:41,978][flwr][INFO] - fit progress: (92, 135.88976642489433, {'accuracy': 0.662}, 90.17847354200785)
[2026-01-15 00:00:41,978][flwr][INFO] - evaluate_round 92: no clients selected, cancel
[2026-01-15 00:00:41,978][flwr][DEBUG] - fit_round 93: strategy sampled 5 clients (out of 20)
[2026-01-15 00:00:42,712][flwr][DEBUG] - fit_round 93 received 5 results and 0 failures
[2026-01-15 00:00:42,795][flwr][INFO] - fit progress: (93, 226.83480350859463, {'accuracy': 0.666}, 90.99553550002747)
[2026-01-15 00:00:42,795][flwr][INFO] - evaluate_round 93: no clients selected, cancel
[2026-01-15 00:00:42,795][flwr][DEBUG] - fit_round 94: strategy sampled 5 clients (out of 20)
[2026-01-15 00:00:43,624][flwr][DEBUG] - fit_round 94 received 5 results and 0 failures
[2026-01-15 00:00:43,696][flwr][INFO] - fit progress: (94, 211.1053277924657, {'accuracy': 0.64}, 91.89690770802554)
[2026-01-15 00:00:43,696][flwr][INFO] - evaluate_round 94: no clients selected, cancel
[2026-01-15 00:00:43,697][flwr][DEBUG] - fit_round 95: strategy sampled 5 clients (out of 20)
[2026-01-15 00:00:44,525][flwr][DEBUG] - fit_round 95 received 5 results and 0 failures
[2026-01-15 00:00:44,598][flwr][INFO] - fit progress: (95, 141.31547094881535, {'accuracy': 0.64}, 92.79903829202522)
[2026-01-15 00:00:44,599][flwr][INFO] - evaluate_round 95: no clients selected, cancel
[2026-01-15 00:00:44,599][flwr][DEBUG] - fit_round 96: strategy sampled 5 clients (out of 20)
[2026-01-15 00:00:45,474][flwr][DEBUG] - fit_round 96 received 5 results and 0 failures
[2026-01-15 00:00:45,547][flwr][INFO] - fit progress: (96, 149.69772839546204, {'accuracy': 0.666}, 93.74741716700373)
[2026-01-15 00:00:45,547][flwr][INFO] - evaluate_round 96: no clients selected, cancel
[2026-01-15 00:00:45,547][flwr][DEBUG] - fit_round 97: strategy sampled 5 clients (out of 20)
[2026-01-15 00:00:46,326][flwr][DEBUG] - fit_round 97 received 5 results and 0 failures
[2026-01-15 00:00:46,398][flwr][INFO] - fit progress: (97, 158.68983867764473, {'accuracy': 0.666}, 94.5989259580092)
[2026-01-15 00:00:46,398][flwr][INFO] - evaluate_round 97: no clients selected, cancel
[2026-01-15 00:00:46,399][flwr][DEBUG] - fit_round 98: strategy sampled 5 clients (out of 20)
[2026-01-15 00:00:47,464][flwr][DEBUG] - fit_round 98 received 5 results and 0 failures
[2026-01-15 00:00:47,539][flwr][INFO] - fit progress: (98, 178.90639531984925, {'accuracy': 0.666}, 95.74004191701533)
[2026-01-15 00:00:47,539][flwr][INFO] - evaluate_round 98: no clients selected, cancel
[2026-01-15 00:00:47,540][flwr][DEBUG] - fit_round 99: strategy sampled 5 clients (out of 20)
[2026-01-15 00:00:48,338][flwr][DEBUG] - fit_round 99 received 5 results and 0 failures
[2026-01-15 00:00:48,413][flwr][INFO] - fit progress: (99, 158.6030112504959, {'accuracy': 0.666}, 96.61342862501624)
[2026-01-15 00:00:48,413][flwr][INFO] - evaluate_round 99: no clients selected, cancel
[2026-01-15 00:00:48,413][flwr][DEBUG] - fit_round 100: strategy sampled 5 clients (out of 20)
[2026-01-15 00:00:49,309][flwr][DEBUG] - fit_round 100 received 5 results and 0 failures
[2026-01-15 00:00:49,381][flwr][INFO] - fit progress: (100, 169.5576466023922, {'accuracy': 0.638}, 97.58219579202705)
[2026-01-15 00:00:49,382][flwr][INFO] - evaluate_round 100: no clients selected, cancel
[2026-01-15 00:00:49,382][flwr][INFO] - FL finished in 97.58241179201286
[2026-01-15 00:00:49,382][flwr][INFO] - app_fit: losses_distributed []
[2026-01-15 00:00:49,384][flwr][INFO] - app_fit: metrics_distributed_fit {'c_global_norm': [(1, 0.2194408352420525), (2, 0.15552896941746117), (3, 0.10710743740490775), (4, 0.09198487559242348), (5, 0.09344665345221062), (6, 0.0812216847054798), (7, 0.07096986261038918), (8, 0.047607020907899), (9, 0.04517799328166265), (10, 0.038889087616068636), (11, 0.06817821640619671), (12, 0.050937580658741814), (13, 0.04031977750741165), (14, 0.042528767658721114), (15, 0.04035842156396899), (16, 0.03594046618677709), (17, 0.049615519953814066), (18, 0.0329865761506214), (19, 0.03219905262667846), (20, 0.03681744904119482), (21, 0.03202470048812333), (22, 0.027531425103784354), (23, 0.03116963890814286), (24, 0.02459384706424385), (25, 0.023824926324721565), (26, 0.023064291511925992), (27, 0.0412636908251727), (28, 0.033633042135758594), (29, 0.025245079871382886), (30, 0.03486271481976963), (31, 0.03281430610684757), (32, 0.027096754546313787), (33, 0.023443642664407162), (34, 0.02745480735716768), (35, 0.025235066208618286), (36, 0.02460461742012812), (37, 0.020703388492954854), (38, 0.026907003413011887), (39, 0.02029763926591798), (40, 0.024976169829143836), (41, 0.026273292753826546), (42, 0.028578947465518194), (43, 0.016954572892239044), (44, 0.01800109785962907), (45, 0.026136167074140973), (46, 0.020075316870966118), (47, 0.020902413837336136), (48, 0.018158655312303658), (49, 0.02057558255557305), (50, 0.022642155714269536), (51, 0.0202744833360488), (52, 0.017150361684129884), (53, 0.019091023772675925), (54, 0.023450598602902103), (55, 0.025993948576436707), (56, 0.023771206151957765), (57, 0.022467796488127224), (58, 0.027540070771529066), (59, 0.018398042492440512), (60, 0.026498903677244515), (61, 0.025713575502755798), (62, 0.022247075598901996), (63, 0.02710557439859889), (64, 0.0177565716846703), (65, 0.01875089573502474), (66, 0.0214380326065884), (67, 0.016710396244975972), (68, 0.023632022675902257), (69, 0.035884541322010695), (70, 0.055153014998413775), (71, 0.053857803715184296), (72, 0.07138178420544973), (73, 0.11214580164074704), (74, 0.04630999490004901), (75, 0.1137063721117344), (76, 0.11305556750308669), (77, 0.04752735678472027), (78, 0.042685372057536794), (79, 0.029981647073782484), (80, 0.03226571404862616), (81, 0.07408939577399737), (82, 0.053814273360758336), (83, 0.050356277524047754), (84, 0.03659526605763306), (85, 0.054871939349395014), (86, 0.04313776335709938), (87, 0.0537525390377563), (88, 0.048410126503732186), (89, 0.03665563564283278), (90, 0.030085965757827345), (91, 0.04865229927124262), (92, 0.045920580396055406), (93, 0.05191750560597226), (94, 0.039188699002739726), (95, 0.031568757696813145), (96, 0.046385182564345824), (97, 0.03197419884626023), (98, 0.036867380893856494), (99, 0.031909186563538625), (100, 0.040205477681541354)], 'num_clients': [(1, 5), (2, 5), (3, 5), (4, 5), (5, 5), (6, 5), (7, 5), (8, 5), (9, 5), (10, 5), (11, 5), (12, 5), (13, 5), (14, 5), (15, 5), (16, 5), (17, 5), (18, 5), (19, 5), (20, 5), (21, 5), (22, 5), (23, 5), (24, 5), (25, 5), (26, 5), (27, 5), (28, 5), (29, 5), (30, 5), (31, 5), (32, 5), (33, 5), (34, 5), (35, 5), (36, 5), (37, 5), (38, 5), (39, 5), (40, 5), (41, 5), (42, 5), (43, 5), (44, 5), (45, 5), (46, 5), (47, 5), (48, 5), (49, 5), (50, 5), (51, 5), (52, 5), (53, 5), (54, 5), (55, 5), (56, 5), (57, 5), (58, 5), (59, 5), (60, 5), (61, 5), (62, 5), (63, 5), (64, 5), (65, 5), (66, 5), (67, 5), (68, 5), (69, 5), (70, 5), (71, 5), (72, 5), (73, 5), (74, 5), (75, 5), (76, 5), (77, 5), (78, 5), (79, 5), (80, 5), (81, 5), (82, 5), (83, 5), (84, 5), (85, 5), (86, 5), (87, 5), (88, 5), (89, 5), (90, 5), (91, 5), (92, 5), (93, 5), (94, 5), (95, 5), (96, 5), (97, 5), (98, 5), (99, 5), (100, 5)]}
[2026-01-15 00:00:49,384][flwr][INFO] - app_fit: metrics_distributed {}
[2026-01-15 00:00:49,384][flwr][INFO] - app_fit: losses_centralized [(0, 275.8148798942566), (1, 218.19127924740314), (2, 267.0803211852908), (3, 217.70181120932102), (4, 157.09111113101244), (5, 273.0291877165437), (6, 168.60428814589977), (7, 194.4625326693058), (8, 150.27997341752052), (9, 148.3265755623579), (10, 160.5830353051424), (11, 275.0689251963049), (12, 155.40418401360512), (13, 152.31076776236296), (14, 170.97006276249886), (15, 138.145321726799), (16, 155.8385646045208), (17, 261.3126620911062), (18, 185.95650742948055), (19, 153.94563291966915), (20, 181.60385648161173), (21, 200.28901901096106), (22, 148.39007479697466), (23, 282.4240962564945), (24, 170.45609825849533), (25, 139.52180489897728), (26, 168.36690509319305), (27, 174.73988682031631), (28, 150.4247081130743), (29, 184.30101892352104), (30, 153.88443659245968), (31, 229.92276790738106), (32, 165.61751395463943), (33, 173.45336942374706), (34, 166.2498514726758), (35, 189.96425507962704), (36, 145.39668095111847), (37, 139.54508811235428), (38, 158.22558251023293), (39, 189.81054960936308), (40, 166.11155983060598), (41, 238.62172155082226), (42, 138.07085455954075), (43, 139.30577892065048), (44, 144.14495992660522), (45, 254.18335486203432), (46, 155.96085900068283), (47, 167.90512637794018), (48, 147.10079266130924), (49, 137.61697936058044), (50, 206.4047392308712), (51, 137.98169073462486), (52, 139.97266887128353), (53, 164.06346605718136), (54, 141.9949192404747), (55, 238.03313262574375), (56, 157.09212236106396), (57, 191.2367793917656), (58, 155.9410648494959), (59, 143.40382382273674), (60, 164.6558666676283), (61, 148.48509957641363), (62, 135.5662685930729), (63, 223.4748274087906), (64, 138.28992460668087), (65, 171.51013808697462), (66, 143.31702901422977), (67, 136.44404853880405), (68, 150.61529522389174), (69, 159.54515536874533), (70, 345.97612655721605), (71, 207.74343534186482), (72, 206.53409156948328), (73, 191.2141853272915), (74, 136.48871977627277), (75, 165.0650827139616), (76, 283.8143768841401), (77, 328.362490683794), (78, 139.0343665331602), (79, 148.57612308859825), (80, 175.28782936930656), (81, 157.5001132041216), (82, 150.2486903294921), (83, 168.1483279839158), (84, 145.94191470742226), (85, 165.86814446747303), (86, 141.40001770853996), (87, 150.5225483700633), (88, 153.2706465870142), (89, 141.28064733743668), (90, 147.4670746177435), (91, 139.12219434976578), (92, 135.88976642489433), (93, 226.83480350859463), (94, 211.1053277924657), (95, 141.31547094881535), (96, 149.69772839546204), (97, 158.68983867764473), (98, 178.90639531984925), (99, 158.6030112504959), (100, 169.5576466023922)]
[2026-01-15 00:00:49,385][flwr][INFO] - app_fit: metrics_centralized {'accuracy': [(0, 0.3415), (1, 0.6515), (2, 0.6055), (3, 0.5625), (4, 0.613), (5, 0.6455), (6, 0.622), (7, 0.625), (8, 0.6505), (9, 0.6585), (10, 0.634), (11, 0.6615), (12, 0.6355), (13, 0.6615), (14, 0.6335), (15, 0.656), (16, 0.634), (17, 0.6625), (18, 0.6625), (19, 0.637), (20, 0.6625), (21, 0.663), (22, 0.6635), (23, 0.461), (24, 0.635), (25, 0.6365), (26, 0.6375), (27, 0.664), (28, 0.666), (29, 0.624), (30, 0.6385), (31, 0.6635), (32, 0.664), (33, 0.6395), (34, 0.663), (35, 0.6655), (36, 0.6405), (37, 0.639), (38, 0.6645), (39, 0.666), (40, 0.664), (41, 0.6345), (42, 0.663), (43, 0.6385), (44, 0.662), (45, 0.6635), (46, 0.664), (47, 0.6645), (48, 0.6645), (49, 0.6395), (50, 0.6245), (51, 0.638), (52, 0.665), (53, 0.639), (54, 0.664), (55, 0.6645), (56, 0.664), (57, 0.624), (58, 0.6655), (59, 0.665), (60, 0.639), (61, 0.665), (62, 0.664), (63, 0.6655), (64, 0.664), (65, 0.665), (66, 0.639), (67, 0.6375), (68, 0.6395), (69, 0.664), (70, 0.665), (71, 0.6655), (72, 0.6655), (73, 0.6075), (74, 0.6425), (75, 0.665), (76, 0.6665), (77, 0.632), (78, 0.6395), (79, 0.6385), (80, 0.639), (81, 0.665), (82, 0.639), (83, 0.6665), (84, 0.643), (85, 0.666), (86, 0.639), (87, 0.6645), (88, 0.638), (89, 0.664), (90, 0.639), (91, 0.6385), (92, 0.662), (93, 0.666), (94, 0.64), (95, 0.64), (96, 0.666), (97, 0.666), (98, 0.666), (99, 0.666), (100, 0.638)]}
[2026-01-15 00:00:49,436][flwr][INFO] - Starting Flower simulation, config: ServerConfig(num_rounds=100, round_timeout=None)
[2026-01-15 00:00:57,376][flwr][INFO] - Flower VCE: Ray initialized with resources: {'memory': 12257323418.0, 'node:127.0.0.1': 1.0, 'object_store_memory': 2147483648.0, 'CPU': 10.0}
[2026-01-15 00:00:57,377][flwr][INFO] - Initializing global parameters
[2026-01-15 00:00:57,377][flwr][INFO] - Using initial parameters provided by strategy
[2026-01-15 00:00:57,377][flwr][INFO] - Evaluating initial parameters
[2026-01-15 00:00:57,448][flwr][INFO] - initial parameters (loss, other metrics): 275.8148798942566, {'accuracy': 0.3415}
[2026-01-15 00:00:57,448][flwr][INFO] - FL starting
[2026-01-15 00:00:57,450][flwr][DEBUG] - fit_round 1: strategy sampled 5 clients (out of 20)
[2026-01-15 00:01:02,350][flwr][DEBUG] - fit_round 1 received 5 results and 0 failures
[2026-01-15 00:01:02,424][flwr][INFO] - fit progress: (1, 260.4771237671375, {'accuracy': 0.6395}, 4.9764741659746505)
[2026-01-15 00:01:02,425][flwr][INFO] - evaluate_round 1: no clients selected, cancel
[2026-01-15 00:01:02,425][flwr][DEBUG] - fit_round 2: strategy sampled 5 clients (out of 20)
[2026-01-15 00:01:03,521][flwr][DEBUG] - fit_round 2 received 5 results and 0 failures
[2026-01-15 00:01:03,593][flwr][INFO] - fit progress: (2, 184.45814508199692, {'accuracy': 0.6325}, 6.145500957994955)
[2026-01-15 00:01:03,594][flwr][INFO] - evaluate_round 2: no clients selected, cancel
[2026-01-15 00:01:03,594][flwr][DEBUG] - fit_round 3: strategy sampled 5 clients (out of 20)
[2026-01-15 00:01:04,697][flwr][DEBUG] - fit_round 3 received 5 results and 0 failures
[2026-01-15 00:01:04,775][flwr][INFO] - fit progress: (3, 185.3887477144599, {'accuracy': 0.615}, 7.326936165976804)
[2026-01-15 00:01:04,775][flwr][INFO] - evaluate_round 3: no clients selected, cancel
[2026-01-15 00:01:04,775][flwr][DEBUG] - fit_round 4: strategy sampled 5 clients (out of 20)
[2026-01-15 00:01:05,892][flwr][DEBUG] - fit_round 4 received 5 results and 0 failures
[2026-01-15 00:01:05,967][flwr][INFO] - fit progress: (4, 199.47964273765683, {'accuracy': 0.652}, 8.518717957980698)
[2026-01-15 00:01:05,967][flwr][INFO] - evaluate_round 4: no clients selected, cancel
[2026-01-15 00:01:05,967][flwr][DEBUG] - fit_round 5: strategy sampled 5 clients (out of 20)
[2026-01-15 00:01:07,004][flwr][DEBUG] - fit_round 5 received 5 results and 0 failures
[2026-01-15 00:01:07,077][flwr][INFO] - fit progress: (5, 174.67068986594677, {'accuracy': 0.6605}, 9.629341082996689)
[2026-01-15 00:01:07,077][flwr][INFO] - evaluate_round 5: no clients selected, cancel
[2026-01-15 00:01:07,078][flwr][DEBUG] - fit_round 6: strategy sampled 5 clients (out of 20)
[2026-01-15 00:01:08,432][flwr][DEBUG] - fit_round 6 received 5 results and 0 failures
[2026-01-15 00:01:08,516][flwr][INFO] - fit progress: (6, 164.50032605230808, {'accuracy': 0.631}, 11.067635582992807)
[2026-01-15 00:01:08,516][flwr][INFO] - evaluate_round 6: no clients selected, cancel
[2026-01-15 00:01:08,516][flwr][DEBUG] - fit_round 7: strategy sampled 5 clients (out of 20)
[2026-01-15 00:01:09,487][flwr][DEBUG] - fit_round 7 received 5 results and 0 failures
[2026-01-15 00:01:09,560][flwr][INFO] - fit progress: (7, 225.53337835520506, {'accuracy': 0.6585}, 12.111942249990534)
[2026-01-15 00:01:09,560][flwr][INFO] - evaluate_round 7: no clients selected, cancel
[2026-01-15 00:01:09,560][flwr][DEBUG] - fit_round 8: strategy sampled 5 clients (out of 20)
[2026-01-15 00:01:10,656][flwr][DEBUG] - fit_round 8 received 5 results and 0 failures
[2026-01-15 00:01:10,730][flwr][INFO] - fit progress: (8, 139.55604226887226, {'accuracy': 0.6505}, 13.282588000001851)
[2026-01-15 00:01:10,731][flwr][INFO] - evaluate_round 8: no clients selected, cancel
[2026-01-15 00:01:10,731][flwr][DEBUG] - fit_round 9: strategy sampled 5 clients (out of 20)
[2026-01-15 00:01:11,715][flwr][DEBUG] - fit_round 9 received 5 results and 0 failures
[2026-01-15 00:01:11,791][flwr][INFO] - fit progress: (9, 242.00863183662295, {'accuracy': 0.6595}, 14.343151124980068)
[2026-01-15 00:01:11,791][flwr][INFO] - evaluate_round 9: no clients selected, cancel
[2026-01-15 00:01:11,792][flwr][DEBUG] - fit_round 10: strategy sampled 5 clients (out of 20)
[2026-01-15 00:01:12,776][flwr][DEBUG] - fit_round 10 received 5 results and 0 failures
[2026-01-15 00:01:12,850][flwr][INFO] - fit progress: (10, 302.2425956260413, {'accuracy': 0.6595}, 15.401604540995322)
[2026-01-15 00:01:12,850][flwr][INFO] - evaluate_round 10: no clients selected, cancel
[2026-01-15 00:01:12,850][flwr][DEBUG] - fit_round 11: strategy sampled 5 clients (out of 20)
[2026-01-15 00:01:13,936][flwr][DEBUG] - fit_round 11 received 5 results and 0 failures
[2026-01-15 00:01:14,011][flwr][INFO] - fit progress: (11, 142.16859249025583, {'accuracy': 0.6365}, 16.562847957975464)
[2026-01-15 00:01:14,011][flwr][INFO] - evaluate_round 11: no clients selected, cancel
[2026-01-15 00:01:14,011][flwr][DEBUG] - fit_round 12: strategy sampled 5 clients (out of 20)
[2026-01-15 00:01:14,977][flwr][DEBUG] - fit_round 12 received 5 results and 0 failures
[2026-01-15 00:01:15,051][flwr][INFO] - fit progress: (12, 264.7093669362366, {'accuracy': 0.664}, 17.603553875000216)
[2026-01-15 00:01:15,052][flwr][INFO] - evaluate_round 12: no clients selected, cancel
[2026-01-15 00:01:15,052][flwr][DEBUG] - fit_round 13: strategy sampled 5 clients (out of 20)
[2026-01-15 00:01:16,145][flwr][DEBUG] - fit_round 13 received 5 results and 0 failures
[2026-01-15 00:01:16,217][flwr][INFO] - fit progress: (13, 187.70838163793087, {'accuracy': 0.662}, 18.769034208002267)
[2026-01-15 00:01:16,217][flwr][INFO] - evaluate_round 13: no clients selected, cancel
[2026-01-15 00:01:16,217][flwr][DEBUG] - fit_round 14: strategy sampled 5 clients (out of 20)
[2026-01-15 00:01:17,303][flwr][DEBUG] - fit_round 14 received 5 results and 0 failures
[2026-01-15 00:01:17,375][flwr][INFO] - fit progress: (14, 178.94982690364122, {'accuracy': 0.6635}, 19.927131165983155)
[2026-01-15 00:01:17,375][flwr][INFO] - evaluate_round 14: no clients selected, cancel
[2026-01-15 00:01:17,375][flwr][DEBUG] - fit_round 15: strategy sampled 5 clients (out of 20)
[2026-01-15 00:01:18,466][flwr][DEBUG] - fit_round 15 received 5 results and 0 failures
[2026-01-15 00:01:18,538][flwr][INFO] - fit progress: (15, 154.5016284584999, {'accuracy': 0.6595}, 21.090448624978308)
[2026-01-15 00:01:18,539][flwr][INFO] - evaluate_round 15: no clients selected, cancel
[2026-01-15 00:01:18,539][flwr][DEBUG] - fit_round 16: strategy sampled 5 clients (out of 20)
[2026-01-15 00:01:19,539][flwr][DEBUG] - fit_round 16 received 5 results and 0 failures
[2026-01-15 00:01:19,618][flwr][INFO] - fit progress: (16, 253.4899104833603, {'accuracy': 0.6625}, 22.17036204098258)
[2026-01-15 00:01:19,618][flwr][INFO] - evaluate_round 16: no clients selected, cancel
[2026-01-15 00:01:19,619][flwr][DEBUG] - fit_round 17: strategy sampled 5 clients (out of 20)
[2026-01-15 00:01:20,898][flwr][DEBUG] - fit_round 17 received 5 results and 0 failures
[2026-01-15 00:01:20,993][flwr][INFO] - fit progress: (17, 148.9609940201044, {'accuracy': 0.6615}, 23.54465162497945)
[2026-01-15 00:01:20,993][flwr][INFO] - evaluate_round 17: no clients selected, cancel
[2026-01-15 00:01:20,993][flwr][DEBUG] - fit_round 18: strategy sampled 5 clients (out of 20)
[2026-01-15 00:01:22,069][flwr][DEBUG] - fit_round 18 received 5 results and 0 failures
[2026-01-15 00:01:22,144][flwr][INFO] - fit progress: (18, 205.1674643829465, {'accuracy': 0.6595}, 24.696184000000358)
[2026-01-15 00:01:22,144][flwr][INFO] - evaluate_round 18: no clients selected, cancel
[2026-01-15 00:01:22,145][flwr][DEBUG] - fit_round 19: strategy sampled 5 clients (out of 20)
[2026-01-15 00:01:23,427][flwr][DEBUG] - fit_round 19 received 5 results and 0 failures
[2026-01-15 00:01:23,502][flwr][INFO] - fit progress: (19, 212.5122435092926, {'accuracy': 0.626}, 26.05429312499473)
[2026-01-15 00:01:23,502][flwr][INFO] - evaluate_round 19: no clients selected, cancel
[2026-01-15 00:01:23,503][flwr][DEBUG] - fit_round 20: strategy sampled 5 clients (out of 20)
[2026-01-15 00:01:24,670][flwr][DEBUG] - fit_round 20 received 5 results and 0 failures
[2026-01-15 00:01:24,746][flwr][INFO] - fit progress: (20, 205.99301936477423, {'accuracy': 0.664}, 27.298397374979686)
[2026-01-15 00:01:24,746][flwr][INFO] - evaluate_round 20: no clients selected, cancel
[2026-01-15 00:01:24,747][flwr][DEBUG] - fit_round 21: strategy sampled 5 clients (out of 20)
[2026-01-15 00:01:25,872][flwr][DEBUG] - fit_round 21 received 5 results and 0 failures
[2026-01-15 00:01:25,948][flwr][INFO] - fit progress: (21, 137.3036535680294, {'accuracy': 0.659}, 28.500000499974703)
[2026-01-15 00:01:25,948][flwr][INFO] - evaluate_round 21: no clients selected, cancel
[2026-01-15 00:01:25,948][flwr][DEBUG] - fit_round 22: strategy sampled 5 clients (out of 20)
[2026-01-15 00:01:27,073][flwr][DEBUG] - fit_round 22 received 5 results and 0 failures
[2026-01-15 00:01:27,149][flwr][INFO] - fit progress: (22, 141.50473587214947, {'accuracy': 0.66}, 29.70090479098144)
[2026-01-15 00:01:27,149][flwr][INFO] - evaluate_round 22: no clients selected, cancel
[2026-01-15 00:01:27,149][flwr][DEBUG] - fit_round 23: strategy sampled 5 clients (out of 20)
[2026-01-15 00:01:28,195][flwr][DEBUG] - fit_round 23 received 5 results and 0 failures
[2026-01-15 00:01:28,268][flwr][INFO] - fit progress: (23, 258.2256724201143, {'accuracy': 0.6615}, 30.819905832991935)
[2026-01-15 00:01:28,268][flwr][INFO] - evaluate_round 23: no clients selected, cancel
[2026-01-15 00:01:28,268][flwr][DEBUG] - fit_round 24: strategy sampled 5 clients (out of 20)
[2026-01-15 00:01:29,273][flwr][DEBUG] - fit_round 24 received 5 results and 0 failures
[2026-01-15 00:01:29,346][flwr][INFO] - fit progress: (24, 214.1135692447424, {'accuracy': 0.665}, 31.89857429100084)
[2026-01-15 00:01:29,347][flwr][INFO] - evaluate_round 24: no clients selected, cancel
[2026-01-15 00:01:29,347][flwr][DEBUG] - fit_round 25: strategy sampled 5 clients (out of 20)
[2026-01-15 00:01:30,444][flwr][DEBUG] - fit_round 25 received 5 results and 0 failures
[2026-01-15 00:01:30,518][flwr][INFO] - fit progress: (25, 141.80776484310627, {'accuracy': 0.639}, 33.06961649999721)
[2026-01-15 00:01:30,518][flwr][INFO] - evaluate_round 25: no clients selected, cancel
[2026-01-15 00:01:30,518][flwr][DEBUG] - fit_round 26: strategy sampled 5 clients (out of 20)
[2026-01-15 00:01:31,615][flwr][DEBUG] - fit_round 26 received 5 results and 0 failures
[2026-01-15 00:01:31,689][flwr][INFO] - fit progress: (26, 144.04310458898544, {'accuracy': 0.638}, 34.240991290978855)
[2026-01-15 00:01:31,689][flwr][INFO] - evaluate_round 26: no clients selected, cancel
[2026-01-15 00:01:31,689][flwr][DEBUG] - fit_round 27: strategy sampled 5 clients (out of 20)
[2026-01-15 00:01:32,643][flwr][DEBUG] - fit_round 27 received 5 results and 0 failures
[2026-01-15 00:01:32,727][flwr][INFO] - fit progress: (27, 219.36432196572423, {'accuracy': 0.6625}, 35.27938204098609)
[2026-01-15 00:01:32,727][flwr][INFO] - evaluate_round 27: no clients selected, cancel
[2026-01-15 00:01:32,728][flwr][DEBUG] - fit_round 28: strategy sampled 5 clients (out of 20)
[2026-01-15 00:01:33,826][flwr][DEBUG] - fit_round 28 received 5 results and 0 failures
[2026-01-15 00:01:33,899][flwr][INFO] - fit progress: (28, 153.14813626557589, {'accuracy': 0.6615}, 36.45062720798887)
[2026-01-15 00:01:33,899][flwr][INFO] - evaluate_round 28: no clients selected, cancel
[2026-01-15 00:01:33,899][flwr][DEBUG] - fit_round 29: strategy sampled 5 clients (out of 20)
[2026-01-15 00:01:35,099][flwr][DEBUG] - fit_round 29 received 5 results and 0 failures
[2026-01-15 00:01:35,177][flwr][INFO] - fit progress: (29, 150.08495789021254, {'accuracy': 0.638}, 37.72859891600092)
[2026-01-15 00:01:35,177][flwr][INFO] - evaluate_round 29: no clients selected, cancel
[2026-01-15 00:01:35,177][flwr][DEBUG] - fit_round 30: strategy sampled 5 clients (out of 20)
[2026-01-15 00:01:36,298][flwr][DEBUG] - fit_round 30 received 5 results and 0 failures
[2026-01-15 00:01:36,371][flwr][INFO] - fit progress: (30, 143.38889202475548, {'accuracy': 0.6625}, 38.9230813329923)
[2026-01-15 00:01:36,371][flwr][INFO] - evaluate_round 30: no clients selected, cancel
[2026-01-15 00:01:36,371][flwr][DEBUG] - fit_round 31: strategy sampled 5 clients (out of 20)
[2026-01-15 00:01:37,489][flwr][DEBUG] - fit_round 31 received 5 results and 0 failures
[2026-01-15 00:01:37,562][flwr][INFO] - fit progress: (31, 208.6739519611001, {'accuracy': 0.6625}, 40.11364537497866)
[2026-01-15 00:01:37,562][flwr][INFO] - evaluate_round 31: no clients selected, cancel
[2026-01-15 00:01:37,562][flwr][DEBUG] - fit_round 32: strategy sampled 5 clients (out of 20)
[2026-01-15 00:01:38,623][flwr][DEBUG] - fit_round 32 received 5 results and 0 failures
[2026-01-15 00:01:38,694][flwr][INFO] - fit progress: (32, 138.5255904868245, {'accuracy': 0.662}, 41.24650824998389)
[2026-01-15 00:01:38,695][flwr][INFO] - evaluate_round 32: no clients selected, cancel
[2026-01-15 00:01:38,695][flwr][DEBUG] - fit_round 33: strategy sampled 5 clients (out of 20)
[2026-01-15 00:01:39,803][flwr][DEBUG] - fit_round 33 received 5 results and 0 failures
[2026-01-15 00:01:39,876][flwr][INFO] - fit progress: (33, 239.80314083397388, {'accuracy': 0.6345}, 42.42765345799853)
[2026-01-15 00:01:39,876][flwr][INFO] - evaluate_round 33: no clients selected, cancel
[2026-01-15 00:01:39,876][flwr][DEBUG] - fit_round 34: strategy sampled 5 clients (out of 20)
[2026-01-15 00:01:41,246][flwr][DEBUG] - fit_round 34 received 5 results and 0 failures
[2026-01-15 00:01:41,325][flwr][INFO] - fit progress: (34, 172.02593309432268, {'accuracy': 0.6625}, 43.877535165986046)
[2026-01-15 00:01:41,326][flwr][INFO] - evaluate_round 34: no clients selected, cancel
[2026-01-15 00:01:41,326][flwr][DEBUG] - fit_round 35: strategy sampled 5 clients (out of 20)
[2026-01-15 00:01:42,453][flwr][DEBUG] - fit_round 35 received 5 results and 0 failures
[2026-01-15 00:01:42,524][flwr][INFO] - fit progress: (35, 137.00278800725937, {'accuracy': 0.639}, 45.076429790991824)
[2026-01-15 00:01:42,524][flwr][INFO] - evaluate_round 35: no clients selected, cancel
[2026-01-15 00:01:42,525][flwr][DEBUG] - fit_round 36: strategy sampled 5 clients (out of 20)
[2026-01-15 00:01:43,613][flwr][DEBUG] - fit_round 36 received 5 results and 0 failures
[2026-01-15 00:01:43,685][flwr][INFO] - fit progress: (36, 149.87247943878174, {'accuracy': 0.661}, 46.237571915989975)
[2026-01-15 00:01:43,686][flwr][INFO] - evaluate_round 36: no clients selected, cancel
[2026-01-15 00:01:43,686][flwr][DEBUG] - fit_round 37: strategy sampled 5 clients (out of 20)
[2026-01-15 00:01:44,784][flwr][DEBUG] - fit_round 37 received 5 results and 0 failures
[2026-01-15 00:01:44,860][flwr][INFO] - fit progress: (37, 136.6732964962721, {'accuracy': 0.6605}, 47.41186816597474)
[2026-01-15 00:01:44,860][flwr][INFO] - evaluate_round 37: no clients selected, cancel
[2026-01-15 00:01:44,860][flwr][DEBUG] - fit_round 38: strategy sampled 5 clients (out of 20)
[2026-01-15 00:01:45,855][flwr][DEBUG] - fit_round 38 received 5 results and 0 failures
[2026-01-15 00:01:45,928][flwr][INFO] - fit progress: (38, 233.79919953271747, {'accuracy': 0.663}, 48.480113915982656)
[2026-01-15 00:01:45,928][flwr][INFO] - evaluate_round 38: no clients selected, cancel
[2026-01-15 00:01:45,928][flwr][DEBUG] - fit_round 39: strategy sampled 5 clients (out of 20)
[2026-01-15 00:01:46,959][flwr][DEBUG] - fit_round 39 received 5 results and 0 failures
[2026-01-15 00:01:47,035][flwr][INFO] - fit progress: (39, 197.3510446548462, {'accuracy': 0.662}, 49.58700962498551)
[2026-01-15 00:01:47,035][flwr][INFO] - evaluate_round 39: no clients selected, cancel
[2026-01-15 00:01:47,035][flwr][DEBUG] - fit_round 40: strategy sampled 5 clients (out of 20)
[2026-01-15 00:01:48,168][flwr][DEBUG] - fit_round 40 received 5 results and 0 failures
[2026-01-15 00:01:48,252][flwr][INFO] - fit progress: (40, 141.9667226076126, {'accuracy': 0.6605}, 50.8045576250006)
[2026-01-15 00:01:48,253][flwr][INFO] - evaluate_round 40: no clients selected, cancel
[2026-01-15 00:01:48,253][flwr][DEBUG] - fit_round 41: strategy sampled 5 clients (out of 20)
[2026-01-15 00:01:49,503][flwr][DEBUG] - fit_round 41 received 5 results and 0 failures
[2026-01-15 00:01:49,594][flwr][INFO] - fit progress: (41, 437.5981892347336, {'accuracy': 0.343}, 52.14584445799119)
[2026-01-15 00:01:49,594][flwr][INFO] - evaluate_round 41: no clients selected, cancel
[2026-01-15 00:01:49,594][flwr][DEBUG] - fit_round 42: strategy sampled 5 clients (out of 20)
[2026-01-15 00:01:51,088][flwr][DEBUG] - fit_round 42 received 5 results and 0 failures
[2026-01-15 00:01:51,210][flwr][INFO] - fit progress: (42, 234.96891299262643, {'accuracy': 0.663}, 53.76250491599785)
[2026-01-15 00:01:51,211][flwr][INFO] - evaluate_round 42: no clients selected, cancel
[2026-01-15 00:01:51,211][flwr][DEBUG] - fit_round 43: strategy sampled 5 clients (out of 20)
[2026-01-15 00:01:52,431][flwr][DEBUG] - fit_round 43 received 5 results and 0 failures
[2026-01-15 00:01:52,524][flwr][INFO] - fit progress: (43, 139.225092202425, {'accuracy': 0.6385}, 55.076053415978095)
[2026-01-15 00:01:52,524][flwr][INFO] - evaluate_round 43: no clients selected, cancel
[2026-01-15 00:01:52,524][flwr][DEBUG] - fit_round 44: strategy sampled 5 clients (out of 20)
[2026-01-15 00:01:53,563][flwr][DEBUG] - fit_round 44 received 5 results and 0 failures
[2026-01-15 00:01:53,640][flwr][INFO] - fit progress: (44, 175.9887053668499, {'accuracy': 0.6635}, 56.19158374998369)
[2026-01-15 00:01:53,640][flwr][INFO] - evaluate_round 44: no clients selected, cancel
[2026-01-15 00:01:53,640][flwr][DEBUG] - fit_round 45: strategy sampled 5 clients (out of 20)
[2026-01-15 00:01:54,756][flwr][DEBUG] - fit_round 45 received 5 results and 0 failures
[2026-01-15 00:01:54,833][flwr][INFO] - fit progress: (45, 171.46980932354927, {'accuracy': 0.664}, 57.38458649997483)
[2026-01-15 00:01:54,833][flwr][INFO] - evaluate_round 45: no clients selected, cancel
[2026-01-15 00:01:54,833][flwr][DEBUG] - fit_round 46: strategy sampled 5 clients (out of 20)
[2026-01-15 00:01:55,948][flwr][DEBUG] - fit_round 46 received 5 results and 0 failures
[2026-01-15 00:01:56,023][flwr][INFO] - fit progress: (46, 163.02799548208714, {'accuracy': 0.6385}, 58.57494708299055)
[2026-01-15 00:01:56,023][flwr][INFO] - evaluate_round 46: no clients selected, cancel
[2026-01-15 00:01:56,023][flwr][DEBUG] - fit_round 47: strategy sampled 5 clients (out of 20)
[2026-01-15 00:01:57,178][flwr][DEBUG] - fit_round 47 received 5 results and 0 failures
[2026-01-15 00:01:57,255][flwr][INFO] - fit progress: (47, 140.9811393916607, {'accuracy': 0.6355}, 59.80725674997666)
[2026-01-15 00:01:57,255][flwr][INFO] - evaluate_round 47: no clients selected, cancel
[2026-01-15 00:01:57,256][flwr][DEBUG] - fit_round 48: strategy sampled 5 clients (out of 20)
[2026-01-15 00:01:58,272][flwr][DEBUG] - fit_round 48 received 5 results and 0 failures
[2026-01-15 00:01:58,346][flwr][INFO] - fit progress: (48, 236.1910421550274, {'accuracy': 0.664}, 60.897761999978684)
[2026-01-15 00:01:58,346][flwr][INFO] - evaluate_round 48: no clients selected, cancel
[2026-01-15 00:01:58,346][flwr][DEBUG] - fit_round 49: strategy sampled 5 clients (out of 20)
[2026-01-15 00:01:59,455][flwr][DEBUG] - fit_round 49 received 5 results and 0 failures
[2026-01-15 00:01:59,531][flwr][INFO] - fit progress: (49, 136.68455501645803, {'accuracy': 0.6635}, 62.08265145798214)
[2026-01-15 00:01:59,531][flwr][INFO] - evaluate_round 49: no clients selected, cancel
[2026-01-15 00:01:59,531][flwr][DEBUG] - fit_round 50: strategy sampled 5 clients (out of 20)
[2026-01-15 00:02:00,697][flwr][DEBUG] - fit_round 50 received 5 results and 0 failures
[2026-01-15 00:02:00,776][flwr][INFO] - fit progress: (50, 157.33992932736874, {'accuracy': 0.6645}, 63.32794904097682)
[2026-01-15 00:02:00,776][flwr][INFO] - evaluate_round 50: no clients selected, cancel
[2026-01-15 00:02:00,776][flwr][DEBUG] - fit_round 51: strategy sampled 5 clients (out of 20)
[2026-01-15 00:02:01,874][flwr][DEBUG] - fit_round 51 received 5 results and 0 failures
[2026-01-15 00:02:01,947][flwr][INFO] - fit progress: (51, 182.74255102872849, {'accuracy': 0.664}, 64.49884654098423)
[2026-01-15 00:02:01,947][flwr][INFO] - evaluate_round 51: no clients selected, cancel
[2026-01-15 00:02:01,947][flwr][DEBUG] - fit_round 52: strategy sampled 5 clients (out of 20)
[2026-01-15 00:02:03,069][flwr][DEBUG] - fit_round 52 received 5 results and 0 failures
[2026-01-15 00:02:03,152][flwr][INFO] - fit progress: (52, 194.95650576800108, {'accuracy': 0.6385}, 65.70438362497953)
[2026-01-15 00:02:03,152][flwr][INFO] - evaluate_round 52: no clients selected, cancel
[2026-01-15 00:02:03,153][flwr][DEBUG] - fit_round 53: strategy sampled 5 clients (out of 20)
[2026-01-15 00:02:04,202][flwr][DEBUG] - fit_round 53 received 5 results and 0 failures
[2026-01-15 00:02:04,278][flwr][INFO] - fit progress: (53, 162.93365039676428, {'accuracy': 0.664}, 66.82959408298484)
[2026-01-15 00:02:04,278][flwr][INFO] - evaluate_round 53: no clients selected, cancel
[2026-01-15 00:02:04,278][flwr][DEBUG] - fit_round 54: strategy sampled 5 clients (out of 20)
[2026-01-15 00:02:05,429][flwr][DEBUG] - fit_round 54 received 5 results and 0 failures
[2026-01-15 00:02:05,505][flwr][INFO] - fit progress: (54, 143.7702092602849, {'accuracy': 0.64}, 68.05697629100177)
[2026-01-15 00:02:05,505][flwr][INFO] - evaluate_round 54: no clients selected, cancel
[2026-01-15 00:02:05,505][flwr][DEBUG] - fit_round 55: strategy sampled 5 clients (out of 20)
[2026-01-15 00:02:06,633][flwr][DEBUG] - fit_round 55 received 5 results and 0 failures
[2026-01-15 00:02:06,706][flwr][INFO] - fit progress: (55, 167.78198519349098, {'accuracy': 0.5975}, 69.25800000000163)
[2026-01-15 00:02:06,706][flwr][INFO] - evaluate_round 55: no clients selected, cancel
[2026-01-15 00:02:06,706][flwr][DEBUG] - fit_round 56: strategy sampled 5 clients (out of 20)
[2026-01-15 00:02:07,869][flwr][DEBUG] - fit_round 56 received 5 results and 0 failures
[2026-01-15 00:02:08,192][flwr][INFO] - fit progress: (56, 138.69020745903254, {'accuracy': 0.6395}, 70.7445058329904)
[2026-01-15 00:02:08,193][flwr][INFO] - evaluate_round 56: no clients selected, cancel
[2026-01-15 00:02:08,193][flwr][DEBUG] - fit_round 57: strategy sampled 5 clients (out of 20)
[2026-01-15 00:02:09,231][flwr][DEBUG] - fit_round 57 received 5 results and 0 failures
[2026-01-15 00:02:09,317][flwr][INFO] - fit progress: (57, 217.28025411441922, {'accuracy': 0.6645}, 71.86935424999683)
[2026-01-15 00:02:09,317][flwr][INFO] - evaluate_round 57: no clients selected, cancel
[2026-01-15 00:02:09,318][flwr][DEBUG] - fit_round 58: strategy sampled 5 clients (out of 20)
[2026-01-15 00:02:10,773][flwr][DEBUG] - fit_round 58 received 5 results and 0 failures
[2026-01-15 00:02:10,852][flwr][INFO] - fit progress: (58, 148.75335389375687, {'accuracy': 0.638}, 73.4038454160036)
[2026-01-15 00:02:10,852][flwr][INFO] - evaluate_round 58: no clients selected, cancel
[2026-01-15 00:02:10,852][flwr][DEBUG] - fit_round 59: strategy sampled 5 clients (out of 20)
[2026-01-15 00:02:12,018][flwr][DEBUG] - fit_round 59 received 5 results and 0 failures
[2026-01-15 00:02:12,093][flwr][INFO] - fit progress: (59, 141.68271788209677, {'accuracy': 0.6405}, 74.6450077079935)
[2026-01-15 00:02:12,093][flwr][INFO] - evaluate_round 59: no clients selected, cancel
[2026-01-15 00:02:12,093][flwr][DEBUG] - fit_round 60: strategy sampled 5 clients (out of 20)
[2026-01-15 00:02:13,295][flwr][DEBUG] - fit_round 60 received 5 results and 0 failures
[2026-01-15 00:02:13,377][flwr][INFO] - fit progress: (60, 146.9104706197977, {'accuracy': 0.6395}, 75.92867691599531)
[2026-01-15 00:02:13,377][flwr][INFO] - evaluate_round 60: no clients selected, cancel
[2026-01-15 00:02:13,377][flwr][DEBUG] - fit_round 61: strategy sampled 5 clients (out of 20)
[2026-01-15 00:02:14,558][flwr][DEBUG] - fit_round 61 received 5 results and 0 failures
[2026-01-15 00:02:14,636][flwr][INFO] - fit progress: (61, 145.38072170317173, {'accuracy': 0.664}, 77.18762229097774)
[2026-01-15 00:02:14,636][flwr][INFO] - evaluate_round 61: no clients selected, cancel
[2026-01-15 00:02:14,636][flwr][DEBUG] - fit_round 62: strategy sampled 5 clients (out of 20)
[2026-01-15 00:02:15,679][flwr][DEBUG] - fit_round 62 received 5 results and 0 failures
[2026-01-15 00:02:15,759][flwr][INFO] - fit progress: (62, 286.3801588471979, {'accuracy': 0.665}, 78.31131491597625)
[2026-01-15 00:02:15,759][flwr][INFO] - evaluate_round 62: no clients selected, cancel
[2026-01-15 00:02:15,760][flwr][DEBUG] - fit_round 63: strategy sampled 5 clients (out of 20)
[2026-01-15 00:02:16,913][flwr][DEBUG] - fit_round 63 received 5 results and 0 failures
[2026-01-15 00:02:16,993][flwr][INFO] - fit progress: (63, 167.53513053804636, {'accuracy': 0.6645}, 79.54539149999619)
[2026-01-15 00:02:16,994][flwr][INFO] - evaluate_round 63: no clients selected, cancel
[2026-01-15 00:02:16,994][flwr][DEBUG] - fit_round 64: strategy sampled 5 clients (out of 20)
[2026-01-15 00:02:18,654][flwr][DEBUG] - fit_round 64 received 5 results and 0 failures
[2026-01-15 00:02:18,731][flwr][INFO] - fit progress: (64, 138.55021286010742, {'accuracy': 0.6395}, 81.2827549999929)
[2026-01-15 00:02:18,731][flwr][INFO] - evaluate_round 64: no clients selected, cancel
[2026-01-15 00:02:18,731][flwr][DEBUG] - fit_round 65: strategy sampled 5 clients (out of 20)
[2026-01-15 00:02:19,945][flwr][DEBUG] - fit_round 65 received 5 results and 0 failures
[2026-01-15 00:02:20,024][flwr][INFO] - fit progress: (65, 175.80917179584503, {'accuracy': 0.6625}, 82.57612641598098)
[2026-01-15 00:02:20,024][flwr][INFO] - evaluate_round 65: no clients selected, cancel
[2026-01-15 00:02:20,024][flwr][DEBUG] - fit_round 66: strategy sampled 5 clients (out of 20)
[2026-01-15 00:02:21,129][flwr][DEBUG] - fit_round 66 received 5 results and 0 failures
[2026-01-15 00:02:21,206][flwr][INFO] - fit progress: (66, 138.73063572496176, {'accuracy': 0.6625}, 83.75826062497799)
[2026-01-15 00:02:21,206][flwr][INFO] - evaluate_round 66: no clients selected, cancel
[2026-01-15 00:02:21,207][flwr][DEBUG] - fit_round 67: strategy sampled 5 clients (out of 20)
[2026-01-15 00:02:22,527][flwr][DEBUG] - fit_round 67 received 5 results and 0 failures
[2026-01-15 00:02:22,601][flwr][INFO] - fit progress: (67, 147.12402377277613, {'accuracy': 0.662}, 85.15289749999647)
[2026-01-15 00:02:22,601][flwr][INFO] - evaluate_round 67: no clients selected, cancel
[2026-01-15 00:02:22,601][flwr][DEBUG] - fit_round 68: strategy sampled 5 clients (out of 20)
[2026-01-15 00:02:23,875][flwr][DEBUG] - fit_round 68 received 5 results and 0 failures
[2026-01-15 00:02:23,966][flwr][INFO] - fit progress: (68, 135.35645419359207, {'accuracy': 0.6625}, 86.51848104098462)
[2026-01-15 00:02:23,967][flwr][INFO] - evaluate_round 68: no clients selected, cancel
[2026-01-15 00:02:23,967][flwr][DEBUG] - fit_round 69: strategy sampled 5 clients (out of 20)
[2026-01-15 00:02:25,150][flwr][DEBUG] - fit_round 69 received 5 results and 0 failures
[2026-01-15 00:02:25,231][flwr][INFO] - fit progress: (69, 182.8678189739585, {'accuracy': 0.6645}, 87.78287995798746)
[2026-01-15 00:02:25,231][flwr][INFO] - evaluate_round 69: no clients selected, cancel
[2026-01-15 00:02:25,231][flwr][DEBUG] - fit_round 70: strategy sampled 5 clients (out of 20)
[2026-01-15 00:02:26,335][flwr][DEBUG] - fit_round 70 received 5 results and 0 failures
[2026-01-15 00:02:26,414][flwr][INFO] - fit progress: (70, 136.42363645136356, {'accuracy': 0.6635}, 88.966232457984)
[2026-01-15 00:02:26,414][flwr][INFO] - evaluate_round 70: no clients selected, cancel
[2026-01-15 00:02:26,415][flwr][DEBUG] - fit_round 71: strategy sampled 5 clients (out of 20)
[2026-01-15 00:02:27,819][flwr][DEBUG] - fit_round 71 received 5 results and 0 failures
[2026-01-15 00:02:27,902][flwr][INFO] - fit progress: (71, 139.76826448738575, {'accuracy': 0.664}, 90.4536776249879)
[2026-01-15 00:02:27,902][flwr][INFO] - evaluate_round 71: no clients selected, cancel
[2026-01-15 00:02:27,902][flwr][DEBUG] - fit_round 72: strategy sampled 5 clients (out of 20)
[2026-01-15 00:02:29,034][flwr][DEBUG] - fit_round 72 received 5 results and 0 failures
[2026-01-15 00:02:29,108][flwr][INFO] - fit progress: (72, 138.86941769719124, {'accuracy': 0.6395}, 91.65971366598387)
[2026-01-15 00:02:29,108][flwr][INFO] - evaluate_round 72: no clients selected, cancel
[2026-01-15 00:02:29,108][flwr][DEBUG] - fit_round 73: strategy sampled 5 clients (out of 20)
[2026-01-15 00:02:30,255][flwr][DEBUG] - fit_round 73 received 5 results and 0 failures
[2026-01-15 00:02:30,329][flwr][INFO] - fit progress: (73, 155.72099699825048, {'accuracy': 0.665}, 92.88087166598416)
[2026-01-15 00:02:30,329][flwr][INFO] - evaluate_round 73: no clients selected, cancel
[2026-01-15 00:02:30,329][flwr][DEBUG] - fit_round 74: strategy sampled 5 clients (out of 20)
[2026-01-15 00:02:31,457][flwr][DEBUG] - fit_round 74 received 5 results and 0 failures
[2026-01-15 00:02:31,530][flwr][INFO] - fit progress: (74, 166.93691562861204, {'accuracy': 0.665}, 94.08223170798738)
[2026-01-15 00:02:31,530][flwr][INFO] - evaluate_round 74: no clients selected, cancel
[2026-01-15 00:02:31,531][flwr][DEBUG] - fit_round 75: strategy sampled 5 clients (out of 20)
[2026-01-15 00:02:32,686][flwr][DEBUG] - fit_round 75 received 5 results and 0 failures
[2026-01-15 00:02:32,768][flwr][INFO] - fit progress: (75, 169.4786898419261, {'accuracy': 0.6635}, 95.31999950000318)
[2026-01-15 00:02:32,768][flwr][INFO] - evaluate_round 75: no clients selected, cancel
[2026-01-15 00:02:32,768][flwr][DEBUG] - fit_round 76: strategy sampled 5 clients (out of 20)
[2026-01-15 00:02:34,087][flwr][DEBUG] - fit_round 76 received 5 results and 0 failures
[2026-01-15 00:02:34,160][flwr][INFO] - fit progress: (76, 304.72937348484993, {'accuracy': 0.635}, 96.71219541598111)
[2026-01-15 00:02:34,160][flwr][INFO] - evaluate_round 76: no clients selected, cancel
[2026-01-15 00:02:34,161][flwr][DEBUG] - fit_round 77: strategy sampled 5 clients (out of 20)
[2026-01-15 00:02:35,203][flwr][DEBUG] - fit_round 77 received 5 results and 0 failures
[2026-01-15 00:02:35,281][flwr][INFO] - fit progress: (77, 212.3902305290103, {'accuracy': 0.665}, 97.83305720798671)
[2026-01-15 00:02:35,281][flwr][INFO] - evaluate_round 77: no clients selected, cancel
[2026-01-15 00:02:35,281][flwr][DEBUG] - fit_round 78: strategy sampled 5 clients (out of 20)
[2026-01-15 00:02:36,461][flwr][DEBUG] - fit_round 78 received 5 results and 0 failures
[2026-01-15 00:02:36,535][flwr][INFO] - fit progress: (78, 210.3801683448255, {'accuracy': 0.6395}, 99.08669970798655)
[2026-01-15 00:02:36,535][flwr][INFO] - evaluate_round 78: no clients selected, cancel
[2026-01-15 00:02:36,535][flwr][DEBUG] - fit_round 79: strategy sampled 5 clients (out of 20)
[2026-01-15 00:02:37,569][flwr][DEBUG] - fit_round 79 received 5 results and 0 failures
[2026-01-15 00:02:37,641][flwr][INFO] - fit progress: (79, 207.12177454307675, {'accuracy': 0.6645}, 100.19322366599226)
[2026-01-15 00:02:37,641][flwr][INFO] - evaluate_round 79: no clients selected, cancel
[2026-01-15 00:02:37,642][flwr][DEBUG] - fit_round 80: strategy sampled 5 clients (out of 20)
[2026-01-15 00:02:38,705][flwr][DEBUG] - fit_round 80 received 5 results and 0 failures
[2026-01-15 00:02:38,781][flwr][INFO] - fit progress: (80, 146.66732424497604, {'accuracy': 0.665}, 101.33298870798899)
[2026-01-15 00:02:38,781][flwr][INFO] - evaluate_round 80: no clients selected, cancel
[2026-01-15 00:02:38,781][flwr][DEBUG] - fit_round 81: strategy sampled 5 clients (out of 20)
[2026-01-15 00:02:39,872][flwr][DEBUG] - fit_round 81 received 5 results and 0 failures
[2026-01-15 00:02:39,945][flwr][INFO] - fit progress: (81, 246.4542961269617, {'accuracy': 0.6645}, 102.49656304100063)
[2026-01-15 00:02:39,945][flwr][INFO] - evaluate_round 81: no clients selected, cancel
[2026-01-15 00:02:39,945][flwr][DEBUG] - fit_round 82: strategy sampled 5 clients (out of 20)
[2026-01-15 00:02:41,412][flwr][DEBUG] - fit_round 82 received 5 results and 0 failures
[2026-01-15 00:02:41,488][flwr][INFO] - fit progress: (82, 138.03887824714184, {'accuracy': 0.6625}, 104.0400963749853)
[2026-01-15 00:02:41,488][flwr][INFO] - evaluate_round 82: no clients selected, cancel
[2026-01-15 00:02:41,489][flwr][DEBUG] - fit_round 83: strategy sampled 5 clients (out of 20)
[2026-01-15 00:02:42,499][flwr][DEBUG] - fit_round 83 received 5 results and 0 failures
[2026-01-15 00:02:42,574][flwr][INFO] - fit progress: (83, 168.52857037633657, {'accuracy': 0.6645}, 105.12633524998091)
[2026-01-15 00:02:42,574][flwr][INFO] - evaluate_round 83: no clients selected, cancel
[2026-01-15 00:02:42,575][flwr][DEBUG] - fit_round 84: strategy sampled 5 clients (out of 20)
[2026-01-15 00:02:43,702][flwr][DEBUG] - fit_round 84 received 5 results and 0 failures
[2026-01-15 00:02:43,778][flwr][INFO] - fit progress: (84, 161.29880234599113, {'accuracy': 0.637}, 106.32977116599795)
[2026-01-15 00:02:43,778][flwr][INFO] - evaluate_round 84: no clients selected, cancel
[2026-01-15 00:02:43,778][flwr][DEBUG] - fit_round 85: strategy sampled 5 clients (out of 20)
[2026-01-15 00:02:44,954][flwr][DEBUG] - fit_round 85 received 5 results and 0 failures
[2026-01-15 00:02:45,030][flwr][INFO] - fit progress: (85, 296.88345108926296, {'accuracy': 0.6365}, 107.58218783300254)
[2026-01-15 00:02:45,030][flwr][INFO] - evaluate_round 85: no clients selected, cancel
[2026-01-15 00:02:45,031][flwr][DEBUG] - fit_round 86: strategy sampled 5 clients (out of 20)
[2026-01-15 00:02:46,259][flwr][DEBUG] - fit_round 86 received 5 results and 0 failures
[2026-01-15 00:02:46,334][flwr][INFO] - fit progress: (86, 175.51611426472664, {'accuracy': 0.6365}, 108.88638412498403)
[2026-01-15 00:02:46,335][flwr][INFO] - evaluate_round 86: no clients selected, cancel
[2026-01-15 00:02:46,335][flwr][DEBUG] - fit_round 87: strategy sampled 5 clients (out of 20)
[2026-01-15 00:02:47,517][flwr][DEBUG] - fit_round 87 received 5 results and 0 failures
[2026-01-15 00:02:47,593][flwr][INFO] - fit progress: (87, 137.5517709031701, {'accuracy': 0.6655}, 110.14477754099062)
[2026-01-15 00:02:47,593][flwr][INFO] - evaluate_round 87: no clients selected, cancel
[2026-01-15 00:02:47,593][flwr][DEBUG] - fit_round 88: strategy sampled 5 clients (out of 20)
[2026-01-15 00:02:48,756][flwr][DEBUG] - fit_round 88 received 5 results and 0 failures
[2026-01-15 00:02:48,839][flwr][INFO] - fit progress: (88, 154.7620813548565, {'accuracy': 0.664}, 111.3914187909977)
[2026-01-15 00:02:48,840][flwr][INFO] - evaluate_round 88: no clients selected, cancel
[2026-01-15 00:02:48,840][flwr][DEBUG] - fit_round 89: strategy sampled 5 clients (out of 20)
[2026-01-15 00:02:50,026][flwr][DEBUG] - fit_round 89 received 5 results and 0 failures
[2026-01-15 00:02:50,105][flwr][INFO] - fit progress: (89, 254.73639684915543, {'accuracy': 0.433}, 112.65705662500113)
[2026-01-15 00:02:50,105][flwr][INFO] - evaluate_round 89: no clients selected, cancel
[2026-01-15 00:02:50,105][flwr][DEBUG] - fit_round 90: strategy sampled 5 clients (out of 20)
[2026-01-15 00:02:51,222][flwr][DEBUG] - fit_round 90 received 5 results and 0 failures
[2026-01-15 00:02:51,300][flwr][INFO] - fit progress: (90, 377.11735570430756, {'accuracy': 0.6365}, 113.85185920799267)
[2026-01-15 00:02:51,300][flwr][INFO] - evaluate_round 90: no clients selected, cancel
[2026-01-15 00:02:51,300][flwr][DEBUG] - fit_round 91: strategy sampled 5 clients (out of 20)
[2026-01-15 00:02:52,448][flwr][DEBUG] - fit_round 91 received 5 results and 0 failures
[2026-01-15 00:02:52,520][flwr][INFO] - fit progress: (91, 139.9286222308874, {'accuracy': 0.638}, 115.07159945799503)
[2026-01-15 00:02:52,520][flwr][INFO] - evaluate_round 91: no clients selected, cancel
[2026-01-15 00:02:52,520][flwr][DEBUG] - fit_round 92: strategy sampled 5 clients (out of 20)
[2026-01-15 00:02:53,627][flwr][DEBUG] - fit_round 92 received 5 results and 0 failures
[2026-01-15 00:02:53,701][flwr][INFO] - fit progress: (92, 149.9414985179901, {'accuracy': 0.665}, 116.2529869999853)
[2026-01-15 00:02:53,701][flwr][INFO] - evaluate_round 92: no clients selected, cancel
[2026-01-15 00:02:53,701][flwr][DEBUG] - fit_round 93: strategy sampled 5 clients (out of 20)
[2026-01-15 00:02:54,926][flwr][DEBUG] - fit_round 93 received 5 results and 0 failures
[2026-01-15 00:02:55,000][flwr][INFO] - fit progress: (93, 237.57105228304863, {'accuracy': 0.612}, 117.55157254097867)
[2026-01-15 00:02:55,000][flwr][INFO] - evaluate_round 93: no clients selected, cancel
[2026-01-15 00:02:55,000][flwr][DEBUG] - fit_round 94: strategy sampled 5 clients (out of 20)
[2026-01-15 00:02:56,091][flwr][DEBUG] - fit_round 94 received 5 results and 0 failures
[2026-01-15 00:02:56,168][flwr][INFO] - fit progress: (94, 140.55448065698147, {'accuracy': 0.638}, 118.71995966599206)
[2026-01-15 00:02:56,168][flwr][INFO] - evaluate_round 94: no clients selected, cancel
[2026-01-15 00:02:56,168][flwr][DEBUG] - fit_round 95: strategy sampled 5 clients (out of 20)
[2026-01-15 00:02:57,464][flwr][DEBUG] - fit_round 95 received 5 results and 0 failures
[2026-01-15 00:02:57,543][flwr][INFO] - fit progress: (95, 151.8173637315631, {'accuracy': 0.665}, 120.09533304098295)
[2026-01-15 00:02:57,543][flwr][INFO] - evaluate_round 95: no clients selected, cancel
[2026-01-15 00:02:57,544][flwr][DEBUG] - fit_round 96: strategy sampled 5 clients (out of 20)
[2026-01-15 00:02:58,694][flwr][DEBUG] - fit_round 96 received 5 results and 0 failures
[2026-01-15 00:02:58,767][flwr][INFO] - fit progress: (96, 150.0768046528101, {'accuracy': 0.665}, 121.31898254097905)
[2026-01-15 00:02:58,767][flwr][INFO] - evaluate_round 96: no clients selected, cancel
[2026-01-15 00:02:58,767][flwr][DEBUG] - fit_round 97: strategy sampled 5 clients (out of 20)
[2026-01-15 00:02:59,982][flwr][DEBUG] - fit_round 97 received 5 results and 0 failures
[2026-01-15 00:03:00,065][flwr][INFO] - fit progress: (97, 174.611707508564, {'accuracy': 0.6645}, 122.61676487498335)
[2026-01-15 00:03:00,065][flwr][INFO] - evaluate_round 97: no clients selected, cancel
[2026-01-15 00:03:00,065][flwr][DEBUG] - fit_round 98: strategy sampled 5 clients (out of 20)
[2026-01-15 00:03:01,177][flwr][DEBUG] - fit_round 98 received 5 results and 0 failures
[2026-01-15 00:03:01,252][flwr][INFO] - fit progress: (98, 138.96741554141045, {'accuracy': 0.6645}, 123.80445083297673)
[2026-01-15 00:03:01,253][flwr][INFO] - evaluate_round 98: no clients selected, cancel
[2026-01-15 00:03:01,253][flwr][DEBUG] - fit_round 99: strategy sampled 5 clients (out of 20)
[2026-01-15 00:03:02,445][flwr][DEBUG] - fit_round 99 received 5 results and 0 failures
[2026-01-15 00:03:02,525][flwr][INFO] - fit progress: (99, 137.01986847817898, {'accuracy': 0.641}, 125.07681758300168)
[2026-01-15 00:03:02,525][flwr][INFO] - evaluate_round 99: no clients selected, cancel
[2026-01-15 00:03:02,525][flwr][DEBUG] - fit_round 100: strategy sampled 5 clients (out of 20)
[2026-01-15 00:03:03,667][flwr][DEBUG] - fit_round 100 received 5 results and 0 failures
[2026-01-15 00:03:03,747][flwr][INFO] - fit progress: (100, 137.02981095016003, {'accuracy': 0.6645}, 126.29890337499091)
[2026-01-15 00:03:03,747][flwr][INFO] - evaluate_round 100: no clients selected, cancel
[2026-01-15 00:03:03,747][flwr][INFO] - FL finished in 126.29913529098849
[2026-01-15 00:03:03,747][flwr][INFO] - app_fit: losses_distributed []
[2026-01-15 00:03:03,749][flwr][INFO] - app_fit: metrics_distributed_fit {'c_global_norm': [(1, 0.31024398348828713), (2, 0.2568605509708636), (3, 0.18401650167072503), (4, 0.14630546253483565), (5, 0.09826402161007287), (6, 0.09770416203886864), (7, 0.09382317863245561), (8, 0.07027870903351241), (9, 0.09039227445788035), (10, 0.08563213945689699), (11, 0.08262515639583186), (12, 0.08943956068902126), (13, 0.08259838741753321), (14, 0.05985359050667976), (15, 0.05760170762859637), (16, 0.05475857366487262), (17, 0.05073903150201655), (18, 0.06574355198642111), (19, 0.0612940428423683), (20, 0.06287210161316222), (21, 0.038359347351962815), (22, 0.04081275116216344), (23, 0.0513769721987023), (24, 0.04174815745715504), (25, 0.03397705764252897), (26, 0.04033098338077922), (27, 0.05308702195392974), (28, 0.04839521340403822), (29, 0.048188809688531384), (30, 0.04859747194748474), (31, 0.04835381562163828), (32, 0.04926382276381743), (33, 0.028760417575194732), (34, 0.0354458016071606), (35, 0.022247638581680624), (36, 0.027228324948807846), (37, 0.023194877042924836), (38, 0.03087654744551723), (39, 0.032152559814768035), (40, 0.026137232377845522), (41, 0.02608935978587392), (42, 0.04325286454552293), (43, 0.023398337279450822), (44, 0.02221790427053739), (45, 0.023013581212073374), (46, 0.022377145051080554), (47, 0.01924353518789155), (48, 0.027333336900933147), (49, 0.025527035855543636), (50, 0.028208556747153547), (51, 0.03163765894157162), (52, 0.026057242429854587), (53, 0.03713095014690979), (54, 0.02390928513449117), (55, 0.0238507324391455), (56, 0.019438694345697456), (57, 0.02621074252693548), (58, 0.027397097935110293), (59, 0.026169676196086587), (60, 0.015904888587090434), (61, 0.019235442017317823), (62, 0.02962721610900652), (63, 0.029405066824187892), (64, 0.01939356632325263), (65, 0.03462002041738987), (66, 0.02410337811155487), (67, 0.027870277801843743), (68, 0.027458457829218717), (69, 0.03541100926448101), (70, 0.025830378224255428), (71, 0.03446358353441216), (72, 0.02399423415124031), (73, 0.04933147788456777), (74, 0.044627120184648816), (75, 0.03508406378924583), (76, 0.02827921324236117), (77, 0.05006403016040779), (78, 0.031215366210741766), (79, 0.02770209210841594), (80, 0.048355231998898664), (81, 0.06156737370369405), (82, 0.08823869858938453), (83, 0.07160863254382875), (84, 0.14850943514434092), (85, 0.08467526522637767), (86, 0.04138750398373607), (87, 0.05516128096759332), (88, 0.06342557127599605), (89, 0.03575135369968207), (90, 0.10632615939622289), (91, 0.04167417228954921), (92, 0.050856779610582104), (93, 0.03306659379158314), (94, 0.03321754825942633), (95, 0.04289996439798231), (96, 0.023770830800598976), (97, 0.02878398686777154), (98, 0.02435998048809564), (99, 0.02062384470466645), (100, 0.021887868483556408)], 'proximal_mu': [(1, 0.1), (2, 0.1), (3, 0.1), (4, 0.1), (5, 0.1), (6, 0.1), (7, 0.1), (8, 0.1), (9, 0.1), (10, 0.1), (11, 0.1), (12, 0.1), (13, 0.1), (14, 0.1), (15, 0.1), (16, 0.1), (17, 0.1), (18, 0.1), (19, 0.1), (20, 0.1), (21, 0.1), (22, 0.1), (23, 0.1), (24, 0.1), (25, 0.1), (26, 0.1), (27, 0.1), (28, 0.1), (29, 0.1), (30, 0.1), (31, 0.1), (32, 0.1), (33, 0.1), (34, 0.1), (35, 0.1), (36, 0.1), (37, 0.1), (38, 0.1), (39, 0.1), (40, 0.1), (41, 0.1), (42, 0.1), (43, 0.1), (44, 0.1), (45, 0.1), (46, 0.1), (47, 0.1), (48, 0.1), (49, 0.1), (50, 0.1), (51, 0.1), (52, 0.1), (53, 0.1), (54, 0.1), (55, 0.1), (56, 0.1), (57, 0.1), (58, 0.1), (59, 0.1), (60, 0.1), (61, 0.1), (62, 0.1), (63, 0.1), (64, 0.1), (65, 0.1), (66, 0.1), (67, 0.1), (68, 0.1), (69, 0.1), (70, 0.1), (71, 0.1), (72, 0.1), (73, 0.1), (74, 0.1), (75, 0.1), (76, 0.1), (77, 0.1), (78, 0.1), (79, 0.1), (80, 0.1), (81, 0.1), (82, 0.1), (83, 0.1), (84, 0.1), (85, 0.1), (86, 0.1), (87, 0.1), (88, 0.1), (89, 0.1), (90, 0.1), (91, 0.1), (92, 0.1), (93, 0.1), (94, 0.1), (95, 0.1), (96, 0.1), (97, 0.1), (98, 0.1), (99, 0.1), (100, 0.1)], 'num_clients': [(1, 5), (2, 5), (3, 5), (4, 5), (5, 5), (6, 5), (7, 5), (8, 5), (9, 5), (10, 5), (11, 5), (12, 5), (13, 5), (14, 5), (15, 5), (16, 5), (17, 5), (18, 5), (19, 5), (20, 5), (21, 5), (22, 5), (23, 5), (24, 5), (25, 5), (26, 5), (27, 5), (28, 5), (29, 5), (30, 5), (31, 5), (32, 5), (33, 5), (34, 5), (35, 5), (36, 5), (37, 5), (38, 5), (39, 5), (40, 5), (41, 5), (42, 5), (43, 5), (44, 5), (45, 5), (46, 5), (47, 5), (48, 5), (49, 5), (50, 5), (51, 5), (52, 5), (53, 5), (54, 5), (55, 5), (56, 5), (57, 5), (58, 5), (59, 5), (60, 5), (61, 5), (62, 5), (63, 5), (64, 5), (65, 5), (66, 5), (67, 5), (68, 5), (69, 5), (70, 5), (71, 5), (72, 5), (73, 5), (74, 5), (75, 5), (76, 5), (77, 5), (78, 5), (79, 5), (80, 5), (81, 5), (82, 5), (83, 5), (84, 5), (85, 5), (86, 5), (87, 5), (88, 5), (89, 5), (90, 5), (91, 5), (92, 5), (93, 5), (94, 5), (95, 5), (96, 5), (97, 5), (98, 5), (99, 5), (100, 5)]}
[2026-01-15 00:03:03,749][flwr][INFO] - app_fit: metrics_distributed {}
[2026-01-15 00:03:03,749][flwr][INFO] - app_fit: losses_centralized [(0, 275.8148798942566), (1, 260.4771237671375), (2, 184.45814508199692), (3, 185.3887477144599), (4, 199.47964273765683), (5, 174.67068986594677), (6, 164.50032605230808), (7, 225.53337835520506), (8, 139.55604226887226), (9, 242.00863183662295), (10, 302.2425956260413), (11, 142.16859249025583), (12, 264.7093669362366), (13, 187.70838163793087), (14, 178.94982690364122), (15, 154.5016284584999), (16, 253.4899104833603), (17, 148.9609940201044), (18, 205.1674643829465), (19, 212.5122435092926), (20, 205.99301936477423), (21, 137.3036535680294), (22, 141.50473587214947), (23, 258.2256724201143), (24, 214.1135692447424), (25, 141.80776484310627), (26, 144.04310458898544), (27, 219.36432196572423), (28, 153.14813626557589), (29, 150.08495789021254), (30, 143.38889202475548), (31, 208.6739519611001), (32, 138.5255904868245), (33, 239.80314083397388), (34, 172.02593309432268), (35, 137.00278800725937), (36, 149.87247943878174), (37, 136.6732964962721), (38, 233.79919953271747), (39, 197.3510446548462), (40, 141.9667226076126), (41, 437.5981892347336), (42, 234.96891299262643), (43, 139.225092202425), (44, 175.9887053668499), (45, 171.46980932354927), (46, 163.02799548208714), (47, 140.9811393916607), (48, 236.1910421550274), (49, 136.68455501645803), (50, 157.33992932736874), (51, 182.74255102872849), (52, 194.95650576800108), (53, 162.93365039676428), (54, 143.7702092602849), (55, 167.78198519349098), (56, 138.69020745903254), (57, 217.28025411441922), (58, 148.75335389375687), (59, 141.68271788209677), (60, 146.9104706197977), (61, 145.38072170317173), (62, 286.3801588471979), (63, 167.53513053804636), (64, 138.55021286010742), (65, 175.80917179584503), (66, 138.73063572496176), (67, 147.12402377277613), (68, 135.35645419359207), (69, 182.8678189739585), (70, 136.42363645136356), (71, 139.76826448738575), (72, 138.86941769719124), (73, 155.72099699825048), (74, 166.93691562861204), (75, 169.4786898419261), (76, 304.72937348484993), (77, 212.3902305290103), (78, 210.3801683448255), (79, 207.12177454307675), (80, 146.66732424497604), (81, 246.4542961269617), (82, 138.03887824714184), (83, 168.52857037633657), (84, 161.29880234599113), (85, 296.88345108926296), (86, 175.51611426472664), (87, 137.5517709031701), (88, 154.7620813548565), (89, 254.73639684915543), (90, 377.11735570430756), (91, 139.9286222308874), (92, 149.9414985179901), (93, 237.57105228304863), (94, 140.55448065698147), (95, 151.8173637315631), (96, 150.0768046528101), (97, 174.611707508564), (98, 138.96741554141045), (99, 137.01986847817898), (100, 137.02981095016003)]
[2026-01-15 00:03:03,749][flwr][INFO] - app_fit: metrics_centralized {'accuracy': [(0, 0.3415), (1, 0.6395), (2, 0.6325), (3, 0.615), (4, 0.652), (5, 0.6605), (6, 0.631), (7, 0.6585), (8, 0.6505), (9, 0.6595), (10, 0.6595), (11, 0.6365), (12, 0.664), (13, 0.662), (14, 0.6635), (15, 0.6595), (16, 0.6625), (17, 0.6615), (18, 0.6595), (19, 0.626), (20, 0.664), (21, 0.659), (22, 0.66), (23, 0.6615), (24, 0.665), (25, 0.639), (26, 0.638), (27, 0.6625), (28, 0.6615), (29, 0.638), (30, 0.6625), (31, 0.6625), (32, 0.662), (33, 0.6345), (34, 0.6625), (35, 0.639), (36, 0.661), (37, 0.6605), (38, 0.663), (39, 0.662), (40, 0.6605), (41, 0.343), (42, 0.663), (43, 0.6385), (44, 0.6635), (45, 0.664), (46, 0.6385), (47, 0.6355), (48, 0.664), (49, 0.6635), (50, 0.6645), (51, 0.664), (52, 0.6385), (53, 0.664), (54, 0.64), (55, 0.5975), (56, 0.6395), (57, 0.6645), (58, 0.638), (59, 0.6405), (60, 0.6395), (61, 0.664), (62, 0.665), (63, 0.6645), (64, 0.6395), (65, 0.6625), (66, 0.6625), (67, 0.662), (68, 0.6625), (69, 0.6645), (70, 0.6635), (71, 0.664), (72, 0.6395), (73, 0.665), (74, 0.665), (75, 0.6635), (76, 0.635), (77, 0.665), (78, 0.6395), (79, 0.6645), (80, 0.665), (81, 0.6645), (82, 0.6625), (83, 0.6645), (84, 0.637), (85, 0.6365), (86, 0.6365), (87, 0.6655), (88, 0.664), (89, 0.433), (90, 0.6365), (91, 0.638), (92, 0.665), (93, 0.612), (94, 0.638), (95, 0.665), (96, 0.665), (97, 0.6645), (98, 0.6645), (99, 0.641), (100, 0.6645)]}
