[2026-01-22 11:55:22,058][flwr][INFO] - Starting Flower simulation, config: ServerConfig(num_rounds=40, round_timeout=None)
[2026-01-22 11:55:26,825][flwr][INFO] - Flower VCE: Ray initialized with resources: {'object_store_memory': 2147483648.0, 'CPU': 10.0, 'memory': 11851981620.0, 'node:127.0.0.1': 1.0}
[2026-01-22 11:55:26,826][flwr][INFO] - Initializing global parameters
[2026-01-22 11:55:26,827][flwr][INFO] - Using initial parameters provided by strategy
[2026-01-22 11:55:26,827][flwr][INFO] - Evaluating initial parameters
[2026-01-22 11:55:27,783][flwr][INFO] - initial parameters (loss, other metrics): 4.134466124154859, {'rmse': 24250.156288156166, 'mae': 20810.46875, 'r2': -3.198612761198425, 'mape': 192.60643005371094, 'accuracy_10': 5.667001008987427, 'accuracy_20': 11.384152621030807}
[2026-01-22 11:55:27,783][flwr][INFO] - FL starting
[2026-01-22 11:55:27,783][flwr][DEBUG] - fit_round 1: strategy sampled 4 clients (out of 12)
[2026-01-22 11:55:37,991][flwr][DEBUG] - fit_round 1 received 4 results and 0 failures
[2026-01-22 11:55:37,994][flwr][WARNING] - No fit_metrics_aggregation_fn provided
[2026-01-22 11:55:38,440][flwr][INFO] - fit progress: (1, 0.44916127417367346, {'rmse': 9330.215002881767, 'mae': 5137.7392578125, 'r2': 0.37847299544603275, 'mape': 31.21416473388672, 'accuracy_10': 31.344032287597656, 'accuracy_20': 57.12136626243591}, 10.65707575000124)
[2026-01-22 11:55:38,441][flwr][DEBUG] - evaluate_round 1: strategy sampled 4 clients (out of 12)
[2026-01-22 11:55:38,612][flwr][DEBUG] - evaluate_round 1 received 4 results and 0 failures
[2026-01-22 11:55:38,612][flwr][WARNING] - No evaluate_metrics_aggregation_fn provided
[2026-01-22 11:55:38,612][flwr][DEBUG] - fit_round 2: strategy sampled 4 clients (out of 12)
[2026-01-22 11:55:44,037][flwr][DEBUG] - fit_round 2 received 4 results and 0 failures
[2026-01-22 11:55:44,461][flwr][INFO] - fit progress: (2, 0.30000770032226504, {'rmse': 7101.322412058194, 'mae': 3859.271728515625, 'r2': 0.6399563223224176, 'mape': 23.363840103149414, 'accuracy_10': 38.415247201919556, 'accuracy_20': 64.24272656440735}, 16.67754474998219)
[2026-01-22 11:55:44,461][flwr][DEBUG] - evaluate_round 2: strategy sampled 4 clients (out of 12)
[2026-01-22 11:55:44,665][flwr][DEBUG] - evaluate_round 2 received 4 results and 0 failures
[2026-01-22 11:55:44,665][flwr][DEBUG] - fit_round 3: strategy sampled 4 clients (out of 12)
[2026-01-22 11:55:50,202][flwr][DEBUG] - fit_round 3 received 4 results and 0 failures
[2026-01-22 11:55:50,629][flwr][INFO] - fit progress: (3, 0.3190599096754011, {'rmse': 7029.612791612351, 'mae': 4078.883056640625, 'r2': 0.6471911159742245, 'mape': 23.462278366088867, 'accuracy_10': 29.839518666267395, 'accuracy_20': 56.67001008987427}, 22.845389708003495)
[2026-01-22 11:55:50,629][flwr][DEBUG] - evaluate_round 3: strategy sampled 4 clients (out of 12)
[2026-01-22 11:55:50,792][flwr][DEBUG] - evaluate_round 3 received 4 results and 0 failures
[2026-01-22 11:55:50,792][flwr][DEBUG] - fit_round 4: strategy sampled 4 clients (out of 12)
[2026-01-22 11:55:56,511][flwr][DEBUG] - fit_round 4 received 4 results and 0 failures
[2026-01-22 11:55:56,959][flwr][INFO] - fit progress: (4, 0.32245159649860894, {'rmse': 7228.477018017004, 'mae': 4011.0185546875, 'r2': 0.6269471747311254, 'mape': 23.95416259765625, 'accuracy_10': 38.21464478969574, 'accuracy_20': 61.985957622528076}, 29.175407624978106)
[2026-01-22 11:55:56,959][flwr][DEBUG] - evaluate_round 4: strategy sampled 4 clients (out of 12)
[2026-01-22 11:55:57,157][flwr][DEBUG] - evaluate_round 4 received 4 results and 0 failures
[2026-01-22 11:55:57,157][flwr][DEBUG] - fit_round 5: strategy sampled 4 clients (out of 12)
[2026-01-22 11:56:02,484][flwr][DEBUG] - fit_round 5 received 4 results and 0 failures
[2026-01-22 11:56:02,930][flwr][INFO] - fit progress: (5, 0.334997629524473, {'rmse': 7485.876034239413, 'mae': 4081.8515625, 'r2': 0.5999060437741212, 'mape': 24.611534118652344, 'accuracy_10': 40.72216749191284, 'accuracy_20': 64.04212713241577}, 35.14635029097553)
[2026-01-22 11:56:02,930][flwr][DEBUG] - evaluate_round 5: strategy sampled 4 clients (out of 12)
[2026-01-22 11:56:03,000][flwr][DEBUG] - evaluate_round 5 received 4 results and 0 failures
[2026-01-22 11:56:03,001][flwr][DEBUG] - fit_round 6: strategy sampled 4 clients (out of 12)
[2026-01-22 11:56:08,204][flwr][DEBUG] - fit_round 6 received 4 results and 0 failures
[2026-01-22 11:56:08,630][flwr][INFO] - fit progress: (6, 0.32454129573753626, {'rmse': 7520.504504353415, 'mae': 4060.42724609375, 'r2': 0.5961959578642464, 'mape': 24.52445411682129, 'accuracy_10': 40.17051160335541, 'accuracy_20': 65.04513621330261}, 40.84676349995425)
[2026-01-22 11:56:08,630][flwr][DEBUG] - evaluate_round 6: strategy sampled 4 clients (out of 12)
[2026-01-22 11:56:08,797][flwr][DEBUG] - evaluate_round 6 received 4 results and 0 failures
[2026-01-22 11:56:08,797][flwr][DEBUG] - fit_round 7: strategy sampled 4 clients (out of 12)
[2026-01-22 11:56:14,388][flwr][DEBUG] - fit_round 7 received 4 results and 0 failures
[2026-01-22 11:56:14,857][flwr][INFO] - fit progress: (7, 0.3358027107318641, {'rmse': 7471.116650140058, 'mae': 4460.890625, 'r2': 0.601482168849475, 'mape': 23.83457374572754, 'accuracy_10': 31.04313015937805, 'accuracy_20': 53.00902724266052}, 47.0734891659813)
[2026-01-22 11:56:14,857][flwr][DEBUG] - evaluate_round 7: strategy sampled 4 clients (out of 12)
[2026-01-22 11:56:15,055][flwr][DEBUG] - evaluate_round 7 received 4 results and 0 failures
[2026-01-22 11:56:15,055][flwr][DEBUG] - fit_round 8: strategy sampled 4 clients (out of 12)
[2026-01-22 11:56:20,566][flwr][DEBUG] - fit_round 8 received 4 results and 0 failures
[2026-01-22 11:56:20,999][flwr][INFO] - fit progress: (8, 0.4143154340214213, {'rmse': 8747.063507257735, 'mae': 4452.220703125, 'r2': 0.4537376462463619, 'mape': 28.466991424560547, 'accuracy_10': 44.88465487957001, 'accuracy_20': 66.19859337806702}, 53.21606583299581)
[2026-01-22 11:56:21,001][flwr][DEBUG] - evaluate_round 8: strategy sampled 4 clients (out of 12)
[2026-01-22 11:56:21,074][flwr][DEBUG] - evaluate_round 8 received 4 results and 0 failures
[2026-01-22 11:56:21,074][flwr][DEBUG] - fit_round 9: strategy sampled 4 clients (out of 12)
[2026-01-22 11:56:26,358][flwr][DEBUG] - fit_round 9 received 4 results and 0 failures
[2026-01-22 11:56:26,791][flwr][INFO] - fit progress: (9, 0.3409490072529916, {'rmse': 7677.829901736558, 'mae': 4249.595703125, 'r2': 0.5791244471800109, 'mape': 25.579294204711914, 'accuracy_10': 38.415247201919556, 'accuracy_20': 63.79137635231018}, 59.00719270796981)
[2026-01-22 11:56:26,791][flwr][DEBUG] - evaluate_round 9: strategy sampled 4 clients (out of 12)
[2026-01-22 11:56:26,948][flwr][DEBUG] - evaluate_round 9 received 4 results and 0 failures
[2026-01-22 11:56:26,948][flwr][DEBUG] - fit_round 10: strategy sampled 4 clients (out of 12)
[2026-01-22 11:56:32,320][flwr][DEBUG] - fit_round 10 received 4 results and 0 failures
[2026-01-22 11:56:32,752][flwr][INFO] - fit progress: (10, 0.44495800576932215, {'rmse': 8843.052866516178, 'mae': 5001.2880859375, 'r2': 0.4416826095802029, 'mape': 23.905559539794922, 'accuracy_10': 27.081245183944702, 'accuracy_20': 47.091272473335266}, 64.96845458296593)
[2026-01-22 11:56:32,752][flwr][DEBUG] - evaluate_round 10: strategy sampled 4 clients (out of 12)
[2026-01-22 11:56:32,908][flwr][DEBUG] - evaluate_round 10 received 4 results and 0 failures
[2026-01-22 11:56:32,908][flwr][DEBUG] - fit_round 11: strategy sampled 4 clients (out of 12)
[2026-01-22 11:56:38,239][flwr][DEBUG] - fit_round 11 received 4 results and 0 failures
[2026-01-22 11:56:38,673][flwr][INFO] - fit progress: (11, 0.38980169906659257, {'rmse': 8507.88998518434, 'mae': 4310.94970703125, 'r2': 0.48320245008927487, 'mape': 27.421192169189453, 'accuracy_10': 44.38315033912659, 'accuracy_20': 66.95085167884827}, 70.88940133299911)
[2026-01-22 11:56:38,673][flwr][DEBUG] - evaluate_round 11: strategy sampled 4 clients (out of 12)
[2026-01-22 11:56:38,828][flwr][DEBUG] - evaluate_round 11 received 4 results and 0 failures
[2026-01-22 11:56:38,828][flwr][DEBUG] - fit_round 12: strategy sampled 4 clients (out of 12)
[2026-01-22 11:56:44,060][flwr][DEBUG] - fit_round 12 received 4 results and 0 failures
[2026-01-22 11:56:44,496][flwr][INFO] - fit progress: (12, 0.3633544398555784, {'rmse': 7893.087102015282, 'mae': 4443.56201171875, 'r2': 0.5551941202738246, 'mape': 25.682207107543945, 'accuracy_10': 38.96690011024475, 'accuracy_20': 61.18354797363281}, 76.71245875000022)
[2026-01-22 11:56:44,496][flwr][DEBUG] - evaluate_round 12: strategy sampled 4 clients (out of 12)
[2026-01-22 11:56:44,699][flwr][DEBUG] - evaluate_round 12 received 4 results and 0 failures
[2026-01-22 11:56:44,700][flwr][DEBUG] - fit_round 13: strategy sampled 4 clients (out of 12)
[2026-01-22 11:56:49,885][flwr][DEBUG] - fit_round 13 received 4 results and 0 failures
[2026-01-22 11:56:50,327][flwr][INFO] - fit progress: (13, 0.37919661283134337, {'rmse': 8057.769666601298, 'mae': 4512.029296875, 'r2': 0.5364395107518164, 'mape': 26.1785888671875, 'accuracy_10': 41.57472550868988, 'accuracy_20': 61.735206842422485}, 82.54343949997565)
[2026-01-22 11:56:50,328][flwr][DEBUG] - evaluate_round 13: strategy sampled 4 clients (out of 12)
[2026-01-22 11:56:50,387][flwr][DEBUG] - evaluate_round 13 received 4 results and 0 failures
[2026-01-22 11:56:50,387][flwr][DEBUG] - fit_round 14: strategy sampled 4 clients (out of 12)
[2026-01-22 11:56:53,907][flwr][DEBUG] - fit_round 14 received 4 results and 0 failures
[2026-01-22 11:56:54,356][flwr][INFO] - fit progress: (14, 0.387864942117823, {'rmse': 8383.014255027842, 'mae': 4843.0068359375, 'r2': 0.4982618450196278, 'mape': 24.44357681274414, 'accuracy_10': 27.7833491563797, 'accuracy_20': 50.8525550365448}, 86.5725307079847)
[2026-01-22 11:56:54,356][flwr][DEBUG] - evaluate_round 14: strategy sampled 4 clients (out of 12)
[2026-01-22 11:56:54,413][flwr][DEBUG] - evaluate_round 14 received 4 results and 0 failures
[2026-01-22 11:56:54,413][flwr][DEBUG] - fit_round 15: strategy sampled 4 clients (out of 12)
[2026-01-22 11:56:59,926][flwr][DEBUG] - fit_round 15 received 4 results and 0 failures
[2026-01-22 11:57:00,373][flwr][INFO] - fit progress: (15, 0.4249330812480409, {'rmse': 8930.31108080788, 'mae': 4545.75927734375, 'r2': 0.430609901212209, 'mape': 29.16746711730957, 'accuracy_10': 43.63089203834534, 'accuracy_20': 65.44634103775024}, 92.58902520796983)
[2026-01-22 11:57:00,373][flwr][DEBUG] - evaluate_round 15: strategy sampled 4 clients (out of 12)
[2026-01-22 11:57:00,452][flwr][DEBUG] - evaluate_round 15 received 4 results and 0 failures
[2026-01-22 11:57:00,452][flwr][DEBUG] - fit_round 16: strategy sampled 4 clients (out of 12)
[2026-01-22 11:57:05,710][flwr][DEBUG] - fit_round 16 received 4 results and 0 failures
[2026-01-22 11:57:06,149][flwr][INFO] - fit progress: (16, 0.47689595652619, {'rmse': 9278.991755573446, 'mae': 4875.8505859375, 'r2': 0.3852786621046429, 'mape': 31.842296600341797, 'accuracy_10': 40.92276692390442, 'accuracy_20': 64.34302926063538}, 98.36505058297189)
[2026-01-22 11:57:06,149][flwr][DEBUG] - evaluate_round 16: strategy sampled 4 clients (out of 12)
[2026-01-22 11:57:06,214][flwr][DEBUG] - evaluate_round 16 received 4 results and 0 failures
[2026-01-22 11:57:06,214][flwr][DEBUG] - fit_round 17: strategy sampled 4 clients (out of 12)
[2026-01-22 11:57:11,478][flwr][DEBUG] - fit_round 17 received 4 results and 0 failures
[2026-01-22 11:57:11,915][flwr][INFO] - fit progress: (17, 0.4421882925026395, {'rmse': 8781.36208113525, 'mae': 4970.2216796875, 'r2': 0.44944526169882903, 'mape': 28.5672550201416, 'accuracy_10': 39.06720280647278, 'accuracy_20': 60.53159236907959}, 104.13139295799192)
[2026-01-22 11:57:11,915][flwr][DEBUG] - evaluate_round 17: strategy sampled 4 clients (out of 12)
[2026-01-22 11:57:11,969][flwr][DEBUG] - evaluate_round 17 received 4 results and 0 failures
[2026-01-22 11:57:11,969][flwr][DEBUG] - fit_round 18: strategy sampled 4 clients (out of 12)
[2026-01-22 11:57:17,135][flwr][DEBUG] - fit_round 18 received 4 results and 0 failures
[2026-01-22 11:57:17,587][flwr][INFO] - fit progress: (18, 0.473225640108736, {'rmse': 8982.786650032383, 'mae': 5294.54833984375, 'r2': 0.4238986835568861, 'mape': 27.264482498168945, 'accuracy_10': 27.883651852607727, 'accuracy_20': 48.74624013900757}, 109.80341170798056)
[2026-01-22 11:57:17,588][flwr][DEBUG] - evaluate_round 18: strategy sampled 4 clients (out of 12)
[2026-01-22 11:57:17,767][flwr][DEBUG] - evaluate_round 18 received 4 results and 0 failures
[2026-01-22 11:57:17,767][flwr][DEBUG] - fit_round 19: strategy sampled 4 clients (out of 12)
[2026-01-22 11:57:21,011][flwr][DEBUG] - fit_round 19 received 4 results and 0 failures
[2026-01-22 11:57:21,447][flwr][INFO] - fit progress: (19, 0.3527877150606009, {'rmse': 7750.620104223919, 'mae': 4245.5, 'r2': 0.5711063427726801, 'mape': 26.100841522216797, 'accuracy_10': 40.47141373157501, 'accuracy_20': 64.34302926063538}, 113.66360516595887)
[2026-01-22 11:57:21,448][flwr][DEBUG] - evaluate_round 19: strategy sampled 4 clients (out of 12)
[2026-01-22 11:57:21,504][flwr][DEBUG] - evaluate_round 19 received 4 results and 0 failures
[2026-01-22 11:57:21,504][flwr][DEBUG] - fit_round 20: strategy sampled 4 clients (out of 12)
[2026-01-22 11:57:26,867][flwr][DEBUG] - fit_round 20 received 4 results and 0 failures
[2026-01-22 11:57:27,320][flwr][INFO] - fit progress: (20, 0.4439647397401938, {'rmse': 8750.032685653237, 'mae': 5165.173828125, 'r2': 0.4533667139185449, 'mape': 26.26824951171875, 'accuracy_10': 28.18455398082733, 'accuracy_20': 49.297893047332764}, 119.53670495800907)
[2026-01-22 11:57:27,321][flwr][DEBUG] - evaluate_round 20: strategy sampled 4 clients (out of 12)
[2026-01-22 11:57:27,388][flwr][DEBUG] - evaluate_round 20 received 4 results and 0 failures
[2026-01-22 11:57:27,389][flwr][DEBUG] - fit_round 21: strategy sampled 4 clients (out of 12)
[2026-01-22 11:57:32,624][flwr][DEBUG] - fit_round 21 received 4 results and 0 failures
[2026-01-22 11:57:33,062][flwr][INFO] - fit progress: (21, 0.42428208510937876, {'rmse': 8526.869531076454, 'mae': 4823.90771484375, 'r2': 0.48089413991452423, 'mape': 26.944446563720703, 'accuracy_10': 36.50952875614166, 'accuracy_20': 61.38415336608887}, 125.27851400000509)
[2026-01-22 11:57:33,065][flwr][DEBUG] - evaluate_round 21: strategy sampled 4 clients (out of 12)
[2026-01-22 11:57:33,122][flwr][DEBUG] - evaluate_round 21 received 4 results and 0 failures
[2026-01-22 11:57:33,122][flwr][DEBUG] - fit_round 22: strategy sampled 4 clients (out of 12)
[2026-01-22 11:57:38,644][flwr][DEBUG] - fit_round 22 received 4 results and 0 failures
[2026-01-22 11:57:39,110][flwr][INFO] - fit progress: (22, 0.4228469265126058, {'rmse': 8526.438881502641, 'mae': 4727.005859375, 'r2': 0.48094652684616124, 'mape': 26.812320709228516, 'accuracy_10': 42.126378417015076, 'accuracy_20': 62.487465143203735}, 131.3263840409927)
[2026-01-22 11:57:39,110][flwr][DEBUG] - evaluate_round 22: strategy sampled 4 clients (out of 12)
[2026-01-22 11:57:39,292][flwr][DEBUG] - evaluate_round 22 received 4 results and 0 failures
[2026-01-22 11:57:39,292][flwr][DEBUG] - fit_round 23: strategy sampled 4 clients (out of 12)
[2026-01-22 11:57:44,761][flwr][DEBUG] - fit_round 23 received 4 results and 0 failures
[2026-01-22 11:57:45,185][flwr][INFO] - fit progress: (23, 0.39020883001260076, {'rmse': 8181.005317196658, 'mae': 4458.41455078125, 'r2': 0.5221516644495594, 'mape': 26.037506103515625, 'accuracy_10': 44.93480324745178, 'accuracy_20': 63.99197578430176}, 137.401456957974)
[2026-01-22 11:57:45,185][flwr][DEBUG] - evaluate_round 23: strategy sampled 4 clients (out of 12)
[2026-01-22 11:57:45,355][flwr][DEBUG] - evaluate_round 23 received 4 results and 0 failures
[2026-01-22 11:57:45,355][flwr][DEBUG] - fit_round 24: strategy sampled 4 clients (out of 12)
[2026-01-22 11:57:50,559][flwr][DEBUG] - fit_round 24 received 4 results and 0 failures
[2026-01-22 11:57:50,991][flwr][INFO] - fit progress: (24, 0.6138026152953222, {'rmse': 10035.780786764924, 'mae': 5449.57080078125, 'r2': 0.2809169719344493, 'mape': 24.923601150512695, 'accuracy_10': 27.68304944038391, 'accuracy_20': 47.54262864589691}, 143.20749087497825)
[2026-01-22 11:57:50,991][flwr][DEBUG] - evaluate_round 24: strategy sampled 4 clients (out of 12)
[2026-01-22 11:57:51,057][flwr][DEBUG] - evaluate_round 24 received 4 results and 0 failures
[2026-01-22 11:57:51,057][flwr][DEBUG] - fit_round 25: strategy sampled 4 clients (out of 12)
[2026-01-22 11:57:56,162][flwr][DEBUG] - fit_round 25 received 4 results and 0 failures
[2026-01-22 11:57:56,592][flwr][INFO] - fit progress: (25, 0.4807823592406458, {'rmse': 8945.667107600193, 'mae': 5126.38037109375, 'r2': 0.42865005506200904, 'mape': 25.253629684448242, 'accuracy_10': 29.78936731815338, 'accuracy_20': 50.75225830078125}, 148.80815466598142)
[2026-01-22 11:57:56,592][flwr][DEBUG] - evaluate_round 25: strategy sampled 4 clients (out of 12)
[2026-01-22 11:57:56,657][flwr][DEBUG] - evaluate_round 25 received 4 results and 0 failures
[2026-01-22 11:57:56,657][flwr][DEBUG] - fit_round 26: strategy sampled 4 clients (out of 12)
[2026-01-22 11:58:01,912][flwr][DEBUG] - fit_round 26 received 4 results and 0 failures
[2026-01-22 11:58:02,356][flwr][INFO] - fit progress: (26, 0.4185442552493592, {'rmse': 8720.437603698567, 'mae': 4580.26953125, 'r2': 0.45705820334764813, 'mape': 28.635225296020508, 'accuracy_10': 43.12938749790192, 'accuracy_20': 63.89167308807373}, 154.57214433298213)
[2026-01-22 11:58:02,356][flwr][DEBUG] - evaluate_round 26: strategy sampled 4 clients (out of 12)
[2026-01-22 11:58:02,431][flwr][DEBUG] - evaluate_round 26 received 4 results and 0 failures
[2026-01-22 11:58:02,431][flwr][DEBUG] - fit_round 27: strategy sampled 4 clients (out of 12)
[2026-01-22 11:58:07,452][flwr][DEBUG] - fit_round 27 received 4 results and 0 failures
[2026-01-22 11:58:07,889][flwr][INFO] - fit progress: (27, 0.5171143125925762, {'rmse': 10219.139689817339, 'mae': 5681.37158203125, 'r2': 0.2544008542413704, 'mape': 36.21083450317383, 'accuracy_10': 21.614845097064972, 'accuracy_20': 56.31895661354065}, 160.10560866596643)
[2026-01-22 11:58:07,890][flwr][DEBUG] - evaluate_round 27: strategy sampled 4 clients (out of 12)
[2026-01-22 11:58:07,951][flwr][DEBUG] - evaluate_round 27 received 4 results and 0 failures
[2026-01-22 11:58:07,951][flwr][DEBUG] - fit_round 28: strategy sampled 4 clients (out of 12)
[2026-01-22 11:58:13,196][flwr][DEBUG] - fit_round 28 received 4 results and 0 failures
[2026-01-22 11:58:13,640][flwr][INFO] - fit progress: (28, 0.40060491993679564, {'rmse': 8664.117266057749, 'mae': 4510.873046875, 'r2': 0.46404866153442903, 'mape': 25.54096221923828, 'accuracy_10': 48.194584250450134, 'accuracy_20': 65.04513621330261}, 165.85596700001042)
[2026-01-22 11:58:13,640][flwr][DEBUG] - evaluate_round 28: strategy sampled 4 clients (out of 12)
[2026-01-22 11:58:13,701][flwr][DEBUG] - evaluate_round 28 received 4 results and 0 failures
[2026-01-22 11:58:13,701][flwr][DEBUG] - fit_round 29: strategy sampled 4 clients (out of 12)
[2026-01-22 11:58:16,897][flwr][DEBUG] - fit_round 29 received 4 results and 0 failures
[2026-01-22 11:58:17,320][flwr][INFO] - fit progress: (29, 0.40327859989020864, {'rmse': 8793.84512031, 'mae': 4789.2109375, 'r2': 0.4478788748436898, 'mape': 23.57329559326172, 'accuracy_10': 32.6479434967041, 'accuracy_20': 56.21865391731262}, 169.53593491599895)
[2026-01-22 11:58:17,320][flwr][DEBUG] - evaluate_round 29: strategy sampled 4 clients (out of 12)
[2026-01-22 11:58:17,376][flwr][DEBUG] - evaluate_round 29 received 4 results and 0 failures
[2026-01-22 11:58:17,376][flwr][DEBUG] - fit_round 30: strategy sampled 4 clients (out of 12)
[2026-01-22 11:58:22,564][flwr][DEBUG] - fit_round 30 received 4 results and 0 failures
[2026-01-22 11:58:23,003][flwr][INFO] - fit progress: (30, 0.3619845746946311, {'rmse': 8178.139152643466, 'mae': 4331.818359375, 'r2': 0.5224864304354345, 'mape': 23.543806076049805, 'accuracy_10': 46.589767932891846, 'accuracy_20': 66.04814529418945}, 175.21917166595813)
[2026-01-22 11:58:23,003][flwr][DEBUG] - evaluate_round 30: strategy sampled 4 clients (out of 12)
[2026-01-22 11:58:23,064][flwr][DEBUG] - evaluate_round 30 received 4 results and 0 failures
[2026-01-22 11:58:23,064][flwr][DEBUG] - fit_round 31: strategy sampled 4 clients (out of 12)
[2026-01-22 11:58:28,210][flwr][DEBUG] - fit_round 31 received 4 results and 0 failures
[2026-01-22 11:58:28,632][flwr][INFO] - fit progress: (31, 0.34903300778123897, {'rmse': 8067.898859058659, 'mae': 4160.35107421875, 'r2': 0.5352733295491157, 'mape': 23.237783432006836, 'accuracy_10': 50.35105347633362, 'accuracy_20': 67.95386075973511}, 180.8483690409921)
[2026-01-22 11:58:28,632][flwr][DEBUG] - evaluate_round 31: strategy sampled 4 clients (out of 12)
[2026-01-22 11:58:28,691][flwr][DEBUG] - evaluate_round 31 received 4 results and 0 failures
[2026-01-22 11:58:28,691][flwr][DEBUG] - fit_round 32: strategy sampled 4 clients (out of 12)
[2026-01-22 11:58:33,919][flwr][DEBUG] - fit_round 32 received 4 results and 0 failures
[2026-01-22 11:58:34,345][flwr][INFO] - fit progress: (32, 0.45372930629442304, {'rmse': 8949.473727543984, 'mae': 4914.404296875, 'r2': 0.4281637306910452, 'mape': 23.931194305419922, 'accuracy_10': 35.155466198921204, 'accuracy_20': 56.82046413421631}, 186.56078095798148)
[2026-01-22 11:58:34,345][flwr][DEBUG] - evaluate_round 32: strategy sampled 4 clients (out of 12)
[2026-01-22 11:58:34,396][flwr][DEBUG] - evaluate_round 32 received 4 results and 0 failures
[2026-01-22 11:58:34,396][flwr][DEBUG] - fit_round 33: strategy sampled 4 clients (out of 12)
[2026-01-22 11:58:39,479][flwr][DEBUG] - fit_round 33 received 4 results and 0 failures
[2026-01-22 11:58:39,915][flwr][INFO] - fit progress: (33, 0.43611123123642437, {'rmse': 8848.521684439724, 'mae': 4799.7890625, 'r2': 0.4409918412487074, 'mape': 23.208229064941406, 'accuracy_10': 35.155466198921204, 'accuracy_20': 56.92076086997986}, 192.13127404096304)
[2026-01-22 11:58:39,915][flwr][DEBUG] - evaluate_round 33: strategy sampled 4 clients (out of 12)
[2026-01-22 11:58:39,976][flwr][DEBUG] - evaluate_round 33 received 4 results and 0 failures
[2026-01-22 11:58:39,976][flwr][DEBUG] - fit_round 34: strategy sampled 4 clients (out of 12)
[2026-01-22 11:58:45,068][flwr][DEBUG] - fit_round 34 received 4 results and 0 failures
[2026-01-22 11:58:45,499][flwr][INFO] - fit progress: (34, 0.44111535482205744, {'rmse': 8886.431454751677, 'mae': 4783.03662109375, 'r2': 0.43619166131455644, 'mape': 22.95444107055664, 'accuracy_10': 36.058175563812256, 'accuracy_20': 58.52557420730591}, 197.71485291596036)
[2026-01-22 11:58:45,500][flwr][DEBUG] - evaluate_round 34: strategy sampled 4 clients (out of 12)
[2026-01-22 11:58:45,564][flwr][DEBUG] - evaluate_round 34 received 4 results and 0 failures
[2026-01-22 11:58:45,564][flwr][DEBUG] - fit_round 35: strategy sampled 4 clients (out of 12)
[2026-01-22 11:58:50,873][flwr][DEBUG] - fit_round 35 received 4 results and 0 failures
[2026-01-22 11:58:51,297][flwr][INFO] - fit progress: (35, 0.4778771638989807, {'rmse': 9016.601133464872, 'mae': 4937.22314453125, 'r2': 0.41955320810998975, 'mape': 23.961406707763672, 'accuracy_10': 34.20260846614838, 'accuracy_20': 58.625876903533936}, 203.51326499995776)
[2026-01-22 11:58:51,298][flwr][DEBUG] - evaluate_round 35: strategy sampled 4 clients (out of 12)
[2026-01-22 11:58:51,357][flwr][DEBUG] - evaluate_round 35 received 4 results and 0 failures
[2026-01-22 11:58:51,358][flwr][DEBUG] - fit_round 36: strategy sampled 4 clients (out of 12)
[2026-01-22 11:58:56,980][flwr][DEBUG] - fit_round 36 received 4 results and 0 failures
[2026-01-22 11:58:57,445][flwr][INFO] - fit progress: (36, 0.503750778248939, {'rmse': 9141.306689965062, 'mae': 4968.29296875, 'r2': 0.403386237290156, 'mape': 24.07781410217285, 'accuracy_10': 34.95486378669739, 'accuracy_20': 58.625876903533936}, 209.66135033295723)
[2026-01-22 11:58:57,446][flwr][DEBUG] - evaluate_round 36: strategy sampled 4 clients (out of 12)
[2026-01-22 11:58:57,522][flwr][DEBUG] - evaluate_round 36 received 4 results and 0 failures
[2026-01-22 11:58:57,522][flwr][DEBUG] - fit_round 37: strategy sampled 4 clients (out of 12)
[2026-01-22 11:59:00,731][flwr][DEBUG] - fit_round 37 received 4 results and 0 failures
[2026-01-22 11:59:01,160][flwr][INFO] - fit progress: (37, 0.4102879764144136, {'rmse': 8646.040943692089, 'mae': 4593.3466796875, 'r2': 0.4662827031140482, 'mape': 22.58431625366211, 'accuracy_10': 34.95486378669739, 'accuracy_20': 57.67301917076111}, 213.37600533297518)
[2026-01-22 11:59:01,160][flwr][DEBUG] - evaluate_round 37: strategy sampled 4 clients (out of 12)
[2026-01-22 11:59:01,219][flwr][DEBUG] - evaluate_round 37 received 4 results and 0 failures
[2026-01-22 11:59:01,219][flwr][DEBUG] - fit_round 38: strategy sampled 4 clients (out of 12)
[2026-01-22 11:59:06,416][flwr][DEBUG] - fit_round 38 received 4 results and 0 failures
[2026-01-22 11:59:06,842][flwr][INFO] - fit progress: (38, 0.36029943985978485, {'rmse': 8394.744546440947, 'mae': 4278.11474609375, 'r2': 0.49685672543780335, 'mape': 25.767391204833984, 'accuracy_10': 45.03510594367981, 'accuracy_20': 68.55566501617432}, 219.05790379096288)
[2026-01-22 11:59:06,842][flwr][DEBUG] - evaluate_round 38: strategy sampled 4 clients (out of 12)
[2026-01-22 11:59:06,946][flwr][DEBUG] - evaluate_round 38 received 4 results and 0 failures
[2026-01-22 11:59:06,946][flwr][DEBUG] - fit_round 39: strategy sampled 4 clients (out of 12)
[2026-01-22 11:59:12,156][flwr][DEBUG] - fit_round 39 received 4 results and 0 failures
[2026-01-22 11:59:12,585][flwr][INFO] - fit progress: (39, 0.32954902245981643, {'rmse': 7859.2785928480735, 'mae': 4047.96044921875, 'r2': 0.5589964552878419, 'mape': 23.263755798339844, 'accuracy_10': 44.583749771118164, 'accuracy_20': 67.85355806350708}, 224.7965345410048)
[2026-01-22 11:59:12,585][flwr][DEBUG] - evaluate_round 39: strategy sampled 4 clients (out of 12)
[2026-01-22 11:59:12,646][flwr][DEBUG] - evaluate_round 39 received 4 results and 0 failures
[2026-01-22 11:59:12,647][flwr][DEBUG] - fit_round 40: strategy sampled 4 clients (out of 12)
[2026-01-22 11:59:18,128][flwr][DEBUG] - fit_round 40 received 4 results and 0 failures
[2026-01-22 11:59:18,578][flwr][INFO] - fit progress: (40, 0.34544520831873327, {'rmse': 8061.273348547362, 'mae': 4094.357177734375, 'r2': 0.5360362839045523, 'mape': 22.054895401000977, 'accuracy_10': 48.99699091911316, 'accuracy_20': 69.90972757339478}, 230.78379912499804)
[2026-01-22 11:59:18,579][flwr][DEBUG] - evaluate_round 40: strategy sampled 4 clients (out of 12)
[2026-01-22 11:59:18,656][flwr][DEBUG] - evaluate_round 40 received 4 results and 0 failures
[2026-01-22 11:59:18,657][flwr][INFO] - FL finished in 230.86228183296043
[2026-01-22 11:59:18,658][flwr][INFO] - app_fit: losses_distributed [(1, 0.4437811767639116), (2, 0.4829238951206207), (3, 0.3217354920283656), (4, 0.17036413034796716), (5, 0.1582290681442654), (6, 0.14975305270658146), (7, 0.1639196249151152), (8, 0.29058433483257445), (9, 0.30430425766488195), (10, 0.4022892900290919), (11, 0.45792768751812535), (12, 0.47180109360703715), (13, 0.42874558483351005), (14, 0.43554177356637874), (15, 0.09918969028466751), (16, 0.5379080512932131), (17, 0.18630058772792757), (18, 0.42817663925000465), (19, 0.5060635195963038), (20, 0.567184414382272), (21, 0.3032880763637532), (22, 0.33931451912650834), (23, 0.23664586248783373), (24, 0.8005288746033874), (25, 0.5139789008575937), (26, 0.12739041725557948), (27, 0.8998556126925078), (28, 0.8487672645054506), (29, 0.36896537923812867), (30, 0.5272953234439672), (31, 0.38182877808669363), (32, 0.50262456794375), (33, 0.21849524563217496), (34, 0.40815090972965007), (35, 0.30759851972409785), (36, 0.20207892372959949), (37, 0.21003836168531786), (38, 0.5751438518857648), (39, 0.2209134629962069), (40, 0.5436696836941464)]
[2026-01-22 11:59:18,658][flwr][INFO] - app_fit: metrics_distributed_fit {}
[2026-01-22 11:59:18,658][flwr][INFO] - app_fit: metrics_distributed {}
[2026-01-22 11:59:18,658][flwr][INFO] - app_fit: losses_centralized [(0, 4.134466124154859), (1, 0.44916127417367346), (2, 0.30000770032226504), (3, 0.3190599096754011), (4, 0.32245159649860894), (5, 0.334997629524473), (6, 0.32454129573753626), (7, 0.3358027107318641), (8, 0.4143154340214213), (9, 0.3409490072529916), (10, 0.44495800576932215), (11, 0.38980169906659257), (12, 0.3633544398555784), (13, 0.37919661283134337), (14, 0.387864942117823), (15, 0.4249330812480409), (16, 0.47689595652619), (17, 0.4421882925026395), (18, 0.473225640108736), (19, 0.3527877150606009), (20, 0.4439647397401938), (21, 0.42428208510937876), (22, 0.4228469265126058), (23, 0.39020883001260076), (24, 0.6138026152953222), (25, 0.4807823592406458), (26, 0.4185442552493592), (27, 0.5171143125925762), (28, 0.40060491993679564), (29, 0.40327859989020864), (30, 0.3619845746946311), (31, 0.34903300778123897), (32, 0.45372930629442304), (33, 0.43611123123642437), (34, 0.44111535482205744), (35, 0.4778771638989807), (36, 0.503750778248939), (37, 0.4102879764144136), (38, 0.36029943985978485), (39, 0.32954902245981643), (40, 0.34544520831873327)]
[2026-01-22 11:59:18,659][flwr][INFO] - app_fit: metrics_centralized {'rmse': [(0, 24250.156288156166), (1, 9330.215002881767), (2, 7101.322412058194), (3, 7029.612791612351), (4, 7228.477018017004), (5, 7485.876034239413), (6, 7520.504504353415), (7, 7471.116650140058), (8, 8747.063507257735), (9, 7677.829901736558), (10, 8843.052866516178), (11, 8507.88998518434), (12, 7893.087102015282), (13, 8057.769666601298), (14, 8383.014255027842), (15, 8930.31108080788), (16, 9278.991755573446), (17, 8781.36208113525), (18, 8982.786650032383), (19, 7750.620104223919), (20, 8750.032685653237), (21, 8526.869531076454), (22, 8526.438881502641), (23, 8181.005317196658), (24, 10035.780786764924), (25, 8945.667107600193), (26, 8720.437603698567), (27, 10219.139689817339), (28, 8664.117266057749), (29, 8793.84512031), (30, 8178.139152643466), (31, 8067.898859058659), (32, 8949.473727543984), (33, 8848.521684439724), (34, 8886.431454751677), (35, 9016.601133464872), (36, 9141.306689965062), (37, 8646.040943692089), (38, 8394.744546440947), (39, 7859.2785928480735), (40, 8061.273348547362)], 'mae': [(0, 20810.46875), (1, 5137.7392578125), (2, 3859.271728515625), (3, 4078.883056640625), (4, 4011.0185546875), (5, 4081.8515625), (6, 4060.42724609375), (7, 4460.890625), (8, 4452.220703125), (9, 4249.595703125), (10, 5001.2880859375), (11, 4310.94970703125), (12, 4443.56201171875), (13, 4512.029296875), (14, 4843.0068359375), (15, 4545.75927734375), (16, 4875.8505859375), (17, 4970.2216796875), (18, 5294.54833984375), (19, 4245.5), (20, 5165.173828125), (21, 4823.90771484375), (22, 4727.005859375), (23, 4458.41455078125), (24, 5449.57080078125), (25, 5126.38037109375), (26, 4580.26953125), (27, 5681.37158203125), (28, 4510.873046875), (29, 4789.2109375), (30, 4331.818359375), (31, 4160.35107421875), (32, 4914.404296875), (33, 4799.7890625), (34, 4783.03662109375), (35, 4937.22314453125), (36, 4968.29296875), (37, 4593.3466796875), (38, 4278.11474609375), (39, 4047.96044921875), (40, 4094.357177734375)], 'r2': [(0, -3.198612761198425), (1, 0.37847299544603275), (2, 0.6399563223224176), (3, 0.6471911159742245), (4, 0.6269471747311254), (5, 0.5999060437741212), (6, 0.5961959578642464), (7, 0.601482168849475), (8, 0.4537376462463619), (9, 0.5791244471800109), (10, 0.4416826095802029), (11, 0.48320245008927487), (12, 0.5551941202738246), (13, 0.5364395107518164), (14, 0.4982618450196278), (15, 0.430609901212209), (16, 0.3852786621046429), (17, 0.44944526169882903), (18, 0.4238986835568861), (19, 0.5711063427726801), (20, 0.4533667139185449), (21, 0.48089413991452423), (22, 0.48094652684616124), (23, 0.5221516644495594), (24, 0.2809169719344493), (25, 0.42865005506200904), (26, 0.45705820334764813), (27, 0.2544008542413704), (28, 0.46404866153442903), (29, 0.4478788748436898), (30, 0.5224864304354345), (31, 0.5352733295491157), (32, 0.4281637306910452), (33, 0.4409918412487074), (34, 0.43619166131455644), (35, 0.41955320810998975), (36, 0.403386237290156), (37, 0.4662827031140482), (38, 0.49685672543780335), (39, 0.5589964552878419), (40, 0.5360362839045523)], 'mape': [(0, 192.60643005371094), (1, 31.21416473388672), (2, 23.363840103149414), (3, 23.462278366088867), (4, 23.95416259765625), (5, 24.611534118652344), (6, 24.52445411682129), (7, 23.83457374572754), (8, 28.466991424560547), (9, 25.579294204711914), (10, 23.905559539794922), (11, 27.421192169189453), (12, 25.682207107543945), (13, 26.1785888671875), (14, 24.44357681274414), (15, 29.16746711730957), (16, 31.842296600341797), (17, 28.5672550201416), (18, 27.264482498168945), (19, 26.100841522216797), (20, 26.26824951171875), (21, 26.944446563720703), (22, 26.812320709228516), (23, 26.037506103515625), (24, 24.923601150512695), (25, 25.253629684448242), (26, 28.635225296020508), (27, 36.21083450317383), (28, 25.54096221923828), (29, 23.57329559326172), (30, 23.543806076049805), (31, 23.237783432006836), (32, 23.931194305419922), (33, 23.208229064941406), (34, 22.95444107055664), (35, 23.961406707763672), (36, 24.07781410217285), (37, 22.58431625366211), (38, 25.767391204833984), (39, 23.263755798339844), (40, 22.054895401000977)], 'accuracy_10': [(0, 5.667001008987427), (1, 31.344032287597656), (2, 38.415247201919556), (3, 29.839518666267395), (4, 38.21464478969574), (5, 40.72216749191284), (6, 40.17051160335541), (7, 31.04313015937805), (8, 44.88465487957001), (9, 38.415247201919556), (10, 27.081245183944702), (11, 44.38315033912659), (12, 38.96690011024475), (13, 41.57472550868988), (14, 27.7833491563797), (15, 43.63089203834534), (16, 40.92276692390442), (17, 39.06720280647278), (18, 27.883651852607727), (19, 40.47141373157501), (20, 28.18455398082733), (21, 36.50952875614166), (22, 42.126378417015076), (23, 44.93480324745178), (24, 27.68304944038391), (25, 29.78936731815338), (26, 43.12938749790192), (27, 21.614845097064972), (28, 48.194584250450134), (29, 32.6479434967041), (30, 46.589767932891846), (31, 50.35105347633362), (32, 35.155466198921204), (33, 35.155466198921204), (34, 36.058175563812256), (35, 34.20260846614838), (36, 34.95486378669739), (37, 34.95486378669739), (38, 45.03510594367981), (39, 44.583749771118164), (40, 48.99699091911316)], 'accuracy_20': [(0, 11.384152621030807), (1, 57.12136626243591), (2, 64.24272656440735), (3, 56.67001008987427), (4, 61.985957622528076), (5, 64.04212713241577), (6, 65.04513621330261), (7, 53.00902724266052), (8, 66.19859337806702), (9, 63.79137635231018), (10, 47.091272473335266), (11, 66.95085167884827), (12, 61.18354797363281), (13, 61.735206842422485), (14, 50.8525550365448), (15, 65.44634103775024), (16, 64.34302926063538), (17, 60.53159236907959), (18, 48.74624013900757), (19, 64.34302926063538), (20, 49.297893047332764), (21, 61.38415336608887), (22, 62.487465143203735), (23, 63.99197578430176), (24, 47.54262864589691), (25, 50.75225830078125), (26, 63.89167308807373), (27, 56.31895661354065), (28, 65.04513621330261), (29, 56.21865391731262), (30, 66.04814529418945), (31, 67.95386075973511), (32, 56.82046413421631), (33, 56.92076086997986), (34, 58.52557420730591), (35, 58.625876903533936), (36, 58.625876903533936), (37, 57.67301917076111), (38, 68.55566501617432), (39, 67.85355806350708), (40, 69.90972757339478)]}
[2026-01-22 11:59:19,353][flwr][INFO] - Starting Flower simulation, config: ServerConfig(num_rounds=40, round_timeout=None)
[2026-01-22 11:59:26,877][flwr][INFO] - Flower VCE: Ray initialized with resources: {'object_store_memory': 2147483648.0, 'memory': 12342095872.0, 'CPU': 10.0, 'node:127.0.0.1': 1.0}
[2026-01-22 11:59:26,877][flwr][INFO] - Initializing global parameters
[2026-01-22 11:59:26,877][flwr][INFO] - Using initial parameters provided by strategy
[2026-01-22 11:59:26,877][flwr][INFO] - Evaluating initial parameters
[2026-01-22 11:59:27,328][flwr][INFO] - initial parameters (loss, other metrics): 4.134466124154859, {'rmse': 24250.156288156166, 'mae': 20810.46875, 'r2': -3.198612761198425, 'mape': 192.60643005371094, 'accuracy_10': 5.667001008987427, 'accuracy_20': 11.384152621030807}
[2026-01-22 11:59:27,328][flwr][INFO] - FL starting
[2026-01-22 11:59:27,328][flwr][DEBUG] - fit_round 1: strategy sampled 4 clients (out of 12)
[2026-01-22 11:59:40,962][flwr][DEBUG] - fit_round 1 received 4 results and 0 failures
[2026-01-22 11:59:40,966][flwr][WARNING] - No fit_metrics_aggregation_fn provided
[2026-01-22 11:59:41,475][flwr][INFO] - fit progress: (1, 0.32282682600148105, {'rmse': 7656.812914000185, 'mae': 4300.173828125, 'r2': 0.581425483021589, 'mape': 25.820323944091797, 'accuracy_10': 32.196590304374695, 'accuracy_20': 59.378135204315186}, 14.142001917003654)
[2026-01-22 11:59:41,475][flwr][DEBUG] - evaluate_round 1: strategy sampled 4 clients (out of 12)
[2026-01-22 11:59:41,665][flwr][DEBUG] - evaluate_round 1 received 4 results and 0 failures
[2026-01-22 11:59:41,665][flwr][WARNING] - No evaluate_metrics_aggregation_fn provided
[2026-01-22 11:59:41,665][flwr][DEBUG] - fit_round 2: strategy sampled 4 clients (out of 12)
[2026-01-22 11:59:49,909][flwr][DEBUG] - fit_round 2 received 4 results and 0 failures
[2026-01-22 11:59:50,327][flwr][INFO] - fit progress: (2, 0.2631774646647596, {'rmse': 6467.20094012858, 'mae': 3673.58935546875, 'r2': 0.7013865113682575, 'mape': 21.220478057861328, 'accuracy_10': 30.2908718585968, 'accuracy_20': 58.47542881965637}, 22.992815541976597)
[2026-01-22 11:59:50,327][flwr][DEBUG] - evaluate_round 2: strategy sampled 4 clients (out of 12)
[2026-01-22 11:59:50,480][flwr][DEBUG] - evaluate_round 2 received 4 results and 0 failures
[2026-01-22 11:59:50,480][flwr][DEBUG] - fit_round 3: strategy sampled 4 clients (out of 12)
[2026-01-22 11:59:58,903][flwr][DEBUG] - fit_round 3 received 4 results and 0 failures
[2026-01-22 11:59:59,333][flwr][INFO] - fit progress: (3, 0.25541963835537373, {'rmse': 6590.485869797461, 'mae': 3666.90625, 'r2': 0.6898929769598403, 'mape': 19.996448516845703, 'accuracy_10': 29.78936731815338, 'accuracy_20': 58.27482342720032}, 31.99818624998443)
[2026-01-22 11:59:59,333][flwr][DEBUG] - evaluate_round 3: strategy sampled 4 clients (out of 12)
[2026-01-22 11:59:59,524][flwr][DEBUG] - evaluate_round 3 received 4 results and 0 failures
[2026-01-22 11:59:59,525][flwr][DEBUG] - fit_round 4: strategy sampled 4 clients (out of 12)
[2026-01-22 12:00:08,268][flwr][DEBUG] - fit_round 4 received 4 results and 0 failures
[2026-01-22 12:00:08,713][flwr][INFO] - fit progress: (4, 0.27064526457724386, {'rmse': 6917.487405120446, 'mae': 3654.29833984375, 'r2': 0.6583562494382924, 'mape': 22.33610725402832, 'accuracy_10': 40.82246720790863, 'accuracy_20': 67.85355806350708}, 41.377275832986925)
[2026-01-22 12:00:08,713][flwr][DEBUG] - evaluate_round 4: strategy sampled 4 clients (out of 12)
[2026-01-22 12:00:08,873][flwr][DEBUG] - evaluate_round 4 received 4 results and 0 failures
[2026-01-22 12:00:08,874][flwr][DEBUG] - fit_round 5: strategy sampled 4 clients (out of 12)
[2026-01-22 12:00:16,788][flwr][DEBUG] - fit_round 5 received 4 results and 0 failures
[2026-01-22 12:00:17,267][flwr][INFO] - fit progress: (5, 0.24405609909725284, {'rmse': 6541.239637866816, 'mae': 3469.9599609375, 'r2': 0.6945101252851362, 'mape': 20.936601638793945, 'accuracy_10': 41.22367203235626, 'accuracy_20': 68.5055136680603}, 49.9317274580244)
[2026-01-22 12:00:17,268][flwr][DEBUG] - evaluate_round 5: strategy sampled 4 clients (out of 12)
[2026-01-22 12:00:17,441][flwr][DEBUG] - evaluate_round 5 received 4 results and 0 failures
[2026-01-22 12:00:17,442][flwr][DEBUG] - fit_round 6: strategy sampled 4 clients (out of 12)
[2026-01-22 12:00:25,869][flwr][DEBUG] - fit_round 6 received 4 results and 0 failures
[2026-01-22 12:00:26,293][flwr][INFO] - fit progress: (6, 0.24082339614061798, {'rmse': 6425.344815649974, 'mae': 3631.270263671875, 'r2': 0.7052392974026642, 'mape': 19.97752571105957, 'accuracy_10': 33.75125229358673, 'accuracy_20': 61.233699321746826}, 58.95751412498066)
[2026-01-22 12:00:26,294][flwr][DEBUG] - evaluate_round 6: strategy sampled 4 clients (out of 12)
[2026-01-22 12:00:26,450][flwr][DEBUG] - evaluate_round 6 received 4 results and 0 failures
[2026-01-22 12:00:26,450][flwr][DEBUG] - fit_round 7: strategy sampled 4 clients (out of 12)
[2026-01-22 12:00:34,554][flwr][DEBUG] - fit_round 7 received 4 results and 0 failures
[2026-01-22 12:00:34,984][flwr][INFO] - fit progress: (7, 0.2474543622348349, {'rmse': 6576.190994793263, 'mae': 3711.959716796875, 'r2': 0.6912367926854938, 'mape': 19.643877029418945, 'accuracy_10': 32.59779214859009, 'accuracy_20': 59.92978811264038}, 67.64800987503259)
[2026-01-22 12:00:34,984][flwr][DEBUG] - evaluate_round 7: strategy sampled 4 clients (out of 12)
[2026-01-22 12:00:35,050][flwr][DEBUG] - evaluate_round 7 received 4 results and 0 failures
[2026-01-22 12:00:35,050][flwr][DEBUG] - fit_round 8: strategy sampled 4 clients (out of 12)
[2026-01-22 12:00:43,806][flwr][DEBUG] - fit_round 8 received 4 results and 0 failures
[2026-01-22 12:00:44,232][flwr][INFO] - fit progress: (8, 0.2576669715232811, {'rmse': 6742.669797639508, 'mae': 3508.4560546875, 'r2': 0.6754059957869878, 'mape': 21.28180503845215, 'accuracy_10': 44.08224821090698, 'accuracy_20': 68.5055136680603}, 76.89586624997901)
[2026-01-22 12:00:44,232][flwr][DEBUG] - evaluate_round 8: strategy sampled 4 clients (out of 12)
[2026-01-22 12:00:44,289][flwr][DEBUG] - evaluate_round 8 received 4 results and 0 failures
[2026-01-22 12:00:44,289][flwr][DEBUG] - fit_round 9: strategy sampled 4 clients (out of 12)
[2026-01-22 12:00:52,520][flwr][DEBUG] - fit_round 9 received 4 results and 0 failures
[2026-01-22 12:00:52,949][flwr][INFO] - fit progress: (9, 0.23540814231367505, {'rmse': 6519.451817446004, 'mae': 3463.289306640625, 'r2': 0.696541805475414, 'mape': 20.244007110595703, 'accuracy_10': 42.32698082923889, 'accuracy_20': 67.60280728340149}, 85.61248070799047)
[2026-01-22 12:00:52,950][flwr][DEBUG] - evaluate_round 9: strategy sampled 4 clients (out of 12)
[2026-01-22 12:00:53,129][flwr][DEBUG] - evaluate_round 9 received 4 results and 0 failures
[2026-01-22 12:00:53,130][flwr][DEBUG] - fit_round 10: strategy sampled 4 clients (out of 12)
[2026-01-22 12:01:01,385][flwr][DEBUG] - fit_round 10 received 4 results and 0 failures
[2026-01-22 12:01:01,847][flwr][INFO] - fit progress: (10, 0.25077262594025496, {'rmse': 6688.755639130495, 'mae': 3558.44775390625, 'r2': 0.6805761107613435, 'mape': 20.731792449951172, 'accuracy_10': 42.2266811132431, 'accuracy_20': 67.40220785140991}, 94.51122829201631)
[2026-01-22 12:01:01,848][flwr][DEBUG] - evaluate_round 10: strategy sampled 4 clients (out of 12)
[2026-01-22 12:01:02,021][flwr][DEBUG] - evaluate_round 10 received 4 results and 0 failures
[2026-01-22 12:01:02,021][flwr][DEBUG] - fit_round 11: strategy sampled 4 clients (out of 12)
[2026-01-22 12:01:10,370][flwr][DEBUG] - fit_round 11 received 4 results and 0 failures
[2026-01-22 12:01:10,797][flwr][INFO] - fit progress: (11, 0.25389583914007324, {'rmse': 6788.303764564458, 'mae': 3615.0400390625, 'r2': 0.6709974565646046, 'mape': 20.8751163482666, 'accuracy_10': 42.878636717796326, 'accuracy_20': 67.00100302696228}, 103.46110812498955)
[2026-01-22 12:01:10,798][flwr][DEBUG] - evaluate_round 11: strategy sampled 4 clients (out of 12)
[2026-01-22 12:01:10,856][flwr][DEBUG] - evaluate_round 11 received 4 results and 0 failures
[2026-01-22 12:01:10,856][flwr][DEBUG] - fit_round 12: strategy sampled 4 clients (out of 12)
[2026-01-22 12:01:16,162][flwr][DEBUG] - fit_round 12 received 4 results and 0 failures
[2026-01-22 12:01:16,601][flwr][INFO] - fit progress: (12, 0.2609739635390049, {'rmse': 7220.12576067758, 'mae': 3957.8837890625, 'r2': 0.6278086845682531, 'mape': 19.757326126098633, 'accuracy_10': 34.35305953025818, 'accuracy_20': 58.72617959976196}, 109.2645137499785)
[2026-01-22 12:01:16,601][flwr][DEBUG] - evaluate_round 12: strategy sampled 4 clients (out of 12)
[2026-01-22 12:01:16,766][flwr][DEBUG] - evaluate_round 12 received 4 results and 0 failures
[2026-01-22 12:01:16,766][flwr][DEBUG] - fit_round 13: strategy sampled 4 clients (out of 12)
[2026-01-22 12:01:24,661][flwr][DEBUG] - fit_round 13 received 4 results and 0 failures
[2026-01-22 12:01:25,093][flwr][INFO] - fit progress: (13, 0.302805050127694, {'rmse': 7492.585935443117, 'mae': 3874.315185546875, 'r2': 0.5991884953370351, 'mape': 24.673431396484375, 'accuracy_10': 41.27382040023804, 'accuracy_20': 68.35506558418274}, 117.75650858302834)
[2026-01-22 12:01:25,093][flwr][DEBUG] - evaluate_round 13: strategy sampled 4 clients (out of 12)
[2026-01-22 12:01:25,287][flwr][DEBUG] - evaluate_round 13 received 4 results and 0 failures
[2026-01-22 12:01:25,288][flwr][DEBUG] - fit_round 14: strategy sampled 4 clients (out of 12)
[2026-01-22 12:01:33,387][flwr][DEBUG] - fit_round 14 received 4 results and 0 failures
[2026-01-22 12:01:33,823][flwr][INFO] - fit progress: (14, 0.2467795102263884, {'rmse': 7017.283519995469, 'mae': 3840.6884765625, 'r2': 0.6484276059535958, 'mape': 19.64691162109375, 'accuracy_10': 37.2116357088089, 'accuracy_20': 61.08325123786926}, 126.48660387500422)
[2026-01-22 12:01:33,823][flwr][DEBUG] - evaluate_round 14: strategy sampled 4 clients (out of 12)
[2026-01-22 12:01:33,887][flwr][DEBUG] - evaluate_round 14 received 4 results and 0 failures
[2026-01-22 12:01:33,887][flwr][DEBUG] - fit_round 15: strategy sampled 4 clients (out of 12)
[2026-01-22 12:01:42,085][flwr][DEBUG] - fit_round 15 received 4 results and 0 failures
[2026-01-22 12:01:42,510][flwr][INFO] - fit progress: (15, 0.2921993067654349, {'rmse': 7680.719497547088, 'mae': 3794.06982421875, 'r2': 0.5788076030391694, 'mape': 23.021198272705078, 'accuracy_10': 47.14142382144928, 'accuracy_20': 71.16349339485168}, 135.17331679200288)
[2026-01-22 12:01:42,510][flwr][DEBUG] - evaluate_round 15: strategy sampled 4 clients (out of 12)
[2026-01-22 12:01:42,568][flwr][DEBUG] - evaluate_round 15 received 4 results and 0 failures
[2026-01-22 12:01:42,568][flwr][DEBUG] - fit_round 16: strategy sampled 4 clients (out of 12)
[2026-01-22 12:01:50,430][flwr][DEBUG] - fit_round 16 received 4 results and 0 failures
[2026-01-22 12:01:50,850][flwr][INFO] - fit progress: (16, 0.2461316888122525, {'rmse': 6933.227819709951, 'mae': 3548.28466796875, 'r2': 0.6567996887993337, 'mape': 20.549028396606445, 'accuracy_10': 46.53961956501007, 'accuracy_20': 70.31093239784241}, 143.51375266700052)
[2026-01-22 12:01:50,850][flwr][DEBUG] - evaluate_round 16: strategy sampled 4 clients (out of 12)
[2026-01-22 12:01:50,911][flwr][DEBUG] - evaluate_round 16 received 4 results and 0 failures
[2026-01-22 12:01:50,912][flwr][DEBUG] - fit_round 17: strategy sampled 4 clients (out of 12)
[2026-01-22 12:01:59,166][flwr][DEBUG] - fit_round 17 received 4 results and 0 failures
[2026-01-22 12:01:59,614][flwr][INFO] - fit progress: (17, 0.24621601839182727, {'rmse': 6914.1541782057475, 'mae': 3627.21728515625, 'r2': 0.6586854130143452, 'mape': 20.455581665039062, 'accuracy_10': 44.08224821090698, 'accuracy_20': 68.95686984062195}, 152.27720920799766)
[2026-01-22 12:01:59,614][flwr][DEBUG] - evaluate_round 17: strategy sampled 4 clients (out of 12)
[2026-01-22 12:01:59,837][flwr][DEBUG] - evaluate_round 17 received 4 results and 0 failures
[2026-01-22 12:01:59,837][flwr][DEBUG] - fit_round 18: strategy sampled 4 clients (out of 12)
[2026-01-22 12:02:07,578][flwr][DEBUG] - fit_round 18 received 4 results and 0 failures
[2026-01-22 12:02:08,009][flwr][INFO] - fit progress: (18, 0.3454007142211274, {'rmse': 8511.919172548574, 'mae': 4258.28125, 'r2': 0.48271284053558805, 'mape': 26.32756233215332, 'accuracy_10': 42.72818565368652, 'accuracy_20': 69.65897679328918}, 160.67287758301245)
[2026-01-22 12:02:08,010][flwr][DEBUG] - evaluate_round 18: strategy sampled 4 clients (out of 12)
[2026-01-22 12:02:08,073][flwr][DEBUG] - evaluate_round 18 received 4 results and 0 failures
[2026-01-22 12:02:08,074][flwr][DEBUG] - fit_round 19: strategy sampled 4 clients (out of 12)
[2026-01-22 12:02:16,390][flwr][DEBUG] - fit_round 19 received 4 results and 0 failures
[2026-01-22 12:02:16,829][flwr][INFO] - fit progress: (19, 0.2582899713169488, {'rmse': 7208.113206658175, 'mae': 3978.796630859375, 'r2': 0.6290461131712597, 'mape': 20.420778274536133, 'accuracy_10': 36.60982847213745, 'accuracy_20': 61.38415336608887}, 169.4925028749858)
[2026-01-22 12:02:16,831][flwr][DEBUG] - evaluate_round 19: strategy sampled 4 clients (out of 12)
[2026-01-22 12:02:16,904][flwr][DEBUG] - evaluate_round 19 received 4 results and 0 failures
[2026-01-22 12:02:16,904][flwr][DEBUG] - fit_round 20: strategy sampled 4 clients (out of 12)
[2026-01-22 12:02:25,241][flwr][DEBUG] - fit_round 20 received 4 results and 0 failures
[2026-01-22 12:02:25,689][flwr][INFO] - fit progress: (20, 0.276134655492356, {'rmse': 7402.607648660031, 'mae': 4117.99951171875, 'r2': 0.608757352649582, 'mape': 20.6520938873291, 'accuracy_10': 34.553661942481995, 'accuracy_20': 58.42527747154236}, 178.35249499999918)
[2026-01-22 12:02:25,690][flwr][DEBUG] - evaluate_round 20: strategy sampled 4 clients (out of 12)
[2026-01-22 12:02:25,886][flwr][DEBUG] - evaluate_round 20 received 4 results and 0 failures
[2026-01-22 12:02:25,886][flwr][DEBUG] - fit_round 21: strategy sampled 4 clients (out of 12)
[2026-01-22 12:02:30,730][flwr][DEBUG] - fit_round 21 received 4 results and 0 failures
[2026-01-22 12:02:31,159][flwr][INFO] - fit progress: (21, 0.29056216365356025, {'rmse': 7595.840440662245, 'mae': 4200.65869140625, 'r2': 0.588065306616663, 'mape': 20.398988723754883, 'accuracy_10': 32.54764378070831, 'accuracy_20': 58.27482342720032}, 183.82214925001608)
[2026-01-22 12:02:31,159][flwr][DEBUG] - evaluate_round 21: strategy sampled 4 clients (out of 12)
[2026-01-22 12:02:31,230][flwr][DEBUG] - evaluate_round 21 received 4 results and 0 failures
[2026-01-22 12:02:31,231][flwr][DEBUG] - fit_round 22: strategy sampled 4 clients (out of 12)
[2026-01-22 12:02:39,792][flwr][DEBUG] - fit_round 22 received 4 results and 0 failures
[2026-01-22 12:02:40,227][flwr][INFO] - fit progress: (22, 0.2477682202292182, {'rmse': 7027.871370479115, 'mae': 3684.909912109375, 'r2': 0.6473658759622946, 'mape': 20.145069122314453, 'accuracy_10': 43.53059232234955, 'accuracy_20': 68.25476288795471}, 192.89046837500064)
[2026-01-22 12:02:40,228][flwr][DEBUG] - evaluate_round 22: strategy sampled 4 clients (out of 12)
[2026-01-22 12:02:40,293][flwr][DEBUG] - evaluate_round 22 received 4 results and 0 failures
[2026-01-22 12:02:40,293][flwr][DEBUG] - fit_round 23: strategy sampled 4 clients (out of 12)
[2026-01-22 12:02:48,717][flwr][DEBUG] - fit_round 23 received 4 results and 0 failures
[2026-01-22 12:02:49,149][flwr][INFO] - fit progress: (23, 0.26749850241626155, {'rmse': 7265.543062978843, 'mae': 3846.06103515625, 'r2': 0.6231115185780602, 'mape': 20.969451904296875, 'accuracy_10': 41.67502522468567, 'accuracy_20': 66.39919877052307}, 201.8119725830038)
[2026-01-22 12:02:49,149][flwr][DEBUG] - evaluate_round 23: strategy sampled 4 clients (out of 12)
[2026-01-22 12:02:49,213][flwr][DEBUG] - evaluate_round 23 received 4 results and 0 failures
[2026-01-22 12:02:49,214][flwr][DEBUG] - fit_round 24: strategy sampled 4 clients (out of 12)
[2026-01-22 12:02:57,593][flwr][DEBUG] - fit_round 24 received 4 results and 0 failures
[2026-01-22 12:02:58,052][flwr][INFO] - fit progress: (24, 0.26580459294222303, {'rmse': 7267.200011008366, 'mae': 3780.3447265625, 'r2': 0.6229395744608957, 'mape': 20.90005874633789, 'accuracy_10': 44.93480324745178, 'accuracy_20': 68.40521693229675}, 210.71513504203176)
[2026-01-22 12:02:58,052][flwr][DEBUG] - evaluate_round 24: strategy sampled 4 clients (out of 12)
[2026-01-22 12:02:58,163][flwr][DEBUG] - evaluate_round 24 received 4 results and 0 failures
[2026-01-22 12:02:58,163][flwr][DEBUG] - fit_round 25: strategy sampled 4 clients (out of 12)
[2026-01-22 12:03:06,505][flwr][DEBUG] - fit_round 25 received 4 results and 0 failures
[2026-01-22 12:03:06,940][flwr][INFO] - fit progress: (25, 0.27066541957849244, {'rmse': 7294.9711445625335, 'mae': 3787.39208984375, 'r2': 0.6200522508312099, 'mape': 21.009899139404297, 'accuracy_10': 45.737212896347046, 'accuracy_20': 68.30491423606873}, 219.6033835830167)
[2026-01-22 12:03:06,941][flwr][DEBUG] - evaluate_round 25: strategy sampled 4 clients (out of 12)
[2026-01-22 12:03:07,016][flwr][DEBUG] - evaluate_round 25 received 4 results and 0 failures
[2026-01-22 12:03:07,017][flwr][DEBUG] - fit_round 26: strategy sampled 4 clients (out of 12)
[2026-01-22 12:03:14,961][flwr][DEBUG] - fit_round 26 received 4 results and 0 failures
[2026-01-22 12:03:15,387][flwr][INFO] - fit progress: (26, 0.2625105522998955, {'rmse': 7159.3094639078145, 'mae': 3702.510986328125, 'r2': 0.6340523209933266, 'mape': 21.1088924407959, 'accuracy_10': 46.48946821689606, 'accuracy_20': 68.90671849250793}, 228.04992133297492)
[2026-01-22 12:03:15,387][flwr][DEBUG] - evaluate_round 26: strategy sampled 4 clients (out of 12)
[2026-01-22 12:03:15,457][flwr][DEBUG] - evaluate_round 26 received 4 results and 0 failures
[2026-01-22 12:03:15,457][flwr][DEBUG] - fit_round 27: strategy sampled 4 clients (out of 12)
[2026-01-22 12:03:23,458][flwr][DEBUG] - fit_round 27 received 4 results and 0 failures
[2026-01-22 12:03:23,910][flwr][INFO] - fit progress: (27, 0.29483309519685497, {'rmse': 7752.5399708740615, 'mae': 4179.3544921875, 'r2': 0.5708938325152837, 'mape': 20.366117477416992, 'accuracy_10': 37.01103329658508, 'accuracy_20': 60.381144285202026}, 236.57321066700388)
[2026-01-22 12:03:23,911][flwr][DEBUG] - evaluate_round 27: strategy sampled 4 clients (out of 12)
[2026-01-22 12:03:23,993][flwr][DEBUG] - evaluate_round 27 received 4 results and 0 failures
[2026-01-22 12:03:23,993][flwr][DEBUG] - fit_round 28: strategy sampled 4 clients (out of 12)
[2026-01-22 12:03:32,497][flwr][DEBUG] - fit_round 28 received 4 results and 0 failures
[2026-01-22 12:03:32,919][flwr][INFO] - fit progress: (28, 0.30966371668497084, {'rmse': 7779.9485859483675, 'mae': 4272.193359375, 'r2': 0.5678543345287488, 'mape': 20.996219635009766, 'accuracy_10': 35.055166482925415, 'accuracy_20': 59.979939460754395}, 245.5815927920048)
[2026-01-22 12:03:32,919][flwr][DEBUG] - evaluate_round 28: strategy sampled 4 clients (out of 12)
[2026-01-22 12:03:32,975][flwr][DEBUG] - evaluate_round 28 received 4 results and 0 failures
[2026-01-22 12:03:32,975][flwr][DEBUG] - fit_round 29: strategy sampled 4 clients (out of 12)
[2026-01-22 12:03:41,073][flwr][DEBUG] - fit_round 29 received 4 results and 0 failures
[2026-01-22 12:03:41,499][flwr][INFO] - fit progress: (29, 0.3184082360719606, {'rmse': 7997.927481541703, 'mae': 4309.88818359375, 'r2': 0.5432993242613795, 'mape': 20.703250885009766, 'accuracy_10': 35.556671023368835, 'accuracy_20': 59.32798385620117}, 254.16157404199475)
[2026-01-22 12:03:41,499][flwr][DEBUG] - evaluate_round 29: strategy sampled 4 clients (out of 12)
[2026-01-22 12:03:41,566][flwr][DEBUG] - evaluate_round 29 received 4 results and 0 failures
[2026-01-22 12:03:41,566][flwr][DEBUG] - fit_round 30: strategy sampled 4 clients (out of 12)
[2026-01-22 12:03:49,680][flwr][DEBUG] - fit_round 30 received 4 results and 0 failures
[2026-01-22 12:03:50,109][flwr][INFO] - fit progress: (30, 0.3081004650760797, {'rmse': 7975.65094522071, 'mae': 3920.470947265625, 'r2': 0.5458398851218533, 'mape': 23.229110717773438, 'accuracy_10': 49.54864680767059, 'accuracy_20': 70.21062970161438}, 262.77180762501666)
[2026-01-22 12:03:50,109][flwr][DEBUG] - evaluate_round 30: strategy sampled 4 clients (out of 12)
[2026-01-22 12:03:50,168][flwr][DEBUG] - evaluate_round 30 received 4 results and 0 failures
[2026-01-22 12:03:50,168][flwr][DEBUG] - fit_round 31: strategy sampled 4 clients (out of 12)
[2026-01-22 12:03:58,181][flwr][DEBUG] - fit_round 31 received 4 results and 0 failures
[2026-01-22 12:03:58,614][flwr][INFO] - fit progress: (31, 0.2880149783198549, {'rmse': 7685.786361850035, 'mae': 4105.56689453125, 'r2': 0.57825170319125, 'mape': 20.254106521606445, 'accuracy_10': 39.16750252246857, 'accuracy_20': 63.44032287597656}, 271.2766892919899)
[2026-01-22 12:03:58,614][flwr][DEBUG] - evaluate_round 31: strategy sampled 4 clients (out of 12)
[2026-01-22 12:03:58,706][flwr][DEBUG] - evaluate_round 31 received 4 results and 0 failures
[2026-01-22 12:03:58,706][flwr][DEBUG] - fit_round 32: strategy sampled 4 clients (out of 12)
[2026-01-22 12:04:07,114][flwr][DEBUG] - fit_round 32 received 4 results and 0 failures
[2026-01-22 12:04:07,535][flwr][INFO] - fit progress: (32, 0.2672527654240339, {'rmse': 7314.11156600718, 'mae': 3769.16259765625, 'r2': 0.6180558276912276, 'mape': 20.17624855041504, 'accuracy_10': 47.943830490112305, 'accuracy_20': 68.90671849250793}, 280.1977069170098)
[2026-01-22 12:04:07,535][flwr][DEBUG] - evaluate_round 32: strategy sampled 4 clients (out of 12)
[2026-01-22 12:04:07,595][flwr][DEBUG] - evaluate_round 32 received 4 results and 0 failures
[2026-01-22 12:04:07,595][flwr][DEBUG] - fit_round 33: strategy sampled 4 clients (out of 12)
[2026-01-22 12:04:16,042][flwr][DEBUG] - fit_round 33 received 4 results and 0 failures
[2026-01-22 12:04:16,473][flwr][INFO] - fit progress: (33, 0.2852536638229039, {'rmse': 7555.2188585109825, 'mae': 3891.025390625, 'r2': 0.5924594731646329, 'mape': 20.6741886138916, 'accuracy_10': 47.14142382144928, 'accuracy_20': 68.45536828041077}, 289.1357647079858)
[2026-01-22 12:04:16,474][flwr][DEBUG] - evaluate_round 33: strategy sampled 4 clients (out of 12)
[2026-01-22 12:04:16,543][flwr][DEBUG] - evaluate_round 33 received 4 results and 0 failures
[2026-01-22 12:04:16,543][flwr][DEBUG] - fit_round 34: strategy sampled 4 clients (out of 12)
[2026-01-22 12:04:24,412][flwr][DEBUG] - fit_round 34 received 4 results and 0 failures
[2026-01-22 12:04:24,839][flwr][INFO] - fit progress: (34, 0.27722109283284174, {'rmse': 7462.754451273337, 'mae': 3721.980712890625, 'r2': 0.6023737733069048, 'mape': 20.687255859375, 'accuracy_10': 51.95586681365967, 'accuracy_20': 70.36108374595642}, 297.50170750002144)
[2026-01-22 12:04:24,839][flwr][DEBUG] - evaluate_round 34: strategy sampled 4 clients (out of 12)
[2026-01-22 12:04:24,914][flwr][DEBUG] - evaluate_round 34 received 4 results and 0 failures
[2026-01-22 12:04:24,914][flwr][DEBUG] - fit_round 35: strategy sampled 4 clients (out of 12)
[2026-01-22 12:04:29,969][flwr][DEBUG] - fit_round 35 received 4 results and 0 failures
[2026-01-22 12:04:30,389][flwr][INFO] - fit progress: (35, 0.4668217772317148, {'rmse': 9530.042182487967, 'mae': 4672.35205078125, 'r2': 0.3515651197132317, 'mape': 20.120264053344727, 'accuracy_10': 36.30892634391785, 'accuracy_20': 60.68204641342163}, 303.0513854579767)
[2026-01-22 12:04:30,389][flwr][DEBUG] - evaluate_round 35: strategy sampled 4 clients (out of 12)
[2026-01-22 12:04:30,569][flwr][DEBUG] - evaluate_round 35 received 4 results and 0 failures
[2026-01-22 12:04:30,569][flwr][DEBUG] - fit_round 36: strategy sampled 4 clients (out of 12)
[2026-01-22 12:04:39,022][flwr][DEBUG] - fit_round 36 received 4 results and 0 failures
[2026-01-22 12:04:39,453][flwr][INFO] - fit progress: (36, 0.28902382189884346, {'rmse': 7538.8444737903965, 'mae': 3887.382568359375, 'r2': 0.5942240562667325, 'mape': 20.148645401000977, 'accuracy_10': 45.68706154823303, 'accuracy_20': 69.4082260131836}, 312.115136916982)
[2026-01-22 12:04:39,453][flwr][DEBUG] - evaluate_round 36: strategy sampled 4 clients (out of 12)
[2026-01-22 12:04:39,639][flwr][DEBUG] - evaluate_round 36 received 4 results and 0 failures
[2026-01-22 12:04:39,640][flwr][DEBUG] - fit_round 37: strategy sampled 4 clients (out of 12)
[2026-01-22 12:04:47,970][flwr][DEBUG] - fit_round 37 received 4 results and 0 failures
[2026-01-22 12:04:48,466][flwr][INFO] - fit progress: (37, 0.2814528855720279, {'rmse': 7544.793436536218, 'mae': 3723.697998046875, 'r2': 0.5935834163037518, 'mape': 19.945138931274414, 'accuracy_10': 54.06218767166138, 'accuracy_20': 70.21062970161438}, 321.1278619579971)
[2026-01-22 12:04:48,466][flwr][DEBUG] - evaluate_round 37: strategy sampled 4 clients (out of 12)
[2026-01-22 12:04:48,556][flwr][DEBUG] - evaluate_round 37 received 4 results and 0 failures
[2026-01-22 12:04:48,561][flwr][DEBUG] - fit_round 38: strategy sampled 4 clients (out of 12)
[2026-01-22 12:04:57,075][flwr][DEBUG] - fit_round 38 received 4 results and 0 failures
[2026-01-22 12:04:57,572][flwr][INFO] - fit progress: (38, 0.2959091712532933, {'rmse': 7680.100520175501, 'mae': 3895.9462890625, 'r2': 0.5788754772607865, 'mape': 20.189218521118164, 'accuracy_10': 48.946839570999146, 'accuracy_20': 69.60882544517517}, 330.23390137503156)
[2026-01-22 12:04:57,573][flwr][DEBUG] - evaluate_round 38: strategy sampled 4 clients (out of 12)
[2026-01-22 12:04:57,695][flwr][DEBUG] - evaluate_round 38 received 4 results and 0 failures
[2026-01-22 12:04:57,695][flwr][DEBUG] - fit_round 39: strategy sampled 4 clients (out of 12)
[2026-01-22 12:05:06,394][flwr][DEBUG] - fit_round 39 received 4 results and 0 failures
[2026-01-22 12:05:06,821][flwr][INFO] - fit progress: (39, 0.30980795668204547, {'rmse': 7787.108577642924, 'mae': 3938.327880859375, 'r2': 0.5670585283460818, 'mape': 20.581777572631836, 'accuracy_10': 49.49849545955658, 'accuracy_20': 69.157475233078}, 339.48303633299656)
[2026-01-22 12:05:06,821][flwr][DEBUG] - evaluate_round 39: strategy sampled 4 clients (out of 12)
[2026-01-22 12:05:06,886][flwr][DEBUG] - evaluate_round 39 received 4 results and 0 failures
[2026-01-22 12:05:06,886][flwr][DEBUG] - fit_round 40: strategy sampled 4 clients (out of 12)
[2026-01-22 12:05:15,307][flwr][DEBUG] - fit_round 40 received 4 results and 0 failures
[2026-01-22 12:05:15,766][flwr][INFO] - fit progress: (40, 0.3209777200181661, {'rmse': 8154.085356433301, 'mae': 4052.709716796875, 'r2': 0.5252912725131812, 'mape': 23.296085357666016, 'accuracy_10': 50.15045404434204, 'accuracy_20': 68.85656714439392}, 348.4284654170042)
[2026-01-22 12:05:15,767][flwr][DEBUG] - evaluate_round 40: strategy sampled 4 clients (out of 12)
[2026-01-22 12:05:15,854][flwr][DEBUG] - evaluate_round 40 received 4 results and 0 failures
[2026-01-22 12:05:15,854][flwr][INFO] - FL finished in 348.51638475002255
[2026-01-22 12:05:15,855][flwr][INFO] - app_fit: losses_distributed [(1, 0.26263558648735563), (2, 0.3331652066279283), (3, 0.20354939941801548), (4, 0.31977665401866723), (5, 0.27294052434356314), (6, 0.27164043646270986), (7, 0.14498525386402658), (8, 0.2938498103181305), (9, 0.17427870140500784), (10, 0.3209645413638403), (11, 0.4747303776781667), (12, 0.3049251152652091), (13, 0.21635787303950707), (14, 0.16216255666048668), (15, 0.21270551679850513), (16, 0.11248723807349663), (17, 0.36398982701437743), (18, 0.4354728466896124), (19, 0.3555450392886996), (20, 0.23253259001832913), (21, 0.353572222451831), (22, 0.1890320343352281), (23, 0.26381821105325665), (24, 0.5815419783699984), (25, 0.4250843524293326), (26, 0.2571068809184933), (27, 0.20831631443727372), (28, 0.4643828570090159), (29, 0.19295611026794163), (30, 0.2979595366795765), (31, 0.49501592960113133), (32, 0.29483129596987434), (33, 0.20749512632628755), (34, 0.3171967222800721), (35, 0.20342119940253625), (36, 0.2871295383514522), (37, 0.3675391143100841), (38, 0.17836255934645437), (39, 0.6037025064537206), (40, 0.1617682408887443)]
[2026-01-22 12:05:15,855][flwr][INFO] - app_fit: metrics_distributed_fit {}
[2026-01-22 12:05:15,855][flwr][INFO] - app_fit: metrics_distributed {}
[2026-01-22 12:05:15,855][flwr][INFO] - app_fit: losses_centralized [(0, 4.134466124154859), (1, 0.32282682600148105), (2, 0.2631774646647596), (3, 0.25541963835537373), (4, 0.27064526457724386), (5, 0.24405609909725284), (6, 0.24082339614061798), (7, 0.2474543622348349), (8, 0.2576669715232811), (9, 0.23540814231367505), (10, 0.25077262594025496), (11, 0.25389583914007324), (12, 0.2609739635390049), (13, 0.302805050127694), (14, 0.2467795102263884), (15, 0.2921993067654349), (16, 0.2461316888122525), (17, 0.24621601839182727), (18, 0.3454007142211274), (19, 0.2582899713169488), (20, 0.276134655492356), (21, 0.29056216365356025), (22, 0.2477682202292182), (23, 0.26749850241626155), (24, 0.26580459294222303), (25, 0.27066541957849244), (26, 0.2625105522998955), (27, 0.29483309519685497), (28, 0.30966371668497084), (29, 0.3184082360719606), (30, 0.3081004650760797), (31, 0.2880149783198549), (32, 0.2672527654240339), (33, 0.2852536638229039), (34, 0.27722109283284174), (35, 0.4668217772317148), (36, 0.28902382189884346), (37, 0.2814528855720279), (38, 0.2959091712532933), (39, 0.30980795668204547), (40, 0.3209777200181661)]
[2026-01-22 12:05:15,855][flwr][INFO] - app_fit: metrics_centralized {'rmse': [(0, 24250.156288156166), (1, 7656.812914000185), (2, 6467.20094012858), (3, 6590.485869797461), (4, 6917.487405120446), (5, 6541.239637866816), (6, 6425.344815649974), (7, 6576.190994793263), (8, 6742.669797639508), (9, 6519.451817446004), (10, 6688.755639130495), (11, 6788.303764564458), (12, 7220.12576067758), (13, 7492.585935443117), (14, 7017.283519995469), (15, 7680.719497547088), (16, 6933.227819709951), (17, 6914.1541782057475), (18, 8511.919172548574), (19, 7208.113206658175), (20, 7402.607648660031), (21, 7595.840440662245), (22, 7027.871370479115), (23, 7265.543062978843), (24, 7267.200011008366), (25, 7294.9711445625335), (26, 7159.3094639078145), (27, 7752.5399708740615), (28, 7779.9485859483675), (29, 7997.927481541703), (30, 7975.65094522071), (31, 7685.786361850035), (32, 7314.11156600718), (33, 7555.2188585109825), (34, 7462.754451273337), (35, 9530.042182487967), (36, 7538.8444737903965), (37, 7544.793436536218), (38, 7680.100520175501), (39, 7787.108577642924), (40, 8154.085356433301)], 'mae': [(0, 20810.46875), (1, 4300.173828125), (2, 3673.58935546875), (3, 3666.90625), (4, 3654.29833984375), (5, 3469.9599609375), (6, 3631.270263671875), (7, 3711.959716796875), (8, 3508.4560546875), (9, 3463.289306640625), (10, 3558.44775390625), (11, 3615.0400390625), (12, 3957.8837890625), (13, 3874.315185546875), (14, 3840.6884765625), (15, 3794.06982421875), (16, 3548.28466796875), (17, 3627.21728515625), (18, 4258.28125), (19, 3978.796630859375), (20, 4117.99951171875), (21, 4200.65869140625), (22, 3684.909912109375), (23, 3846.06103515625), (24, 3780.3447265625), (25, 3787.39208984375), (26, 3702.510986328125), (27, 4179.3544921875), (28, 4272.193359375), (29, 4309.88818359375), (30, 3920.470947265625), (31, 4105.56689453125), (32, 3769.16259765625), (33, 3891.025390625), (34, 3721.980712890625), (35, 4672.35205078125), (36, 3887.382568359375), (37, 3723.697998046875), (38, 3895.9462890625), (39, 3938.327880859375), (40, 4052.709716796875)], 'r2': [(0, -3.198612761198425), (1, 0.581425483021589), (2, 0.7013865113682575), (3, 0.6898929769598403), (4, 0.6583562494382924), (5, 0.6945101252851362), (6, 0.7052392974026642), (7, 0.6912367926854938), (8, 0.6754059957869878), (9, 0.696541805475414), (10, 0.6805761107613435), (11, 0.6709974565646046), (12, 0.6278086845682531), (13, 0.5991884953370351), (14, 0.6484276059535958), (15, 0.5788076030391694), (16, 0.6567996887993337), (17, 0.6586854130143452), (18, 0.48271284053558805), (19, 0.6290461131712597), (20, 0.608757352649582), (21, 0.588065306616663), (22, 0.6473658759622946), (23, 0.6231115185780602), (24, 0.6229395744608957), (25, 0.6200522508312099), (26, 0.6340523209933266), (27, 0.5708938325152837), (28, 0.5678543345287488), (29, 0.5432993242613795), (30, 0.5458398851218533), (31, 0.57825170319125), (32, 0.6180558276912276), (33, 0.5924594731646329), (34, 0.6023737733069048), (35, 0.3515651197132317), (36, 0.5942240562667325), (37, 0.5935834163037518), (38, 0.5788754772607865), (39, 0.5670585283460818), (40, 0.5252912725131812)], 'mape': [(0, 192.60643005371094), (1, 25.820323944091797), (2, 21.220478057861328), (3, 19.996448516845703), (4, 22.33610725402832), (5, 20.936601638793945), (6, 19.97752571105957), (7, 19.643877029418945), (8, 21.28180503845215), (9, 20.244007110595703), (10, 20.731792449951172), (11, 20.8751163482666), (12, 19.757326126098633), (13, 24.673431396484375), (14, 19.64691162109375), (15, 23.021198272705078), (16, 20.549028396606445), (17, 20.455581665039062), (18, 26.32756233215332), (19, 20.420778274536133), (20, 20.6520938873291), (21, 20.398988723754883), (22, 20.145069122314453), (23, 20.969451904296875), (24, 20.90005874633789), (25, 21.009899139404297), (26, 21.1088924407959), (27, 20.366117477416992), (28, 20.996219635009766), (29, 20.703250885009766), (30, 23.229110717773438), (31, 20.254106521606445), (32, 20.17624855041504), (33, 20.6741886138916), (34, 20.687255859375), (35, 20.120264053344727), (36, 20.148645401000977), (37, 19.945138931274414), (38, 20.189218521118164), (39, 20.581777572631836), (40, 23.296085357666016)], 'accuracy_10': [(0, 5.667001008987427), (1, 32.196590304374695), (2, 30.2908718585968), (3, 29.78936731815338), (4, 40.82246720790863), (5, 41.22367203235626), (6, 33.75125229358673), (7, 32.59779214859009), (8, 44.08224821090698), (9, 42.32698082923889), (10, 42.2266811132431), (11, 42.878636717796326), (12, 34.35305953025818), (13, 41.27382040023804), (14, 37.2116357088089), (15, 47.14142382144928), (16, 46.53961956501007), (17, 44.08224821090698), (18, 42.72818565368652), (19, 36.60982847213745), (20, 34.553661942481995), (21, 32.54764378070831), (22, 43.53059232234955), (23, 41.67502522468567), (24, 44.93480324745178), (25, 45.737212896347046), (26, 46.48946821689606), (27, 37.01103329658508), (28, 35.055166482925415), (29, 35.556671023368835), (30, 49.54864680767059), (31, 39.16750252246857), (32, 47.943830490112305), (33, 47.14142382144928), (34, 51.95586681365967), (35, 36.30892634391785), (36, 45.68706154823303), (37, 54.06218767166138), (38, 48.946839570999146), (39, 49.49849545955658), (40, 50.15045404434204)], 'accuracy_20': [(0, 11.384152621030807), (1, 59.378135204315186), (2, 58.47542881965637), (3, 58.27482342720032), (4, 67.85355806350708), (5, 68.5055136680603), (6, 61.233699321746826), (7, 59.92978811264038), (8, 68.5055136680603), (9, 67.60280728340149), (10, 67.40220785140991), (11, 67.00100302696228), (12, 58.72617959976196), (13, 68.35506558418274), (14, 61.08325123786926), (15, 71.16349339485168), (16, 70.31093239784241), (17, 68.95686984062195), (18, 69.65897679328918), (19, 61.38415336608887), (20, 58.42527747154236), (21, 58.27482342720032), (22, 68.25476288795471), (23, 66.39919877052307), (24, 68.40521693229675), (25, 68.30491423606873), (26, 68.90671849250793), (27, 60.381144285202026), (28, 59.979939460754395), (29, 59.32798385620117), (30, 70.21062970161438), (31, 63.44032287597656), (32, 68.90671849250793), (33, 68.45536828041077), (34, 70.36108374595642), (35, 60.68204641342163), (36, 69.4082260131836), (37, 70.21062970161438), (38, 69.60882544517517), (39, 69.157475233078), (40, 68.85656714439392)]}
[2026-01-22 12:05:16,621][flwr][INFO] - Starting Flower simulation, config: ServerConfig(num_rounds=40, round_timeout=None)
[2026-01-22 12:05:23,699][flwr][INFO] - Flower VCE: Ray initialized with resources: {'object_store_memory': 2147483648.0, 'CPU': 10.0, 'memory': 12248807834.0, 'node:127.0.0.1': 1.0}
[2026-01-22 12:05:23,700][flwr][INFO] - Initializing global parameters
[2026-01-22 12:05:23,700][flwr][INFO] - Using initial parameters provided by strategy
[2026-01-22 12:05:23,700][flwr][INFO] - Evaluating initial parameters
[2026-01-22 12:05:24,139][flwr][INFO] - initial parameters (loss, other metrics): 4.134466124154859, {'rmse': 24250.156288156166, 'mae': 20810.46875, 'r2': -3.198612761198425, 'mape': 192.60643005371094, 'accuracy_10': 5.667001008987427, 'accuracy_20': 11.384152621030807}
[2026-01-22 12:05:24,139][flwr][INFO] - FL starting
[2026-01-22 12:05:24,140][flwr][DEBUG] - fit_round 1: strategy sampled 4 clients (out of 12)
[2026-01-22 12:05:35,899][flwr][DEBUG] - fit_round 1 received 4 results and 0 failures
[2026-01-22 12:05:35,902][flwr][WARNING] - No fit_metrics_aggregation_fn provided
[2026-01-22 12:05:36,335][flwr][INFO] - fit progress: (1, 0.34424068115898215, {'rmse': 7074.311273897975, 'mae': 4203.02099609375, 'r2': 0.64269009299179, 'mape': 25.206523895263672, 'accuracy_10': 27.03109383583069, 'accuracy_20': 51.25375986099243}, 12.19621666695457)
[2026-01-22 12:05:36,336][flwr][DEBUG] - evaluate_round 1: strategy sampled 4 clients (out of 12)
[2026-01-22 12:05:36,511][flwr][DEBUG] - evaluate_round 1 received 4 results and 0 failures
[2026-01-22 12:05:36,511][flwr][WARNING] - No evaluate_metrics_aggregation_fn provided
[2026-01-22 12:05:36,511][flwr][DEBUG] - fit_round 2: strategy sampled 4 clients (out of 12)
[2026-01-22 12:05:42,697][flwr][DEBUG] - fit_round 2 received 4 results and 0 failures
[2026-01-22 12:05:43,147][flwr][INFO] - fit progress: (2, 0.26932360995616933, {'rmse': 6548.529300537641, 'mae': 3627.047119140625, 'r2': 0.6938288605179466, 'mape': 21.868139266967773, 'accuracy_10': 37.3620867729187, 'accuracy_20': 62.6379132270813}, 19.00824112497503)
[2026-01-22 12:05:43,147][flwr][DEBUG] - evaluate_round 2: strategy sampled 4 clients (out of 12)
[2026-01-22 12:05:43,326][flwr][DEBUG] - evaluate_round 2 received 4 results and 0 failures
[2026-01-22 12:05:43,326][flwr][DEBUG] - fit_round 3: strategy sampled 4 clients (out of 12)
[2026-01-22 12:05:49,443][flwr][DEBUG] - fit_round 3 received 4 results and 0 failures
[2026-01-22 12:05:49,871][flwr][INFO] - fit progress: (3, 0.32651744921922443, {'rmse': 6946.891966915852, 'mae': 4024.734619140625, 'r2': 0.6554456068776708, 'mape': 21.703943252563477, 'accuracy_10': 24.07221645116806, 'accuracy_20': 52.25676894187927}, 25.731806457974017)
[2026-01-22 12:05:49,871][flwr][DEBUG] - evaluate_round 3: strategy sampled 4 clients (out of 12)
[2026-01-22 12:05:50,027][flwr][DEBUG] - evaluate_round 3 received 4 results and 0 failures
[2026-01-22 12:05:50,027][flwr][DEBUG] - fit_round 4: strategy sampled 4 clients (out of 12)
[2026-01-22 12:05:56,271][flwr][DEBUG] - fit_round 4 received 4 results and 0 failures
[2026-01-22 12:05:56,704][flwr][INFO] - fit progress: (4, 0.28376849938778126, {'rmse': 6687.788274160599, 'mae': 3860.009033203125, 'r2': 0.6806685065254288, 'mape': 21.247798919677734, 'accuracy_10': 30.942827463150024, 'accuracy_20': 57.873618602752686}, 32.56507679197239)
[2026-01-22 12:05:56,704][flwr][DEBUG] - evaluate_round 4: strategy sampled 4 clients (out of 12)
[2026-01-22 12:05:56,865][flwr][DEBUG] - evaluate_round 4 received 4 results and 0 failures
[2026-01-22 12:05:56,865][flwr][DEBUG] - fit_round 5: strategy sampled 4 clients (out of 12)
[2026-01-22 12:06:02,883][flwr][DEBUG] - fit_round 5 received 4 results and 0 failures
[2026-01-22 12:06:03,321][flwr][INFO] - fit progress: (5, 0.2574867458795473, {'rmse': 6553.40796837798, 'mae': 3579.51708984375, 'r2': 0.6933724841073419, 'mape': 21.248037338256836, 'accuracy_10': 40.521565079689026, 'accuracy_20': 64.694082736969}, 39.18160587496823)
[2026-01-22 12:06:03,321][flwr][DEBUG] - evaluate_round 5: strategy sampled 4 clients (out of 12)
[2026-01-22 12:06:03,482][flwr][DEBUG] - evaluate_round 5 received 4 results and 0 failures
[2026-01-22 12:06:03,483][flwr][DEBUG] - fit_round 6: strategy sampled 4 clients (out of 12)
[2026-01-22 12:06:09,787][flwr][DEBUG] - fit_round 6 received 4 results and 0 failures
[2026-01-22 12:06:10,245][flwr][INFO] - fit progress: (6, 0.29052202252590786, {'rmse': 6913.193473352239, 'mae': 3774.17529296875, 'r2': 0.6587802726654729, 'mape': 22.512670516967773, 'accuracy_10': 41.47442281246185, 'accuracy_20': 64.39318060874939}, 46.1058892919682)
[2026-01-22 12:06:10,245][flwr][DEBUG] - evaluate_round 6: strategy sampled 4 clients (out of 12)
[2026-01-22 12:06:10,435][flwr][DEBUG] - evaluate_round 6 received 4 results and 0 failures
[2026-01-22 12:06:10,435][flwr][DEBUG] - fit_round 7: strategy sampled 4 clients (out of 12)
[2026-01-22 12:06:16,700][flwr][DEBUG] - fit_round 7 received 4 results and 0 failures
[2026-01-22 12:06:17,146][flwr][INFO] - fit progress: (7, 0.30558990463689195, {'rmse': 7201.133799617946, 'mae': 4174.02978515625, 'r2': 0.6297641309201633, 'mape': 21.986392974853516, 'accuracy_10': 32.4974924325943, 'accuracy_20': 54.86459136009216}, 53.006970957969315)
[2026-01-22 12:06:17,147][flwr][DEBUG] - evaluate_round 7: strategy sampled 4 clients (out of 12)
[2026-01-22 12:06:17,365][flwr][DEBUG] - evaluate_round 7 received 4 results and 0 failures
[2026-01-22 12:06:17,366][flwr][DEBUG] - fit_round 8: strategy sampled 4 clients (out of 12)
[2026-01-22 12:06:21,245][flwr][DEBUG] - fit_round 8 received 4 results and 0 failures
[2026-01-22 12:06:21,710][flwr][INFO] - fit progress: (8, 0.293623704339939, {'rmse': 7297.292374572914, 'mae': 4177.27099609375, 'r2': 0.619810408585215, 'mape': 21.20311164855957, 'accuracy_10': 29.839518666267395, 'accuracy_20': 54.262787103652954}, 57.57030516699888)
[2026-01-22 12:06:21,710][flwr][DEBUG] - evaluate_round 8: strategy sampled 4 clients (out of 12)
[2026-01-22 12:06:21,780][flwr][DEBUG] - evaluate_round 8 received 4 results and 0 failures
[2026-01-22 12:06:21,781][flwr][DEBUG] - fit_round 9: strategy sampled 4 clients (out of 12)
[2026-01-22 12:06:27,635][flwr][DEBUG] - fit_round 9 received 4 results and 0 failures
[2026-01-22 12:06:28,076][flwr][INFO] - fit progress: (9, 0.30618200315874344, {'rmse': 7332.876379702579, 'mae': 4255.5810546875, 'r2': 0.6160935176539852, 'mape': 21.90018081665039, 'accuracy_10': 29.739218950271606, 'accuracy_20': 53.059178590774536}, 63.93705412495183)
[2026-01-22 12:06:28,077][flwr][DEBUG] - evaluate_round 9: strategy sampled 4 clients (out of 12)
[2026-01-22 12:06:28,153][flwr][DEBUG] - evaluate_round 9 received 4 results and 0 failures
[2026-01-22 12:06:28,153][flwr][DEBUG] - fit_round 10: strategy sampled 4 clients (out of 12)
[2026-01-22 12:06:34,426][flwr][DEBUG] - fit_round 10 received 4 results and 0 failures
[2026-01-22 12:06:34,867][flwr][INFO] - fit progress: (10, 0.3215290146581866, {'rmse': 7328.186678844911, 'mae': 4106.8125, 'r2': 0.6165844178151705, 'mape': 23.556142807006836, 'accuracy_10': 38.61584663391113, 'accuracy_20': 60.63189506530762}, 70.72752366698114)
[2026-01-22 12:06:34,867][flwr][DEBUG] - evaluate_round 10: strategy sampled 4 clients (out of 12)
[2026-01-22 12:06:35,022][flwr][DEBUG] - evaluate_round 10 received 4 results and 0 failures
[2026-01-22 12:06:35,023][flwr][DEBUG] - fit_round 11: strategy sampled 4 clients (out of 12)
[2026-01-22 12:06:38,477][flwr][DEBUG] - fit_round 11 received 4 results and 0 failures
[2026-01-22 12:06:38,914][flwr][INFO] - fit progress: (11, 0.2847504032291883, {'rmse': 7231.789543397955, 'mae': 3935.153564453125, 'r2': 0.626605193076055, 'mape': 23.406169891357422, 'accuracy_10': 35.907724499702454, 'accuracy_20': 65.34603834152222}, 74.77461475000018)
[2026-01-22 12:06:38,914][flwr][DEBUG] - evaluate_round 11: strategy sampled 4 clients (out of 12)
[2026-01-22 12:06:38,976][flwr][DEBUG] - evaluate_round 11 received 4 results and 0 failures
[2026-01-22 12:06:38,976][flwr][DEBUG] - fit_round 12: strategy sampled 4 clients (out of 12)
[2026-01-22 12:06:45,144][flwr][DEBUG] - fit_round 12 received 4 results and 0 failures
[2026-01-22 12:06:45,572][flwr][INFO] - fit progress: (12, 0.31786232987192714, {'rmse': 7631.935796375648, 'mae': 4109.0029296875, 'r2': 0.5841409798620646, 'mape': 23.850690841674805, 'accuracy_10': 41.82547628879547, 'accuracy_20': 64.9949848651886}, 81.43231941695558)
[2026-01-22 12:06:45,572][flwr][DEBUG] - evaluate_round 12: strategy sampled 4 clients (out of 12)
[2026-01-22 12:06:45,630][flwr][DEBUG] - evaluate_round 12 received 4 results and 0 failures
[2026-01-22 12:06:45,630][flwr][DEBUG] - fit_round 13: strategy sampled 4 clients (out of 12)
[2026-01-22 12:06:51,601][flwr][DEBUG] - fit_round 13 received 4 results and 0 failures
[2026-01-22 12:06:52,078][flwr][INFO] - fit progress: (13, 0.41718379272112516, {'rmse': 9076.924148630967, 'mae': 4624.8583984375, 'r2': 0.41176057869901606, 'mape': 29.81919288635254, 'accuracy_10': 39.21765387058258, 'accuracy_20': 67.10130572319031}, 87.9381752499612)
[2026-01-22 12:06:52,078][flwr][DEBUG] - evaluate_round 13: strategy sampled 4 clients (out of 12)
[2026-01-22 12:06:52,152][flwr][DEBUG] - evaluate_round 13 received 4 results and 0 failures
[2026-01-22 12:06:52,153][flwr][DEBUG] - fit_round 14: strategy sampled 4 clients (out of 12)
[2026-01-22 12:06:58,168][flwr][DEBUG] - fit_round 14 received 4 results and 0 failures
[2026-01-22 12:06:58,602][flwr][INFO] - fit progress: (14, 0.3390083781993736, {'rmse': 7926.078727845188, 'mae': 4562.47802734375, 'r2': 0.5514679604341979, 'mape': 23.32171058654785, 'accuracy_10': 30.742228031158447, 'accuracy_20': 52.55767107009888}, 94.462262541987)
[2026-01-22 12:06:58,602][flwr][DEBUG] - evaluate_round 14: strategy sampled 4 clients (out of 12)
[2026-01-22 12:06:58,666][flwr][DEBUG] - evaluate_round 14 received 4 results and 0 failures
[2026-01-22 12:06:58,667][flwr][DEBUG] - fit_round 15: strategy sampled 4 clients (out of 12)
[2026-01-22 12:07:04,320][flwr][DEBUG] - fit_round 15 received 4 results and 0 failures
[2026-01-22 12:07:04,763][flwr][INFO] - fit progress: (15, 0.4011645110972308, {'rmse': 9046.709014884915, 'mae': 4548.2041015625, 'r2': 0.4156702981232925, 'mape': 28.84656524658203, 'accuracy_10': 40.421262383461, 'accuracy_20': 68.30491423606873}, 100.62334483297309)
[2026-01-22 12:07:04,763][flwr][DEBUG] - evaluate_round 15: strategy sampled 4 clients (out of 12)
[2026-01-22 12:07:04,933][flwr][DEBUG] - evaluate_round 15 received 4 results and 0 failures
[2026-01-22 12:07:04,933][flwr][DEBUG] - fit_round 16: strategy sampled 4 clients (out of 12)
[2026-01-22 12:07:10,670][flwr][DEBUG] - fit_round 16 received 4 results and 0 failures
[2026-01-22 12:07:11,107][flwr][INFO] - fit progress: (16, 0.4015754439392563, {'rmse': 8943.871644875053, 'mae': 4448.42333984375, 'r2': 0.4288793725488723, 'mape': 28.254180908203125, 'accuracy_10': 43.731194734573364, 'accuracy_20': 68.80642175674438}, 106.96748641697923)
[2026-01-22 12:07:11,107][flwr][DEBUG] - evaluate_round 16: strategy sampled 4 clients (out of 12)
[2026-01-22 12:07:11,281][flwr][DEBUG] - evaluate_round 16 received 4 results and 0 failures
[2026-01-22 12:07:11,282][flwr][DEBUG] - fit_round 17: strategy sampled 4 clients (out of 12)
[2026-01-22 12:07:16,962][flwr][DEBUG] - fit_round 17 received 4 results and 0 failures
[2026-01-22 12:07:17,393][flwr][INFO] - fit progress: (17, 0.3349761169407528, {'rmse': 7989.592480220753, 'mae': 4260.74951171875, 'r2': 0.5442507366435616, 'mape': 24.646543502807617, 'accuracy_10': 42.377132177352905, 'accuracy_20': 66.09829664230347}, 113.25340929196682)
[2026-01-22 12:07:17,393][flwr][DEBUG] - evaluate_round 17: strategy sampled 4 clients (out of 12)
[2026-01-22 12:07:17,451][flwr][DEBUG] - evaluate_round 17 received 4 results and 0 failures
[2026-01-22 12:07:17,452][flwr][DEBUG] - fit_round 18: strategy sampled 4 clients (out of 12)
[2026-01-22 12:07:23,046][flwr][DEBUG] - fit_round 18 received 4 results and 0 failures
[2026-01-22 12:07:23,478][flwr][INFO] - fit progress: (18, 0.45752502546655976, {'rmse': 9899.521604602922, 'mae': 4950.5869140625, 'r2': 0.3003108721479627, 'mape': 31.32351303100586, 'accuracy_10': 40.621864795684814, 'accuracy_20': 68.05416345596313}, 119.33879254199564)
[2026-01-22 12:07:23,479][flwr][DEBUG] - evaluate_round 18: strategy sampled 4 clients (out of 12)
[2026-01-22 12:07:23,531][flwr][DEBUG] - evaluate_round 18 received 4 results and 0 failures
[2026-01-22 12:07:23,532][flwr][DEBUG] - fit_round 19: strategy sampled 4 clients (out of 12)
[2026-01-22 12:07:29,686][flwr][DEBUG] - fit_round 19 received 4 results and 0 failures
[2026-01-22 12:07:30,129][flwr][INFO] - fit progress: (19, 0.3749216177847345, {'rmse': 8527.597082414248, 'mae': 4529.1171875, 'r2': 0.48080549864497946, 'mape': 25.916576385498047, 'accuracy_10': 44.08224821090698, 'accuracy_20': 64.694082736969}, 125.9888786249794)
[2026-01-22 12:07:30,129][flwr][DEBUG] - evaluate_round 19: strategy sampled 4 clients (out of 12)
[2026-01-22 12:07:30,191][flwr][DEBUG] - evaluate_round 19 received 4 results and 0 failures
[2026-01-22 12:07:30,192][flwr][DEBUG] - fit_round 20: strategy sampled 4 clients (out of 12)
[2026-01-22 12:07:34,199][flwr][DEBUG] - fit_round 20 received 4 results and 0 failures
[2026-01-22 12:07:34,638][flwr][INFO] - fit progress: (20, 0.3259178969631702, {'rmse': 7752.681342606569, 'mae': 4116.017578125, 'r2': 0.5708781985653607, 'mape': 24.492956161499023, 'accuracy_10': 43.480440974235535, 'accuracy_20': 66.95085167884827}, 130.4978768749861)
[2026-01-22 12:07:34,638][flwr][DEBUG] - evaluate_round 20: strategy sampled 4 clients (out of 12)
[2026-01-22 12:07:34,702][flwr][DEBUG] - evaluate_round 20 received 4 results and 0 failures
[2026-01-22 12:07:34,702][flwr][DEBUG] - fit_round 21: strategy sampled 4 clients (out of 12)
[2026-01-22 12:07:40,592][flwr][DEBUG] - fit_round 21 received 4 results and 0 failures
[2026-01-22 12:07:41,049][flwr][INFO] - fit progress: (21, 0.33784103095382, {'rmse': 8030.247816848494, 'mae': 4212.02392578125, 'r2': 0.5396007364910353, 'mape': 24.37740135192871, 'accuracy_10': 45.98796367645264, 'accuracy_20': 68.10431480407715}, 136.90902112494223)
[2026-01-22 12:07:41,049][flwr][DEBUG] - evaluate_round 21: strategy sampled 4 clients (out of 12)
[2026-01-22 12:07:41,115][flwr][DEBUG] - evaluate_round 21 received 4 results and 0 failures
[2026-01-22 12:07:41,116][flwr][DEBUG] - fit_round 22: strategy sampled 4 clients (out of 12)
[2026-01-22 12:07:47,221][flwr][DEBUG] - fit_round 22 received 4 results and 0 failures
[2026-01-22 12:07:47,680][flwr][INFO] - fit progress: (22, 0.33711577682132826, {'rmse': 8091.10771155594, 'mae': 4216.0810546875, 'r2': 0.5325957296379096, 'mape': 24.153541564941406, 'accuracy_10': 47.24172651767731, 'accuracy_20': 68.30491423606873}, 143.54016783297993)
[2026-01-22 12:07:47,680][flwr][DEBUG] - evaluate_round 22: strategy sampled 4 clients (out of 12)
[2026-01-22 12:07:47,740][flwr][DEBUG] - evaluate_round 22 received 4 results and 0 failures
[2026-01-22 12:07:47,741][flwr][DEBUG] - fit_round 23: strategy sampled 4 clients (out of 12)
[2026-01-22 12:07:53,609][flwr][DEBUG] - fit_round 23 received 4 results and 0 failures
[2026-01-22 12:07:54,057][flwr][INFO] - fit progress: (23, 0.3438938562585454, {'rmse': 8286.147959094142, 'mae': 4269.46142578125, 'r2': 0.5097900791705571, 'mape': 24.25797462463379, 'accuracy_10': 47.342026233673096, 'accuracy_20': 68.15446615219116}, 149.9169476669631)
[2026-01-22 12:07:54,057][flwr][DEBUG] - evaluate_round 23: strategy sampled 4 clients (out of 12)
[2026-01-22 12:07:54,116][flwr][DEBUG] - evaluate_round 23 received 4 results and 0 failures
[2026-01-22 12:07:54,116][flwr][DEBUG] - fit_round 24: strategy sampled 4 clients (out of 12)
[2026-01-22 12:08:00,033][flwr][DEBUG] - fit_round 24 received 4 results and 0 failures
[2026-01-22 12:08:00,463][flwr][INFO] - fit progress: (24, 0.3628940371163152, {'rmse': 8419.864606987454, 'mae': 4434.01953125, 'r2': 0.49384104502601045, 'mape': 24.819242477416992, 'accuracy_10': 45.235708355903625, 'accuracy_20': 65.99799394607544}, 156.32313249999424)
[2026-01-22 12:08:00,463][flwr][DEBUG] - evaluate_round 24: strategy sampled 4 clients (out of 12)
[2026-01-22 12:08:00,514][flwr][DEBUG] - evaluate_round 24 received 4 results and 0 failures
[2026-01-22 12:08:00,514][flwr][DEBUG] - fit_round 25: strategy sampled 4 clients (out of 12)
[2026-01-22 12:08:06,355][flwr][DEBUG] - fit_round 25 received 4 results and 0 failures
[2026-01-22 12:08:06,790][flwr][INFO] - fit progress: (25, 0.43624757874454395, {'rmse': 8909.651845049839, 'mae': 5091.99462890625, 'r2': 0.43324133257336106, 'mape': 25.517681121826172, 'accuracy_10': 29.488465189933777, 'accuracy_20': 53.059178590774536}, 162.6497207499924)
[2026-01-22 12:08:06,790][flwr][DEBUG] - evaluate_round 25: strategy sampled 4 clients (out of 12)
[2026-01-22 12:08:06,841][flwr][DEBUG] - evaluate_round 25 received 4 results and 0 failures
[2026-01-22 12:08:06,842][flwr][DEBUG] - fit_round 26: strategy sampled 4 clients (out of 12)
[2026-01-22 12:08:12,662][flwr][DEBUG] - fit_round 26 received 4 results and 0 failures
[2026-01-22 12:08:13,106][flwr][INFO] - fit progress: (26, 0.35180283246660904, {'rmse': 8144.621538168609, 'mae': 4204.97314453125, 'r2': 0.5263925420251133, 'mape': 24.03075408935547, 'accuracy_10': 50.75225830078125, 'accuracy_20': 67.85355806350708}, 168.96559479198186)
[2026-01-22 12:08:13,106][flwr][DEBUG] - evaluate_round 26: strategy sampled 4 clients (out of 12)
[2026-01-22 12:08:13,167][flwr][DEBUG] - evaluate_round 26 received 4 results and 0 failures
[2026-01-22 12:08:13,168][flwr][DEBUG] - fit_round 27: strategy sampled 4 clients (out of 12)
[2026-01-22 12:08:19,120][flwr][DEBUG] - fit_round 27 received 4 results and 0 failures
[2026-01-22 12:08:19,553][flwr][INFO] - fit progress: (27, 0.3732425344504468, {'rmse': 8381.659978787018, 'mae': 4411.97119140625, 'r2': 0.49842393358862336, 'mape': 24.594303131103516, 'accuracy_10': 47.342026233673096, 'accuracy_20': 67.15145707130432}, 175.41290612495504)
[2026-01-22 12:08:19,553][flwr][DEBUG] - evaluate_round 27: strategy sampled 4 clients (out of 12)
[2026-01-22 12:08:19,607][flwr][DEBUG] - evaluate_round 27 received 4 results and 0 failures
[2026-01-22 12:08:19,608][flwr][DEBUG] - fit_round 28: strategy sampled 4 clients (out of 12)
[2026-01-22 12:08:25,630][flwr][DEBUG] - fit_round 28 received 4 results and 0 failures
[2026-01-22 12:08:26,065][flwr][INFO] - fit progress: (28, 0.3824999018337806, {'rmse': 8441.435896812816, 'mae': 4494.90283203125, 'r2': 0.49124422541140456, 'mape': 25.006166458129883, 'accuracy_10': 44.13239657878876, 'accuracy_20': 66.34904742240906}, 181.9251607079641)
[2026-01-22 12:08:26,065][flwr][DEBUG] - evaluate_round 28: strategy sampled 4 clients (out of 12)
[2026-01-22 12:08:26,122][flwr][DEBUG] - evaluate_round 28 received 4 results and 0 failures
[2026-01-22 12:08:26,122][flwr][DEBUG] - fit_round 29: strategy sampled 4 clients (out of 12)
[2026-01-22 12:08:31,848][flwr][DEBUG] - fit_round 29 received 4 results and 0 failures
[2026-01-22 12:08:32,281][flwr][INFO] - fit progress: (29, 0.4500909038448525, {'rmse': 8953.554378011004, 'mae': 5001.41064453125, 'r2': 0.4276420906058088, 'mape': 24.542646408081055, 'accuracy_10': 31.945836544036865, 'accuracy_20': 55.06519675254822}, 188.1408199579455)
[2026-01-22 12:08:32,281][flwr][DEBUG] - evaluate_round 29: strategy sampled 4 clients (out of 12)
[2026-01-22 12:08:32,336][flwr][DEBUG] - evaluate_round 29 received 4 results and 0 failures
[2026-01-22 12:08:32,336][flwr][DEBUG] - fit_round 30: strategy sampled 4 clients (out of 12)
[2026-01-22 12:08:38,091][flwr][DEBUG] - fit_round 30 received 4 results and 0 failures
[2026-01-22 12:08:38,524][flwr][INFO] - fit progress: (30, 0.4005377924400442, {'rmse': 8702.988452250182, 'mae': 4441.72119140625, 'r2': 0.4592288291679172, 'mape': 27.302932739257812, 'accuracy_10': 49.49849545955658, 'accuracy_20': 67.25175380706787}, 194.38427770795533)
[2026-01-22 12:08:38,525][flwr][DEBUG] - evaluate_round 30: strategy sampled 4 clients (out of 12)
[2026-01-22 12:08:38,582][flwr][DEBUG] - evaluate_round 30 received 4 results and 0 failures
[2026-01-22 12:08:38,582][flwr][DEBUG] - fit_round 31: strategy sampled 4 clients (out of 12)
[2026-01-22 12:08:44,281][flwr][DEBUG] - fit_round 31 received 4 results and 0 failures
[2026-01-22 12:08:44,716][flwr][INFO] - fit progress: (31, 0.36552437939825905, {'rmse': 8278.834700608535, 'mae': 4234.515625, 'r2': 0.5106550208503507, 'mape': 24.11585807800293, 'accuracy_10': 52.75827646255493, 'accuracy_20': 68.2046115398407}, 200.57529633294325)
[2026-01-22 12:08:44,716][flwr][DEBUG] - evaluate_round 31: strategy sampled 4 clients (out of 12)
[2026-01-22 12:08:44,773][flwr][DEBUG] - evaluate_round 31 received 4 results and 0 failures
[2026-01-22 12:08:44,773][flwr][DEBUG] - fit_round 32: strategy sampled 4 clients (out of 12)
[2026-01-22 12:08:50,467][flwr][DEBUG] - fit_round 32 received 4 results and 0 failures
[2026-01-22 12:08:50,906][flwr][INFO] - fit progress: (32, 0.3529202821314215, {'rmse': 8092.7164784144015, 'mae': 4181.3828125, 'r2': 0.532409823494172, 'mape': 23.449918746948242, 'accuracy_10': 50.802409648895264, 'accuracy_20': 68.45536828041077}, 206.76549812499434)
[2026-01-22 12:08:50,906][flwr][DEBUG] - evaluate_round 32: strategy sampled 4 clients (out of 12)
[2026-01-22 12:08:50,966][flwr][DEBUG] - evaluate_round 32 received 4 results and 0 failures
[2026-01-22 12:08:50,966][flwr][DEBUG] - fit_round 33: strategy sampled 4 clients (out of 12)
[2026-01-22 12:08:56,725][flwr][DEBUG] - fit_round 33 received 4 results and 0 failures
[2026-01-22 12:08:57,175][flwr][INFO] - fit progress: (33, 0.4106694706598878, {'rmse': 9033.981182180976, 'mae': 4574.7294921875, 'r2': 0.41731335879662823, 'mape': 27.731245040893555, 'accuracy_10': 49.14744198322296, 'accuracy_20': 68.45536828041077}, 213.03440012497595)
[2026-01-22 12:08:57,176][flwr][DEBUG] - evaluate_round 33: strategy sampled 4 clients (out of 12)
[2026-01-22 12:08:57,231][flwr][DEBUG] - evaluate_round 33 received 4 results and 0 failures
[2026-01-22 12:08:57,232][flwr][DEBUG] - fit_round 34: strategy sampled 4 clients (out of 12)
[2026-01-22 12:09:03,306][flwr][DEBUG] - fit_round 34 received 4 results and 0 failures
[2026-01-22 12:09:03,743][flwr][INFO] - fit progress: (34, 0.40378512740284656, {'rmse': 8725.398329016274, 'mae': 4578.095703125, 'r2': 0.45644029567583133, 'mape': 24.859254837036133, 'accuracy_10': 46.840521693229675, 'accuracy_20': 67.3520565032959}, 219.6022234999691)
[2026-01-22 12:09:03,743][flwr][DEBUG] - evaluate_round 34: strategy sampled 4 clients (out of 12)
[2026-01-22 12:09:03,791][flwr][DEBUG] - evaluate_round 34 received 4 results and 0 failures
[2026-01-22 12:09:03,791][flwr][DEBUG] - fit_round 35: strategy sampled 4 clients (out of 12)
[2026-01-22 12:09:07,365][flwr][DEBUG] - fit_round 35 received 4 results and 0 failures
[2026-01-22 12:09:07,800][flwr][INFO] - fit progress: (35, 0.43450285122172166, {'rmse': 8963.395785080564, 'mae': 4847.29833984375, 'r2': 0.4263832203191368, 'mape': 23.695226669311523, 'accuracy_10': 34.25275683403015, 'accuracy_20': 56.92076086997986}, 223.65978308295598)
[2026-01-22 12:09:07,800][flwr][DEBUG] - evaluate_round 35: strategy sampled 4 clients (out of 12)
[2026-01-22 12:09:07,847][flwr][DEBUG] - evaluate_round 35 received 4 results and 0 failures
[2026-01-22 12:09:07,848][flwr][DEBUG] - fit_round 36: strategy sampled 4 clients (out of 12)
[2026-01-22 12:09:13,594][flwr][DEBUG] - fit_round 36 received 4 results and 0 failures
[2026-01-22 12:09:14,036][flwr][INFO] - fit progress: (36, 0.462055892798463, {'rmse': 9116.736696866923, 'mae': 4918.9072265625, 'r2': 0.4065890557892077, 'mape': 23.498088836669922, 'accuracy_10': 34.90471541881561, 'accuracy_20': 57.27181434631348}, 229.89544008299708)
[2026-01-22 12:09:14,036][flwr][DEBUG] - evaluate_round 36: strategy sampled 4 clients (out of 12)
[2026-01-22 12:09:14,096][flwr][DEBUG] - evaluate_round 36 received 4 results and 0 failures
[2026-01-22 12:09:14,097][flwr][DEBUG] - fit_round 37: strategy sampled 4 clients (out of 12)
[2026-01-22 12:09:20,102][flwr][DEBUG] - fit_round 37 received 4 results and 0 failures
[2026-01-22 12:09:20,541][flwr][INFO] - fit progress: (37, 0.372254720860074, {'rmse': 8530.1690487352, 'mae': 4156.96044921875, 'r2': 0.48049229167072427, 'mape': 24.62084197998047, 'accuracy_10': 55.66700100898743, 'accuracy_20': 69.90972757339478}, 236.40022899996256)
[2026-01-22 12:09:20,541][flwr][DEBUG] - evaluate_round 37: strategy sampled 4 clients (out of 12)
[2026-01-22 12:09:20,598][flwr][DEBUG] - evaluate_round 37 received 4 results and 0 failures
[2026-01-22 12:09:20,599][flwr][DEBUG] - fit_round 38: strategy sampled 4 clients (out of 12)
[2026-01-22 12:09:26,336][flwr][DEBUG] - fit_round 38 received 4 results and 0 failures
[2026-01-22 12:09:26,772][flwr][INFO] - fit progress: (38, 0.42195830000200146, {'rmse': 8836.64913867242, 'mae': 4716.81396484375, 'r2': 0.44249094052200144, 'mape': 22.719093322753906, 'accuracy_10': 37.61283755302429, 'accuracy_20': 60.280841588974}, 242.63115399994422)
[2026-01-22 12:09:26,772][flwr][DEBUG] - evaluate_round 38: strategy sampled 4 clients (out of 12)
[2026-01-22 12:09:26,828][flwr][DEBUG] - evaluate_round 38 received 4 results and 0 failures
[2026-01-22 12:09:26,828][flwr][DEBUG] - fit_round 39: strategy sampled 4 clients (out of 12)
[2026-01-22 12:09:32,619][flwr][DEBUG] - fit_round 39 received 4 results and 0 failures
[2026-01-22 12:09:33,057][flwr][INFO] - fit progress: (39, 0.3542437568127571, {'rmse': 8218.470904006414, 'mae': 4198.220703125, 'r2': 0.5177649482266935, 'mape': 22.626035690307617, 'accuracy_10': 49.24774467945099, 'accuracy_20': 70.2607810497284}, 248.91612008295488)
[2026-01-22 12:09:33,057][flwr][DEBUG] - evaluate_round 39: strategy sampled 4 clients (out of 12)
[2026-01-22 12:09:33,104][flwr][DEBUG] - evaluate_round 39 received 4 results and 0 failures
[2026-01-22 12:09:33,105][flwr][DEBUG] - fit_round 40: strategy sampled 4 clients (out of 12)
[2026-01-22 12:09:38,776][flwr][DEBUG] - fit_round 40 received 4 results and 0 failures
[2026-01-22 12:09:39,212][flwr][INFO] - fit progress: (40, 0.32243100902740074, {'rmse': 7887.128501552387, 'mae': 3983.25537109375, 'r2': 0.555865470828868, 'mape': 21.744169235229492, 'accuracy_10': 52.85857319831848, 'accuracy_20': 71.16349339485168}, 255.0716002919944)
[2026-01-22 12:09:39,212][flwr][DEBUG] - evaluate_round 40: strategy sampled 4 clients (out of 12)
[2026-01-22 12:09:39,271][flwr][DEBUG] - evaluate_round 40 received 4 results and 0 failures
[2026-01-22 12:09:39,272][flwr][INFO] - FL finished in 255.13100470794598
[2026-01-22 12:09:39,273][flwr][INFO] - app_fit: losses_distributed [(1, 0.4516723274349052), (2, 0.39697429079275864), (3, 0.36176633077152703), (4, 0.22849046209044616), (5, 0.2715774092666961), (6, 0.3144121212019047), (7, 0.31361636813989907), (8, 0.29766105972390317), (9, 0.17466311283776018), (10, 0.35939683275425743), (11, 0.2675932992336362), (12, 0.46100235478310236), (13, 0.2940937741815379), (14, 0.281807546026823), (15, 0.7140187395360849), (16, 0.3446501815935301), (17, 0.5589716487467803), (18, 0.6251573801943751), (19, 0.6064923804140452), (20, 0.20194100817915664), (21, 0.31229200255926526), (22, 0.18963688939865608), (23, 0.2901256552989214), (24, 0.40498094997687256), (25, 0.6288997005542805), (26, 0.33737911693055495), (27, 0.28993049466899085), (28, 0.18337014777424895), (29, 0.6610764512489008), (30, 0.3338954361176402), (31, 0.4509700020509107), (32, 0.3282790013249511), (33, 0.35670782213823665), (34, 0.7182176978574635), (35, 0.49283006679765956), (36, 0.36041197769096417), (37, 0.5416976472774109), (38, 0.42624145412622994), (39, 0.7967379093170166), (40, 0.3477228056625584)]
[2026-01-22 12:09:39,273][flwr][INFO] - app_fit: metrics_distributed_fit {'scaffold_updates': [(1, 4), (2, 4), (3, 4), (4, 4), (5, 4), (6, 4), (7, 4), (8, 4), (9, 4), (10, 4), (11, 4), (12, 4), (13, 4), (14, 4), (15, 4), (16, 4), (17, 4), (18, 4), (19, 4), (20, 4), (21, 4), (22, 4), (23, 4), (24, 4), (25, 4), (26, 4), (27, 4), (28, 4), (29, 4), (30, 4), (31, 4), (32, 4), (33, 4), (34, 4), (35, 4), (36, 4), (37, 4), (38, 4), (39, 4), (40, 4)], 'avg_control_delta_norm': [(1, 0.0015055796028311153), (2, 0.0009142419586430526), (3, 0.0008184368497382912), (4, 0.0006548381636143664), (5, 0.0008442788447586697), (6, 0.0006603323557874062), (7, 0.0006767305566981646), (8, 0.0007811249220971208), (9, 0.0005906110640590941), (10, 0.00047269758223063236), (11, 0.0009388622051212302), (12, 0.0004973161427888621), (13, 0.0009443570293459569), (14, 0.0008268692893253193), (15, 0.0012256142363099173), (16, 0.0005790035761111597), (17, 0.0005777943744240692), (18, 0.0009165409784042136), (19, 0.0005864765867793494), (20, 0.000811100687604303), (21, 0.0005778791265065523), (22, 0.0005435399158589826), (23, 0.0005705848724232016), (24, 0.0004609022575694655), (25, 0.0006926113306039563), (26, 0.0008787518445890827), (27, 0.0004524425999243767), (28, 0.00047515171462925984), (29, 0.0005785631519856913), (30, 0.0011078899241866531), (31, 0.000543704656833559), (32, 0.0005920637771904704), (33, 0.0007907288995790087), (34, 0.0006053961720972699), (35, 0.0006779314020710044), (36, 0.00047886884425191574), (37, 0.0008254247111635479), (38, 0.0007124567692711213), (39, 0.0005937469191132043), (40, 0.0007088155917021102)]}
[2026-01-22 12:09:39,273][flwr][INFO] - app_fit: metrics_distributed {}
[2026-01-22 12:09:39,273][flwr][INFO] - app_fit: losses_centralized [(0, 4.134466124154859), (1, 0.34424068115898215), (2, 0.26932360995616933), (3, 0.32651744921922443), (4, 0.28376849938778126), (5, 0.2574867458795473), (6, 0.29052202252590786), (7, 0.30558990463689195), (8, 0.293623704339939), (9, 0.30618200315874344), (10, 0.3215290146581866), (11, 0.2847504032291883), (12, 0.31786232987192714), (13, 0.41718379272112516), (14, 0.3390083781993736), (15, 0.4011645110972308), (16, 0.4015754439392563), (17, 0.3349761169407528), (18, 0.45752502546655976), (19, 0.3749216177847345), (20, 0.3259178969631702), (21, 0.33784103095382), (22, 0.33711577682132826), (23, 0.3438938562585454), (24, 0.3628940371163152), (25, 0.43624757874454395), (26, 0.35180283246660904), (27, 0.3732425344504468), (28, 0.3824999018337806), (29, 0.4500909038448525), (30, 0.4005377924400442), (31, 0.36552437939825905), (32, 0.3529202821314215), (33, 0.4106694706598878), (34, 0.40378512740284656), (35, 0.43450285122172166), (36, 0.462055892798463), (37, 0.372254720860074), (38, 0.42195830000200146), (39, 0.3542437568127571), (40, 0.32243100902740074)]
[2026-01-22 12:09:39,273][flwr][INFO] - app_fit: metrics_centralized {'rmse': [(0, 24250.156288156166), (1, 7074.311273897975), (2, 6548.529300537641), (3, 6946.891966915852), (4, 6687.788274160599), (5, 6553.40796837798), (6, 6913.193473352239), (7, 7201.133799617946), (8, 7297.292374572914), (9, 7332.876379702579), (10, 7328.186678844911), (11, 7231.789543397955), (12, 7631.935796375648), (13, 9076.924148630967), (14, 7926.078727845188), (15, 9046.709014884915), (16, 8943.871644875053), (17, 7989.592480220753), (18, 9899.521604602922), (19, 8527.597082414248), (20, 7752.681342606569), (21, 8030.247816848494), (22, 8091.10771155594), (23, 8286.147959094142), (24, 8419.864606987454), (25, 8909.651845049839), (26, 8144.621538168609), (27, 8381.659978787018), (28, 8441.435896812816), (29, 8953.554378011004), (30, 8702.988452250182), (31, 8278.834700608535), (32, 8092.7164784144015), (33, 9033.981182180976), (34, 8725.398329016274), (35, 8963.395785080564), (36, 9116.736696866923), (37, 8530.1690487352), (38, 8836.64913867242), (39, 8218.470904006414), (40, 7887.128501552387)], 'mae': [(0, 20810.46875), (1, 4203.02099609375), (2, 3627.047119140625), (3, 4024.734619140625), (4, 3860.009033203125), (5, 3579.51708984375), (6, 3774.17529296875), (7, 4174.02978515625), (8, 4177.27099609375), (9, 4255.5810546875), (10, 4106.8125), (11, 3935.153564453125), (12, 4109.0029296875), (13, 4624.8583984375), (14, 4562.47802734375), (15, 4548.2041015625), (16, 4448.42333984375), (17, 4260.74951171875), (18, 4950.5869140625), (19, 4529.1171875), (20, 4116.017578125), (21, 4212.02392578125), (22, 4216.0810546875), (23, 4269.46142578125), (24, 4434.01953125), (25, 5091.99462890625), (26, 4204.97314453125), (27, 4411.97119140625), (28, 4494.90283203125), (29, 5001.41064453125), (30, 4441.72119140625), (31, 4234.515625), (32, 4181.3828125), (33, 4574.7294921875), (34, 4578.095703125), (35, 4847.29833984375), (36, 4918.9072265625), (37, 4156.96044921875), (38, 4716.81396484375), (39, 4198.220703125), (40, 3983.25537109375)], 'r2': [(0, -3.198612761198425), (1, 0.64269009299179), (2, 0.6938288605179466), (3, 0.6554456068776708), (4, 0.6806685065254288), (5, 0.6933724841073419), (6, 0.6587802726654729), (7, 0.6297641309201633), (8, 0.619810408585215), (9, 0.6160935176539852), (10, 0.6165844178151705), (11, 0.626605193076055), (12, 0.5841409798620646), (13, 0.41176057869901606), (14, 0.5514679604341979), (15, 0.4156702981232925), (16, 0.4288793725488723), (17, 0.5442507366435616), (18, 0.3003108721479627), (19, 0.48080549864497946), (20, 0.5708781985653607), (21, 0.5396007364910353), (22, 0.5325957296379096), (23, 0.5097900791705571), (24, 0.49384104502601045), (25, 0.43324133257336106), (26, 0.5263925420251133), (27, 0.49842393358862336), (28, 0.49124422541140456), (29, 0.4276420906058088), (30, 0.4592288291679172), (31, 0.5106550208503507), (32, 0.532409823494172), (33, 0.41731335879662823), (34, 0.45644029567583133), (35, 0.4263832203191368), (36, 0.4065890557892077), (37, 0.48049229167072427), (38, 0.44249094052200144), (39, 0.5177649482266935), (40, 0.555865470828868)], 'mape': [(0, 192.60643005371094), (1, 25.206523895263672), (2, 21.868139266967773), (3, 21.703943252563477), (4, 21.247798919677734), (5, 21.248037338256836), (6, 22.512670516967773), (7, 21.986392974853516), (8, 21.20311164855957), (9, 21.90018081665039), (10, 23.556142807006836), (11, 23.406169891357422), (12, 23.850690841674805), (13, 29.81919288635254), (14, 23.32171058654785), (15, 28.84656524658203), (16, 28.254180908203125), (17, 24.646543502807617), (18, 31.32351303100586), (19, 25.916576385498047), (20, 24.492956161499023), (21, 24.37740135192871), (22, 24.153541564941406), (23, 24.25797462463379), (24, 24.819242477416992), (25, 25.517681121826172), (26, 24.03075408935547), (27, 24.594303131103516), (28, 25.006166458129883), (29, 24.542646408081055), (30, 27.302932739257812), (31, 24.11585807800293), (32, 23.449918746948242), (33, 27.731245040893555), (34, 24.859254837036133), (35, 23.695226669311523), (36, 23.498088836669922), (37, 24.62084197998047), (38, 22.719093322753906), (39, 22.626035690307617), (40, 21.744169235229492)], 'accuracy_10': [(0, 5.667001008987427), (1, 27.03109383583069), (2, 37.3620867729187), (3, 24.07221645116806), (4, 30.942827463150024), (5, 40.521565079689026), (6, 41.47442281246185), (7, 32.4974924325943), (8, 29.839518666267395), (9, 29.739218950271606), (10, 38.61584663391113), (11, 35.907724499702454), (12, 41.82547628879547), (13, 39.21765387058258), (14, 30.742228031158447), (15, 40.421262383461), (16, 43.731194734573364), (17, 42.377132177352905), (18, 40.621864795684814), (19, 44.08224821090698), (20, 43.480440974235535), (21, 45.98796367645264), (22, 47.24172651767731), (23, 47.342026233673096), (24, 45.235708355903625), (25, 29.488465189933777), (26, 50.75225830078125), (27, 47.342026233673096), (28, 44.13239657878876), (29, 31.945836544036865), (30, 49.49849545955658), (31, 52.75827646255493), (32, 50.802409648895264), (33, 49.14744198322296), (34, 46.840521693229675), (35, 34.25275683403015), (36, 34.90471541881561), (37, 55.66700100898743), (38, 37.61283755302429), (39, 49.24774467945099), (40, 52.85857319831848)], 'accuracy_20': [(0, 11.384152621030807), (1, 51.25375986099243), (2, 62.6379132270813), (3, 52.25676894187927), (4, 57.873618602752686), (5, 64.694082736969), (6, 64.39318060874939), (7, 54.86459136009216), (8, 54.262787103652954), (9, 53.059178590774536), (10, 60.63189506530762), (11, 65.34603834152222), (12, 64.9949848651886), (13, 67.10130572319031), (14, 52.55767107009888), (15, 68.30491423606873), (16, 68.80642175674438), (17, 66.09829664230347), (18, 68.05416345596313), (19, 64.694082736969), (20, 66.95085167884827), (21, 68.10431480407715), (22, 68.30491423606873), (23, 68.15446615219116), (24, 65.99799394607544), (25, 53.059178590774536), (26, 67.85355806350708), (27, 67.15145707130432), (28, 66.34904742240906), (29, 55.06519675254822), (30, 67.25175380706787), (31, 68.2046115398407), (32, 68.45536828041077), (33, 68.45536828041077), (34, 67.3520565032959), (35, 56.92076086997986), (36, 57.27181434631348), (37, 69.90972757339478), (38, 60.280841588974), (39, 70.2607810497284), (40, 71.16349339485168)]}
[2026-01-22 12:09:40,018][flwr][INFO] - Starting Flower simulation, config: ServerConfig(num_rounds=40, round_timeout=None)
[2026-01-22 12:09:46,853][flwr][INFO] - Flower VCE: Ray initialized with resources: {'memory': 11938925364.0, 'object_store_memory': 2147483648.0, 'node:127.0.0.1': 1.0, 'CPU': 10.0}
[2026-01-22 12:09:46,853][flwr][INFO] - Initializing global parameters
[2026-01-22 12:09:46,853][flwr][INFO] - Using initial parameters provided by strategy
[2026-01-22 12:09:46,854][flwr][INFO] - Evaluating initial parameters
[2026-01-22 12:09:47,291][flwr][INFO] - initial parameters (loss, other metrics): 4.134466124154859, {'rmse': 24250.156288156166, 'mae': 20810.46875, 'r2': -3.198612761198425, 'mape': 192.60643005371094, 'accuracy_10': 5.667001008987427, 'accuracy_20': 11.384152621030807}
[2026-01-22 12:09:47,291][flwr][INFO] - FL starting
[2026-01-22 12:09:47,292][flwr][DEBUG] - fit_round 1: strategy sampled 4 clients (out of 12)
[2026-01-22 12:09:59,652][flwr][DEBUG] - fit_round 1 received 4 results and 0 failures
[2026-01-22 12:09:59,659][flwr][WARNING] - No fit_metrics_aggregation_fn provided
[2026-01-22 12:10:00,102][flwr][INFO] - fit progress: (1, 0.36728819284061254, {'rmse': 8574.638884524526, 'mae': 4857.92626953125, 'r2': 0.47506153264568196, 'mape': 27.627891540527344, 'accuracy_10': 29.78936731815338, 'accuracy_20': 53.76128554344177}, 12.807360292004887)
[2026-01-22 12:10:00,102][flwr][DEBUG] - evaluate_round 1: strategy sampled 4 clients (out of 12)
[2026-01-22 12:10:29,337][flwr][DEBUG] - evaluate_round 1 received 4 results and 0 failures
[2026-01-22 12:10:29,337][flwr][WARNING] - No evaluate_metrics_aggregation_fn provided
[2026-01-22 12:10:29,338][flwr][DEBUG] - fit_round 2: strategy sampled 4 clients (out of 12)
[2026-01-22 12:10:41,280][flwr][DEBUG] - fit_round 2 received 4 results and 0 failures
[2026-01-22 12:10:41,709][flwr][INFO] - fit progress: (2, 0.29667891590382417, {'rmse': 6559.49327311188, 'mae': 3801.458740234375, 'r2': 0.6928027688927925, 'mape': 22.319581985473633, 'accuracy_10': 27.933800220489502, 'accuracy_20': 53.510528802871704}, 26.01156366703799)
[2026-01-22 12:10:41,709][flwr][DEBUG] - evaluate_round 2: strategy sampled 4 clients (out of 12)
[2026-01-22 12:10:41,893][flwr][DEBUG] - evaluate_round 2 received 4 results and 0 failures
[2026-01-22 12:10:41,894][flwr][DEBUG] - fit_round 3: strategy sampled 4 clients (out of 12)
[2026-01-22 12:10:52,198][flwr][DEBUG] - fit_round 3 received 4 results and 0 failures
[2026-01-22 12:10:52,632][flwr][INFO] - fit progress: (3, 0.3372479146318426, {'rmse': 7873.972567897351, 'mae': 4277.529296875, 'r2': 0.5573458856254249, 'mape': 26.228511810302734, 'accuracy_10': 36.96088194847107, 'accuracy_20': 63.28986883163452}, 36.93250508402707)
[2026-01-22 12:10:52,632][flwr][DEBUG] - evaluate_round 3: strategy sampled 4 clients (out of 12)
[2026-01-22 12:10:52,795][flwr][DEBUG] - evaluate_round 3 received 4 results and 0 failures
[2026-01-22 12:10:52,796][flwr][DEBUG] - fit_round 4: strategy sampled 4 clients (out of 12)
[2026-01-22 12:10:59,239][flwr][DEBUG] - fit_round 4 received 4 results and 0 failures
[2026-01-22 12:10:59,669][flwr][INFO] - fit progress: (4, 0.33498309150622146, {'rmse': 7429.650866628929, 'mae': 4047.789794921875, 'r2': 0.6058935532747523, 'mape': 20.767620086669922, 'accuracy_10': 26.93079113960266, 'accuracy_20': 54.413241147994995}, 43.96958491700934)
[2026-01-22 12:10:59,670][flwr][DEBUG] - evaluate_round 4: strategy sampled 4 clients (out of 12)
[2026-01-22 12:10:59,828][flwr][DEBUG] - evaluate_round 4 received 4 results and 0 failures
[2026-01-22 12:10:59,829][flwr][DEBUG] - fit_round 5: strategy sampled 4 clients (out of 12)
[2026-01-22 12:11:10,546][flwr][DEBUG] - fit_round 5 received 4 results and 0 failures
[2026-01-22 12:11:10,974][flwr][INFO] - fit progress: (5, 0.26606886042515515, {'rmse': 6435.10248558638, 'mae': 3697.0986328125, 'r2': 0.7043433518109218, 'mape': 20.655363082885742, 'accuracy_10': 29.488465189933777, 'accuracy_20': 57.47241973876953}, 55.27293587499298)
[2026-01-22 12:11:10,974][flwr][DEBUG] - evaluate_round 5: strategy sampled 4 clients (out of 12)
[2026-01-22 12:11:11,125][flwr][DEBUG] - evaluate_round 5 received 4 results and 0 failures
[2026-01-22 12:11:11,125][flwr][DEBUG] - fit_round 6: strategy sampled 4 clients (out of 12)
[2026-01-22 12:14:12,382][flwr][DEBUG] - fit_round 6 received 4 results and 0 failures
[2026-01-22 12:14:12,897][flwr][INFO] - fit progress: (6, 0.2330354484864917, {'rmse': 6426.299401677454, 'mae': 3461.46337890625, 'r2': 0.7051517120847088, 'mape': 20.15439796447754, 'accuracy_10': 39.81945812702179, 'accuracy_20': 66.19859337806702}, 68.60240887501277)
[2026-01-22 12:14:12,897][flwr][DEBUG] - evaluate_round 6: strategy sampled 4 clients (out of 12)
[2026-01-22 12:14:13,155][flwr][DEBUG] - evaluate_round 6 received 4 results and 0 failures
[2026-01-22 12:14:13,155][flwr][DEBUG] - fit_round 7: strategy sampled 4 clients (out of 12)
[2026-01-22 12:14:19,941][flwr][DEBUG] - fit_round 7 received 4 results and 0 failures
[2026-01-22 12:14:20,406][flwr][INFO] - fit progress: (7, 0.23310451559281517, {'rmse': 6499.00330820042, 'mae': 3401.053955078125, 'r2': 0.6984424303406336, 'mape': 20.29351806640625, 'accuracy_10': 42.57773458957672, 'accuracy_20': 69.85957622528076}, 76.11143520800397)
[2026-01-22 12:14:20,406][flwr][DEBUG] - evaluate_round 7: strategy sampled 4 clients (out of 12)
[2026-01-22 12:14:20,610][flwr][DEBUG] - evaluate_round 7 received 4 results and 0 failures
[2026-01-22 12:14:20,612][flwr][DEBUG] - fit_round 8: strategy sampled 4 clients (out of 12)
[2026-01-22 12:14:30,980][flwr][DEBUG] - fit_round 8 received 4 results and 0 failures
[2026-01-22 12:14:31,412][flwr][INFO] - fit progress: (8, 0.24158896465478474, {'rmse': 6748.814118050667, 'mae': 3705.769287109375, 'r2': 0.6748141349210466, 'mape': 19.51060676574707, 'accuracy_10': 33.199599385261536, 'accuracy_20': 62.18655705451965}, 87.11780395801179)
[2026-01-22 12:14:31,413][flwr][DEBUG] - evaluate_round 8: strategy sampled 4 clients (out of 12)
[2026-01-22 12:14:31,482][flwr][DEBUG] - evaluate_round 8 received 4 results and 0 failures
[2026-01-22 12:14:31,482][flwr][DEBUG] - fit_round 9: strategy sampled 4 clients (out of 12)
[2026-01-22 12:14:42,093][flwr][DEBUG] - fit_round 9 received 4 results and 0 failures
[2026-01-22 12:14:42,539][flwr][INFO] - fit progress: (9, 0.2394203988605421, {'rmse': 6560.61216655885, 'mae': 3537.810546875, 'r2': 0.69269796569753, 'mape': 20.24007797241211, 'accuracy_10': 40.32096266746521, 'accuracy_20': 67.10130572319031}, 98.24413591698976)
[2026-01-22 12:14:42,539][flwr][DEBUG] - evaluate_round 9: strategy sampled 4 clients (out of 12)
[2026-01-22 12:14:42,597][flwr][DEBUG] - evaluate_round 9 received 4 results and 0 failures
[2026-01-22 12:14:42,598][flwr][DEBUG] - fit_round 10: strategy sampled 4 clients (out of 12)
[2026-01-22 12:14:52,942][flwr][DEBUG] - fit_round 10 received 4 results and 0 failures
[2026-01-22 12:14:53,382][flwr][INFO] - fit progress: (10, 0.24250598567180193, {'rmse': 6712.744595171188, 'mae': 3532.500244140625, 'r2': 0.6782808239895306, 'mape': 20.510313034057617, 'accuracy_10': 44.63390111923218, 'accuracy_20': 68.95686984062195}, 109.08709675003774)
[2026-01-22 12:14:53,382][flwr][DEBUG] - evaluate_round 10: strategy sampled 4 clients (out of 12)
[2026-01-22 12:14:53,455][flwr][DEBUG] - evaluate_round 10 received 4 results and 0 failures
[2026-01-22 12:14:53,455][flwr][DEBUG] - fit_round 11: strategy sampled 4 clients (out of 12)
[2026-01-22 12:15:03,777][flwr][DEBUG] - fit_round 11 received 4 results and 0 failures
[2026-01-22 12:15:04,216][flwr][INFO] - fit progress: (11, 0.2664015200157223, {'rmse': 7120.636207530897, 'mae': 3960.468505859375, 'r2': 0.637995214896708, 'mape': 20.305742263793945, 'accuracy_10': 33.90170633792877, 'accuracy_20': 60.18053889274597}, 119.92080845800228)
[2026-01-22 12:15:04,217][flwr][DEBUG] - evaluate_round 11: strategy sampled 4 clients (out of 12)
[2026-01-22 12:15:04,286][flwr][DEBUG] - evaluate_round 11 received 4 results and 0 failures
[2026-01-22 12:15:04,286][flwr][DEBUG] - fit_round 12: strategy sampled 4 clients (out of 12)
[2026-01-22 12:15:14,413][flwr][DEBUG] - fit_round 12 received 4 results and 0 failures
[2026-01-22 12:15:14,858][flwr][INFO] - fit progress: (12, 0.2531711772951104, {'rmse': 6915.184162406667, 'mae': 3644.25537109375, 'r2': 0.6585837190098741, 'mape': 20.747432708740234, 'accuracy_10': 44.88465487957001, 'accuracy_20': 68.80642175674438}, 130.56267741700867)
[2026-01-22 12:15:14,858][flwr][DEBUG] - evaluate_round 12: strategy sampled 4 clients (out of 12)
[2026-01-22 12:15:15,032][flwr][DEBUG] - evaluate_round 12 received 4 results and 0 failures
[2026-01-22 12:15:15,032][flwr][DEBUG] - fit_round 13: strategy sampled 4 clients (out of 12)
[2026-01-22 12:15:25,267][flwr][DEBUG] - fit_round 13 received 4 results and 0 failures
[2026-01-22 12:15:25,705][flwr][INFO] - fit progress: (13, 0.2844402307014886, {'rmse': 7392.670694681321, 'mae': 4116.5810546875, 'r2': 0.6098070271935694, 'mape': 20.67782974243164, 'accuracy_10': 34.302908182144165, 'accuracy_20': 59.628885984420776}, 141.41025120799895)
[2026-01-22 12:15:25,706][flwr][DEBUG] - evaluate_round 13: strategy sampled 4 clients (out of 12)
[2026-01-22 12:15:25,769][flwr][DEBUG] - evaluate_round 13 received 4 results and 0 failures
[2026-01-22 12:15:25,770][flwr][DEBUG] - fit_round 14: strategy sampled 4 clients (out of 12)
[2026-01-22 12:15:36,811][flwr][DEBUG] - fit_round 14 received 4 results and 0 failures
[2026-01-22 12:15:37,250][flwr][INFO] - fit progress: (14, 0.30259953583464577, {'rmse': 7635.517533212795, 'mae': 3868.1650390625, 'r2': 0.5837505417618294, 'mape': 23.118383407592773, 'accuracy_10': 47.943830490112305, 'accuracy_20': 68.45536828041077}, 152.9549426669837)
[2026-01-22 12:15:37,250][flwr][DEBUG] - evaluate_round 14: strategy sampled 4 clients (out of 12)
[2026-01-22 12:15:37,318][flwr][DEBUG] - evaluate_round 14 received 4 results and 0 failures
[2026-01-22 12:15:37,319][flwr][DEBUG] - fit_round 15: strategy sampled 4 clients (out of 12)
[2026-01-22 12:15:47,944][flwr][DEBUG] - fit_round 15 received 4 results and 0 failures
[2026-01-22 12:15:48,387][flwr][INFO] - fit progress: (15, 0.2981945094815946, {'rmse': 7551.44674880251, 'mae': 3991.59423828125, 'r2': 0.5928663078464946, 'mape': 22.4151554107666, 'accuracy_10': 45.03510594367981, 'accuracy_20': 65.79739451408386}, 164.09130008303327)
[2026-01-22 12:15:48,387][flwr][DEBUG] - evaluate_round 15: strategy sampled 4 clients (out of 12)
[2026-01-22 12:15:48,453][flwr][DEBUG] - evaluate_round 15 received 4 results and 0 failures
[2026-01-22 12:15:48,453][flwr][DEBUG] - fit_round 16: strategy sampled 4 clients (out of 12)
[2026-01-22 12:15:58,975][flwr][DEBUG] - fit_round 16 received 4 results and 0 failures
[2026-01-22 12:15:59,410][flwr][INFO] - fit progress: (16, 0.2959582725597719, {'rmse': 7514.879107477378, 'mae': 3936.19384765625, 'r2': 0.5967998155135246, 'mape': 22.47760581970215, 'accuracy_10': 46.339017152786255, 'accuracy_20': 66.95085167884827}, 175.11474716698285)
[2026-01-22 12:15:59,410][flwr][DEBUG] - evaluate_round 16: strategy sampled 4 clients (out of 12)
[2026-01-22 12:15:59,590][flwr][DEBUG] - evaluate_round 16 received 4 results and 0 failures
[2026-01-22 12:15:59,590][flwr][DEBUG] - fit_round 17: strategy sampled 4 clients (out of 12)
[2026-01-22 12:16:09,964][flwr][DEBUG] - fit_round 17 received 4 results and 0 failures
[2026-01-22 12:16:10,401][flwr][INFO] - fit progress: (17, 0.340008851338772, {'rmse': 7948.984840846031, 'mae': 4498.2958984375, 'r2': 0.548871727459364, 'mape': 22.64210319519043, 'accuracy_10': 30.491474270820618, 'accuracy_20': 55.81745505332947}, 186.10573312500492)
[2026-01-22 12:16:10,402][flwr][DEBUG] - evaluate_round 17: strategy sampled 4 clients (out of 12)
[2026-01-22 12:16:10,474][flwr][DEBUG] - evaluate_round 17 received 4 results and 0 failures
[2026-01-22 12:16:10,474][flwr][DEBUG] - fit_round 18: strategy sampled 4 clients (out of 12)
[2026-01-22 12:16:20,718][flwr][DEBUG] - fit_round 18 received 4 results and 0 failures
[2026-01-22 12:16:21,163][flwr][INFO] - fit progress: (18, 0.35174950813816686, {'rmse': 8122.553293146189, 'mae': 4545.3525390625, 'r2': 0.5289556005208422, 'mape': 22.6131534576416, 'accuracy_10': 30.992978811264038, 'accuracy_20': 56.06820583343506}, 196.86709116701968)
[2026-01-22 12:16:21,163][flwr][DEBUG] - evaluate_round 18: strategy sampled 4 clients (out of 12)
[2026-01-22 12:16:21,344][flwr][DEBUG] - evaluate_round 18 received 4 results and 0 failures
[2026-01-22 12:16:21,345][flwr][DEBUG] - fit_round 19: strategy sampled 4 clients (out of 12)
[2026-01-22 12:16:32,071][flwr][DEBUG] - fit_round 19 received 4 results and 0 failures
[2026-01-22 12:16:32,523][flwr][INFO] - fit progress: (19, 0.32010825497725065, {'rmse': 7696.5111576609825, 'mae': 4114.65087890625, 'r2': 0.5770738771890757, 'mape': 22.87224578857422, 'accuracy_10': 44.984954595565796, 'accuracy_20': 64.74423408508301}, 208.2274403750198)
[2026-01-22 12:16:32,524][flwr][DEBUG] - evaluate_round 19: strategy sampled 4 clients (out of 12)
[2026-01-22 12:16:32,726][flwr][DEBUG] - evaluate_round 19 received 4 results and 0 failures
[2026-01-22 12:16:32,726][flwr][DEBUG] - fit_round 20: strategy sampled 4 clients (out of 12)
[2026-01-22 12:16:43,182][flwr][DEBUG] - fit_round 20 received 4 results and 0 failures
[2026-01-22 12:16:43,624][flwr][INFO] - fit progress: (20, 0.364294799663119, {'rmse': 8179.038574306885, 'mae': 4584.4873046875, 'r2': 0.5223813925842632, 'mape': 22.828969955444336, 'accuracy_10': 32.14643895626068, 'accuracy_20': 56.018054485321045}, 219.32866300002206)
[2026-01-22 12:16:43,625][flwr][DEBUG] - evaluate_round 20: strategy sampled 4 clients (out of 12)
[2026-01-22 12:16:43,802][flwr][DEBUG] - evaluate_round 20 received 4 results and 0 failures
[2026-01-22 12:16:43,802][flwr][DEBUG] - fit_round 21: strategy sampled 4 clients (out of 12)
[2026-01-22 12:16:49,948][flwr][DEBUG] - fit_round 21 received 4 results and 0 failures
[2026-01-22 12:16:50,381][flwr][INFO] - fit progress: (21, 0.2972218828386026, {'rmse': 7453.905016835135, 'mae': 3794.085205078125, 'r2': 0.6033162394325644, 'mape': 22.576730728149414, 'accuracy_10': 48.946839570999146, 'accuracy_20': 69.10732388496399}, 226.085562125023)
[2026-01-22 12:16:50,382][flwr][DEBUG] - evaluate_round 21: strategy sampled 4 clients (out of 12)
[2026-01-22 12:16:50,451][flwr][DEBUG] - evaluate_round 21 received 4 results and 0 failures
[2026-01-22 12:16:50,451][flwr][DEBUG] - fit_round 22: strategy sampled 4 clients (out of 12)
[2026-01-22 12:17:01,103][flwr][DEBUG] - fit_round 22 received 4 results and 0 failures
[2026-01-22 12:17:01,540][flwr][INFO] - fit progress: (22, 0.3662614037946928, {'rmse': 8648.772860932353, 'mae': 4371.4462890625, 'r2': 0.4659453265811878, 'mape': 26.37249755859375, 'accuracy_10': 45.88766396045685, 'accuracy_20': 68.90671849250793}, 237.24432437500218)
[2026-01-22 12:17:01,540][flwr][DEBUG] - evaluate_round 22: strategy sampled 4 clients (out of 12)
[2026-01-22 12:17:01,605][flwr][DEBUG] - evaluate_round 22 received 4 results and 0 failures
[2026-01-22 12:17:01,606][flwr][DEBUG] - fit_round 23: strategy sampled 4 clients (out of 12)
[2026-01-22 12:17:11,819][flwr][DEBUG] - fit_round 23 received 4 results and 0 failures
[2026-01-22 12:17:12,253][flwr][INFO] - fit progress: (23, 0.3534001071630055, {'rmse': 8202.85706324327, 'mae': 4531.94873046875, 'r2': 0.5195955869671169, 'mape': 22.62844467163086, 'accuracy_10': 33.45035016536713, 'accuracy_20': 58.32497477531433}, 247.95652520802105)
[2026-01-22 12:17:12,253][flwr][DEBUG] - evaluate_round 23: strategy sampled 4 clients (out of 12)
[2026-01-22 12:17:12,326][flwr][DEBUG] - evaluate_round 23 received 4 results and 0 failures
[2026-01-22 12:17:12,327][flwr][DEBUG] - fit_round 24: strategy sampled 4 clients (out of 12)
[2026-01-22 12:17:22,532][flwr][DEBUG] - fit_round 24 received 4 results and 0 failures
[2026-01-22 12:17:22,990][flwr][INFO] - fit progress: (24, 0.3722652098240561, {'rmse': 8394.075053274184, 'mae': 4617.2734375, 'r2': 0.496936977758609, 'mape': 22.340179443359375, 'accuracy_10': 33.299899101257324, 'accuracy_20': 57.27181434631348}, 258.69402866699966)
[2026-01-22 12:17:22,990][flwr][DEBUG] - evaluate_round 24: strategy sampled 4 clients (out of 12)
[2026-01-22 12:17:23,057][flwr][DEBUG] - evaluate_round 24 received 4 results and 0 failures
[2026-01-22 12:17:23,058][flwr][DEBUG] - fit_round 25: strategy sampled 4 clients (out of 12)
[2026-01-22 12:17:33,580][flwr][DEBUG] - fit_round 25 received 4 results and 0 failures
[2026-01-22 12:17:34,028][flwr][INFO] - fit progress: (25, 0.393902303402498, {'rmse': 8564.392331041356, 'mae': 4711.35693359375, 'r2': 0.4763153578303152, 'mape': 22.645463943481445, 'accuracy_10': 32.99899697303772, 'accuracy_20': 57.57271647453308}, 269.73172570799943)
[2026-01-22 12:17:34,028][flwr][DEBUG] - evaluate_round 25: strategy sampled 4 clients (out of 12)
[2026-01-22 12:17:34,212][flwr][DEBUG] - evaluate_round 25 received 4 results and 0 failures
[2026-01-22 12:17:34,213][flwr][DEBUG] - fit_round 26: strategy sampled 4 clients (out of 12)
[2026-01-22 12:17:44,846][flwr][DEBUG] - fit_round 26 received 4 results and 0 failures
[2026-01-22 12:17:45,291][flwr][INFO] - fit progress: (26, 0.41786669172279334, {'rmse': 8736.554011737122, 'mae': 4781.93359375, 'r2': 0.45504949010444296, 'mape': 22.958637237548828, 'accuracy_10': 33.40020179748535, 'accuracy_20': 57.0712149143219}, 280.9945955420262)
[2026-01-22 12:17:45,291][flwr][DEBUG] - evaluate_round 26: strategy sampled 4 clients (out of 12)
[2026-01-22 12:17:45,363][flwr][DEBUG] - evaluate_round 26 received 4 results and 0 failures
[2026-01-22 12:17:45,364][flwr][DEBUG] - fit_round 27: strategy sampled 4 clients (out of 12)
[2026-01-22 12:17:51,613][flwr][DEBUG] - fit_round 27 received 4 results and 0 failures
[2026-01-22 12:17:52,071][flwr][INFO] - fit progress: (27, 0.36097611838142757, {'rmse': 8360.670786485975, 'mae': 4448.57080078125, 'r2': 0.5009328745653879, 'mape': 21.325674057006836, 'accuracy_10': 36.910733580589294, 'accuracy_20': 60.732197761535645}, 287.77483595802914)
[2026-01-22 12:17:52,071][flwr][DEBUG] - evaluate_round 27: strategy sampled 4 clients (out of 12)
[2026-01-22 12:17:52,146][flwr][DEBUG] - evaluate_round 27 received 4 results and 0 failures
[2026-01-22 12:17:52,147][flwr][DEBUG] - fit_round 28: strategy sampled 4 clients (out of 12)
[2026-01-22 12:18:02,316][flwr][DEBUG] - fit_round 28 received 4 results and 0 failures
[2026-01-22 12:18:02,748][flwr][INFO] - fit progress: (28, 0.3665609302946414, {'rmse': 8441.905472107586, 'mae': 4475.4892578125, 'r2': 0.49118761467340943, 'mape': 21.307096481323242, 'accuracy_10': 37.161484360694885, 'accuracy_20': 60.732197761535645}, 298.4519474580302)
[2026-01-22 12:18:02,749][flwr][DEBUG] - evaluate_round 28: strategy sampled 4 clients (out of 12)
[2026-01-22 12:18:02,819][flwr][DEBUG] - evaluate_round 28 received 4 results and 0 failures
[2026-01-22 12:18:02,819][flwr][DEBUG] - fit_round 29: strategy sampled 4 clients (out of 12)
[2026-01-22 12:18:13,391][flwr][DEBUG] - fit_round 29 received 4 results and 0 failures
[2026-01-22 12:18:13,851][flwr][INFO] - fit progress: (29, 0.2976315086268434, {'rmse': 7745.369455358473, 'mae': 3790.017578125, 'r2': 0.5716872628068742, 'mape': 20.907249450683594, 'accuracy_10': 55.265796184539795, 'accuracy_20': 70.11033296585083}, 309.55487920803716)
[2026-01-22 12:18:13,852][flwr][DEBUG] - evaluate_round 29: strategy sampled 4 clients (out of 12)
[2026-01-22 12:18:13,943][flwr][DEBUG] - evaluate_round 29 received 4 results and 0 failures
[2026-01-22 12:18:13,944][flwr][DEBUG] - fit_round 30: strategy sampled 4 clients (out of 12)
[2026-01-22 12:18:24,511][flwr][DEBUG] - fit_round 30 received 4 results and 0 failures
[2026-01-22 12:18:24,960][flwr][INFO] - fit progress: (30, 0.3357105884876629, {'rmse': 8256.102712539374, 'mae': 4145.4052734375, 'r2': 0.5133386338192196, 'mape': 24.40947914123535, 'accuracy_10': 48.39518666267395, 'accuracy_20': 69.60882544517517}, 320.66358179203235)
[2026-01-22 12:18:24,960][flwr][DEBUG] - evaluate_round 30: strategy sampled 4 clients (out of 12)
[2026-01-22 12:18:25,039][flwr][DEBUG] - evaluate_round 30 received 4 results and 0 failures
[2026-01-22 12:18:25,040][flwr][DEBUG] - fit_round 31: strategy sampled 4 clients (out of 12)
[2026-01-22 12:18:35,286][flwr][DEBUG] - fit_round 31 received 4 results and 0 failures
[2026-01-22 12:18:35,754][flwr][INFO] - fit progress: (31, 0.3476523579571886, {'rmse': 8431.240478126572, 'mae': 4363.32763671875, 'r2': 0.4924724144380026, 'mape': 20.97153663635254, 'accuracy_10': 41.27382040023804, 'accuracy_20': 63.23971748352051}, 331.45714808302)
[2026-01-22 12:18:35,754][flwr][DEBUG] - evaluate_round 31: strategy sampled 4 clients (out of 12)
[2026-01-22 12:18:35,835][flwr][DEBUG] - evaluate_round 31 received 4 results and 0 failures
[2026-01-22 12:18:35,836][flwr][DEBUG] - fit_round 32: strategy sampled 4 clients (out of 12)
[2026-01-22 12:18:46,137][flwr][DEBUG] - fit_round 32 received 4 results and 0 failures
[2026-01-22 12:18:46,576][flwr][INFO] - fit progress: (32, 0.3306919956428476, {'rmse': 8338.459809820995, 'mae': 4108.10400390625, 'r2': 0.5035810251600412, 'mape': 23.949914932250977, 'accuracy_10': 50.451356172561646, 'accuracy_20': 71.11334204673767}, 342.2796082079876)
[2026-01-22 12:18:46,577][flwr][DEBUG] - evaluate_round 32: strategy sampled 4 clients (out of 12)
[2026-01-22 12:18:46,642][flwr][DEBUG] - evaluate_round 32 received 4 results and 0 failures
[2026-01-22 12:18:46,643][flwr][DEBUG] - fit_round 33: strategy sampled 4 clients (out of 12)
[2026-01-22 12:18:53,072][flwr][DEBUG] - fit_round 33 received 4 results and 0 failures
[2026-01-22 12:18:53,511][flwr][INFO] - fit progress: (33, 0.3424150465484129, {'rmse': 8445.897939236538, 'mae': 4286.93310546875, 'r2': 0.49070621807653025, 'mape': 20.567398071289062, 'accuracy_10': 39.5687073469162, 'accuracy_20': 63.089269399642944}, 349.21380754199345)
[2026-01-22 12:18:53,512][flwr][DEBUG] - evaluate_round 33: strategy sampled 4 clients (out of 12)
[2026-01-22 12:18:53,577][flwr][DEBUG] - evaluate_round 33 received 4 results and 0 failures
[2026-01-22 12:18:53,578][flwr][DEBUG] - fit_round 34: strategy sampled 4 clients (out of 12)
[2026-01-22 12:19:03,814][flwr][DEBUG] - fit_round 34 received 4 results and 0 failures
[2026-01-22 12:19:04,244][flwr][INFO] - fit progress: (34, 0.3027982041165008, {'rmse': 7875.864397004306, 'mae': 3859.9755859375, 'r2': 0.5571331407121196, 'mape': 22.425867080688477, 'accuracy_10': 52.908724546432495, 'accuracy_20': 71.81544899940491}, 359.9473831669893)
[2026-01-22 12:19:04,245][flwr][DEBUG] - evaluate_round 34: strategy sampled 4 clients (out of 12)
[2026-01-22 12:19:04,302][flwr][DEBUG] - evaluate_round 34 received 4 results and 0 failures
[2026-01-22 12:19:04,302][flwr][DEBUG] - fit_round 35: strategy sampled 4 clients (out of 12)
[2026-01-22 12:19:15,040][flwr][DEBUG] - fit_round 35 received 4 results and 0 failures
[2026-01-22 12:19:15,501][flwr][INFO] - fit progress: (35, 0.2934864102045416, {'rmse': 7761.117703011597, 'mae': 3833.27734375, 'r2': 0.569943769404577, 'mape': 20.285673141479492, 'accuracy_10': 52.60782241821289, 'accuracy_20': 71.56469225883484}, 371.2044009169913)
[2026-01-22 12:19:15,502][flwr][DEBUG] - evaluate_round 35: strategy sampled 4 clients (out of 12)
[2026-01-22 12:19:15,675][flwr][DEBUG] - evaluate_round 35 received 4 results and 0 failures
[2026-01-22 12:19:15,676][flwr][DEBUG] - fit_round 36: strategy sampled 4 clients (out of 12)
[2026-01-22 12:19:26,333][flwr][DEBUG] - fit_round 36 received 4 results and 0 failures
[2026-01-22 12:19:26,791][flwr][INFO] - fit progress: (36, 0.3031023954496221, {'rmse': 7880.215225487182, 'mae': 3847.311279296875, 'r2': 0.5566437071503645, 'mape': 20.350263595581055, 'accuracy_10': 54.11233901977539, 'accuracy_20': 71.96589708328247}, 382.4935508330236)
[2026-01-22 12:19:26,791][flwr][DEBUG] - evaluate_round 36: strategy sampled 4 clients (out of 12)
[2026-01-22 12:19:26,862][flwr][DEBUG] - evaluate_round 36 received 4 results and 0 failures
[2026-01-22 12:19:26,863][flwr][DEBUG] - fit_round 37: strategy sampled 4 clients (out of 12)
[2026-01-22 12:19:36,901][flwr][DEBUG] - fit_round 37 received 4 results and 0 failures
[2026-01-22 12:19:37,343][flwr][INFO] - fit progress: (37, 0.34862617472020413, {'rmse': 8502.943960770293, 'mae': 4427.50146484375, 'r2': 0.48380316921577293, 'mape': 26.170969009399414, 'accuracy_10': 41.52457416057587, 'accuracy_20': 70.31093239784241}, 393.045338750002)
[2026-01-22 12:19:37,343][flwr][DEBUG] - evaluate_round 37: strategy sampled 4 clients (out of 12)
[2026-01-22 12:19:37,415][flwr][DEBUG] - evaluate_round 37 received 4 results and 0 failures
[2026-01-22 12:19:37,416][flwr][DEBUG] - fit_round 38: strategy sampled 4 clients (out of 12)
[2026-01-22 12:19:47,838][flwr][DEBUG] - fit_round 38 received 4 results and 0 failures
[2026-01-22 12:19:48,288][flwr][INFO] - fit progress: (38, 0.3334802948424187, {'rmse': 8318.63209908937, 'mae': 4208.07177734375, 'r2': 0.5059390237234778, 'mape': 20.001100540161133, 'accuracy_10': 44.08224821090698, 'accuracy_20': 67.30190515518188}, 403.99039529199945)
[2026-01-22 12:19:48,288][flwr][DEBUG] - evaluate_round 38: strategy sampled 4 clients (out of 12)
[2026-01-22 12:19:48,420][flwr][DEBUG] - evaluate_round 38 received 4 results and 0 failures
[2026-01-22 12:19:48,420][flwr][DEBUG] - fit_round 39: strategy sampled 4 clients (out of 12)
[2026-01-22 12:19:58,633][flwr][DEBUG] - fit_round 39 received 4 results and 0 failures
[2026-01-22 12:19:59,071][flwr][INFO] - fit progress: (39, 0.36444057166994875, {'rmse': 8583.83783630609, 'mae': 4333.3994140625, 'r2': 0.47393459764372614, 'mape': 19.915691375732422, 'accuracy_10': 42.02607870101929, 'accuracy_20': 64.74423408508301}, 414.77324970799964)
[2026-01-22 12:19:59,071][flwr][DEBUG] - evaluate_round 39: strategy sampled 4 clients (out of 12)
[2026-01-22 12:19:59,143][flwr][DEBUG] - evaluate_round 39 received 4 results and 0 failures
[2026-01-22 12:19:59,144][flwr][DEBUG] - fit_round 40: strategy sampled 4 clients (out of 12)
[2026-01-22 12:20:09,774][flwr][DEBUG] - fit_round 40 received 4 results and 0 failures
[2026-01-22 12:20:10,220][flwr][INFO] - fit progress: (40, 0.28934793700739636, {'rmse': 7690.964048804285, 'mae': 3777.378662109375, 'r2': 0.5776832785841989, 'mape': 19.35531234741211, 'accuracy_10': 53.660982847213745, 'accuracy_20': 73.37011098861694}, 425.92279033298837)
[2026-01-22 12:20:10,221][flwr][DEBUG] - evaluate_round 40: strategy sampled 4 clients (out of 12)
[2026-01-22 12:20:10,305][flwr][DEBUG] - evaluate_round 40 received 4 results and 0 failures
[2026-01-22 12:20:10,305][flwr][INFO] - FL finished in 426.0076504580211
[2026-01-22 12:20:10,306][flwr][INFO] - app_fit: losses_distributed [(1, 0.32153977602720263), (2, 0.27001587872381333), (3, 0.764480202473127), (4, 0.48479173832301853), (5, 0.28837742666062366), (6, 0.19257258036186997), (7, 0.08626057194226766), (8, 0.4454798812920091), (9, 0.5413095583471487), (10, 0.1159506476376636), (11, 0.26315031225018415), (12, 0.4444152395948768), (13, 0.44079292135579246), (14, 0.1882960170180773), (15, 0.3397750446102887), (16, 0.1530435353310572), (17, 0.3034135072094174), (18, 0.3370133266549244), (19, 0.38898186919301053), (20, 0.4247083542948095), (21, 0.30523441314462807), (22, 0.29040123027884385), (23, 0.1638964121912512), (24, 0.5164630984730809), (25, 0.3643147601778137), (26, 0.32524746987554765), (27, 0.24654012741209405), (28, 0.5423902412734661), (29, 0.37814919192922014), (30, 0.6982855039288798), (31, 0.2491825791041204), (32, 0.23267009114105683), (33, 0.1873691495118746), (34, 0.03790631167224196), (35, 0.36669788117929597), (36, 0.21649494298218472), (37, 0.5793678818013648), (38, 0.5098124316869638), (39, 0.1682264299856292), (40, 0.4209781030240731)]
[2026-01-22 12:20:10,307][flwr][INFO] - app_fit: metrics_distributed_fit {'scaffold_updates': [(1, 4), (2, 4), (3, 4), (4, 4), (5, 4), (6, 4), (7, 4), (8, 4), (9, 4), (10, 4), (11, 4), (12, 4), (13, 4), (14, 4), (15, 4), (16, 4), (17, 4), (18, 4), (19, 4), (20, 4), (21, 4), (22, 4), (23, 4), (24, 4), (25, 4), (26, 4), (27, 4), (28, 4), (29, 4), (30, 4), (31, 4), (32, 4), (33, 4), (34, 4), (35, 4), (36, 4), (37, 4), (38, 4), (39, 4), (40, 4)], 'avg_control_delta_norm': [(1, 0.001797573641176283), (2, 0.0010049722233505156), (3, 0.0010572869859773403), (4, 0.0008887705117775682), (5, 0.000534129981300593), (6, 0.0007175643578025633), (7, 0.0007363349604684565), (8, 0.0005556963561062424), (9, 0.0004963781223163708), (10, 0.0005842459377816951), (11, 0.0005071506613727673), (12, 0.0006601910827026615), (13, 0.0004808134473356193), (14, 0.0005450912021376587), (15, 0.0004073756161521832), (16, 0.0005280015551020758), (17, 0.00045937317273897005), (18, 0.0003922034476871801), (19, 0.00042381770630901046), (20, 0.0003770119201750702), (21, 0.0009113044475915823), (22, 0.0004749419574447983), (23, 0.0004928713789446252), (24, 0.00034142407221153385), (25, 0.0002959541383974927), (26, 0.0003028029169770504), (27, 0.0005457417711659344), (28, 0.00030198462408707053), (29, 0.0005802310543489682), (30, 0.00048559670017546375), (31, 0.0003893790723647122), (32, 0.0006362849380354183), (33, 0.0003581684366493011), (34, 0.0006207634533236145), (35, 0.0002362103379261005), (36, 0.00021545010738132072), (37, 0.0006732203011100629), (38, 0.00046418643252477896), (39, 0.00022983748617681508), (40, 0.0002832505087707959)]}
[2026-01-22 12:20:10,307][flwr][INFO] - app_fit: metrics_distributed {}
[2026-01-22 12:20:10,307][flwr][INFO] - app_fit: losses_centralized [(0, 4.134466124154859), (1, 0.36728819284061254), (2, 0.29667891590382417), (3, 0.3372479146318426), (4, 0.33498309150622146), (5, 0.26606886042515515), (6, 0.2330354484864917), (7, 0.23310451559281517), (8, 0.24158896465478474), (9, 0.2394203988605421), (10, 0.24250598567180193), (11, 0.2664015200157223), (12, 0.2531711772951104), (13, 0.2844402307014886), (14, 0.30259953583464577), (15, 0.2981945094815946), (16, 0.2959582725597719), (17, 0.340008851338772), (18, 0.35174950813816686), (19, 0.32010825497725065), (20, 0.364294799663119), (21, 0.2972218828386026), (22, 0.3662614037946928), (23, 0.3534001071630055), (24, 0.3722652098240561), (25, 0.393902303402498), (26, 0.41786669172279334), (27, 0.36097611838142757), (28, 0.3665609302946414), (29, 0.2976315086268434), (30, 0.3357105884876629), (31, 0.3476523579571886), (32, 0.3306919956428476), (33, 0.3424150465484129), (34, 0.3027982041165008), (35, 0.2934864102045416), (36, 0.3031023954496221), (37, 0.34862617472020413), (38, 0.3334802948424187), (39, 0.36444057166994875), (40, 0.28934793700739636)]
[2026-01-22 12:20:10,307][flwr][INFO] - app_fit: metrics_centralized {'rmse': [(0, 24250.156288156166), (1, 8574.638884524526), (2, 6559.49327311188), (3, 7873.972567897351), (4, 7429.650866628929), (5, 6435.10248558638), (6, 6426.299401677454), (7, 6499.00330820042), (8, 6748.814118050667), (9, 6560.61216655885), (10, 6712.744595171188), (11, 7120.636207530897), (12, 6915.184162406667), (13, 7392.670694681321), (14, 7635.517533212795), (15, 7551.44674880251), (16, 7514.879107477378), (17, 7948.984840846031), (18, 8122.553293146189), (19, 7696.5111576609825), (20, 8179.038574306885), (21, 7453.905016835135), (22, 8648.772860932353), (23, 8202.85706324327), (24, 8394.075053274184), (25, 8564.392331041356), (26, 8736.554011737122), (27, 8360.670786485975), (28, 8441.905472107586), (29, 7745.369455358473), (30, 8256.102712539374), (31, 8431.240478126572), (32, 8338.459809820995), (33, 8445.897939236538), (34, 7875.864397004306), (35, 7761.117703011597), (36, 7880.215225487182), (37, 8502.943960770293), (38, 8318.63209908937), (39, 8583.83783630609), (40, 7690.964048804285)], 'mae': [(0, 20810.46875), (1, 4857.92626953125), (2, 3801.458740234375), (3, 4277.529296875), (4, 4047.789794921875), (5, 3697.0986328125), (6, 3461.46337890625), (7, 3401.053955078125), (8, 3705.769287109375), (9, 3537.810546875), (10, 3532.500244140625), (11, 3960.468505859375), (12, 3644.25537109375), (13, 4116.5810546875), (14, 3868.1650390625), (15, 3991.59423828125), (16, 3936.19384765625), (17, 4498.2958984375), (18, 4545.3525390625), (19, 4114.65087890625), (20, 4584.4873046875), (21, 3794.085205078125), (22, 4371.4462890625), (23, 4531.94873046875), (24, 4617.2734375), (25, 4711.35693359375), (26, 4781.93359375), (27, 4448.57080078125), (28, 4475.4892578125), (29, 3790.017578125), (30, 4145.4052734375), (31, 4363.32763671875), (32, 4108.10400390625), (33, 4286.93310546875), (34, 3859.9755859375), (35, 3833.27734375), (36, 3847.311279296875), (37, 4427.50146484375), (38, 4208.07177734375), (39, 4333.3994140625), (40, 3777.378662109375)], 'r2': [(0, -3.198612761198425), (1, 0.47506153264568196), (2, 0.6928027688927925), (3, 0.5573458856254249), (4, 0.6058935532747523), (5, 0.7043433518109218), (6, 0.7051517120847088), (7, 0.6984424303406336), (8, 0.6748141349210466), (9, 0.69269796569753), (10, 0.6782808239895306), (11, 0.637995214896708), (12, 0.6585837190098741), (13, 0.6098070271935694), (14, 0.5837505417618294), (15, 0.5928663078464946), (16, 0.5967998155135246), (17, 0.548871727459364), (18, 0.5289556005208422), (19, 0.5770738771890757), (20, 0.5223813925842632), (21, 0.6033162394325644), (22, 0.4659453265811878), (23, 0.5195955869671169), (24, 0.496936977758609), (25, 0.4763153578303152), (26, 0.45504949010444296), (27, 0.5009328745653879), (28, 0.49118761467340943), (29, 0.5716872628068742), (30, 0.5133386338192196), (31, 0.4924724144380026), (32, 0.5035810251600412), (33, 0.49070621807653025), (34, 0.5571331407121196), (35, 0.569943769404577), (36, 0.5566437071503645), (37, 0.48380316921577293), (38, 0.5059390237234778), (39, 0.47393459764372614), (40, 0.5776832785841989)], 'mape': [(0, 192.60643005371094), (1, 27.627891540527344), (2, 22.319581985473633), (3, 26.228511810302734), (4, 20.767620086669922), (5, 20.655363082885742), (6, 20.15439796447754), (7, 20.29351806640625), (8, 19.51060676574707), (9, 20.24007797241211), (10, 20.510313034057617), (11, 20.305742263793945), (12, 20.747432708740234), (13, 20.67782974243164), (14, 23.118383407592773), (15, 22.4151554107666), (16, 22.47760581970215), (17, 22.64210319519043), (18, 22.6131534576416), (19, 22.87224578857422), (20, 22.828969955444336), (21, 22.576730728149414), (22, 26.37249755859375), (23, 22.62844467163086), (24, 22.340179443359375), (25, 22.645463943481445), (26, 22.958637237548828), (27, 21.325674057006836), (28, 21.307096481323242), (29, 20.907249450683594), (30, 24.40947914123535), (31, 20.97153663635254), (32, 23.949914932250977), (33, 20.567398071289062), (34, 22.425867080688477), (35, 20.285673141479492), (36, 20.350263595581055), (37, 26.170969009399414), (38, 20.001100540161133), (39, 19.915691375732422), (40, 19.35531234741211)], 'accuracy_10': [(0, 5.667001008987427), (1, 29.78936731815338), (2, 27.933800220489502), (3, 36.96088194847107), (4, 26.93079113960266), (5, 29.488465189933777), (6, 39.81945812702179), (7, 42.57773458957672), (8, 33.199599385261536), (9, 40.32096266746521), (10, 44.63390111923218), (11, 33.90170633792877), (12, 44.88465487957001), (13, 34.302908182144165), (14, 47.943830490112305), (15, 45.03510594367981), (16, 46.339017152786255), (17, 30.491474270820618), (18, 30.992978811264038), (19, 44.984954595565796), (20, 32.14643895626068), (21, 48.946839570999146), (22, 45.88766396045685), (23, 33.45035016536713), (24, 33.299899101257324), (25, 32.99899697303772), (26, 33.40020179748535), (27, 36.910733580589294), (28, 37.161484360694885), (29, 55.265796184539795), (30, 48.39518666267395), (31, 41.27382040023804), (32, 50.451356172561646), (33, 39.5687073469162), (34, 52.908724546432495), (35, 52.60782241821289), (36, 54.11233901977539), (37, 41.52457416057587), (38, 44.08224821090698), (39, 42.02607870101929), (40, 53.660982847213745)], 'accuracy_20': [(0, 11.384152621030807), (1, 53.76128554344177), (2, 53.510528802871704), (3, 63.28986883163452), (4, 54.413241147994995), (5, 57.47241973876953), (6, 66.19859337806702), (7, 69.85957622528076), (8, 62.18655705451965), (9, 67.10130572319031), (10, 68.95686984062195), (11, 60.18053889274597), (12, 68.80642175674438), (13, 59.628885984420776), (14, 68.45536828041077), (15, 65.79739451408386), (16, 66.95085167884827), (17, 55.81745505332947), (18, 56.06820583343506), (19, 64.74423408508301), (20, 56.018054485321045), (21, 69.10732388496399), (22, 68.90671849250793), (23, 58.32497477531433), (24, 57.27181434631348), (25, 57.57271647453308), (26, 57.0712149143219), (27, 60.732197761535645), (28, 60.732197761535645), (29, 70.11033296585083), (30, 69.60882544517517), (31, 63.23971748352051), (32, 71.11334204673767), (33, 63.089269399642944), (34, 71.81544899940491), (35, 71.56469225883484), (36, 71.96589708328247), (37, 70.31093239784241), (38, 67.30190515518188), (39, 64.74423408508301), (40, 73.37011098861694)]}
