[2026-01-17 13:09:23,903][flwr][INFO] - Starting Flower simulation, config: ServerConfig(num_rounds=25, round_timeout=None)
[2026-01-17 13:09:28,850][flwr][INFO] - Flower VCE: Ray initialized with resources: {'CPU': 10.0, 'node:127.0.0.1': 1.0, 'memory': 11506717082.0, 'object_store_memory': 2147483648.0}
[2026-01-17 13:09:28,851][flwr][INFO] - Initializing global parameters
[2026-01-17 13:09:28,851][flwr][INFO] - Using initial parameters provided by strategy
[2026-01-17 13:09:28,851][flwr][INFO] - Evaluating initial parameters
[2026-01-17 13:09:29,575][flwr][INFO] - initial parameters (loss, other metrics): 1.4340404903996313, {'rmse': 11782.010694274555, 'mae': 9149.193359375, 'r2': 0.00890437044283554, 'mape': 79.91940307617188, 'accuracy_10': 11.735205352306366, 'accuracy_20': 21.46439254283905}
[2026-01-17 13:09:29,575][flwr][INFO] - FL starting
[2026-01-17 13:09:29,575][flwr][DEBUG] - fit_round 1: strategy sampled 7 clients (out of 12)
[2026-01-17 13:09:42,535][flwr][DEBUG] - fit_round 1 received 7 results and 0 failures
[2026-01-17 13:09:42,543][flwr][WARNING] - No fit_metrics_aggregation_fn provided
[2026-01-17 13:09:42,810][flwr][INFO] - fit progress: (1, 0.17051810266052111, {'rmse': 6312.876998643329, 'mae': 3289.19970703125, 'r2': 0.7154678311387921, 'mape': 17.325220108032227, 'accuracy_10': 41.17352068424225, 'accuracy_20': 75.37612915039062}, 13.234811250003986)
[2026-01-17 13:09:42,810][flwr][DEBUG] - evaluate_round 1: strategy sampled 6 clients (out of 12)
[2026-01-17 13:09:43,065][flwr][DEBUG] - evaluate_round 1 received 6 results and 0 failures
[2026-01-17 13:09:43,066][flwr][WARNING] - No evaluate_metrics_aggregation_fn provided
[2026-01-17 13:09:43,066][flwr][DEBUG] - fit_round 2: strategy sampled 7 clients (out of 12)
[2026-01-17 13:09:50,310][flwr][DEBUG] - fit_round 2 received 7 results and 0 failures
[2026-01-17 13:09:50,563][flwr][INFO] - fit progress: (2, 0.1056677613822125, {'rmse': 5236.959614127266, 'mae': 2443.65185546875, 'r2': 0.8041898663141822, 'mape': 12.98979663848877, 'accuracy_10': 53.059178590774536, 'accuracy_20': 86.45938038825989}, 20.987892625009408)
[2026-01-17 13:09:50,563][flwr][DEBUG] - evaluate_round 2: strategy sampled 6 clients (out of 12)
[2026-01-17 13:09:50,772][flwr][DEBUG] - evaluate_round 2 received 6 results and 0 failures
[2026-01-17 13:09:50,773][flwr][DEBUG] - fit_round 3: strategy sampled 7 clients (out of 12)
[2026-01-17 13:09:57,705][flwr][DEBUG] - fit_round 3 received 7 results and 0 failures
[2026-01-17 13:09:57,972][flwr][INFO] - fit progress: (3, 0.07775561174110639, {'rmse': 4832.618337919931, 'mae': 2041.4576416015625, 'r2': 0.8332592602847925, 'mape': 10.500134468078613, 'accuracy_10': 65.14543890953064, 'accuracy_20': 90.97291827201843}, 28.39662379201036)
[2026-01-17 13:09:57,972][flwr][DEBUG] - evaluate_round 3: strategy sampled 6 clients (out of 12)
[2026-01-17 13:09:58,174][flwr][DEBUG] - evaluate_round 3 received 6 results and 0 failures
[2026-01-17 13:09:58,174][flwr][DEBUG] - fit_round 4: strategy sampled 7 clients (out of 12)
[2026-01-17 13:10:05,554][flwr][DEBUG] - fit_round 4 received 7 results and 0 failures
[2026-01-17 13:10:05,806][flwr][INFO] - fit progress: (4, 0.06579703599618096, {'rmse': 4570.133696074985, 'mae': 1841.78857421875, 'r2': 0.8508804671013589, 'mape': 9.433701515197754, 'accuracy_10': 70.16048431396484, 'accuracy_20': 92.97893643379211}, 36.23101937500178)
[2026-01-17 13:10:05,806][flwr][DEBUG] - evaluate_round 4: strategy sampled 6 clients (out of 12)
[2026-01-17 13:10:06,018][flwr][DEBUG] - evaluate_round 4 received 6 results and 0 failures
[2026-01-17 13:10:06,018][flwr][DEBUG] - fit_round 5: strategy sampled 7 clients (out of 12)
[2026-01-17 13:10:13,361][flwr][DEBUG] - fit_round 5 received 7 results and 0 failures
[2026-01-17 13:10:13,647][flwr][INFO] - fit progress: (5, 0.05704690731217414, {'rmse': 4445.831980630847, 'mae': 1755.1572265625, 'r2': 0.8588818669411828, 'mape': 8.610735893249512, 'accuracy_10': 73.11936020851135, 'accuracy_20': 93.43029260635376}, 44.07182612500037)
[2026-01-17 13:10:13,647][flwr][DEBUG] - evaluate_round 5: strategy sampled 6 clients (out of 12)
[2026-01-17 13:10:13,854][flwr][DEBUG] - evaluate_round 5 received 6 results and 0 failures
[2026-01-17 13:10:13,854][flwr][DEBUG] - fit_round 6: strategy sampled 7 clients (out of 12)
[2026-01-17 13:10:20,634][flwr][DEBUG] - fit_round 6 received 7 results and 0 failures
[2026-01-17 13:10:20,885][flwr][INFO] - fit progress: (6, 0.05077089271774383, {'rmse': 4377.2875162593555, 'mae': 1698.1182861328125, 'r2': 0.8631997556528022, 'mape': 7.832046031951904, 'accuracy_10': 76.17853283882141, 'accuracy_20': 93.68104338645935}, 51.30996258300729)
[2026-01-17 13:10:20,885][flwr][DEBUG] - evaluate_round 6: strategy sampled 6 clients (out of 12)
[2026-01-17 13:10:21,037][flwr][DEBUG] - evaluate_round 6 received 6 results and 0 failures
[2026-01-17 13:10:21,037][flwr][DEBUG] - fit_round 7: strategy sampled 7 clients (out of 12)
[2026-01-17 13:10:28,182][flwr][DEBUG] - fit_round 7 received 7 results and 0 failures
[2026-01-17 13:10:28,453][flwr][INFO] - fit progress: (7, 0.04625333570609002, {'rmse': 4235.0723724630725, 'mae': 1594.59375, 'r2': 0.8719444574157016, 'mape': 7.447361946105957, 'accuracy_10': 78.88665795326233, 'accuracy_20': 94.78435516357422}, 58.87776162501541)
[2026-01-17 13:10:28,453][flwr][DEBUG] - evaluate_round 7: strategy sampled 6 clients (out of 12)
[2026-01-17 13:10:28,632][flwr][DEBUG] - evaluate_round 7 received 6 results and 0 failures
[2026-01-17 13:10:28,633][flwr][DEBUG] - fit_round 8: strategy sampled 7 clients (out of 12)
[2026-01-17 13:10:35,326][flwr][DEBUG] - fit_round 8 received 7 results and 0 failures
[2026-01-17 13:10:35,564][flwr][INFO] - fit progress: (8, 0.04403876963490947, {'rmse': 4226.7670860836415, 'mae': 1596.8143310546875, 'r2': 0.8724462104126682, 'mape': 7.245856285095215, 'accuracy_10': 78.88665795326233, 'accuracy_20': 94.93480324745178}, 65.98903766702279)
[2026-01-17 13:10:35,565][flwr][DEBUG] - evaluate_round 8: strategy sampled 6 clients (out of 12)
[2026-01-17 13:10:35,804][flwr][DEBUG] - evaluate_round 8 received 6 results and 0 failures
[2026-01-17 13:10:35,804][flwr][DEBUG] - fit_round 9: strategy sampled 7 clients (out of 12)
[2026-01-17 13:10:43,023][flwr][DEBUG] - fit_round 9 received 7 results and 0 failures
[2026-01-17 13:10:43,281][flwr][INFO] - fit progress: (9, 0.045114281060456216, {'rmse': 4225.884759432041, 'mae': 1425.462890625, 'r2': 0.8724994626379688, 'mape': 6.781216144561768, 'accuracy_10': 85.15546917915344, 'accuracy_20': 94.58374977111816}, 73.70551645802334)
[2026-01-17 13:10:43,281][flwr][DEBUG] - evaluate_round 9: strategy sampled 6 clients (out of 12)
[2026-01-17 13:10:43,490][flwr][DEBUG] - evaluate_round 9 received 6 results and 0 failures
[2026-01-17 13:10:43,490][flwr][DEBUG] - fit_round 10: strategy sampled 7 clients (out of 12)
[2026-01-17 13:10:50,410][flwr][DEBUG] - fit_round 10 received 7 results and 0 failures
[2026-01-17 13:10:50,644][flwr][INFO] - fit progress: (10, 0.045400740752517876, {'rmse': 4215.533418204629, 'mae': 1407.8834228515625, 'r2': 0.8731233247034712, 'mape': 6.73598575592041, 'accuracy_10': 85.305917263031, 'accuracy_20': 94.4333016872406}, 81.06819087502663)
[2026-01-17 13:10:50,644][flwr][DEBUG] - evaluate_round 10: strategy sampled 6 clients (out of 12)
[2026-01-17 13:10:50,832][flwr][DEBUG] - evaluate_round 10 received 6 results and 0 failures
[2026-01-17 13:10:50,832][flwr][DEBUG] - fit_round 11: strategy sampled 7 clients (out of 12)
[2026-01-17 13:10:57,551][flwr][DEBUG] - fit_round 11 received 7 results and 0 failures
[2026-01-17 13:10:57,846][flwr][INFO] - fit progress: (11, 0.03653611323479544, {'rmse': 3969.9680099466796, 'mae': 1415.5003662109375, 'r2': 0.8874745574330897, 'mape': 6.329519271850586, 'accuracy_10': 84.20260548591614, 'accuracy_20': 96.03811502456665}, 88.27069270799984)
[2026-01-17 13:10:57,847][flwr][DEBUG] - evaluate_round 11: strategy sampled 6 clients (out of 12)
[2026-01-17 13:10:58,100][flwr][DEBUG] - evaluate_round 11 received 6 results and 0 failures
[2026-01-17 13:10:58,100][flwr][DEBUG] - fit_round 12: strategy sampled 7 clients (out of 12)
[2026-01-17 13:11:05,057][flwr][DEBUG] - fit_round 12 received 7 results and 0 failures
[2026-01-17 13:11:05,305][flwr][INFO] - fit progress: (12, 0.03768934395235245, {'rmse': 3981.0223561291386, 'mae': 1345.3988037109375, 'r2': 0.8868470288690125, 'mape': 6.236877918243408, 'accuracy_10': 86.50952577590942, 'accuracy_20': 95.73721289634705}, 95.7294963330205)
[2026-01-17 13:11:05,305][flwr][DEBUG] - evaluate_round 12: strategy sampled 6 clients (out of 12)
[2026-01-17 13:11:05,535][flwr][DEBUG] - evaluate_round 12 received 6 results and 0 failures
[2026-01-17 13:11:05,535][flwr][DEBUG] - fit_round 13: strategy sampled 7 clients (out of 12)
[2026-01-17 13:11:12,421][flwr][DEBUG] - fit_round 13 received 7 results and 0 failures
[2026-01-17 13:11:12,686][flwr][INFO] - fit progress: (13, 0.034224799448398194, {'rmse': 3907.8549103056525, 'mae': 1394.8299560546875, 'r2': 0.8909680999371357, 'mape': 6.078221797943115, 'accuracy_10': 85.20561456680298, 'accuracy_20': 96.18856310844421}, 103.11026662500808)
[2026-01-17 13:11:12,686][flwr][DEBUG] - evaluate_round 13: strategy sampled 6 clients (out of 12)
[2026-01-17 13:11:12,913][flwr][DEBUG] - evaluate_round 13 received 6 results and 0 failures
[2026-01-17 13:11:12,914][flwr][DEBUG] - fit_round 14: strategy sampled 7 clients (out of 12)
[2026-01-17 13:11:19,670][flwr][DEBUG] - fit_round 14 received 7 results and 0 failures
[2026-01-17 13:11:19,922][flwr][INFO] - fit progress: (14, 0.0346452450452591, {'rmse': 4102.452193505733, 'mae': 1468.52197265625, 'r2': 0.8798389348240867, 'mape': 6.058856010437012, 'accuracy_10': 84.60381031036377, 'accuracy_20': 95.93781232833862}, 110.34651116700843)
[2026-01-17 13:11:19,922][flwr][DEBUG] - evaluate_round 14: strategy sampled 6 clients (out of 12)
[2026-01-17 13:11:20,144][flwr][DEBUG] - evaluate_round 14 received 6 results and 0 failures
[2026-01-17 13:11:20,145][flwr][DEBUG] - fit_round 15: strategy sampled 7 clients (out of 12)
[2026-01-17 13:11:26,843][flwr][DEBUG] - fit_round 15 received 7 results and 0 failures
[2026-01-17 13:11:27,099][flwr][INFO] - fit progress: (15, 0.03217534654948453, {'rmse': 3878.623596071163, 'mae': 1355.97998046875, 'r2': 0.8925931507694719, 'mape': 5.770362854003906, 'accuracy_10': 85.8575701713562, 'accuracy_20': 96.43931984901428}, 117.52359304201673)
[2026-01-17 13:11:27,100][flwr][DEBUG] - evaluate_round 15: strategy sampled 6 clients (out of 12)
[2026-01-17 13:11:27,761][flwr][DEBUG] - evaluate_round 15 received 6 results and 0 failures
[2026-01-17 13:11:27,761][flwr][DEBUG] - fit_round 16: strategy sampled 7 clients (out of 12)
[2026-01-17 13:11:34,514][flwr][DEBUG] - fit_round 16 received 7 results and 0 failures
[2026-01-17 13:11:34,758][flwr][INFO] - fit progress: (16, 0.03331799829077936, {'rmse': 3812.00157397659, 'mae': 1269.3092041015625, 'r2': 0.8962512530625529, 'mape': 5.721999168395996, 'accuracy_10': 88.26479315757751, 'accuracy_20': 96.08826637268066}, 125.18187841700274)
[2026-01-17 13:11:34,758][flwr][DEBUG] - evaluate_round 16: strategy sampled 6 clients (out of 12)
[2026-01-17 13:11:34,841][flwr][DEBUG] - evaluate_round 16 received 6 results and 0 failures
[2026-01-17 13:11:34,842][flwr][DEBUG] - fit_round 17: strategy sampled 7 clients (out of 12)
[2026-01-17 13:11:41,341][flwr][DEBUG] - fit_round 17 received 7 results and 0 failures
[2026-01-17 13:11:41,595][flwr][INFO] - fit progress: (17, 0.03232259597767559, {'rmse': 3813.9018078602917, 'mae': 1245.8697509765625, 'r2': 0.8961477918057688, 'mape': 5.522695064544678, 'accuracy_10': 87.3620867729187, 'accuracy_20': 95.93781232833862}, 132.01947662502062)
[2026-01-17 13:11:41,596][flwr][DEBUG] - evaluate_round 17: strategy sampled 6 clients (out of 12)
[2026-01-17 13:11:41,704][flwr][DEBUG] - evaluate_round 17 received 6 results and 0 failures
[2026-01-17 13:11:41,704][flwr][DEBUG] - fit_round 18: strategy sampled 7 clients (out of 12)
[2026-01-17 13:11:48,248][flwr][DEBUG] - fit_round 18 received 7 results and 0 failures
[2026-01-17 13:11:48,492][flwr][INFO] - fit progress: (18, 0.031220618364519795, {'rmse': 3885.9384966826224, 'mae': 1379.6544189453125, 'r2': 0.8921876360270972, 'mape': 5.664870738983154, 'accuracy_10': 85.45637130737305, 'accuracy_20': 96.23871445655823}, 138.91644983302103)
[2026-01-17 13:11:48,493][flwr][DEBUG] - evaluate_round 18: strategy sampled 6 clients (out of 12)
[2026-01-17 13:11:48,736][flwr][DEBUG] - evaluate_round 18 received 6 results and 0 failures
[2026-01-17 13:11:48,737][flwr][DEBUG] - fit_round 19: strategy sampled 7 clients (out of 12)
[2026-01-17 13:11:55,314][flwr][DEBUG] - fit_round 19 received 7 results and 0 failures
[2026-01-17 13:11:55,566][flwr][INFO] - fit progress: (19, 0.031800556079733935, {'rmse': 3803.8693458109205, 'mae': 1250.4119873046875, 'r2': 0.896693440123673, 'mape': 5.475392818450928, 'accuracy_10': 88.01404237747192, 'accuracy_20': 95.98796367645264}, 145.990263625019)
[2026-01-17 13:11:55,566][flwr][DEBUG] - evaluate_round 19: strategy sampled 6 clients (out of 12)
[2026-01-17 13:11:55,671][flwr][DEBUG] - evaluate_round 19 received 6 results and 0 failures
[2026-01-17 13:11:55,672][flwr][DEBUG] - fit_round 20: strategy sampled 7 clients (out of 12)
[2026-01-17 13:12:02,306][flwr][DEBUG] - fit_round 20 received 7 results and 0 failures
[2026-01-17 13:12:02,558][flwr][INFO] - fit progress: (20, 0.030871501125193528, {'rmse': 3895.3351588791434, 'mae': 1352.2081298828125, 'r2': 0.8916655999600146, 'mape': 5.565010070800781, 'accuracy_10': 86.76028251647949, 'accuracy_20': 96.33901715278625}, 152.98198229202535)
[2026-01-17 13:12:02,558][flwr][DEBUG] - evaluate_round 20: strategy sampled 6 clients (out of 12)
[2026-01-17 13:12:02,655][flwr][DEBUG] - evaluate_round 20 received 6 results and 0 failures
[2026-01-17 13:12:02,655][flwr][DEBUG] - fit_round 21: strategy sampled 7 clients (out of 12)
[2026-01-17 13:12:09,205][flwr][DEBUG] - fit_round 21 received 7 results and 0 failures
[2026-01-17 13:12:09,463][flwr][INFO] - fit progress: (21, 0.03400246203020439, {'rmse': 4172.2039739207385, 'mae': 1520.6710205078125, 'r2': 0.875718135076858, 'mape': 5.951379299163818, 'accuracy_10': 84.75426435470581, 'accuracy_20': 95.43631076812744}, 159.88674162499956)
[2026-01-17 13:12:09,463][flwr][DEBUG] - evaluate_round 21: strategy sampled 6 clients (out of 12)
[2026-01-17 13:12:09,724][flwr][DEBUG] - evaluate_round 21 received 6 results and 0 failures
[2026-01-17 13:12:09,724][flwr][DEBUG] - fit_round 22: strategy sampled 7 clients (out of 12)
[2026-01-17 13:12:14,177][flwr][DEBUG] - fit_round 22 received 7 results and 0 failures
[2026-01-17 13:12:14,424][flwr][INFO] - fit progress: (22, 0.036696716048264334, {'rmse': 4333.905167398106, 'mae': 1594.26953125, 'r2': 0.8658979172880159, 'mape': 6.057694435119629, 'accuracy_10': 83.14945101737976, 'accuracy_20': 94.7342038154602}, 164.8479433330067)
[2026-01-17 13:12:14,424][flwr][DEBUG] - evaluate_round 22: strategy sampled 6 clients (out of 12)
[2026-01-17 13:12:14,509][flwr][DEBUG] - evaluate_round 22 received 6 results and 0 failures
[2026-01-17 13:12:14,509][flwr][DEBUG] - fit_round 23: strategy sampled 7 clients (out of 12)
[2026-01-17 13:12:22,401][flwr][DEBUG] - fit_round 23 received 7 results and 0 failures
[2026-01-17 13:12:22,764][flwr][INFO] - fit progress: (23, 0.028001261690076638, {'rmse': 3667.155846156528, 'mae': 1225.770751953125, 'r2': 0.9039858051361016, 'mape': 5.248009204864502, 'accuracy_10': 88.71614933013916, 'accuracy_20': 96.53961658477783}, 173.18833475001156)
[2026-01-17 13:12:22,765][flwr][DEBUG] - evaluate_round 23: strategy sampled 6 clients (out of 12)
[2026-01-17 13:12:23,075][flwr][DEBUG] - evaluate_round 23 received 6 results and 0 failures
[2026-01-17 13:12:23,075][flwr][DEBUG] - fit_round 24: strategy sampled 7 clients (out of 12)
[2026-01-17 13:12:35,793][flwr][DEBUG] - fit_round 24 received 7 results and 0 failures
[2026-01-17 13:12:36,102][flwr][INFO] - fit progress: (24, 0.027884888351561433, {'rmse': 3711.8912968997356, 'mae': 1268.9193115234375, 'r2': 0.9016289725192119, 'mape': 5.310117244720459, 'accuracy_10': 87.9137396812439, 'accuracy_20': 96.69007062911987}, 186.52583450000384)
[2026-01-17 13:12:36,104][flwr][DEBUG] - evaluate_round 24: strategy sampled 6 clients (out of 12)
[2026-01-17 13:12:36,461][flwr][DEBUG] - evaluate_round 24 received 6 results and 0 failures
[2026-01-17 13:12:36,461][flwr][DEBUG] - fit_round 25: strategy sampled 7 clients (out of 12)
[2026-01-17 13:12:41,893][flwr][DEBUG] - fit_round 25 received 7 results and 0 failures
[2026-01-17 13:12:42,162][flwr][INFO] - fit progress: (25, 0.03322010485449789, {'rmse': 4155.436198523567, 'mae': 1521.25341796875, 'r2': 0.8767150853713395, 'mape': 5.839608192443848, 'accuracy_10': 84.35305953025818, 'accuracy_20': 95.38615942001343}, 192.5856807079981)
[2026-01-17 13:12:42,162][flwr][DEBUG] - evaluate_round 25: strategy sampled 6 clients (out of 12)
[2026-01-17 13:12:42,408][flwr][DEBUG] - evaluate_round 25 received 6 results and 0 failures
[2026-01-17 13:12:42,408][flwr][INFO] - FL finished in 192.8315860000148
[2026-01-17 13:12:42,424][flwr][INFO] - app_fit: losses_distributed [(1, 0.1325673241800035), (2, 0.1061935214435353), (3, 0.09118109331135406), (4, 0.04972970823993691), (5, 0.06472615314789622), (6, 0.05042811570490371), (7, 0.049638546783847645), (8, 0.05272246952285059), (9, 0.047121893389478225), (10, 0.053687462330367024), (11, 0.04264693705818412), (12, 0.05448195017339657), (13, 0.043485196125871074), (14, 0.043851759383195445), (15, 0.022639382650445707), (16, 0.0492975886336308), (17, 0.01890210728498315), (18, 0.021227743859170478), (19, 0.026514968748122387), (20, 0.036378813963947876), (21, 0.04488130899772792), (22, 0.03867615428876388), (23, 0.032474597186688534), (24, 0.02948523421367291), (25, 0.031043876806900562)]
[2026-01-17 13:12:42,425][flwr][INFO] - app_fit: metrics_distributed_fit {}
[2026-01-17 13:12:42,425][flwr][INFO] - app_fit: metrics_distributed {}
[2026-01-17 13:12:42,425][flwr][INFO] - app_fit: losses_centralized [(0, 1.4340404903996313), (1, 0.17051810266052111), (2, 0.1056677613822125), (3, 0.07775561174110639), (4, 0.06579703599618096), (5, 0.05704690731217414), (6, 0.05077089271774383), (7, 0.04625333570609002), (8, 0.04403876963490947), (9, 0.045114281060456216), (10, 0.045400740752517876), (11, 0.03653611323479544), (12, 0.03768934395235245), (13, 0.034224799448398194), (14, 0.0346452450452591), (15, 0.03217534654948453), (16, 0.03331799829077936), (17, 0.03232259597767559), (18, 0.031220618364519795), (19, 0.031800556079733935), (20, 0.030871501125193528), (21, 0.03400246203020439), (22, 0.036696716048264334), (23, 0.028001261690076638), (24, 0.027884888351561433), (25, 0.03322010485449789)]
[2026-01-17 13:12:42,425][flwr][INFO] - app_fit: metrics_centralized {'rmse': [(0, 11782.010694274555), (1, 6312.876998643329), (2, 5236.959614127266), (3, 4832.618337919931), (4, 4570.133696074985), (5, 4445.831980630847), (6, 4377.2875162593555), (7, 4235.0723724630725), (8, 4226.7670860836415), (9, 4225.884759432041), (10, 4215.533418204629), (11, 3969.9680099466796), (12, 3981.0223561291386), (13, 3907.8549103056525), (14, 4102.452193505733), (15, 3878.623596071163), (16, 3812.00157397659), (17, 3813.9018078602917), (18, 3885.9384966826224), (19, 3803.8693458109205), (20, 3895.3351588791434), (21, 4172.2039739207385), (22, 4333.905167398106), (23, 3667.155846156528), (24, 3711.8912968997356), (25, 4155.436198523567)], 'mae': [(0, 9149.193359375), (1, 3289.19970703125), (2, 2443.65185546875), (3, 2041.4576416015625), (4, 1841.78857421875), (5, 1755.1572265625), (6, 1698.1182861328125), (7, 1594.59375), (8, 1596.8143310546875), (9, 1425.462890625), (10, 1407.8834228515625), (11, 1415.5003662109375), (12, 1345.3988037109375), (13, 1394.8299560546875), (14, 1468.52197265625), (15, 1355.97998046875), (16, 1269.3092041015625), (17, 1245.8697509765625), (18, 1379.6544189453125), (19, 1250.4119873046875), (20, 1352.2081298828125), (21, 1520.6710205078125), (22, 1594.26953125), (23, 1225.770751953125), (24, 1268.9193115234375), (25, 1521.25341796875)], 'r2': [(0, 0.00890437044283554), (1, 0.7154678311387921), (2, 0.8041898663141822), (3, 0.8332592602847925), (4, 0.8508804671013589), (5, 0.8588818669411828), (6, 0.8631997556528022), (7, 0.8719444574157016), (8, 0.8724462104126682), (9, 0.8724994626379688), (10, 0.8731233247034712), (11, 0.8874745574330897), (12, 0.8868470288690125), (13, 0.8909680999371357), (14, 0.8798389348240867), (15, 0.8925931507694719), (16, 0.8962512530625529), (17, 0.8961477918057688), (18, 0.8921876360270972), (19, 0.896693440123673), (20, 0.8916655999600146), (21, 0.875718135076858), (22, 0.8658979172880159), (23, 0.9039858051361016), (24, 0.9016289725192119), (25, 0.8767150853713395)], 'mape': [(0, 79.91940307617188), (1, 17.325220108032227), (2, 12.98979663848877), (3, 10.500134468078613), (4, 9.433701515197754), (5, 8.610735893249512), (6, 7.832046031951904), (7, 7.447361946105957), (8, 7.245856285095215), (9, 6.781216144561768), (10, 6.73598575592041), (11, 6.329519271850586), (12, 6.236877918243408), (13, 6.078221797943115), (14, 6.058856010437012), (15, 5.770362854003906), (16, 5.721999168395996), (17, 5.522695064544678), (18, 5.664870738983154), (19, 5.475392818450928), (20, 5.565010070800781), (21, 5.951379299163818), (22, 6.057694435119629), (23, 5.248009204864502), (24, 5.310117244720459), (25, 5.839608192443848)], 'accuracy_10': [(0, 11.735205352306366), (1, 41.17352068424225), (2, 53.059178590774536), (3, 65.14543890953064), (4, 70.16048431396484), (5, 73.11936020851135), (6, 76.17853283882141), (7, 78.88665795326233), (8, 78.88665795326233), (9, 85.15546917915344), (10, 85.305917263031), (11, 84.20260548591614), (12, 86.50952577590942), (13, 85.20561456680298), (14, 84.60381031036377), (15, 85.8575701713562), (16, 88.26479315757751), (17, 87.3620867729187), (18, 85.45637130737305), (19, 88.01404237747192), (20, 86.76028251647949), (21, 84.75426435470581), (22, 83.14945101737976), (23, 88.71614933013916), (24, 87.9137396812439), (25, 84.35305953025818)], 'accuracy_20': [(0, 21.46439254283905), (1, 75.37612915039062), (2, 86.45938038825989), (3, 90.97291827201843), (4, 92.97893643379211), (5, 93.43029260635376), (6, 93.68104338645935), (7, 94.78435516357422), (8, 94.93480324745178), (9, 94.58374977111816), (10, 94.4333016872406), (11, 96.03811502456665), (12, 95.73721289634705), (13, 96.18856310844421), (14, 95.93781232833862), (15, 96.43931984901428), (16, 96.08826637268066), (17, 95.93781232833862), (18, 96.23871445655823), (19, 95.98796367645264), (20, 96.33901715278625), (21, 95.43631076812744), (22, 94.7342038154602), (23, 96.53961658477783), (24, 96.69007062911987), (25, 95.38615942001343)]}
[2026-01-17 13:12:43,092][flwr][INFO] - Starting Flower simulation, config: ServerConfig(num_rounds=25, round_timeout=None)
[2026-01-17 13:12:50,212][flwr][INFO] - Flower VCE: Ray initialized with resources: {'object_store_memory': 2147483648.0, 'CPU': 10.0, 'node:127.0.0.1': 1.0, 'memory': 12467606733.0}
[2026-01-17 13:12:50,213][flwr][INFO] - Initializing global parameters
[2026-01-17 13:12:50,213][flwr][INFO] - Using initial parameters provided by strategy
[2026-01-17 13:12:50,213][flwr][INFO] - Evaluating initial parameters
[2026-01-17 13:12:50,459][flwr][INFO] - initial parameters (loss, other metrics): 1.4340404903996313, {'rmse': 11782.010694274555, 'mae': 9149.193359375, 'r2': 0.00890437044283554, 'mape': 79.91940307617188, 'accuracy_10': 11.735205352306366, 'accuracy_20': 21.46439254283905}
[2026-01-17 13:12:50,460][flwr][INFO] - FL starting
[2026-01-17 13:12:50,460][flwr][DEBUG] - fit_round 1: strategy sampled 7 clients (out of 12)
[2026-01-17 13:12:54,529][flwr][ERROR] - [36mray::launch_and_fit()[39m (pid=76426, ip=127.0.0.1)
  File "/Users/dinukaperera/opt/anaconda3/envs/flower_tutorial/lib/python3.10/site-packages/flwr/simulation/ray_transport/ray_client_proxy.py", line 148, in launch_and_fit
    return maybe_call_fit(
  File "/Users/dinukaperera/opt/anaconda3/envs/flower_tutorial/lib/python3.10/site-packages/flwr/client/client.py", line 184, in maybe_call_fit
    return client.fit(fit_ins)
  File "/Users/dinukaperera/opt/anaconda3/envs/flower_tutorial/lib/python3.10/site-packages/flwr/client/app.py", line 297, in _fit
    results = self.numpy_client.fit(parameters, ins.config)  # type: ignore
  File "/Users/dinukaperera/FLwithFlwr/flowertry/client.py", line 569, in fit
    loss, delta_control = self._train_hybrid(config)
  File "/Users/dinukaperera/FLwithFlwr/flowertry/client.py", line 342, in _train_hybrid
    adaptive_lr = self.learning_rate * (1.0 + 0.2 * np.exp(-server_round / 10.0))
UnboundLocalError: local variable 'server_round' referenced before assignment
[2026-01-17 13:12:54,529][flwr][ERROR] - [36mray::launch_and_fit()[39m (pid=76431, ip=127.0.0.1)
  File "/Users/dinukaperera/opt/anaconda3/envs/flower_tutorial/lib/python3.10/site-packages/flwr/simulation/ray_transport/ray_client_proxy.py", line 148, in launch_and_fit
    return maybe_call_fit(
  File "/Users/dinukaperera/opt/anaconda3/envs/flower_tutorial/lib/python3.10/site-packages/flwr/client/client.py", line 184, in maybe_call_fit
    return client.fit(fit_ins)
  File "/Users/dinukaperera/opt/anaconda3/envs/flower_tutorial/lib/python3.10/site-packages/flwr/client/app.py", line 297, in _fit
    results = self.numpy_client.fit(parameters, ins.config)  # type: ignore
  File "/Users/dinukaperera/FLwithFlwr/flowertry/client.py", line 569, in fit
    loss, delta_control = self._train_hybrid(config)
  File "/Users/dinukaperera/FLwithFlwr/flowertry/client.py", line 342, in _train_hybrid
    adaptive_lr = self.learning_rate * (1.0 + 0.2 * np.exp(-server_round / 10.0))
UnboundLocalError: local variable 'server_round' referenced before assignment
[2026-01-17 13:12:54,529][flwr][ERROR] - [36mray::launch_and_fit()[39m (pid=76427, ip=127.0.0.1)
  File "/Users/dinukaperera/opt/anaconda3/envs/flower_tutorial/lib/python3.10/site-packages/flwr/simulation/ray_transport/ray_client_proxy.py", line 148, in launch_and_fit
    return maybe_call_fit(
  File "/Users/dinukaperera/opt/anaconda3/envs/flower_tutorial/lib/python3.10/site-packages/flwr/client/client.py", line 184, in maybe_call_fit
    return client.fit(fit_ins)
  File "/Users/dinukaperera/opt/anaconda3/envs/flower_tutorial/lib/python3.10/site-packages/flwr/client/app.py", line 297, in _fit
    results = self.numpy_client.fit(parameters, ins.config)  # type: ignore
  File "/Users/dinukaperera/FLwithFlwr/flowertry/client.py", line 569, in fit
    loss, delta_control = self._train_hybrid(config)
  File "/Users/dinukaperera/FLwithFlwr/flowertry/client.py", line 342, in _train_hybrid
    adaptive_lr = self.learning_rate * (1.0 + 0.2 * np.exp(-server_round / 10.0))
UnboundLocalError: local variable 'server_round' referenced before assignment
[2026-01-17 13:12:54,529][flwr][ERROR] - [36mray::launch_and_fit()[39m (pid=76425, ip=127.0.0.1)
  File "/Users/dinukaperera/opt/anaconda3/envs/flower_tutorial/lib/python3.10/site-packages/flwr/simulation/ray_transport/ray_client_proxy.py", line 148, in launch_and_fit
    return maybe_call_fit(
  File "/Users/dinukaperera/opt/anaconda3/envs/flower_tutorial/lib/python3.10/site-packages/flwr/client/client.py", line 184, in maybe_call_fit
    return client.fit(fit_ins)
  File "/Users/dinukaperera/opt/anaconda3/envs/flower_tutorial/lib/python3.10/site-packages/flwr/client/app.py", line 297, in _fit
    results = self.numpy_client.fit(parameters, ins.config)  # type: ignore
  File "/Users/dinukaperera/FLwithFlwr/flowertry/client.py", line 569, in fit
    loss, delta_control = self._train_hybrid(config)
  File "/Users/dinukaperera/FLwithFlwr/flowertry/client.py", line 342, in _train_hybrid
    adaptive_lr = self.learning_rate * (1.0 + 0.2 * np.exp(-server_round / 10.0))
UnboundLocalError: local variable 'server_round' referenced before assignment
[2026-01-17 13:12:54,529][flwr][ERROR] - [36mray::launch_and_fit()[39m (pid=76424, ip=127.0.0.1)
  File "/Users/dinukaperera/opt/anaconda3/envs/flower_tutorial/lib/python3.10/site-packages/flwr/simulation/ray_transport/ray_client_proxy.py", line 148, in launch_and_fit
    return maybe_call_fit(
  File "/Users/dinukaperera/opt/anaconda3/envs/flower_tutorial/lib/python3.10/site-packages/flwr/client/client.py", line 184, in maybe_call_fit
    return client.fit(fit_ins)
  File "/Users/dinukaperera/opt/anaconda3/envs/flower_tutorial/lib/python3.10/site-packages/flwr/client/app.py", line 297, in _fit
    results = self.numpy_client.fit(parameters, ins.config)  # type: ignore
  File "/Users/dinukaperera/FLwithFlwr/flowertry/client.py", line 569, in fit
    loss, delta_control = self._train_hybrid(config)
  File "/Users/dinukaperera/FLwithFlwr/flowertry/client.py", line 342, in _train_hybrid
    adaptive_lr = self.learning_rate * (1.0 + 0.2 * np.exp(-server_round / 10.0))
UnboundLocalError: local variable 'server_round' referenced before assignment
[2026-01-17 13:12:54,530][flwr][ERROR] - [36mray::launch_and_fit()[39m (pid=76429, ip=127.0.0.1)
  File "/Users/dinukaperera/opt/anaconda3/envs/flower_tutorial/lib/python3.10/site-packages/flwr/simulation/ray_transport/ray_client_proxy.py", line 148, in launch_and_fit
    return maybe_call_fit(
  File "/Users/dinukaperera/opt/anaconda3/envs/flower_tutorial/lib/python3.10/site-packages/flwr/client/client.py", line 184, in maybe_call_fit
    return client.fit(fit_ins)
  File "/Users/dinukaperera/opt/anaconda3/envs/flower_tutorial/lib/python3.10/site-packages/flwr/client/app.py", line 297, in _fit
    results = self.numpy_client.fit(parameters, ins.config)  # type: ignore
  File "/Users/dinukaperera/FLwithFlwr/flowertry/client.py", line 569, in fit
    loss, delta_control = self._train_hybrid(config)
  File "/Users/dinukaperera/FLwithFlwr/flowertry/client.py", line 342, in _train_hybrid
    adaptive_lr = self.learning_rate * (1.0 + 0.2 * np.exp(-server_round / 10.0))
UnboundLocalError: local variable 'server_round' referenced before assignment
[2026-01-17 13:12:54,530][flwr][ERROR] - [36mray::launch_and_fit()[39m (pid=76432, ip=127.0.0.1)
  File "/Users/dinukaperera/opt/anaconda3/envs/flower_tutorial/lib/python3.10/site-packages/flwr/simulation/ray_transport/ray_client_proxy.py", line 148, in launch_and_fit
    return maybe_call_fit(
  File "/Users/dinukaperera/opt/anaconda3/envs/flower_tutorial/lib/python3.10/site-packages/flwr/client/client.py", line 184, in maybe_call_fit
    return client.fit(fit_ins)
  File "/Users/dinukaperera/opt/anaconda3/envs/flower_tutorial/lib/python3.10/site-packages/flwr/client/app.py", line 297, in _fit
    results = self.numpy_client.fit(parameters, ins.config)  # type: ignore
  File "/Users/dinukaperera/FLwithFlwr/flowertry/client.py", line 569, in fit
    loss, delta_control = self._train_hybrid(config)
  File "/Users/dinukaperera/FLwithFlwr/flowertry/client.py", line 342, in _train_hybrid
    adaptive_lr = self.learning_rate * (1.0 + 0.2 * np.exp(-server_round / 10.0))
UnboundLocalError: local variable 'server_round' referenced before assignment
[2026-01-17 13:12:54,532][flwr][DEBUG] - fit_round 1 received 0 results and 7 failures
[2026-01-17 13:12:54,759][flwr][INFO] - fit progress: (1, 1.4340404903996313, {'rmse': 11782.010694274555, 'mae': 9149.193359375, 'r2': 0.00890437044283554, 'mape': 79.91940307617188, 'accuracy_10': 11.735205352306366, 'accuracy_20': 21.46439254283905}, 4.299329083005432)
[2026-01-17 13:12:54,759][flwr][DEBUG] - evaluate_round 1: strategy sampled 6 clients (out of 12)
[2026-01-17 13:12:55,660][flwr][DEBUG] - evaluate_round 1 received 6 results and 0 failures
[2026-01-17 13:12:55,660][flwr][WARNING] - No evaluate_metrics_aggregation_fn provided
[2026-01-17 13:12:55,660][flwr][DEBUG] - fit_round 2: strategy sampled 7 clients (out of 12)
[2026-01-17 13:12:55,692][flwr][ERROR] - [36mray::launch_and_fit()[39m (pid=76431, ip=127.0.0.1)
  File "/Users/dinukaperera/opt/anaconda3/envs/flower_tutorial/lib/python3.10/site-packages/flwr/simulation/ray_transport/ray_client_proxy.py", line 148, in launch_and_fit
    return maybe_call_fit(
  File "/Users/dinukaperera/opt/anaconda3/envs/flower_tutorial/lib/python3.10/site-packages/flwr/client/client.py", line 184, in maybe_call_fit
    return client.fit(fit_ins)
  File "/Users/dinukaperera/opt/anaconda3/envs/flower_tutorial/lib/python3.10/site-packages/flwr/client/app.py", line 297, in _fit
    results = self.numpy_client.fit(parameters, ins.config)  # type: ignore
  File "/Users/dinukaperera/FLwithFlwr/flowertry/client.py", line 569, in fit
    loss, delta_control = self._train_hybrid(config)
  File "/Users/dinukaperera/FLwithFlwr/flowertry/client.py", line 342, in _train_hybrid
    adaptive_lr = self.learning_rate * (1.0 + 0.2 * np.exp(-server_round / 10.0))
UnboundLocalError: local variable 'server_round' referenced before assignment
[2026-01-17 13:12:55,695][flwr][ERROR] - [36mray::launch_and_fit()[39m (pid=76432, ip=127.0.0.1)
  File "/Users/dinukaperera/opt/anaconda3/envs/flower_tutorial/lib/python3.10/site-packages/flwr/simulation/ray_transport/ray_client_proxy.py", line 148, in launch_and_fit
    return maybe_call_fit(
  File "/Users/dinukaperera/opt/anaconda3/envs/flower_tutorial/lib/python3.10/site-packages/flwr/client/client.py", line 184, in maybe_call_fit
    return client.fit(fit_ins)
  File "/Users/dinukaperera/opt/anaconda3/envs/flower_tutorial/lib/python3.10/site-packages/flwr/client/app.py", line 297, in _fit
    results = self.numpy_client.fit(parameters, ins.config)  # type: ignore
  File "/Users/dinukaperera/FLwithFlwr/flowertry/client.py", line 569, in fit
    loss, delta_control = self._train_hybrid(config)
  File "/Users/dinukaperera/FLwithFlwr/flowertry/client.py", line 342, in _train_hybrid
    adaptive_lr = self.learning_rate * (1.0 + 0.2 * np.exp(-server_round / 10.0))
UnboundLocalError: local variable 'server_round' referenced before assignment
[2026-01-17 13:12:55,695][flwr][ERROR] - [36mray::launch_and_fit()[39m (pid=76425, ip=127.0.0.1)
  File "/Users/dinukaperera/opt/anaconda3/envs/flower_tutorial/lib/python3.10/site-packages/flwr/simulation/ray_transport/ray_client_proxy.py", line 148, in launch_and_fit
    return maybe_call_fit(
  File "/Users/dinukaperera/opt/anaconda3/envs/flower_tutorial/lib/python3.10/site-packages/flwr/client/client.py", line 184, in maybe_call_fit
    return client.fit(fit_ins)
  File "/Users/dinukaperera/opt/anaconda3/envs/flower_tutorial/lib/python3.10/site-packages/flwr/client/app.py", line 297, in _fit
    results = self.numpy_client.fit(parameters, ins.config)  # type: ignore
  File "/Users/dinukaperera/FLwithFlwr/flowertry/client.py", line 569, in fit
    loss, delta_control = self._train_hybrid(config)
  File "/Users/dinukaperera/FLwithFlwr/flowertry/client.py", line 342, in _train_hybrid
    adaptive_lr = self.learning_rate * (1.0 + 0.2 * np.exp(-server_round / 10.0))
UnboundLocalError: local variable 'server_round' referenced before assignment
[2026-01-17 13:12:55,697][flwr][ERROR] - [36mray::launch_and_fit()[39m (pid=76424, ip=127.0.0.1)
  File "/Users/dinukaperera/opt/anaconda3/envs/flower_tutorial/lib/python3.10/site-packages/flwr/simulation/ray_transport/ray_client_proxy.py", line 148, in launch_and_fit
    return maybe_call_fit(
  File "/Users/dinukaperera/opt/anaconda3/envs/flower_tutorial/lib/python3.10/site-packages/flwr/client/client.py", line 184, in maybe_call_fit
    return client.fit(fit_ins)
  File "/Users/dinukaperera/opt/anaconda3/envs/flower_tutorial/lib/python3.10/site-packages/flwr/client/app.py", line 297, in _fit
    results = self.numpy_client.fit(parameters, ins.config)  # type: ignore
  File "/Users/dinukaperera/FLwithFlwr/flowertry/client.py", line 569, in fit
    loss, delta_control = self._train_hybrid(config)
  File "/Users/dinukaperera/FLwithFlwr/flowertry/client.py", line 342, in _train_hybrid
    adaptive_lr = self.learning_rate * (1.0 + 0.2 * np.exp(-server_round / 10.0))
UnboundLocalError: local variable 'server_round' referenced before assignment
[2026-01-17 13:12:55,698][flwr][ERROR] - [36mray::launch_and_fit()[39m (pid=76426, ip=127.0.0.1)
  File "/Users/dinukaperera/opt/anaconda3/envs/flower_tutorial/lib/python3.10/site-packages/flwr/simulation/ray_transport/ray_client_proxy.py", line 148, in launch_and_fit
    return maybe_call_fit(
  File "/Users/dinukaperera/opt/anaconda3/envs/flower_tutorial/lib/python3.10/site-packages/flwr/client/client.py", line 184, in maybe_call_fit
    return client.fit(fit_ins)
  File "/Users/dinukaperera/opt/anaconda3/envs/flower_tutorial/lib/python3.10/site-packages/flwr/client/app.py", line 297, in _fit
    results = self.numpy_client.fit(parameters, ins.config)  # type: ignore
  File "/Users/dinukaperera/FLwithFlwr/flowertry/client.py", line 569, in fit
    loss, delta_control = self._train_hybrid(config)
  File "/Users/dinukaperera/FLwithFlwr/flowertry/client.py", line 342, in _train_hybrid
    adaptive_lr = self.learning_rate * (1.0 + 0.2 * np.exp(-server_round / 10.0))
UnboundLocalError: local variable 'server_round' referenced before assignment
[2026-01-17 13:12:55,700][flwr][ERROR] - [36mray::launch_and_fit()[39m (pid=76427, ip=127.0.0.1)
  File "/Users/dinukaperera/opt/anaconda3/envs/flower_tutorial/lib/python3.10/site-packages/flwr/simulation/ray_transport/ray_client_proxy.py", line 148, in launch_and_fit
    return maybe_call_fit(
  File "/Users/dinukaperera/opt/anaconda3/envs/flower_tutorial/lib/python3.10/site-packages/flwr/client/client.py", line 184, in maybe_call_fit
    return client.fit(fit_ins)
  File "/Users/dinukaperera/opt/anaconda3/envs/flower_tutorial/lib/python3.10/site-packages/flwr/client/app.py", line 297, in _fit
    results = self.numpy_client.fit(parameters, ins.config)  # type: ignore
  File "/Users/dinukaperera/FLwithFlwr/flowertry/client.py", line 569, in fit
    loss, delta_control = self._train_hybrid(config)
  File "/Users/dinukaperera/FLwithFlwr/flowertry/client.py", line 342, in _train_hybrid
    adaptive_lr = self.learning_rate * (1.0 + 0.2 * np.exp(-server_round / 10.0))
UnboundLocalError: local variable 'server_round' referenced before assignment
[2026-01-17 13:12:55,700][flwr][ERROR] - [36mray::launch_and_fit()[39m (pid=76429, ip=127.0.0.1)
  File "/Users/dinukaperera/opt/anaconda3/envs/flower_tutorial/lib/python3.10/site-packages/flwr/simulation/ray_transport/ray_client_proxy.py", line 148, in launch_and_fit
    return maybe_call_fit(
  File "/Users/dinukaperera/opt/anaconda3/envs/flower_tutorial/lib/python3.10/site-packages/flwr/client/client.py", line 184, in maybe_call_fit
    return client.fit(fit_ins)
  File "/Users/dinukaperera/opt/anaconda3/envs/flower_tutorial/lib/python3.10/site-packages/flwr/client/app.py", line 297, in _fit
    results = self.numpy_client.fit(parameters, ins.config)  # type: ignore
  File "/Users/dinukaperera/FLwithFlwr/flowertry/client.py", line 569, in fit
    loss, delta_control = self._train_hybrid(config)
  File "/Users/dinukaperera/FLwithFlwr/flowertry/client.py", line 342, in _train_hybrid
    adaptive_lr = self.learning_rate * (1.0 + 0.2 * np.exp(-server_round / 10.0))
UnboundLocalError: local variable 'server_round' referenced before assignment
[2026-01-17 13:12:55,701][flwr][DEBUG] - fit_round 2 received 0 results and 7 failures
[2026-01-17 13:12:55,926][flwr][INFO] - fit progress: (2, 1.4340404903996313, {'rmse': 11782.010694274555, 'mae': 9149.193359375, 'r2': 0.00890437044283554, 'mape': 79.91940307617188, 'accuracy_10': 11.735205352306366, 'accuracy_20': 21.46439254283905}, 5.466199082991807)
[2026-01-17 13:12:55,926][flwr][DEBUG] - evaluate_round 2: strategy sampled 6 clients (out of 12)
[2026-01-17 13:12:56,344][flwr][DEBUG] - evaluate_round 2 received 6 results and 0 failures
[2026-01-17 13:12:56,344][flwr][DEBUG] - fit_round 3: strategy sampled 7 clients (out of 12)
[2026-01-17 13:12:56,377][flwr][ERROR] - [36mray::launch_and_fit()[39m (pid=76426, ip=127.0.0.1)
  File "/Users/dinukaperera/opt/anaconda3/envs/flower_tutorial/lib/python3.10/site-packages/flwr/simulation/ray_transport/ray_client_proxy.py", line 148, in launch_and_fit
    return maybe_call_fit(
  File "/Users/dinukaperera/opt/anaconda3/envs/flower_tutorial/lib/python3.10/site-packages/flwr/client/client.py", line 184, in maybe_call_fit
    return client.fit(fit_ins)
  File "/Users/dinukaperera/opt/anaconda3/envs/flower_tutorial/lib/python3.10/site-packages/flwr/client/app.py", line 297, in _fit
    results = self.numpy_client.fit(parameters, ins.config)  # type: ignore
  File "/Users/dinukaperera/FLwithFlwr/flowertry/client.py", line 569, in fit
    loss, delta_control = self._train_hybrid(config)
  File "/Users/dinukaperera/FLwithFlwr/flowertry/client.py", line 342, in _train_hybrid
    adaptive_lr = self.learning_rate * (1.0 + 0.2 * np.exp(-server_round / 10.0))
UnboundLocalError: local variable 'server_round' referenced before assignment
[2026-01-17 13:12:56,378][flwr][ERROR] - [36mray::launch_and_fit()[39m (pid=76424, ip=127.0.0.1)
  File "/Users/dinukaperera/opt/anaconda3/envs/flower_tutorial/lib/python3.10/site-packages/flwr/simulation/ray_transport/ray_client_proxy.py", line 148, in launch_and_fit
    return maybe_call_fit(
  File "/Users/dinukaperera/opt/anaconda3/envs/flower_tutorial/lib/python3.10/site-packages/flwr/client/client.py", line 184, in maybe_call_fit
    return client.fit(fit_ins)
  File "/Users/dinukaperera/opt/anaconda3/envs/flower_tutorial/lib/python3.10/site-packages/flwr/client/app.py", line 297, in _fit
    results = self.numpy_client.fit(parameters, ins.config)  # type: ignore
  File "/Users/dinukaperera/FLwithFlwr/flowertry/client.py", line 569, in fit
    loss, delta_control = self._train_hybrid(config)
  File "/Users/dinukaperera/FLwithFlwr/flowertry/client.py", line 342, in _train_hybrid
    adaptive_lr = self.learning_rate * (1.0 + 0.2 * np.exp(-server_round / 10.0))
UnboundLocalError: local variable 'server_round' referenced before assignment
[2026-01-17 13:12:56,382][flwr][ERROR] - [36mray::launch_and_fit()[39m (pid=76432, ip=127.0.0.1)
  File "/Users/dinukaperera/opt/anaconda3/envs/flower_tutorial/lib/python3.10/site-packages/flwr/simulation/ray_transport/ray_client_proxy.py", line 148, in launch_and_fit
    return maybe_call_fit(
  File "/Users/dinukaperera/opt/anaconda3/envs/flower_tutorial/lib/python3.10/site-packages/flwr/client/client.py", line 184, in maybe_call_fit
    return client.fit(fit_ins)
  File "/Users/dinukaperera/opt/anaconda3/envs/flower_tutorial/lib/python3.10/site-packages/flwr/client/app.py", line 297, in _fit
    results = self.numpy_client.fit(parameters, ins.config)  # type: ignore
  File "/Users/dinukaperera/FLwithFlwr/flowertry/client.py", line 569, in fit
    loss, delta_control = self._train_hybrid(config)
  File "/Users/dinukaperera/FLwithFlwr/flowertry/client.py", line 342, in _train_hybrid
    adaptive_lr = self.learning_rate * (1.0 + 0.2 * np.exp(-server_round / 10.0))
UnboundLocalError: local variable 'server_round' referenced before assignment
[2026-01-17 13:12:56,383][flwr][ERROR] - [36mray::launch_and_fit()[39m (pid=76429, ip=127.0.0.1)
  File "/Users/dinukaperera/opt/anaconda3/envs/flower_tutorial/lib/python3.10/site-packages/flwr/simulation/ray_transport/ray_client_proxy.py", line 148, in launch_and_fit
    return maybe_call_fit(
  File "/Users/dinukaperera/opt/anaconda3/envs/flower_tutorial/lib/python3.10/site-packages/flwr/client/client.py", line 184, in maybe_call_fit
    return client.fit(fit_ins)
  File "/Users/dinukaperera/opt/anaconda3/envs/flower_tutorial/lib/python3.10/site-packages/flwr/client/app.py", line 297, in _fit
    results = self.numpy_client.fit(parameters, ins.config)  # type: ignore
  File "/Users/dinukaperera/FLwithFlwr/flowertry/client.py", line 569, in fit
    loss, delta_control = self._train_hybrid(config)
  File "/Users/dinukaperera/FLwithFlwr/flowertry/client.py", line 342, in _train_hybrid
    adaptive_lr = self.learning_rate * (1.0 + 0.2 * np.exp(-server_round / 10.0))
UnboundLocalError: local variable 'server_round' referenced before assignment
[2026-01-17 13:12:56,387][flwr][ERROR] - [36mray::launch_and_fit()[39m (pid=76425, ip=127.0.0.1)
  File "/Users/dinukaperera/opt/anaconda3/envs/flower_tutorial/lib/python3.10/site-packages/flwr/simulation/ray_transport/ray_client_proxy.py", line 148, in launch_and_fit
    return maybe_call_fit(
  File "/Users/dinukaperera/opt/anaconda3/envs/flower_tutorial/lib/python3.10/site-packages/flwr/client/client.py", line 184, in maybe_call_fit
    return client.fit(fit_ins)
  File "/Users/dinukaperera/opt/anaconda3/envs/flower_tutorial/lib/python3.10/site-packages/flwr/client/app.py", line 297, in _fit
    results = self.numpy_client.fit(parameters, ins.config)  # type: ignore
  File "/Users/dinukaperera/FLwithFlwr/flowertry/client.py", line 569, in fit
    loss, delta_control = self._train_hybrid(config)
  File "/Users/dinukaperera/FLwithFlwr/flowertry/client.py", line 342, in _train_hybrid
    adaptive_lr = self.learning_rate * (1.0 + 0.2 * np.exp(-server_round / 10.0))
UnboundLocalError: local variable 'server_round' referenced before assignment
[2026-01-17 13:12:56,388][flwr][ERROR] - [36mray::launch_and_fit()[39m (pid=76431, ip=127.0.0.1)
  File "/Users/dinukaperera/opt/anaconda3/envs/flower_tutorial/lib/python3.10/site-packages/flwr/simulation/ray_transport/ray_client_proxy.py", line 148, in launch_and_fit
    return maybe_call_fit(
  File "/Users/dinukaperera/opt/anaconda3/envs/flower_tutorial/lib/python3.10/site-packages/flwr/client/client.py", line 184, in maybe_call_fit
    return client.fit(fit_ins)
  File "/Users/dinukaperera/opt/anaconda3/envs/flower_tutorial/lib/python3.10/site-packages/flwr/client/app.py", line 297, in _fit
    results = self.numpy_client.fit(parameters, ins.config)  # type: ignore
  File "/Users/dinukaperera/FLwithFlwr/flowertry/client.py", line 569, in fit
    loss, delta_control = self._train_hybrid(config)
  File "/Users/dinukaperera/FLwithFlwr/flowertry/client.py", line 342, in _train_hybrid
    adaptive_lr = self.learning_rate * (1.0 + 0.2 * np.exp(-server_round / 10.0))
UnboundLocalError: local variable 'server_round' referenced before assignment
[2026-01-17 13:12:56,388][flwr][ERROR] - [36mray::launch_and_fit()[39m (pid=76427, ip=127.0.0.1)
  File "/Users/dinukaperera/opt/anaconda3/envs/flower_tutorial/lib/python3.10/site-packages/flwr/simulation/ray_transport/ray_client_proxy.py", line 148, in launch_and_fit
    return maybe_call_fit(
  File "/Users/dinukaperera/opt/anaconda3/envs/flower_tutorial/lib/python3.10/site-packages/flwr/client/client.py", line 184, in maybe_call_fit
    return client.fit(fit_ins)
  File "/Users/dinukaperera/opt/anaconda3/envs/flower_tutorial/lib/python3.10/site-packages/flwr/client/app.py", line 297, in _fit
    results = self.numpy_client.fit(parameters, ins.config)  # type: ignore
  File "/Users/dinukaperera/FLwithFlwr/flowertry/client.py", line 569, in fit
    loss, delta_control = self._train_hybrid(config)
  File "/Users/dinukaperera/FLwithFlwr/flowertry/client.py", line 342, in _train_hybrid
    adaptive_lr = self.learning_rate * (1.0 + 0.2 * np.exp(-server_round / 10.0))
UnboundLocalError: local variable 'server_round' referenced before assignment
[2026-01-17 13:12:56,390][flwr][DEBUG] - fit_round 3 received 0 results and 7 failures
[2026-01-17 13:12:56,626][flwr][INFO] - fit progress: (3, 1.4340404903996313, {'rmse': 11782.010694274555, 'mae': 9149.193359375, 'r2': 0.00890437044283554, 'mape': 79.91940307617188, 'accuracy_10': 11.735205352306366, 'accuracy_20': 21.46439254283905}, 6.165989875007654)
[2026-01-17 13:12:56,626][flwr][DEBUG] - evaluate_round 3: strategy sampled 6 clients (out of 12)
[2026-01-17 13:12:56,844][flwr][DEBUG] - evaluate_round 3 received 6 results and 0 failures
[2026-01-17 13:12:56,845][flwr][DEBUG] - fit_round 4: strategy sampled 7 clients (out of 12)
[2026-01-17 13:12:56,884][flwr][ERROR] - [36mray::launch_and_fit()[39m (pid=76431, ip=127.0.0.1)
  File "/Users/dinukaperera/opt/anaconda3/envs/flower_tutorial/lib/python3.10/site-packages/flwr/simulation/ray_transport/ray_client_proxy.py", line 148, in launch_and_fit
    return maybe_call_fit(
  File "/Users/dinukaperera/opt/anaconda3/envs/flower_tutorial/lib/python3.10/site-packages/flwr/client/client.py", line 184, in maybe_call_fit
    return client.fit(fit_ins)
  File "/Users/dinukaperera/opt/anaconda3/envs/flower_tutorial/lib/python3.10/site-packages/flwr/client/app.py", line 297, in _fit
    results = self.numpy_client.fit(parameters, ins.config)  # type: ignore
  File "/Users/dinukaperera/FLwithFlwr/flowertry/client.py", line 569, in fit
    loss, delta_control = self._train_hybrid(config)
  File "/Users/dinukaperera/FLwithFlwr/flowertry/client.py", line 342, in _train_hybrid
    adaptive_lr = self.learning_rate * (1.0 + 0.2 * np.exp(-server_round / 10.0))
UnboundLocalError: local variable 'server_round' referenced before assignment
[2026-01-17 13:12:56,884][flwr][ERROR] - [36mray::launch_and_fit()[39m (pid=76432, ip=127.0.0.1)
  File "/Users/dinukaperera/opt/anaconda3/envs/flower_tutorial/lib/python3.10/site-packages/flwr/simulation/ray_transport/ray_client_proxy.py", line 148, in launch_and_fit
    return maybe_call_fit(
  File "/Users/dinukaperera/opt/anaconda3/envs/flower_tutorial/lib/python3.10/site-packages/flwr/client/client.py", line 184, in maybe_call_fit
    return client.fit(fit_ins)
  File "/Users/dinukaperera/opt/anaconda3/envs/flower_tutorial/lib/python3.10/site-packages/flwr/client/app.py", line 297, in _fit
    results = self.numpy_client.fit(parameters, ins.config)  # type: ignore
  File "/Users/dinukaperera/FLwithFlwr/flowertry/client.py", line 569, in fit
    loss, delta_control = self._train_hybrid(config)
  File "/Users/dinukaperera/FLwithFlwr/flowertry/client.py", line 342, in _train_hybrid
    adaptive_lr = self.learning_rate * (1.0 + 0.2 * np.exp(-server_round / 10.0))
UnboundLocalError: local variable 'server_round' referenced before assignment
[2026-01-17 13:12:56,884][flwr][ERROR] - [36mray::launch_and_fit()[39m (pid=76425, ip=127.0.0.1)
  File "/Users/dinukaperera/opt/anaconda3/envs/flower_tutorial/lib/python3.10/site-packages/flwr/simulation/ray_transport/ray_client_proxy.py", line 148, in launch_and_fit
    return maybe_call_fit(
  File "/Users/dinukaperera/opt/anaconda3/envs/flower_tutorial/lib/python3.10/site-packages/flwr/client/client.py", line 184, in maybe_call_fit
    return client.fit(fit_ins)
  File "/Users/dinukaperera/opt/anaconda3/envs/flower_tutorial/lib/python3.10/site-packages/flwr/client/app.py", line 297, in _fit
    results = self.numpy_client.fit(parameters, ins.config)  # type: ignore
  File "/Users/dinukaperera/FLwithFlwr/flowertry/client.py", line 569, in fit
    loss, delta_control = self._train_hybrid(config)
  File "/Users/dinukaperera/FLwithFlwr/flowertry/client.py", line 342, in _train_hybrid
    adaptive_lr = self.learning_rate * (1.0 + 0.2 * np.exp(-server_round / 10.0))
UnboundLocalError: local variable 'server_round' referenced before assignment
[2026-01-17 13:12:56,884][flwr][ERROR] - [36mray::launch_and_fit()[39m (pid=76424, ip=127.0.0.1)
  File "/Users/dinukaperera/opt/anaconda3/envs/flower_tutorial/lib/python3.10/site-packages/flwr/simulation/ray_transport/ray_client_proxy.py", line 148, in launch_and_fit
    return maybe_call_fit(
  File "/Users/dinukaperera/opt/anaconda3/envs/flower_tutorial/lib/python3.10/site-packages/flwr/client/client.py", line 184, in maybe_call_fit
    return client.fit(fit_ins)
  File "/Users/dinukaperera/opt/anaconda3/envs/flower_tutorial/lib/python3.10/site-packages/flwr/client/app.py", line 297, in _fit
    results = self.numpy_client.fit(parameters, ins.config)  # type: ignore
  File "/Users/dinukaperera/FLwithFlwr/flowertry/client.py", line 569, in fit
    loss, delta_control = self._train_hybrid(config)
  File "/Users/dinukaperera/FLwithFlwr/flowertry/client.py", line 342, in _train_hybrid
    adaptive_lr = self.learning_rate * (1.0 + 0.2 * np.exp(-server_round / 10.0))
UnboundLocalError: local variable 'server_round' referenced before assignment
[2026-01-17 13:12:56,887][flwr][ERROR] - [36mray::launch_and_fit()[39m (pid=76429, ip=127.0.0.1)
  File "/Users/dinukaperera/opt/anaconda3/envs/flower_tutorial/lib/python3.10/site-packages/flwr/simulation/ray_transport/ray_client_proxy.py", line 148, in launch_and_fit
    return maybe_call_fit(
  File "/Users/dinukaperera/opt/anaconda3/envs/flower_tutorial/lib/python3.10/site-packages/flwr/client/client.py", line 184, in maybe_call_fit
    return client.fit(fit_ins)
  File "/Users/dinukaperera/opt/anaconda3/envs/flower_tutorial/lib/python3.10/site-packages/flwr/client/app.py", line 297, in _fit
    results = self.numpy_client.fit(parameters, ins.config)  # type: ignore
  File "/Users/dinukaperera/FLwithFlwr/flowertry/client.py", line 569, in fit
    loss, delta_control = self._train_hybrid(config)
  File "/Users/dinukaperera/FLwithFlwr/flowertry/client.py", line 342, in _train_hybrid
    adaptive_lr = self.learning_rate * (1.0 + 0.2 * np.exp(-server_round / 10.0))
UnboundLocalError: local variable 'server_round' referenced before assignment
[2026-01-17 13:12:56,887][flwr][ERROR] - [36mray::launch_and_fit()[39m (pid=76427, ip=127.0.0.1)
  File "/Users/dinukaperera/opt/anaconda3/envs/flower_tutorial/lib/python3.10/site-packages/flwr/simulation/ray_transport/ray_client_proxy.py", line 148, in launch_and_fit
    return maybe_call_fit(
  File "/Users/dinukaperera/opt/anaconda3/envs/flower_tutorial/lib/python3.10/site-packages/flwr/client/client.py", line 184, in maybe_call_fit
    return client.fit(fit_ins)
  File "/Users/dinukaperera/opt/anaconda3/envs/flower_tutorial/lib/python3.10/site-packages/flwr/client/app.py", line 297, in _fit
    results = self.numpy_client.fit(parameters, ins.config)  # type: ignore
  File "/Users/dinukaperera/FLwithFlwr/flowertry/client.py", line 569, in fit
    loss, delta_control = self._train_hybrid(config)
  File "/Users/dinukaperera/FLwithFlwr/flowertry/client.py", line 342, in _train_hybrid
    adaptive_lr = self.learning_rate * (1.0 + 0.2 * np.exp(-server_round / 10.0))
UnboundLocalError: local variable 'server_round' referenced before assignment
[2026-01-17 13:12:56,889][flwr][ERROR] - [36mray::launch_and_fit()[39m (pid=76426, ip=127.0.0.1)
  File "/Users/dinukaperera/opt/anaconda3/envs/flower_tutorial/lib/python3.10/site-packages/flwr/simulation/ray_transport/ray_client_proxy.py", line 148, in launch_and_fit
    return maybe_call_fit(
  File "/Users/dinukaperera/opt/anaconda3/envs/flower_tutorial/lib/python3.10/site-packages/flwr/client/client.py", line 184, in maybe_call_fit
    return client.fit(fit_ins)
  File "/Users/dinukaperera/opt/anaconda3/envs/flower_tutorial/lib/python3.10/site-packages/flwr/client/app.py", line 297, in _fit
    results = self.numpy_client.fit(parameters, ins.config)  # type: ignore
  File "/Users/dinukaperera/FLwithFlwr/flowertry/client.py", line 569, in fit
    loss, delta_control = self._train_hybrid(config)
  File "/Users/dinukaperera/FLwithFlwr/flowertry/client.py", line 342, in _train_hybrid
    adaptive_lr = self.learning_rate * (1.0 + 0.2 * np.exp(-server_round / 10.0))
UnboundLocalError: local variable 'server_round' referenced before assignment
[2026-01-17 13:12:56,890][flwr][DEBUG] - fit_round 4 received 0 results and 7 failures
[2026-01-17 13:12:57,122][flwr][INFO] - fit progress: (4, 1.4340404903996313, {'rmse': 11782.010694274555, 'mae': 9149.193359375, 'r2': 0.00890437044283554, 'mape': 79.91940307617188, 'accuracy_10': 11.735205352306366, 'accuracy_20': 21.46439254283905}, 6.6618299999972805)
[2026-01-17 13:12:57,122][flwr][DEBUG] - evaluate_round 4: strategy sampled 6 clients (out of 12)
[2026-01-17 13:12:57,324][flwr][DEBUG] - evaluate_round 4 received 6 results and 0 failures
[2026-01-17 13:12:57,324][flwr][DEBUG] - fit_round 5: strategy sampled 7 clients (out of 12)
[2026-01-17 13:12:57,353][flwr][ERROR] - [36mray::launch_and_fit()[39m (pid=76426, ip=127.0.0.1)
  File "/Users/dinukaperera/opt/anaconda3/envs/flower_tutorial/lib/python3.10/site-packages/flwr/simulation/ray_transport/ray_client_proxy.py", line 148, in launch_and_fit
    return maybe_call_fit(
  File "/Users/dinukaperera/opt/anaconda3/envs/flower_tutorial/lib/python3.10/site-packages/flwr/client/client.py", line 184, in maybe_call_fit
    return client.fit(fit_ins)
  File "/Users/dinukaperera/opt/anaconda3/envs/flower_tutorial/lib/python3.10/site-packages/flwr/client/app.py", line 297, in _fit
    results = self.numpy_client.fit(parameters, ins.config)  # type: ignore
  File "/Users/dinukaperera/FLwithFlwr/flowertry/client.py", line 569, in fit
    loss, delta_control = self._train_hybrid(config)
  File "/Users/dinukaperera/FLwithFlwr/flowertry/client.py", line 342, in _train_hybrid
    adaptive_lr = self.learning_rate * (1.0 + 0.2 * np.exp(-server_round / 10.0))
UnboundLocalError: local variable 'server_round' referenced before assignment
[2026-01-17 13:12:57,355][flwr][ERROR] - [36mray::launch_and_fit()[39m (pid=76431, ip=127.0.0.1)
  File "/Users/dinukaperera/opt/anaconda3/envs/flower_tutorial/lib/python3.10/site-packages/flwr/simulation/ray_transport/ray_client_proxy.py", line 148, in launch_and_fit
    return maybe_call_fit(
  File "/Users/dinukaperera/opt/anaconda3/envs/flower_tutorial/lib/python3.10/site-packages/flwr/client/client.py", line 184, in maybe_call_fit
    return client.fit(fit_ins)
  File "/Users/dinukaperera/opt/anaconda3/envs/flower_tutorial/lib/python3.10/site-packages/flwr/client/app.py", line 297, in _fit
    results = self.numpy_client.fit(parameters, ins.config)  # type: ignore
  File "/Users/dinukaperera/FLwithFlwr/flowertry/client.py", line 569, in fit
    loss, delta_control = self._train_hybrid(config)
  File "/Users/dinukaperera/FLwithFlwr/flowertry/client.py", line 342, in _train_hybrid
    adaptive_lr = self.learning_rate * (1.0 + 0.2 * np.exp(-server_round / 10.0))
UnboundLocalError: local variable 'server_round' referenced before assignment
[2026-01-17 13:12:57,356][flwr][ERROR] - [36mray::launch_and_fit()[39m (pid=76429, ip=127.0.0.1)
  File "/Users/dinukaperera/opt/anaconda3/envs/flower_tutorial/lib/python3.10/site-packages/flwr/simulation/ray_transport/ray_client_proxy.py", line 148, in launch_and_fit
    return maybe_call_fit(
  File "/Users/dinukaperera/opt/anaconda3/envs/flower_tutorial/lib/python3.10/site-packages/flwr/client/client.py", line 184, in maybe_call_fit
    return client.fit(fit_ins)
  File "/Users/dinukaperera/opt/anaconda3/envs/flower_tutorial/lib/python3.10/site-packages/flwr/client/app.py", line 297, in _fit
    results = self.numpy_client.fit(parameters, ins.config)  # type: ignore
  File "/Users/dinukaperera/FLwithFlwr/flowertry/client.py", line 569, in fit
    loss, delta_control = self._train_hybrid(config)
  File "/Users/dinukaperera/FLwithFlwr/flowertry/client.py", line 342, in _train_hybrid
    adaptive_lr = self.learning_rate * (1.0 + 0.2 * np.exp(-server_round / 10.0))
UnboundLocalError: local variable 'server_round' referenced before assignment
[2026-01-17 13:12:57,357][flwr][ERROR] - [36mray::launch_and_fit()[39m (pid=76427, ip=127.0.0.1)
  File "/Users/dinukaperera/opt/anaconda3/envs/flower_tutorial/lib/python3.10/site-packages/flwr/simulation/ray_transport/ray_client_proxy.py", line 148, in launch_and_fit
    return maybe_call_fit(
  File "/Users/dinukaperera/opt/anaconda3/envs/flower_tutorial/lib/python3.10/site-packages/flwr/client/client.py", line 184, in maybe_call_fit
    return client.fit(fit_ins)
  File "/Users/dinukaperera/opt/anaconda3/envs/flower_tutorial/lib/python3.10/site-packages/flwr/client/app.py", line 297, in _fit
    results = self.numpy_client.fit(parameters, ins.config)  # type: ignore
  File "/Users/dinukaperera/FLwithFlwr/flowertry/client.py", line 569, in fit
    loss, delta_control = self._train_hybrid(config)
  File "/Users/dinukaperera/FLwithFlwr/flowertry/client.py", line 342, in _train_hybrid
    adaptive_lr = self.learning_rate * (1.0 + 0.2 * np.exp(-server_round / 10.0))
UnboundLocalError: local variable 'server_round' referenced before assignment
[2026-01-17 13:12:57,375][flwr][ERROR] - [36mray::launch_and_fit()[39m (pid=76432, ip=127.0.0.1)
  File "/Users/dinukaperera/opt/anaconda3/envs/flower_tutorial/lib/python3.10/site-packages/flwr/simulation/ray_transport/ray_client_proxy.py", line 148, in launch_and_fit
    return maybe_call_fit(
  File "/Users/dinukaperera/opt/anaconda3/envs/flower_tutorial/lib/python3.10/site-packages/flwr/client/client.py", line 184, in maybe_call_fit
    return client.fit(fit_ins)
  File "/Users/dinukaperera/opt/anaconda3/envs/flower_tutorial/lib/python3.10/site-packages/flwr/client/app.py", line 297, in _fit
    results = self.numpy_client.fit(parameters, ins.config)  # type: ignore
  File "/Users/dinukaperera/FLwithFlwr/flowertry/client.py", line 569, in fit
    loss, delta_control = self._train_hybrid(config)
  File "/Users/dinukaperera/FLwithFlwr/flowertry/client.py", line 342, in _train_hybrid
    adaptive_lr = self.learning_rate * (1.0 + 0.2 * np.exp(-server_round / 10.0))
UnboundLocalError: local variable 'server_round' referenced before assignment
[2026-01-17 13:12:57,379][flwr][ERROR] - [36mray::launch_and_fit()[39m (pid=76425, ip=127.0.0.1)
  File "/Users/dinukaperera/opt/anaconda3/envs/flower_tutorial/lib/python3.10/site-packages/flwr/simulation/ray_transport/ray_client_proxy.py", line 148, in launch_and_fit
    return maybe_call_fit(
  File "/Users/dinukaperera/opt/anaconda3/envs/flower_tutorial/lib/python3.10/site-packages/flwr/client/client.py", line 184, in maybe_call_fit
    return client.fit(fit_ins)
  File "/Users/dinukaperera/opt/anaconda3/envs/flower_tutorial/lib/python3.10/site-packages/flwr/client/app.py", line 297, in _fit
    results = self.numpy_client.fit(parameters, ins.config)  # type: ignore
  File "/Users/dinukaperera/FLwithFlwr/flowertry/client.py", line 569, in fit
    loss, delta_control = self._train_hybrid(config)
  File "/Users/dinukaperera/FLwithFlwr/flowertry/client.py", line 342, in _train_hybrid
    adaptive_lr = self.learning_rate * (1.0 + 0.2 * np.exp(-server_round / 10.0))
UnboundLocalError: local variable 'server_round' referenced before assignment
[2026-01-17 13:12:57,382][flwr][ERROR] - [36mray::launch_and_fit()[39m (pid=76424, ip=127.0.0.1)
  File "/Users/dinukaperera/opt/anaconda3/envs/flower_tutorial/lib/python3.10/site-packages/flwr/simulation/ray_transport/ray_client_proxy.py", line 148, in launch_and_fit
    return maybe_call_fit(
  File "/Users/dinukaperera/opt/anaconda3/envs/flower_tutorial/lib/python3.10/site-packages/flwr/client/client.py", line 184, in maybe_call_fit
    return client.fit(fit_ins)
  File "/Users/dinukaperera/opt/anaconda3/envs/flower_tutorial/lib/python3.10/site-packages/flwr/client/app.py", line 297, in _fit
    results = self.numpy_client.fit(parameters, ins.config)  # type: ignore
  File "/Users/dinukaperera/FLwithFlwr/flowertry/client.py", line 569, in fit
    loss, delta_control = self._train_hybrid(config)
  File "/Users/dinukaperera/FLwithFlwr/flowertry/client.py", line 342, in _train_hybrid
    adaptive_lr = self.learning_rate * (1.0 + 0.2 * np.exp(-server_round / 10.0))
UnboundLocalError: local variable 'server_round' referenced before assignment
[2026-01-17 13:12:57,386][flwr][DEBUG] - fit_round 5 received 0 results and 7 failures
[2026-01-17 13:12:57,612][flwr][INFO] - fit progress: (5, 1.4340404903996313, {'rmse': 11782.010694274555, 'mae': 9149.193359375, 'r2': 0.00890437044283554, 'mape': 79.91940307617188, 'accuracy_10': 11.735205352306366, 'accuracy_20': 21.46439254283905}, 7.1519129580119625)
[2026-01-17 13:12:57,612][flwr][DEBUG] - evaluate_round 5: strategy sampled 6 clients (out of 12)
[2026-01-17 13:12:57,805][flwr][DEBUG] - evaluate_round 5 received 6 results and 0 failures
[2026-01-17 13:12:57,805][flwr][DEBUG] - fit_round 6: strategy sampled 7 clients (out of 12)
[2026-01-17 13:12:57,837][flwr][ERROR] - [36mray::launch_and_fit()[39m (pid=76427, ip=127.0.0.1)
  File "/Users/dinukaperera/opt/anaconda3/envs/flower_tutorial/lib/python3.10/site-packages/flwr/simulation/ray_transport/ray_client_proxy.py", line 148, in launch_and_fit
    return maybe_call_fit(
  File "/Users/dinukaperera/opt/anaconda3/envs/flower_tutorial/lib/python3.10/site-packages/flwr/client/client.py", line 184, in maybe_call_fit
    return client.fit(fit_ins)
  File "/Users/dinukaperera/opt/anaconda3/envs/flower_tutorial/lib/python3.10/site-packages/flwr/client/app.py", line 297, in _fit
    results = self.numpy_client.fit(parameters, ins.config)  # type: ignore
  File "/Users/dinukaperera/FLwithFlwr/flowertry/client.py", line 569, in fit
    loss, delta_control = self._train_hybrid(config)
  File "/Users/dinukaperera/FLwithFlwr/flowertry/client.py", line 342, in _train_hybrid
    adaptive_lr = self.learning_rate * (1.0 + 0.2 * np.exp(-server_round / 10.0))
UnboundLocalError: local variable 'server_round' referenced before assignment
[2026-01-17 13:12:57,837][flwr][ERROR] - [36mray::launch_and_fit()[39m (pid=76425, ip=127.0.0.1)
  File "/Users/dinukaperera/opt/anaconda3/envs/flower_tutorial/lib/python3.10/site-packages/flwr/simulation/ray_transport/ray_client_proxy.py", line 148, in launch_and_fit
    return maybe_call_fit(
  File "/Users/dinukaperera/opt/anaconda3/envs/flower_tutorial/lib/python3.10/site-packages/flwr/client/client.py", line 184, in maybe_call_fit
    return client.fit(fit_ins)
  File "/Users/dinukaperera/opt/anaconda3/envs/flower_tutorial/lib/python3.10/site-packages/flwr/client/app.py", line 297, in _fit
    results = self.numpy_client.fit(parameters, ins.config)  # type: ignore
  File "/Users/dinukaperera/FLwithFlwr/flowertry/client.py", line 569, in fit
    loss, delta_control = self._train_hybrid(config)
  File "/Users/dinukaperera/FLwithFlwr/flowertry/client.py", line 342, in _train_hybrid
    adaptive_lr = self.learning_rate * (1.0 + 0.2 * np.exp(-server_round / 10.0))
UnboundLocalError: local variable 'server_round' referenced before assignment
[2026-01-17 13:12:57,838][flwr][ERROR] - [36mray::launch_and_fit()[39m (pid=76424, ip=127.0.0.1)
  File "/Users/dinukaperera/opt/anaconda3/envs/flower_tutorial/lib/python3.10/site-packages/flwr/simulation/ray_transport/ray_client_proxy.py", line 148, in launch_and_fit
    return maybe_call_fit(
  File "/Users/dinukaperera/opt/anaconda3/envs/flower_tutorial/lib/python3.10/site-packages/flwr/client/client.py", line 184, in maybe_call_fit
    return client.fit(fit_ins)
  File "/Users/dinukaperera/opt/anaconda3/envs/flower_tutorial/lib/python3.10/site-packages/flwr/client/app.py", line 297, in _fit
    results = self.numpy_client.fit(parameters, ins.config)  # type: ignore
  File "/Users/dinukaperera/FLwithFlwr/flowertry/client.py", line 569, in fit
    loss, delta_control = self._train_hybrid(config)
  File "/Users/dinukaperera/FLwithFlwr/flowertry/client.py", line 342, in _train_hybrid
    adaptive_lr = self.learning_rate * (1.0 + 0.2 * np.exp(-server_round / 10.0))
UnboundLocalError: local variable 'server_round' referenced before assignment
[2026-01-17 13:12:57,838][flwr][ERROR] - [36mray::launch_and_fit()[39m (pid=76432, ip=127.0.0.1)
  File "/Users/dinukaperera/opt/anaconda3/envs/flower_tutorial/lib/python3.10/site-packages/flwr/simulation/ray_transport/ray_client_proxy.py", line 148, in launch_and_fit
    return maybe_call_fit(
  File "/Users/dinukaperera/opt/anaconda3/envs/flower_tutorial/lib/python3.10/site-packages/flwr/client/client.py", line 184, in maybe_call_fit
    return client.fit(fit_ins)
  File "/Users/dinukaperera/opt/anaconda3/envs/flower_tutorial/lib/python3.10/site-packages/flwr/client/app.py", line 297, in _fit
    results = self.numpy_client.fit(parameters, ins.config)  # type: ignore
  File "/Users/dinukaperera/FLwithFlwr/flowertry/client.py", line 569, in fit
    loss, delta_control = self._train_hybrid(config)
  File "/Users/dinukaperera/FLwithFlwr/flowertry/client.py", line 342, in _train_hybrid
    adaptive_lr = self.learning_rate * (1.0 + 0.2 * np.exp(-server_round / 10.0))
UnboundLocalError: local variable 'server_round' referenced before assignment
[2026-01-17 13:12:57,840][flwr][ERROR] - [36mray::launch_and_fit()[39m (pid=76431, ip=127.0.0.1)
  File "/Users/dinukaperera/opt/anaconda3/envs/flower_tutorial/lib/python3.10/site-packages/flwr/simulation/ray_transport/ray_client_proxy.py", line 148, in launch_and_fit
    return maybe_call_fit(
  File "/Users/dinukaperera/opt/anaconda3/envs/flower_tutorial/lib/python3.10/site-packages/flwr/client/client.py", line 184, in maybe_call_fit
    return client.fit(fit_ins)
  File "/Users/dinukaperera/opt/anaconda3/envs/flower_tutorial/lib/python3.10/site-packages/flwr/client/app.py", line 297, in _fit
    results = self.numpy_client.fit(parameters, ins.config)  # type: ignore
  File "/Users/dinukaperera/FLwithFlwr/flowertry/client.py", line 569, in fit
    loss, delta_control = self._train_hybrid(config)
  File "/Users/dinukaperera/FLwithFlwr/flowertry/client.py", line 342, in _train_hybrid
    adaptive_lr = self.learning_rate * (1.0 + 0.2 * np.exp(-server_round / 10.0))
UnboundLocalError: local variable 'server_round' referenced before assignment
[2026-01-17 13:12:57,842][flwr][ERROR] - [36mray::launch_and_fit()[39m (pid=76429, ip=127.0.0.1)
  File "/Users/dinukaperera/opt/anaconda3/envs/flower_tutorial/lib/python3.10/site-packages/flwr/simulation/ray_transport/ray_client_proxy.py", line 148, in launch_and_fit
    return maybe_call_fit(
  File "/Users/dinukaperera/opt/anaconda3/envs/flower_tutorial/lib/python3.10/site-packages/flwr/client/client.py", line 184, in maybe_call_fit
    return client.fit(fit_ins)
  File "/Users/dinukaperera/opt/anaconda3/envs/flower_tutorial/lib/python3.10/site-packages/flwr/client/app.py", line 297, in _fit
    results = self.numpy_client.fit(parameters, ins.config)  # type: ignore
  File "/Users/dinukaperera/FLwithFlwr/flowertry/client.py", line 569, in fit
    loss, delta_control = self._train_hybrid(config)
  File "/Users/dinukaperera/FLwithFlwr/flowertry/client.py", line 342, in _train_hybrid
    adaptive_lr = self.learning_rate * (1.0 + 0.2 * np.exp(-server_round / 10.0))
UnboundLocalError: local variable 'server_round' referenced before assignment
[2026-01-17 13:12:57,842][flwr][ERROR] - [36mray::launch_and_fit()[39m (pid=76426, ip=127.0.0.1)
  File "/Users/dinukaperera/opt/anaconda3/envs/flower_tutorial/lib/python3.10/site-packages/flwr/simulation/ray_transport/ray_client_proxy.py", line 148, in launch_and_fit
    return maybe_call_fit(
  File "/Users/dinukaperera/opt/anaconda3/envs/flower_tutorial/lib/python3.10/site-packages/flwr/client/client.py", line 184, in maybe_call_fit
    return client.fit(fit_ins)
  File "/Users/dinukaperera/opt/anaconda3/envs/flower_tutorial/lib/python3.10/site-packages/flwr/client/app.py", line 297, in _fit
    results = self.numpy_client.fit(parameters, ins.config)  # type: ignore
  File "/Users/dinukaperera/FLwithFlwr/flowertry/client.py", line 569, in fit
    loss, delta_control = self._train_hybrid(config)
  File "/Users/dinukaperera/FLwithFlwr/flowertry/client.py", line 342, in _train_hybrid
    adaptive_lr = self.learning_rate * (1.0 + 0.2 * np.exp(-server_round / 10.0))
UnboundLocalError: local variable 'server_round' referenced before assignment
[2026-01-17 13:12:57,843][flwr][DEBUG] - fit_round 6 received 0 results and 7 failures
[2026-01-17 13:12:58,068][flwr][INFO] - fit progress: (6, 1.4340404903996313, {'rmse': 11782.010694274555, 'mae': 9149.193359375, 'r2': 0.00890437044283554, 'mape': 79.91940307617188, 'accuracy_10': 11.735205352306366, 'accuracy_20': 21.46439254283905}, 7.608594166988041)
[2026-01-17 13:12:58,068][flwr][DEBUG] - evaluate_round 6: strategy sampled 6 clients (out of 12)
[2026-01-17 13:12:58,244][flwr][DEBUG] - evaluate_round 6 received 6 results and 0 failures
[2026-01-17 13:12:58,244][flwr][DEBUG] - fit_round 7: strategy sampled 7 clients (out of 12)
[2026-01-17 13:12:58,276][flwr][ERROR] - [36mray::launch_and_fit()[39m (pid=76429, ip=127.0.0.1)
  File "/Users/dinukaperera/opt/anaconda3/envs/flower_tutorial/lib/python3.10/site-packages/flwr/simulation/ray_transport/ray_client_proxy.py", line 148, in launch_and_fit
    return maybe_call_fit(
  File "/Users/dinukaperera/opt/anaconda3/envs/flower_tutorial/lib/python3.10/site-packages/flwr/client/client.py", line 184, in maybe_call_fit
    return client.fit(fit_ins)
  File "/Users/dinukaperera/opt/anaconda3/envs/flower_tutorial/lib/python3.10/site-packages/flwr/client/app.py", line 297, in _fit
    results = self.numpy_client.fit(parameters, ins.config)  # type: ignore
  File "/Users/dinukaperera/FLwithFlwr/flowertry/client.py", line 569, in fit
    loss, delta_control = self._train_hybrid(config)
  File "/Users/dinukaperera/FLwithFlwr/flowertry/client.py", line 342, in _train_hybrid
    adaptive_lr = self.learning_rate * (1.0 + 0.2 * np.exp(-server_round / 10.0))
UnboundLocalError: local variable 'server_round' referenced before assignment
[2026-01-17 13:12:58,280][flwr][ERROR] - [36mray::launch_and_fit()[39m (pid=76431, ip=127.0.0.1)
  File "/Users/dinukaperera/opt/anaconda3/envs/flower_tutorial/lib/python3.10/site-packages/flwr/simulation/ray_transport/ray_client_proxy.py", line 148, in launch_and_fit
    return maybe_call_fit(
  File "/Users/dinukaperera/opt/anaconda3/envs/flower_tutorial/lib/python3.10/site-packages/flwr/client/client.py", line 184, in maybe_call_fit
    return client.fit(fit_ins)
  File "/Users/dinukaperera/opt/anaconda3/envs/flower_tutorial/lib/python3.10/site-packages/flwr/client/app.py", line 297, in _fit
    results = self.numpy_client.fit(parameters, ins.config)  # type: ignore
  File "/Users/dinukaperera/FLwithFlwr/flowertry/client.py", line 569, in fit
    loss, delta_control = self._train_hybrid(config)
  File "/Users/dinukaperera/FLwithFlwr/flowertry/client.py", line 342, in _train_hybrid
    adaptive_lr = self.learning_rate * (1.0 + 0.2 * np.exp(-server_round / 10.0))
UnboundLocalError: local variable 'server_round' referenced before assignment
[2026-01-17 13:12:58,281][flwr][ERROR] - [36mray::launch_and_fit()[39m (pid=76426, ip=127.0.0.1)
  File "/Users/dinukaperera/opt/anaconda3/envs/flower_tutorial/lib/python3.10/site-packages/flwr/simulation/ray_transport/ray_client_proxy.py", line 148, in launch_and_fit
    return maybe_call_fit(
  File "/Users/dinukaperera/opt/anaconda3/envs/flower_tutorial/lib/python3.10/site-packages/flwr/client/client.py", line 184, in maybe_call_fit
    return client.fit(fit_ins)
  File "/Users/dinukaperera/opt/anaconda3/envs/flower_tutorial/lib/python3.10/site-packages/flwr/client/app.py", line 297, in _fit
    results = self.numpy_client.fit(parameters, ins.config)  # type: ignore
  File "/Users/dinukaperera/FLwithFlwr/flowertry/client.py", line 569, in fit
    loss, delta_control = self._train_hybrid(config)
  File "/Users/dinukaperera/FLwithFlwr/flowertry/client.py", line 342, in _train_hybrid
    adaptive_lr = self.learning_rate * (1.0 + 0.2 * np.exp(-server_round / 10.0))
UnboundLocalError: local variable 'server_round' referenced before assignment
[2026-01-17 13:12:58,281][flwr][ERROR] - [36mray::launch_and_fit()[39m (pid=76424, ip=127.0.0.1)
  File "/Users/dinukaperera/opt/anaconda3/envs/flower_tutorial/lib/python3.10/site-packages/flwr/simulation/ray_transport/ray_client_proxy.py", line 148, in launch_and_fit
    return maybe_call_fit(
  File "/Users/dinukaperera/opt/anaconda3/envs/flower_tutorial/lib/python3.10/site-packages/flwr/client/client.py", line 184, in maybe_call_fit
    return client.fit(fit_ins)
  File "/Users/dinukaperera/opt/anaconda3/envs/flower_tutorial/lib/python3.10/site-packages/flwr/client/app.py", line 297, in _fit
    results = self.numpy_client.fit(parameters, ins.config)  # type: ignore
  File "/Users/dinukaperera/FLwithFlwr/flowertry/client.py", line 569, in fit
    loss, delta_control = self._train_hybrid(config)
  File "/Users/dinukaperera/FLwithFlwr/flowertry/client.py", line 342, in _train_hybrid
    adaptive_lr = self.learning_rate * (1.0 + 0.2 * np.exp(-server_round / 10.0))
UnboundLocalError: local variable 'server_round' referenced before assignment
[2026-01-17 13:12:58,281][flwr][ERROR] - [36mray::launch_and_fit()[39m (pid=76432, ip=127.0.0.1)
  File "/Users/dinukaperera/opt/anaconda3/envs/flower_tutorial/lib/python3.10/site-packages/flwr/simulation/ray_transport/ray_client_proxy.py", line 148, in launch_and_fit
    return maybe_call_fit(
  File "/Users/dinukaperera/opt/anaconda3/envs/flower_tutorial/lib/python3.10/site-packages/flwr/client/client.py", line 184, in maybe_call_fit
    return client.fit(fit_ins)
  File "/Users/dinukaperera/opt/anaconda3/envs/flower_tutorial/lib/python3.10/site-packages/flwr/client/app.py", line 297, in _fit
    results = self.numpy_client.fit(parameters, ins.config)  # type: ignore
  File "/Users/dinukaperera/FLwithFlwr/flowertry/client.py", line 569, in fit
    loss, delta_control = self._train_hybrid(config)
  File "/Users/dinukaperera/FLwithFlwr/flowertry/client.py", line 342, in _train_hybrid
    adaptive_lr = self.learning_rate * (1.0 + 0.2 * np.exp(-server_round / 10.0))
UnboundLocalError: local variable 'server_round' referenced before assignment
[2026-01-17 13:12:58,282][flwr][ERROR] - [36mray::launch_and_fit()[39m (pid=76425, ip=127.0.0.1)
  File "/Users/dinukaperera/opt/anaconda3/envs/flower_tutorial/lib/python3.10/site-packages/flwr/simulation/ray_transport/ray_client_proxy.py", line 148, in launch_and_fit
    return maybe_call_fit(
  File "/Users/dinukaperera/opt/anaconda3/envs/flower_tutorial/lib/python3.10/site-packages/flwr/client/client.py", line 184, in maybe_call_fit
    return client.fit(fit_ins)
  File "/Users/dinukaperera/opt/anaconda3/envs/flower_tutorial/lib/python3.10/site-packages/flwr/client/app.py", line 297, in _fit
    results = self.numpy_client.fit(parameters, ins.config)  # type: ignore
  File "/Users/dinukaperera/FLwithFlwr/flowertry/client.py", line 569, in fit
    loss, delta_control = self._train_hybrid(config)
  File "/Users/dinukaperera/FLwithFlwr/flowertry/client.py", line 342, in _train_hybrid
    adaptive_lr = self.learning_rate * (1.0 + 0.2 * np.exp(-server_round / 10.0))
UnboundLocalError: local variable 'server_round' referenced before assignment
[2026-01-17 13:12:58,282][flwr][ERROR] - [36mray::launch_and_fit()[39m (pid=76427, ip=127.0.0.1)
  File "/Users/dinukaperera/opt/anaconda3/envs/flower_tutorial/lib/python3.10/site-packages/flwr/simulation/ray_transport/ray_client_proxy.py", line 148, in launch_and_fit
    return maybe_call_fit(
  File "/Users/dinukaperera/opt/anaconda3/envs/flower_tutorial/lib/python3.10/site-packages/flwr/client/client.py", line 184, in maybe_call_fit
    return client.fit(fit_ins)
  File "/Users/dinukaperera/opt/anaconda3/envs/flower_tutorial/lib/python3.10/site-packages/flwr/client/app.py", line 297, in _fit
    results = self.numpy_client.fit(parameters, ins.config)  # type: ignore
  File "/Users/dinukaperera/FLwithFlwr/flowertry/client.py", line 569, in fit
    loss, delta_control = self._train_hybrid(config)
  File "/Users/dinukaperera/FLwithFlwr/flowertry/client.py", line 342, in _train_hybrid
    adaptive_lr = self.learning_rate * (1.0 + 0.2 * np.exp(-server_round / 10.0))
UnboundLocalError: local variable 'server_round' referenced before assignment
[2026-01-17 13:12:58,284][flwr][DEBUG] - fit_round 7 received 0 results and 7 failures
[2026-01-17 13:12:58,513][flwr][INFO] - fit progress: (7, 1.4340404903996313, {'rmse': 11782.010694274555, 'mae': 9149.193359375, 'r2': 0.00890437044283554, 'mape': 79.91940307617188, 'accuracy_10': 11.735205352306366, 'accuracy_20': 21.46439254283905}, 8.052921374997823)
[2026-01-17 13:12:58,513][flwr][DEBUG] - evaluate_round 7: strategy sampled 6 clients (out of 12)
[2026-01-17 13:12:58,650][flwr][DEBUG] - evaluate_round 7 received 6 results and 0 failures
[2026-01-17 13:12:58,650][flwr][DEBUG] - fit_round 8: strategy sampled 7 clients (out of 12)
[2026-01-17 13:12:58,675][flwr][ERROR] - [36mray::launch_and_fit()[39m (pid=76426, ip=127.0.0.1)
  File "/Users/dinukaperera/opt/anaconda3/envs/flower_tutorial/lib/python3.10/site-packages/flwr/simulation/ray_transport/ray_client_proxy.py", line 148, in launch_and_fit
    return maybe_call_fit(
  File "/Users/dinukaperera/opt/anaconda3/envs/flower_tutorial/lib/python3.10/site-packages/flwr/client/client.py", line 184, in maybe_call_fit
    return client.fit(fit_ins)
  File "/Users/dinukaperera/opt/anaconda3/envs/flower_tutorial/lib/python3.10/site-packages/flwr/client/app.py", line 297, in _fit
    results = self.numpy_client.fit(parameters, ins.config)  # type: ignore
  File "/Users/dinukaperera/FLwithFlwr/flowertry/client.py", line 569, in fit
    loss, delta_control = self._train_hybrid(config)
  File "/Users/dinukaperera/FLwithFlwr/flowertry/client.py", line 342, in _train_hybrid
    adaptive_lr = self.learning_rate * (1.0 + 0.2 * np.exp(-server_round / 10.0))
UnboundLocalError: local variable 'server_round' referenced before assignment
[2026-01-17 13:12:58,678][flwr][ERROR] - [36mray::launch_and_fit()[39m (pid=76432, ip=127.0.0.1)
  File "/Users/dinukaperera/opt/anaconda3/envs/flower_tutorial/lib/python3.10/site-packages/flwr/simulation/ray_transport/ray_client_proxy.py", line 148, in launch_and_fit
    return maybe_call_fit(
  File "/Users/dinukaperera/opt/anaconda3/envs/flower_tutorial/lib/python3.10/site-packages/flwr/client/client.py", line 184, in maybe_call_fit
    return client.fit(fit_ins)
  File "/Users/dinukaperera/opt/anaconda3/envs/flower_tutorial/lib/python3.10/site-packages/flwr/client/app.py", line 297, in _fit
    results = self.numpy_client.fit(parameters, ins.config)  # type: ignore
  File "/Users/dinukaperera/FLwithFlwr/flowertry/client.py", line 569, in fit
    loss, delta_control = self._train_hybrid(config)
  File "/Users/dinukaperera/FLwithFlwr/flowertry/client.py", line 342, in _train_hybrid
    adaptive_lr = self.learning_rate * (1.0 + 0.2 * np.exp(-server_round / 10.0))
UnboundLocalError: local variable 'server_round' referenced before assignment
[2026-01-17 13:12:58,679][flwr][ERROR] - [36mray::launch_and_fit()[39m (pid=76431, ip=127.0.0.1)
  File "/Users/dinukaperera/opt/anaconda3/envs/flower_tutorial/lib/python3.10/site-packages/flwr/simulation/ray_transport/ray_client_proxy.py", line 148, in launch_and_fit
    return maybe_call_fit(
  File "/Users/dinukaperera/opt/anaconda3/envs/flower_tutorial/lib/python3.10/site-packages/flwr/client/client.py", line 184, in maybe_call_fit
    return client.fit(fit_ins)
  File "/Users/dinukaperera/opt/anaconda3/envs/flower_tutorial/lib/python3.10/site-packages/flwr/client/app.py", line 297, in _fit
    results = self.numpy_client.fit(parameters, ins.config)  # type: ignore
  File "/Users/dinukaperera/FLwithFlwr/flowertry/client.py", line 569, in fit
    loss, delta_control = self._train_hybrid(config)
  File "/Users/dinukaperera/FLwithFlwr/flowertry/client.py", line 342, in _train_hybrid
    adaptive_lr = self.learning_rate * (1.0 + 0.2 * np.exp(-server_round / 10.0))
UnboundLocalError: local variable 'server_round' referenced before assignment
[2026-01-17 13:12:58,683][flwr][ERROR] - [36mray::launch_and_fit()[39m (pid=76427, ip=127.0.0.1)
  File "/Users/dinukaperera/opt/anaconda3/envs/flower_tutorial/lib/python3.10/site-packages/flwr/simulation/ray_transport/ray_client_proxy.py", line 148, in launch_and_fit
    return maybe_call_fit(
  File "/Users/dinukaperera/opt/anaconda3/envs/flower_tutorial/lib/python3.10/site-packages/flwr/client/client.py", line 184, in maybe_call_fit
    return client.fit(fit_ins)
  File "/Users/dinukaperera/opt/anaconda3/envs/flower_tutorial/lib/python3.10/site-packages/flwr/client/app.py", line 297, in _fit
    results = self.numpy_client.fit(parameters, ins.config)  # type: ignore
  File "/Users/dinukaperera/FLwithFlwr/flowertry/client.py", line 569, in fit
    loss, delta_control = self._train_hybrid(config)
  File "/Users/dinukaperera/FLwithFlwr/flowertry/client.py", line 342, in _train_hybrid
    adaptive_lr = self.learning_rate * (1.0 + 0.2 * np.exp(-server_round / 10.0))
UnboundLocalError: local variable 'server_round' referenced before assignment
[2026-01-17 13:12:58,684][flwr][ERROR] - [36mray::launch_and_fit()[39m (pid=76424, ip=127.0.0.1)
  File "/Users/dinukaperera/opt/anaconda3/envs/flower_tutorial/lib/python3.10/site-packages/flwr/simulation/ray_transport/ray_client_proxy.py", line 148, in launch_and_fit
    return maybe_call_fit(
  File "/Users/dinukaperera/opt/anaconda3/envs/flower_tutorial/lib/python3.10/site-packages/flwr/client/client.py", line 184, in maybe_call_fit
    return client.fit(fit_ins)
  File "/Users/dinukaperera/opt/anaconda3/envs/flower_tutorial/lib/python3.10/site-packages/flwr/client/app.py", line 297, in _fit
    results = self.numpy_client.fit(parameters, ins.config)  # type: ignore
  File "/Users/dinukaperera/FLwithFlwr/flowertry/client.py", line 569, in fit
    loss, delta_control = self._train_hybrid(config)
  File "/Users/dinukaperera/FLwithFlwr/flowertry/client.py", line 342, in _train_hybrid
    adaptive_lr = self.learning_rate * (1.0 + 0.2 * np.exp(-server_round / 10.0))
UnboundLocalError: local variable 'server_round' referenced before assignment
[2026-01-17 13:12:58,686][flwr][ERROR] - [36mray::launch_and_fit()[39m (pid=76425, ip=127.0.0.1)
  File "/Users/dinukaperera/opt/anaconda3/envs/flower_tutorial/lib/python3.10/site-packages/flwr/simulation/ray_transport/ray_client_proxy.py", line 148, in launch_and_fit
    return maybe_call_fit(
  File "/Users/dinukaperera/opt/anaconda3/envs/flower_tutorial/lib/python3.10/site-packages/flwr/client/client.py", line 184, in maybe_call_fit
    return client.fit(fit_ins)
  File "/Users/dinukaperera/opt/anaconda3/envs/flower_tutorial/lib/python3.10/site-packages/flwr/client/app.py", line 297, in _fit
    results = self.numpy_client.fit(parameters, ins.config)  # type: ignore
  File "/Users/dinukaperera/FLwithFlwr/flowertry/client.py", line 569, in fit
    loss, delta_control = self._train_hybrid(config)
  File "/Users/dinukaperera/FLwithFlwr/flowertry/client.py", line 342, in _train_hybrid
    adaptive_lr = self.learning_rate * (1.0 + 0.2 * np.exp(-server_round / 10.0))
UnboundLocalError: local variable 'server_round' referenced before assignment
[2026-01-17 13:12:58,687][flwr][ERROR] - [36mray::launch_and_fit()[39m (pid=76429, ip=127.0.0.1)
  File "/Users/dinukaperera/opt/anaconda3/envs/flower_tutorial/lib/python3.10/site-packages/flwr/simulation/ray_transport/ray_client_proxy.py", line 148, in launch_and_fit
    return maybe_call_fit(
  File "/Users/dinukaperera/opt/anaconda3/envs/flower_tutorial/lib/python3.10/site-packages/flwr/client/client.py", line 184, in maybe_call_fit
    return client.fit(fit_ins)
  File "/Users/dinukaperera/opt/anaconda3/envs/flower_tutorial/lib/python3.10/site-packages/flwr/client/app.py", line 297, in _fit
    results = self.numpy_client.fit(parameters, ins.config)  # type: ignore
  File "/Users/dinukaperera/FLwithFlwr/flowertry/client.py", line 569, in fit
    loss, delta_control = self._train_hybrid(config)
  File "/Users/dinukaperera/FLwithFlwr/flowertry/client.py", line 342, in _train_hybrid
    adaptive_lr = self.learning_rate * (1.0 + 0.2 * np.exp(-server_round / 10.0))
UnboundLocalError: local variable 'server_round' referenced before assignment
[2026-01-17 13:12:58,687][flwr][DEBUG] - fit_round 8 received 0 results and 7 failures
[2026-01-17 13:12:58,908][flwr][INFO] - fit progress: (8, 1.4340404903996313, {'rmse': 11782.010694274555, 'mae': 9149.193359375, 'r2': 0.00890437044283554, 'mape': 79.91940307617188, 'accuracy_10': 11.735205352306366, 'accuracy_20': 21.46439254283905}, 8.44858079199912)
[2026-01-17 13:12:58,908][flwr][DEBUG] - evaluate_round 8: strategy sampled 6 clients (out of 12)
[2026-01-17 13:12:59,103][flwr][DEBUG] - evaluate_round 8 received 6 results and 0 failures
[2026-01-17 13:12:59,103][flwr][DEBUG] - fit_round 9: strategy sampled 7 clients (out of 12)
[2026-01-17 13:12:59,131][flwr][ERROR] - [36mray::launch_and_fit()[39m (pid=76424, ip=127.0.0.1)
  File "/Users/dinukaperera/opt/anaconda3/envs/flower_tutorial/lib/python3.10/site-packages/flwr/simulation/ray_transport/ray_client_proxy.py", line 148, in launch_and_fit
    return maybe_call_fit(
  File "/Users/dinukaperera/opt/anaconda3/envs/flower_tutorial/lib/python3.10/site-packages/flwr/client/client.py", line 184, in maybe_call_fit
    return client.fit(fit_ins)
  File "/Users/dinukaperera/opt/anaconda3/envs/flower_tutorial/lib/python3.10/site-packages/flwr/client/app.py", line 297, in _fit
    results = self.numpy_client.fit(parameters, ins.config)  # type: ignore
  File "/Users/dinukaperera/FLwithFlwr/flowertry/client.py", line 569, in fit
    loss, delta_control = self._train_hybrid(config)
  File "/Users/dinukaperera/FLwithFlwr/flowertry/client.py", line 342, in _train_hybrid
    adaptive_lr = self.learning_rate * (1.0 + 0.2 * np.exp(-server_round / 10.0))
UnboundLocalError: local variable 'server_round' referenced before assignment
[2026-01-17 13:12:59,137][flwr][ERROR] - [36mray::launch_and_fit()[39m (pid=76429, ip=127.0.0.1)
  File "/Users/dinukaperera/opt/anaconda3/envs/flower_tutorial/lib/python3.10/site-packages/flwr/simulation/ray_transport/ray_client_proxy.py", line 148, in launch_and_fit
    return maybe_call_fit(
  File "/Users/dinukaperera/opt/anaconda3/envs/flower_tutorial/lib/python3.10/site-packages/flwr/client/client.py", line 184, in maybe_call_fit
    return client.fit(fit_ins)
  File "/Users/dinukaperera/opt/anaconda3/envs/flower_tutorial/lib/python3.10/site-packages/flwr/client/app.py", line 297, in _fit
    results = self.numpy_client.fit(parameters, ins.config)  # type: ignore
  File "/Users/dinukaperera/FLwithFlwr/flowertry/client.py", line 569, in fit
    loss, delta_control = self._train_hybrid(config)
  File "/Users/dinukaperera/FLwithFlwr/flowertry/client.py", line 342, in _train_hybrid
    adaptive_lr = self.learning_rate * (1.0 + 0.2 * np.exp(-server_round / 10.0))
UnboundLocalError: local variable 'server_round' referenced before assignment
[2026-01-17 13:12:59,137][flwr][ERROR] - [36mray::launch_and_fit()[39m (pid=76432, ip=127.0.0.1)
  File "/Users/dinukaperera/opt/anaconda3/envs/flower_tutorial/lib/python3.10/site-packages/flwr/simulation/ray_transport/ray_client_proxy.py", line 148, in launch_and_fit
    return maybe_call_fit(
  File "/Users/dinukaperera/opt/anaconda3/envs/flower_tutorial/lib/python3.10/site-packages/flwr/client/client.py", line 184, in maybe_call_fit
    return client.fit(fit_ins)
  File "/Users/dinukaperera/opt/anaconda3/envs/flower_tutorial/lib/python3.10/site-packages/flwr/client/app.py", line 297, in _fit
    results = self.numpy_client.fit(parameters, ins.config)  # type: ignore
  File "/Users/dinukaperera/FLwithFlwr/flowertry/client.py", line 569, in fit
    loss, delta_control = self._train_hybrid(config)
  File "/Users/dinukaperera/FLwithFlwr/flowertry/client.py", line 342, in _train_hybrid
    adaptive_lr = self.learning_rate * (1.0 + 0.2 * np.exp(-server_round / 10.0))
UnboundLocalError: local variable 'server_round' referenced before assignment
[2026-01-17 13:12:59,139][flwr][ERROR] - [36mray::launch_and_fit()[39m (pid=76427, ip=127.0.0.1)
  File "/Users/dinukaperera/opt/anaconda3/envs/flower_tutorial/lib/python3.10/site-packages/flwr/simulation/ray_transport/ray_client_proxy.py", line 148, in launch_and_fit
    return maybe_call_fit(
  File "/Users/dinukaperera/opt/anaconda3/envs/flower_tutorial/lib/python3.10/site-packages/flwr/client/client.py", line 184, in maybe_call_fit
    return client.fit(fit_ins)
  File "/Users/dinukaperera/opt/anaconda3/envs/flower_tutorial/lib/python3.10/site-packages/flwr/client/app.py", line 297, in _fit
    results = self.numpy_client.fit(parameters, ins.config)  # type: ignore
  File "/Users/dinukaperera/FLwithFlwr/flowertry/client.py", line 569, in fit
    loss, delta_control = self._train_hybrid(config)
  File "/Users/dinukaperera/FLwithFlwr/flowertry/client.py", line 342, in _train_hybrid
    adaptive_lr = self.learning_rate * (1.0 + 0.2 * np.exp(-server_round / 10.0))
UnboundLocalError: local variable 'server_round' referenced before assignment
[2026-01-17 13:12:59,141][flwr][ERROR] - [36mray::launch_and_fit()[39m (pid=76431, ip=127.0.0.1)
  File "/Users/dinukaperera/opt/anaconda3/envs/flower_tutorial/lib/python3.10/site-packages/flwr/simulation/ray_transport/ray_client_proxy.py", line 148, in launch_and_fit
    return maybe_call_fit(
  File "/Users/dinukaperera/opt/anaconda3/envs/flower_tutorial/lib/python3.10/site-packages/flwr/client/client.py", line 184, in maybe_call_fit
    return client.fit(fit_ins)
  File "/Users/dinukaperera/opt/anaconda3/envs/flower_tutorial/lib/python3.10/site-packages/flwr/client/app.py", line 297, in _fit
    results = self.numpy_client.fit(parameters, ins.config)  # type: ignore
  File "/Users/dinukaperera/FLwithFlwr/flowertry/client.py", line 569, in fit
    loss, delta_control = self._train_hybrid(config)
  File "/Users/dinukaperera/FLwithFlwr/flowertry/client.py", line 342, in _train_hybrid
    adaptive_lr = self.learning_rate * (1.0 + 0.2 * np.exp(-server_round / 10.0))
UnboundLocalError: local variable 'server_round' referenced before assignment
[2026-01-17 13:12:59,142][flwr][ERROR] - [36mray::launch_and_fit()[39m (pid=76426, ip=127.0.0.1)
  File "/Users/dinukaperera/opt/anaconda3/envs/flower_tutorial/lib/python3.10/site-packages/flwr/simulation/ray_transport/ray_client_proxy.py", line 148, in launch_and_fit
    return maybe_call_fit(
  File "/Users/dinukaperera/opt/anaconda3/envs/flower_tutorial/lib/python3.10/site-packages/flwr/client/client.py", line 184, in maybe_call_fit
    return client.fit(fit_ins)
  File "/Users/dinukaperera/opt/anaconda3/envs/flower_tutorial/lib/python3.10/site-packages/flwr/client/app.py", line 297, in _fit
    results = self.numpy_client.fit(parameters, ins.config)  # type: ignore
  File "/Users/dinukaperera/FLwithFlwr/flowertry/client.py", line 569, in fit
    loss, delta_control = self._train_hybrid(config)
  File "/Users/dinukaperera/FLwithFlwr/flowertry/client.py", line 342, in _train_hybrid
    adaptive_lr = self.learning_rate * (1.0 + 0.2 * np.exp(-server_round / 10.0))
UnboundLocalError: local variable 'server_round' referenced before assignment
[2026-01-17 13:12:59,143][flwr][ERROR] - [36mray::launch_and_fit()[39m (pid=76425, ip=127.0.0.1)
  File "/Users/dinukaperera/opt/anaconda3/envs/flower_tutorial/lib/python3.10/site-packages/flwr/simulation/ray_transport/ray_client_proxy.py", line 148, in launch_and_fit
    return maybe_call_fit(
  File "/Users/dinukaperera/opt/anaconda3/envs/flower_tutorial/lib/python3.10/site-packages/flwr/client/client.py", line 184, in maybe_call_fit
    return client.fit(fit_ins)
  File "/Users/dinukaperera/opt/anaconda3/envs/flower_tutorial/lib/python3.10/site-packages/flwr/client/app.py", line 297, in _fit
    results = self.numpy_client.fit(parameters, ins.config)  # type: ignore
  File "/Users/dinukaperera/FLwithFlwr/flowertry/client.py", line 569, in fit
    loss, delta_control = self._train_hybrid(config)
  File "/Users/dinukaperera/FLwithFlwr/flowertry/client.py", line 342, in _train_hybrid
    adaptive_lr = self.learning_rate * (1.0 + 0.2 * np.exp(-server_round / 10.0))
UnboundLocalError: local variable 'server_round' referenced before assignment
[2026-01-17 13:12:59,144][flwr][DEBUG] - fit_round 9 received 0 results and 7 failures
[2026-01-17 13:12:59,370][flwr][INFO] - fit progress: (9, 1.4340404903996313, {'rmse': 11782.010694274555, 'mae': 9149.193359375, 'r2': 0.00890437044283554, 'mape': 79.91940307617188, 'accuracy_10': 11.735205352306366, 'accuracy_20': 21.46439254283905}, 8.910076750005828)
[2026-01-17 13:12:59,370][flwr][DEBUG] - evaluate_round 9: strategy sampled 6 clients (out of 12)
[2026-01-17 13:12:59,573][flwr][DEBUG] - evaluate_round 9 received 6 results and 0 failures
[2026-01-17 13:12:59,573][flwr][DEBUG] - fit_round 10: strategy sampled 7 clients (out of 12)
[2026-01-17 13:12:59,605][flwr][ERROR] - [36mray::launch_and_fit()[39m (pid=76425, ip=127.0.0.1)
  File "/Users/dinukaperera/opt/anaconda3/envs/flower_tutorial/lib/python3.10/site-packages/flwr/simulation/ray_transport/ray_client_proxy.py", line 148, in launch_and_fit
    return maybe_call_fit(
  File "/Users/dinukaperera/opt/anaconda3/envs/flower_tutorial/lib/python3.10/site-packages/flwr/client/client.py", line 184, in maybe_call_fit
    return client.fit(fit_ins)
  File "/Users/dinukaperera/opt/anaconda3/envs/flower_tutorial/lib/python3.10/site-packages/flwr/client/app.py", line 297, in _fit
    results = self.numpy_client.fit(parameters, ins.config)  # type: ignore
  File "/Users/dinukaperera/FLwithFlwr/flowertry/client.py", line 569, in fit
    loss, delta_control = self._train_hybrid(config)
  File "/Users/dinukaperera/FLwithFlwr/flowertry/client.py", line 342, in _train_hybrid
    adaptive_lr = self.learning_rate * (1.0 + 0.2 * np.exp(-server_round / 10.0))
UnboundLocalError: local variable 'server_round' referenced before assignment
[2026-01-17 13:12:59,606][flwr][ERROR] - [36mray::launch_and_fit()[39m (pid=76427, ip=127.0.0.1)
  File "/Users/dinukaperera/opt/anaconda3/envs/flower_tutorial/lib/python3.10/site-packages/flwr/simulation/ray_transport/ray_client_proxy.py", line 148, in launch_and_fit
    return maybe_call_fit(
  File "/Users/dinukaperera/opt/anaconda3/envs/flower_tutorial/lib/python3.10/site-packages/flwr/client/client.py", line 184, in maybe_call_fit
    return client.fit(fit_ins)
  File "/Users/dinukaperera/opt/anaconda3/envs/flower_tutorial/lib/python3.10/site-packages/flwr/client/app.py", line 297, in _fit
    results = self.numpy_client.fit(parameters, ins.config)  # type: ignore
  File "/Users/dinukaperera/FLwithFlwr/flowertry/client.py", line 569, in fit
    loss, delta_control = self._train_hybrid(config)
  File "/Users/dinukaperera/FLwithFlwr/flowertry/client.py", line 342, in _train_hybrid
    adaptive_lr = self.learning_rate * (1.0 + 0.2 * np.exp(-server_round / 10.0))
UnboundLocalError: local variable 'server_round' referenced before assignment
[2026-01-17 13:12:59,609][flwr][ERROR] - [36mray::launch_and_fit()[39m (pid=76429, ip=127.0.0.1)
  File "/Users/dinukaperera/opt/anaconda3/envs/flower_tutorial/lib/python3.10/site-packages/flwr/simulation/ray_transport/ray_client_proxy.py", line 148, in launch_and_fit
    return maybe_call_fit(
  File "/Users/dinukaperera/opt/anaconda3/envs/flower_tutorial/lib/python3.10/site-packages/flwr/client/client.py", line 184, in maybe_call_fit
    return client.fit(fit_ins)
  File "/Users/dinukaperera/opt/anaconda3/envs/flower_tutorial/lib/python3.10/site-packages/flwr/client/app.py", line 297, in _fit
    results = self.numpy_client.fit(parameters, ins.config)  # type: ignore
  File "/Users/dinukaperera/FLwithFlwr/flowertry/client.py", line 569, in fit
    loss, delta_control = self._train_hybrid(config)
  File "/Users/dinukaperera/FLwithFlwr/flowertry/client.py", line 342, in _train_hybrid
    adaptive_lr = self.learning_rate * (1.0 + 0.2 * np.exp(-server_round / 10.0))
UnboundLocalError: local variable 'server_round' referenced before assignment
[2026-01-17 13:12:59,609][flwr][ERROR] - [36mray::launch_and_fit()[39m (pid=76426, ip=127.0.0.1)
  File "/Users/dinukaperera/opt/anaconda3/envs/flower_tutorial/lib/python3.10/site-packages/flwr/simulation/ray_transport/ray_client_proxy.py", line 148, in launch_and_fit
    return maybe_call_fit(
  File "/Users/dinukaperera/opt/anaconda3/envs/flower_tutorial/lib/python3.10/site-packages/flwr/client/client.py", line 184, in maybe_call_fit
    return client.fit(fit_ins)
  File "/Users/dinukaperera/opt/anaconda3/envs/flower_tutorial/lib/python3.10/site-packages/flwr/client/app.py", line 297, in _fit
    results = self.numpy_client.fit(parameters, ins.config)  # type: ignore
  File "/Users/dinukaperera/FLwithFlwr/flowertry/client.py", line 569, in fit
    loss, delta_control = self._train_hybrid(config)
  File "/Users/dinukaperera/FLwithFlwr/flowertry/client.py", line 342, in _train_hybrid
    adaptive_lr = self.learning_rate * (1.0 + 0.2 * np.exp(-server_round / 10.0))
UnboundLocalError: local variable 'server_round' referenced before assignment
[2026-01-17 13:12:59,610][flwr][ERROR] - [36mray::launch_and_fit()[39m (pid=76432, ip=127.0.0.1)
  File "/Users/dinukaperera/opt/anaconda3/envs/flower_tutorial/lib/python3.10/site-packages/flwr/simulation/ray_transport/ray_client_proxy.py", line 148, in launch_and_fit
    return maybe_call_fit(
  File "/Users/dinukaperera/opt/anaconda3/envs/flower_tutorial/lib/python3.10/site-packages/flwr/client/client.py", line 184, in maybe_call_fit
    return client.fit(fit_ins)
  File "/Users/dinukaperera/opt/anaconda3/envs/flower_tutorial/lib/python3.10/site-packages/flwr/client/app.py", line 297, in _fit
    results = self.numpy_client.fit(parameters, ins.config)  # type: ignore
  File "/Users/dinukaperera/FLwithFlwr/flowertry/client.py", line 569, in fit
    loss, delta_control = self._train_hybrid(config)
  File "/Users/dinukaperera/FLwithFlwr/flowertry/client.py", line 342, in _train_hybrid
    adaptive_lr = self.learning_rate * (1.0 + 0.2 * np.exp(-server_round / 10.0))
UnboundLocalError: local variable 'server_round' referenced before assignment
[2026-01-17 13:12:59,610][flwr][ERROR] - [36mray::launch_and_fit()[39m (pid=76431, ip=127.0.0.1)
  File "/Users/dinukaperera/opt/anaconda3/envs/flower_tutorial/lib/python3.10/site-packages/flwr/simulation/ray_transport/ray_client_proxy.py", line 148, in launch_and_fit
    return maybe_call_fit(
  File "/Users/dinukaperera/opt/anaconda3/envs/flower_tutorial/lib/python3.10/site-packages/flwr/client/client.py", line 184, in maybe_call_fit
    return client.fit(fit_ins)
  File "/Users/dinukaperera/opt/anaconda3/envs/flower_tutorial/lib/python3.10/site-packages/flwr/client/app.py", line 297, in _fit
    results = self.numpy_client.fit(parameters, ins.config)  # type: ignore
  File "/Users/dinukaperera/FLwithFlwr/flowertry/client.py", line 569, in fit
    loss, delta_control = self._train_hybrid(config)
  File "/Users/dinukaperera/FLwithFlwr/flowertry/client.py", line 342, in _train_hybrid
    adaptive_lr = self.learning_rate * (1.0 + 0.2 * np.exp(-server_round / 10.0))
UnboundLocalError: local variable 'server_round' referenced before assignment
[2026-01-17 13:12:59,611][flwr][ERROR] - [36mray::launch_and_fit()[39m (pid=76424, ip=127.0.0.1)
  File "/Users/dinukaperera/opt/anaconda3/envs/flower_tutorial/lib/python3.10/site-packages/flwr/simulation/ray_transport/ray_client_proxy.py", line 148, in launch_and_fit
    return maybe_call_fit(
  File "/Users/dinukaperera/opt/anaconda3/envs/flower_tutorial/lib/python3.10/site-packages/flwr/client/client.py", line 184, in maybe_call_fit
    return client.fit(fit_ins)
  File "/Users/dinukaperera/opt/anaconda3/envs/flower_tutorial/lib/python3.10/site-packages/flwr/client/app.py", line 297, in _fit
    results = self.numpy_client.fit(parameters, ins.config)  # type: ignore
  File "/Users/dinukaperera/FLwithFlwr/flowertry/client.py", line 569, in fit
    loss, delta_control = self._train_hybrid(config)
  File "/Users/dinukaperera/FLwithFlwr/flowertry/client.py", line 342, in _train_hybrid
    adaptive_lr = self.learning_rate * (1.0 + 0.2 * np.exp(-server_round / 10.0))
UnboundLocalError: local variable 'server_round' referenced before assignment
[2026-01-17 13:12:59,612][flwr][DEBUG] - fit_round 10 received 0 results and 7 failures
[2026-01-17 13:12:59,834][flwr][INFO] - fit progress: (10, 1.4340404903996313, {'rmse': 11782.010694274555, 'mae': 9149.193359375, 'r2': 0.00890437044283554, 'mape': 79.91940307617188, 'accuracy_10': 11.735205352306366, 'accuracy_20': 21.46439254283905}, 9.37424325000029)
[2026-01-17 13:12:59,834][flwr][DEBUG] - evaluate_round 10: strategy sampled 6 clients (out of 12)
[2026-01-17 13:12:59,906][flwr][DEBUG] - evaluate_round 10 received 6 results and 0 failures
[2026-01-17 13:12:59,906][flwr][DEBUG] - fit_round 11: strategy sampled 7 clients (out of 12)
[2026-01-17 13:12:59,936][flwr][ERROR] - [36mray::launch_and_fit()[39m (pid=76427, ip=127.0.0.1)
  File "/Users/dinukaperera/opt/anaconda3/envs/flower_tutorial/lib/python3.10/site-packages/flwr/simulation/ray_transport/ray_client_proxy.py", line 148, in launch_and_fit
    return maybe_call_fit(
  File "/Users/dinukaperera/opt/anaconda3/envs/flower_tutorial/lib/python3.10/site-packages/flwr/client/client.py", line 184, in maybe_call_fit
    return client.fit(fit_ins)
  File "/Users/dinukaperera/opt/anaconda3/envs/flower_tutorial/lib/python3.10/site-packages/flwr/client/app.py", line 297, in _fit
    results = self.numpy_client.fit(parameters, ins.config)  # type: ignore
  File "/Users/dinukaperera/FLwithFlwr/flowertry/client.py", line 569, in fit
    loss, delta_control = self._train_hybrid(config)
  File "/Users/dinukaperera/FLwithFlwr/flowertry/client.py", line 342, in _train_hybrid
    adaptive_lr = self.learning_rate * (1.0 + 0.2 * np.exp(-server_round / 10.0))
UnboundLocalError: local variable 'server_round' referenced before assignment
[2026-01-17 13:12:59,938][flwr][ERROR] - [36mray::launch_and_fit()[39m (pid=76432, ip=127.0.0.1)
  File "/Users/dinukaperera/opt/anaconda3/envs/flower_tutorial/lib/python3.10/site-packages/flwr/simulation/ray_transport/ray_client_proxy.py", line 148, in launch_and_fit
    return maybe_call_fit(
  File "/Users/dinukaperera/opt/anaconda3/envs/flower_tutorial/lib/python3.10/site-packages/flwr/client/client.py", line 184, in maybe_call_fit
    return client.fit(fit_ins)
  File "/Users/dinukaperera/opt/anaconda3/envs/flower_tutorial/lib/python3.10/site-packages/flwr/client/app.py", line 297, in _fit
    results = self.numpy_client.fit(parameters, ins.config)  # type: ignore
  File "/Users/dinukaperera/FLwithFlwr/flowertry/client.py", line 569, in fit
    loss, delta_control = self._train_hybrid(config)
  File "/Users/dinukaperera/FLwithFlwr/flowertry/client.py", line 342, in _train_hybrid
    adaptive_lr = self.learning_rate * (1.0 + 0.2 * np.exp(-server_round / 10.0))
UnboundLocalError: local variable 'server_round' referenced before assignment
[2026-01-17 13:12:59,938][flwr][ERROR] - [36mray::launch_and_fit()[39m (pid=76426, ip=127.0.0.1)
  File "/Users/dinukaperera/opt/anaconda3/envs/flower_tutorial/lib/python3.10/site-packages/flwr/simulation/ray_transport/ray_client_proxy.py", line 148, in launch_and_fit
    return maybe_call_fit(
  File "/Users/dinukaperera/opt/anaconda3/envs/flower_tutorial/lib/python3.10/site-packages/flwr/client/client.py", line 184, in maybe_call_fit
    return client.fit(fit_ins)
  File "/Users/dinukaperera/opt/anaconda3/envs/flower_tutorial/lib/python3.10/site-packages/flwr/client/app.py", line 297, in _fit
    results = self.numpy_client.fit(parameters, ins.config)  # type: ignore
  File "/Users/dinukaperera/FLwithFlwr/flowertry/client.py", line 569, in fit
    loss, delta_control = self._train_hybrid(config)
  File "/Users/dinukaperera/FLwithFlwr/flowertry/client.py", line 342, in _train_hybrid
    adaptive_lr = self.learning_rate * (1.0 + 0.2 * np.exp(-server_round / 10.0))
UnboundLocalError: local variable 'server_round' referenced before assignment
[2026-01-17 13:12:59,938][flwr][ERROR] - [36mray::launch_and_fit()[39m (pid=76424, ip=127.0.0.1)
  File "/Users/dinukaperera/opt/anaconda3/envs/flower_tutorial/lib/python3.10/site-packages/flwr/simulation/ray_transport/ray_client_proxy.py", line 148, in launch_and_fit
    return maybe_call_fit(
  File "/Users/dinukaperera/opt/anaconda3/envs/flower_tutorial/lib/python3.10/site-packages/flwr/client/client.py", line 184, in maybe_call_fit
    return client.fit(fit_ins)
  File "/Users/dinukaperera/opt/anaconda3/envs/flower_tutorial/lib/python3.10/site-packages/flwr/client/app.py", line 297, in _fit
    results = self.numpy_client.fit(parameters, ins.config)  # type: ignore
  File "/Users/dinukaperera/FLwithFlwr/flowertry/client.py", line 569, in fit
    loss, delta_control = self._train_hybrid(config)
  File "/Users/dinukaperera/FLwithFlwr/flowertry/client.py", line 342, in _train_hybrid
    adaptive_lr = self.learning_rate * (1.0 + 0.2 * np.exp(-server_round / 10.0))
UnboundLocalError: local variable 'server_round' referenced before assignment
[2026-01-17 13:12:59,941][flwr][ERROR] - [36mray::launch_and_fit()[39m (pid=76429, ip=127.0.0.1)
  File "/Users/dinukaperera/opt/anaconda3/envs/flower_tutorial/lib/python3.10/site-packages/flwr/simulation/ray_transport/ray_client_proxy.py", line 148, in launch_and_fit
    return maybe_call_fit(
  File "/Users/dinukaperera/opt/anaconda3/envs/flower_tutorial/lib/python3.10/site-packages/flwr/client/client.py", line 184, in maybe_call_fit
    return client.fit(fit_ins)
  File "/Users/dinukaperera/opt/anaconda3/envs/flower_tutorial/lib/python3.10/site-packages/flwr/client/app.py", line 297, in _fit
    results = self.numpy_client.fit(parameters, ins.config)  # type: ignore
  File "/Users/dinukaperera/FLwithFlwr/flowertry/client.py", line 569, in fit
    loss, delta_control = self._train_hybrid(config)
  File "/Users/dinukaperera/FLwithFlwr/flowertry/client.py", line 342, in _train_hybrid
    adaptive_lr = self.learning_rate * (1.0 + 0.2 * np.exp(-server_round / 10.0))
UnboundLocalError: local variable 'server_round' referenced before assignment
[2026-01-17 13:12:59,942][flwr][ERROR] - [36mray::launch_and_fit()[39m (pid=76431, ip=127.0.0.1)
  File "/Users/dinukaperera/opt/anaconda3/envs/flower_tutorial/lib/python3.10/site-packages/flwr/simulation/ray_transport/ray_client_proxy.py", line 148, in launch_and_fit
    return maybe_call_fit(
  File "/Users/dinukaperera/opt/anaconda3/envs/flower_tutorial/lib/python3.10/site-packages/flwr/client/client.py", line 184, in maybe_call_fit
    return client.fit(fit_ins)
  File "/Users/dinukaperera/opt/anaconda3/envs/flower_tutorial/lib/python3.10/site-packages/flwr/client/app.py", line 297, in _fit
    results = self.numpy_client.fit(parameters, ins.config)  # type: ignore
  File "/Users/dinukaperera/FLwithFlwr/flowertry/client.py", line 569, in fit
    loss, delta_control = self._train_hybrid(config)
  File "/Users/dinukaperera/FLwithFlwr/flowertry/client.py", line 342, in _train_hybrid
    adaptive_lr = self.learning_rate * (1.0 + 0.2 * np.exp(-server_round / 10.0))
UnboundLocalError: local variable 'server_round' referenced before assignment
[2026-01-17 13:12:59,942][flwr][ERROR] - [36mray::launch_and_fit()[39m (pid=76425, ip=127.0.0.1)
  File "/Users/dinukaperera/opt/anaconda3/envs/flower_tutorial/lib/python3.10/site-packages/flwr/simulation/ray_transport/ray_client_proxy.py", line 148, in launch_and_fit
    return maybe_call_fit(
  File "/Users/dinukaperera/opt/anaconda3/envs/flower_tutorial/lib/python3.10/site-packages/flwr/client/client.py", line 184, in maybe_call_fit
    return client.fit(fit_ins)
  File "/Users/dinukaperera/opt/anaconda3/envs/flower_tutorial/lib/python3.10/site-packages/flwr/client/app.py", line 297, in _fit
    results = self.numpy_client.fit(parameters, ins.config)  # type: ignore
  File "/Users/dinukaperera/FLwithFlwr/flowertry/client.py", line 569, in fit
    loss, delta_control = self._train_hybrid(config)
  File "/Users/dinukaperera/FLwithFlwr/flowertry/client.py", line 342, in _train_hybrid
    adaptive_lr = self.learning_rate * (1.0 + 0.2 * np.exp(-server_round / 10.0))
UnboundLocalError: local variable 'server_round' referenced before assignment
[2026-01-17 13:12:59,943][flwr][DEBUG] - fit_round 11 received 0 results and 7 failures
[2026-01-17 13:13:00,170][flwr][INFO] - fit progress: (11, 1.4340404903996313, {'rmse': 11782.010694274555, 'mae': 9149.193359375, 'r2': 0.00890437044283554, 'mape': 79.91940307617188, 'accuracy_10': 11.735205352306366, 'accuracy_20': 21.46439254283905}, 9.710365792008815)
[2026-01-17 13:13:00,170][flwr][DEBUG] - evaluate_round 11: strategy sampled 6 clients (out of 12)
[2026-01-17 13:13:00,330][flwr][DEBUG] - evaluate_round 11 received 6 results and 0 failures
[2026-01-17 13:13:00,330][flwr][DEBUG] - fit_round 12: strategy sampled 7 clients (out of 12)
[2026-01-17 13:13:00,362][flwr][ERROR] - [36mray::launch_and_fit()[39m (pid=76429, ip=127.0.0.1)
  File "/Users/dinukaperera/opt/anaconda3/envs/flower_tutorial/lib/python3.10/site-packages/flwr/simulation/ray_transport/ray_client_proxy.py", line 148, in launch_and_fit
    return maybe_call_fit(
  File "/Users/dinukaperera/opt/anaconda3/envs/flower_tutorial/lib/python3.10/site-packages/flwr/client/client.py", line 184, in maybe_call_fit
    return client.fit(fit_ins)
  File "/Users/dinukaperera/opt/anaconda3/envs/flower_tutorial/lib/python3.10/site-packages/flwr/client/app.py", line 297, in _fit
    results = self.numpy_client.fit(parameters, ins.config)  # type: ignore
  File "/Users/dinukaperera/FLwithFlwr/flowertry/client.py", line 569, in fit
    loss, delta_control = self._train_hybrid(config)
  File "/Users/dinukaperera/FLwithFlwr/flowertry/client.py", line 342, in _train_hybrid
    adaptive_lr = self.learning_rate * (1.0 + 0.2 * np.exp(-server_round / 10.0))
UnboundLocalError: local variable 'server_round' referenced before assignment
[2026-01-17 13:13:00,362][flwr][ERROR] - [36mray::launch_and_fit()[39m (pid=76426, ip=127.0.0.1)
  File "/Users/dinukaperera/opt/anaconda3/envs/flower_tutorial/lib/python3.10/site-packages/flwr/simulation/ray_transport/ray_client_proxy.py", line 148, in launch_and_fit
    return maybe_call_fit(
  File "/Users/dinukaperera/opt/anaconda3/envs/flower_tutorial/lib/python3.10/site-packages/flwr/client/client.py", line 184, in maybe_call_fit
    return client.fit(fit_ins)
  File "/Users/dinukaperera/opt/anaconda3/envs/flower_tutorial/lib/python3.10/site-packages/flwr/client/app.py", line 297, in _fit
    results = self.numpy_client.fit(parameters, ins.config)  # type: ignore
  File "/Users/dinukaperera/FLwithFlwr/flowertry/client.py", line 569, in fit
    loss, delta_control = self._train_hybrid(config)
  File "/Users/dinukaperera/FLwithFlwr/flowertry/client.py", line 342, in _train_hybrid
    adaptive_lr = self.learning_rate * (1.0 + 0.2 * np.exp(-server_round / 10.0))
UnboundLocalError: local variable 'server_round' referenced before assignment
[2026-01-17 13:13:00,363][flwr][ERROR] - [36mray::launch_and_fit()[39m (pid=76431, ip=127.0.0.1)
  File "/Users/dinukaperera/opt/anaconda3/envs/flower_tutorial/lib/python3.10/site-packages/flwr/simulation/ray_transport/ray_client_proxy.py", line 148, in launch_and_fit
    return maybe_call_fit(
  File "/Users/dinukaperera/opt/anaconda3/envs/flower_tutorial/lib/python3.10/site-packages/flwr/client/client.py", line 184, in maybe_call_fit
    return client.fit(fit_ins)
  File "/Users/dinukaperera/opt/anaconda3/envs/flower_tutorial/lib/python3.10/site-packages/flwr/client/app.py", line 297, in _fit
    results = self.numpy_client.fit(parameters, ins.config)  # type: ignore
  File "/Users/dinukaperera/FLwithFlwr/flowertry/client.py", line 569, in fit
    loss, delta_control = self._train_hybrid(config)
  File "/Users/dinukaperera/FLwithFlwr/flowertry/client.py", line 342, in _train_hybrid
    adaptive_lr = self.learning_rate * (1.0 + 0.2 * np.exp(-server_round / 10.0))
UnboundLocalError: local variable 'server_round' referenced before assignment
[2026-01-17 13:13:00,367][flwr][ERROR] - [36mray::launch_and_fit()[39m (pid=76432, ip=127.0.0.1)
  File "/Users/dinukaperera/opt/anaconda3/envs/flower_tutorial/lib/python3.10/site-packages/flwr/simulation/ray_transport/ray_client_proxy.py", line 148, in launch_and_fit
    return maybe_call_fit(
  File "/Users/dinukaperera/opt/anaconda3/envs/flower_tutorial/lib/python3.10/site-packages/flwr/client/client.py", line 184, in maybe_call_fit
    return client.fit(fit_ins)
  File "/Users/dinukaperera/opt/anaconda3/envs/flower_tutorial/lib/python3.10/site-packages/flwr/client/app.py", line 297, in _fit
    results = self.numpy_client.fit(parameters, ins.config)  # type: ignore
  File "/Users/dinukaperera/FLwithFlwr/flowertry/client.py", line 569, in fit
    loss, delta_control = self._train_hybrid(config)
  File "/Users/dinukaperera/FLwithFlwr/flowertry/client.py", line 342, in _train_hybrid
    adaptive_lr = self.learning_rate * (1.0 + 0.2 * np.exp(-server_round / 10.0))
UnboundLocalError: local variable 'server_round' referenced before assignment
[2026-01-17 13:13:00,368][flwr][ERROR] - [36mray::launch_and_fit()[39m (pid=76427, ip=127.0.0.1)
  File "/Users/dinukaperera/opt/anaconda3/envs/flower_tutorial/lib/python3.10/site-packages/flwr/simulation/ray_transport/ray_client_proxy.py", line 148, in launch_and_fit
    return maybe_call_fit(
  File "/Users/dinukaperera/opt/anaconda3/envs/flower_tutorial/lib/python3.10/site-packages/flwr/client/client.py", line 184, in maybe_call_fit
    return client.fit(fit_ins)
  File "/Users/dinukaperera/opt/anaconda3/envs/flower_tutorial/lib/python3.10/site-packages/flwr/client/app.py", line 297, in _fit
    results = self.numpy_client.fit(parameters, ins.config)  # type: ignore
  File "/Users/dinukaperera/FLwithFlwr/flowertry/client.py", line 569, in fit
    loss, delta_control = self._train_hybrid(config)
  File "/Users/dinukaperera/FLwithFlwr/flowertry/client.py", line 342, in _train_hybrid
    adaptive_lr = self.learning_rate * (1.0 + 0.2 * np.exp(-server_round / 10.0))
UnboundLocalError: local variable 'server_round' referenced before assignment
[2026-01-17 13:13:00,368][flwr][ERROR] - [36mray::launch_and_fit()[39m (pid=76425, ip=127.0.0.1)
  File "/Users/dinukaperera/opt/anaconda3/envs/flower_tutorial/lib/python3.10/site-packages/flwr/simulation/ray_transport/ray_client_proxy.py", line 148, in launch_and_fit
    return maybe_call_fit(
  File "/Users/dinukaperera/opt/anaconda3/envs/flower_tutorial/lib/python3.10/site-packages/flwr/client/client.py", line 184, in maybe_call_fit
    return client.fit(fit_ins)
  File "/Users/dinukaperera/opt/anaconda3/envs/flower_tutorial/lib/python3.10/site-packages/flwr/client/app.py", line 297, in _fit
    results = self.numpy_client.fit(parameters, ins.config)  # type: ignore
  File "/Users/dinukaperera/FLwithFlwr/flowertry/client.py", line 569, in fit
    loss, delta_control = self._train_hybrid(config)
  File "/Users/dinukaperera/FLwithFlwr/flowertry/client.py", line 342, in _train_hybrid
    adaptive_lr = self.learning_rate * (1.0 + 0.2 * np.exp(-server_round / 10.0))
UnboundLocalError: local variable 'server_round' referenced before assignment
[2026-01-17 13:13:00,368][flwr][ERROR] - [36mray::launch_and_fit()[39m (pid=76424, ip=127.0.0.1)
  File "/Users/dinukaperera/opt/anaconda3/envs/flower_tutorial/lib/python3.10/site-packages/flwr/simulation/ray_transport/ray_client_proxy.py", line 148, in launch_and_fit
    return maybe_call_fit(
  File "/Users/dinukaperera/opt/anaconda3/envs/flower_tutorial/lib/python3.10/site-packages/flwr/client/client.py", line 184, in maybe_call_fit
    return client.fit(fit_ins)
  File "/Users/dinukaperera/opt/anaconda3/envs/flower_tutorial/lib/python3.10/site-packages/flwr/client/app.py", line 297, in _fit
    results = self.numpy_client.fit(parameters, ins.config)  # type: ignore
  File "/Users/dinukaperera/FLwithFlwr/flowertry/client.py", line 569, in fit
    loss, delta_control = self._train_hybrid(config)
  File "/Users/dinukaperera/FLwithFlwr/flowertry/client.py", line 342, in _train_hybrid
    adaptive_lr = self.learning_rate * (1.0 + 0.2 * np.exp(-server_round / 10.0))
UnboundLocalError: local variable 'server_round' referenced before assignment
[2026-01-17 13:13:00,370][flwr][DEBUG] - fit_round 12 received 0 results and 7 failures
[2026-01-17 13:13:00,596][flwr][INFO] - fit progress: (12, 1.4340404903996313, {'rmse': 11782.010694274555, 'mae': 9149.193359375, 'r2': 0.00890437044283554, 'mape': 79.91940307617188, 'accuracy_10': 11.735205352306366, 'accuracy_20': 21.46439254283905}, 10.135884499992244)
[2026-01-17 13:13:00,596][flwr][DEBUG] - evaluate_round 12: strategy sampled 6 clients (out of 12)
[2026-01-17 13:13:00,747][flwr][DEBUG] - evaluate_round 12 received 6 results and 0 failures
[2026-01-17 13:13:00,747][flwr][DEBUG] - fit_round 13: strategy sampled 7 clients (out of 12)
[2026-01-17 13:13:00,776][flwr][ERROR] - [36mray::launch_and_fit()[39m (pid=76427, ip=127.0.0.1)
  File "/Users/dinukaperera/opt/anaconda3/envs/flower_tutorial/lib/python3.10/site-packages/flwr/simulation/ray_transport/ray_client_proxy.py", line 148, in launch_and_fit
    return maybe_call_fit(
  File "/Users/dinukaperera/opt/anaconda3/envs/flower_tutorial/lib/python3.10/site-packages/flwr/client/client.py", line 184, in maybe_call_fit
    return client.fit(fit_ins)
  File "/Users/dinukaperera/opt/anaconda3/envs/flower_tutorial/lib/python3.10/site-packages/flwr/client/app.py", line 297, in _fit
    results = self.numpy_client.fit(parameters, ins.config)  # type: ignore
  File "/Users/dinukaperera/FLwithFlwr/flowertry/client.py", line 569, in fit
    loss, delta_control = self._train_hybrid(config)
  File "/Users/dinukaperera/FLwithFlwr/flowertry/client.py", line 342, in _train_hybrid
    adaptive_lr = self.learning_rate * (1.0 + 0.2 * np.exp(-server_round / 10.0))
UnboundLocalError: local variable 'server_round' referenced before assignment
[2026-01-17 13:13:00,777][flwr][ERROR] - [36mray::launch_and_fit()[39m (pid=76425, ip=127.0.0.1)
  File "/Users/dinukaperera/opt/anaconda3/envs/flower_tutorial/lib/python3.10/site-packages/flwr/simulation/ray_transport/ray_client_proxy.py", line 148, in launch_and_fit
    return maybe_call_fit(
  File "/Users/dinukaperera/opt/anaconda3/envs/flower_tutorial/lib/python3.10/site-packages/flwr/client/client.py", line 184, in maybe_call_fit
    return client.fit(fit_ins)
  File "/Users/dinukaperera/opt/anaconda3/envs/flower_tutorial/lib/python3.10/site-packages/flwr/client/app.py", line 297, in _fit
    results = self.numpy_client.fit(parameters, ins.config)  # type: ignore
  File "/Users/dinukaperera/FLwithFlwr/flowertry/client.py", line 569, in fit
    loss, delta_control = self._train_hybrid(config)
  File "/Users/dinukaperera/FLwithFlwr/flowertry/client.py", line 342, in _train_hybrid
    adaptive_lr = self.learning_rate * (1.0 + 0.2 * np.exp(-server_round / 10.0))
UnboundLocalError: local variable 'server_round' referenced before assignment
[2026-01-17 13:13:00,780][flwr][ERROR] - [36mray::launch_and_fit()[39m (pid=76424, ip=127.0.0.1)
  File "/Users/dinukaperera/opt/anaconda3/envs/flower_tutorial/lib/python3.10/site-packages/flwr/simulation/ray_transport/ray_client_proxy.py", line 148, in launch_and_fit
    return maybe_call_fit(
  File "/Users/dinukaperera/opt/anaconda3/envs/flower_tutorial/lib/python3.10/site-packages/flwr/client/client.py", line 184, in maybe_call_fit
    return client.fit(fit_ins)
  File "/Users/dinukaperera/opt/anaconda3/envs/flower_tutorial/lib/python3.10/site-packages/flwr/client/app.py", line 297, in _fit
    results = self.numpy_client.fit(parameters, ins.config)  # type: ignore
  File "/Users/dinukaperera/FLwithFlwr/flowertry/client.py", line 569, in fit
    loss, delta_control = self._train_hybrid(config)
  File "/Users/dinukaperera/FLwithFlwr/flowertry/client.py", line 342, in _train_hybrid
    adaptive_lr = self.learning_rate * (1.0 + 0.2 * np.exp(-server_round / 10.0))
UnboundLocalError: local variable 'server_round' referenced before assignment
[2026-01-17 13:13:00,784][flwr][ERROR] - [36mray::launch_and_fit()[39m (pid=76431, ip=127.0.0.1)
  File "/Users/dinukaperera/opt/anaconda3/envs/flower_tutorial/lib/python3.10/site-packages/flwr/simulation/ray_transport/ray_client_proxy.py", line 148, in launch_and_fit
    return maybe_call_fit(
  File "/Users/dinukaperera/opt/anaconda3/envs/flower_tutorial/lib/python3.10/site-packages/flwr/client/client.py", line 184, in maybe_call_fit
    return client.fit(fit_ins)
  File "/Users/dinukaperera/opt/anaconda3/envs/flower_tutorial/lib/python3.10/site-packages/flwr/client/app.py", line 297, in _fit
    results = self.numpy_client.fit(parameters, ins.config)  # type: ignore
  File "/Users/dinukaperera/FLwithFlwr/flowertry/client.py", line 569, in fit
    loss, delta_control = self._train_hybrid(config)
  File "/Users/dinukaperera/FLwithFlwr/flowertry/client.py", line 342, in _train_hybrid
    adaptive_lr = self.learning_rate * (1.0 + 0.2 * np.exp(-server_round / 10.0))
UnboundLocalError: local variable 'server_round' referenced before assignment
[2026-01-17 13:13:00,785][flwr][ERROR] - [36mray::launch_and_fit()[39m (pid=76432, ip=127.0.0.1)
  File "/Users/dinukaperera/opt/anaconda3/envs/flower_tutorial/lib/python3.10/site-packages/flwr/simulation/ray_transport/ray_client_proxy.py", line 148, in launch_and_fit
    return maybe_call_fit(
  File "/Users/dinukaperera/opt/anaconda3/envs/flower_tutorial/lib/python3.10/site-packages/flwr/client/client.py", line 184, in maybe_call_fit
    return client.fit(fit_ins)
  File "/Users/dinukaperera/opt/anaconda3/envs/flower_tutorial/lib/python3.10/site-packages/flwr/client/app.py", line 297, in _fit
    results = self.numpy_client.fit(parameters, ins.config)  # type: ignore
  File "/Users/dinukaperera/FLwithFlwr/flowertry/client.py", line 569, in fit
    loss, delta_control = self._train_hybrid(config)
  File "/Users/dinukaperera/FLwithFlwr/flowertry/client.py", line 342, in _train_hybrid
    adaptive_lr = self.learning_rate * (1.0 + 0.2 * np.exp(-server_round / 10.0))
UnboundLocalError: local variable 'server_round' referenced before assignment
[2026-01-17 13:13:00,786][flwr][ERROR] - [36mray::launch_and_fit()[39m (pid=76426, ip=127.0.0.1)
  File "/Users/dinukaperera/opt/anaconda3/envs/flower_tutorial/lib/python3.10/site-packages/flwr/simulation/ray_transport/ray_client_proxy.py", line 148, in launch_and_fit
    return maybe_call_fit(
  File "/Users/dinukaperera/opt/anaconda3/envs/flower_tutorial/lib/python3.10/site-packages/flwr/client/client.py", line 184, in maybe_call_fit
    return client.fit(fit_ins)
  File "/Users/dinukaperera/opt/anaconda3/envs/flower_tutorial/lib/python3.10/site-packages/flwr/client/app.py", line 297, in _fit
    results = self.numpy_client.fit(parameters, ins.config)  # type: ignore
  File "/Users/dinukaperera/FLwithFlwr/flowertry/client.py", line 569, in fit
    loss, delta_control = self._train_hybrid(config)
  File "/Users/dinukaperera/FLwithFlwr/flowertry/client.py", line 342, in _train_hybrid
    adaptive_lr = self.learning_rate * (1.0 + 0.2 * np.exp(-server_round / 10.0))
UnboundLocalError: local variable 'server_round' referenced before assignment
[2026-01-17 13:13:00,787][flwr][ERROR] - [36mray::launch_and_fit()[39m (pid=76429, ip=127.0.0.1)
  File "/Users/dinukaperera/opt/anaconda3/envs/flower_tutorial/lib/python3.10/site-packages/flwr/simulation/ray_transport/ray_client_proxy.py", line 148, in launch_and_fit
    return maybe_call_fit(
  File "/Users/dinukaperera/opt/anaconda3/envs/flower_tutorial/lib/python3.10/site-packages/flwr/client/client.py", line 184, in maybe_call_fit
    return client.fit(fit_ins)
  File "/Users/dinukaperera/opt/anaconda3/envs/flower_tutorial/lib/python3.10/site-packages/flwr/client/app.py", line 297, in _fit
    results = self.numpy_client.fit(parameters, ins.config)  # type: ignore
  File "/Users/dinukaperera/FLwithFlwr/flowertry/client.py", line 569, in fit
    loss, delta_control = self._train_hybrid(config)
  File "/Users/dinukaperera/FLwithFlwr/flowertry/client.py", line 342, in _train_hybrid
    adaptive_lr = self.learning_rate * (1.0 + 0.2 * np.exp(-server_round / 10.0))
UnboundLocalError: local variable 'server_round' referenced before assignment
[2026-01-17 13:13:00,787][flwr][DEBUG] - fit_round 13 received 0 results and 7 failures
[2026-01-17 13:13:01,007][flwr][INFO] - fit progress: (13, 1.4340404903996313, {'rmse': 11782.010694274555, 'mae': 9149.193359375, 'r2': 0.00890437044283554, 'mape': 79.91940307617188, 'accuracy_10': 11.735205352306366, 'accuracy_20': 21.46439254283905}, 10.547444291994907)
[2026-01-17 13:13:01,007][flwr][DEBUG] - evaluate_round 13: strategy sampled 6 clients (out of 12)
[2026-01-17 13:13:01,143][flwr][DEBUG] - evaluate_round 13 received 6 results and 0 failures
[2026-01-17 13:13:01,143][flwr][DEBUG] - fit_round 14: strategy sampled 7 clients (out of 12)
[2026-01-17 13:13:01,173][flwr][ERROR] - [36mray::launch_and_fit()[39m (pid=76426, ip=127.0.0.1)
  File "/Users/dinukaperera/opt/anaconda3/envs/flower_tutorial/lib/python3.10/site-packages/flwr/simulation/ray_transport/ray_client_proxy.py", line 148, in launch_and_fit
    return maybe_call_fit(
  File "/Users/dinukaperera/opt/anaconda3/envs/flower_tutorial/lib/python3.10/site-packages/flwr/client/client.py", line 184, in maybe_call_fit
    return client.fit(fit_ins)
  File "/Users/dinukaperera/opt/anaconda3/envs/flower_tutorial/lib/python3.10/site-packages/flwr/client/app.py", line 297, in _fit
    results = self.numpy_client.fit(parameters, ins.config)  # type: ignore
  File "/Users/dinukaperera/FLwithFlwr/flowertry/client.py", line 569, in fit
    loss, delta_control = self._train_hybrid(config)
  File "/Users/dinukaperera/FLwithFlwr/flowertry/client.py", line 342, in _train_hybrid
    adaptive_lr = self.learning_rate * (1.0 + 0.2 * np.exp(-server_round / 10.0))
UnboundLocalError: local variable 'server_round' referenced before assignment
[2026-01-17 13:13:01,178][flwr][ERROR] - [36mray::launch_and_fit()[39m (pid=76424, ip=127.0.0.1)
  File "/Users/dinukaperera/opt/anaconda3/envs/flower_tutorial/lib/python3.10/site-packages/flwr/simulation/ray_transport/ray_client_proxy.py", line 148, in launch_and_fit
    return maybe_call_fit(
  File "/Users/dinukaperera/opt/anaconda3/envs/flower_tutorial/lib/python3.10/site-packages/flwr/client/client.py", line 184, in maybe_call_fit
    return client.fit(fit_ins)
  File "/Users/dinukaperera/opt/anaconda3/envs/flower_tutorial/lib/python3.10/site-packages/flwr/client/app.py", line 297, in _fit
    results = self.numpy_client.fit(parameters, ins.config)  # type: ignore
  File "/Users/dinukaperera/FLwithFlwr/flowertry/client.py", line 569, in fit
    loss, delta_control = self._train_hybrid(config)
  File "/Users/dinukaperera/FLwithFlwr/flowertry/client.py", line 342, in _train_hybrid
    adaptive_lr = self.learning_rate * (1.0 + 0.2 * np.exp(-server_round / 10.0))
UnboundLocalError: local variable 'server_round' referenced before assignment
[2026-01-17 13:13:01,179][flwr][ERROR] - [36mray::launch_and_fit()[39m (pid=76429, ip=127.0.0.1)
  File "/Users/dinukaperera/opt/anaconda3/envs/flower_tutorial/lib/python3.10/site-packages/flwr/simulation/ray_transport/ray_client_proxy.py", line 148, in launch_and_fit
    return maybe_call_fit(
  File "/Users/dinukaperera/opt/anaconda3/envs/flower_tutorial/lib/python3.10/site-packages/flwr/client/client.py", line 184, in maybe_call_fit
    return client.fit(fit_ins)
  File "/Users/dinukaperera/opt/anaconda3/envs/flower_tutorial/lib/python3.10/site-packages/flwr/client/app.py", line 297, in _fit
    results = self.numpy_client.fit(parameters, ins.config)  # type: ignore
  File "/Users/dinukaperera/FLwithFlwr/flowertry/client.py", line 569, in fit
    loss, delta_control = self._train_hybrid(config)
  File "/Users/dinukaperera/FLwithFlwr/flowertry/client.py", line 342, in _train_hybrid
    adaptive_lr = self.learning_rate * (1.0 + 0.2 * np.exp(-server_round / 10.0))
UnboundLocalError: local variable 'server_round' referenced before assignment
[2026-01-17 13:13:01,179][flwr][ERROR] - [36mray::launch_and_fit()[39m (pid=76427, ip=127.0.0.1)
  File "/Users/dinukaperera/opt/anaconda3/envs/flower_tutorial/lib/python3.10/site-packages/flwr/simulation/ray_transport/ray_client_proxy.py", line 148, in launch_and_fit
    return maybe_call_fit(
  File "/Users/dinukaperera/opt/anaconda3/envs/flower_tutorial/lib/python3.10/site-packages/flwr/client/client.py", line 184, in maybe_call_fit
    return client.fit(fit_ins)
  File "/Users/dinukaperera/opt/anaconda3/envs/flower_tutorial/lib/python3.10/site-packages/flwr/client/app.py", line 297, in _fit
    results = self.numpy_client.fit(parameters, ins.config)  # type: ignore
  File "/Users/dinukaperera/FLwithFlwr/flowertry/client.py", line 569, in fit
    loss, delta_control = self._train_hybrid(config)
  File "/Users/dinukaperera/FLwithFlwr/flowertry/client.py", line 342, in _train_hybrid
    adaptive_lr = self.learning_rate * (1.0 + 0.2 * np.exp(-server_round / 10.0))
UnboundLocalError: local variable 'server_round' referenced before assignment
[2026-01-17 13:13:01,179][flwr][ERROR] - [36mray::launch_and_fit()[39m (pid=76432, ip=127.0.0.1)
  File "/Users/dinukaperera/opt/anaconda3/envs/flower_tutorial/lib/python3.10/site-packages/flwr/simulation/ray_transport/ray_client_proxy.py", line 148, in launch_and_fit
    return maybe_call_fit(
  File "/Users/dinukaperera/opt/anaconda3/envs/flower_tutorial/lib/python3.10/site-packages/flwr/client/client.py", line 184, in maybe_call_fit
    return client.fit(fit_ins)
  File "/Users/dinukaperera/opt/anaconda3/envs/flower_tutorial/lib/python3.10/site-packages/flwr/client/app.py", line 297, in _fit
    results = self.numpy_client.fit(parameters, ins.config)  # type: ignore
  File "/Users/dinukaperera/FLwithFlwr/flowertry/client.py", line 569, in fit
    loss, delta_control = self._train_hybrid(config)
  File "/Users/dinukaperera/FLwithFlwr/flowertry/client.py", line 342, in _train_hybrid
    adaptive_lr = self.learning_rate * (1.0 + 0.2 * np.exp(-server_round / 10.0))
UnboundLocalError: local variable 'server_round' referenced before assignment
[2026-01-17 13:13:01,180][flwr][ERROR] - [36mray::launch_and_fit()[39m (pid=76425, ip=127.0.0.1)
  File "/Users/dinukaperera/opt/anaconda3/envs/flower_tutorial/lib/python3.10/site-packages/flwr/simulation/ray_transport/ray_client_proxy.py", line 148, in launch_and_fit
    return maybe_call_fit(
  File "/Users/dinukaperera/opt/anaconda3/envs/flower_tutorial/lib/python3.10/site-packages/flwr/client/client.py", line 184, in maybe_call_fit
    return client.fit(fit_ins)
  File "/Users/dinukaperera/opt/anaconda3/envs/flower_tutorial/lib/python3.10/site-packages/flwr/client/app.py", line 297, in _fit
    results = self.numpy_client.fit(parameters, ins.config)  # type: ignore
  File "/Users/dinukaperera/FLwithFlwr/flowertry/client.py", line 569, in fit
    loss, delta_control = self._train_hybrid(config)
  File "/Users/dinukaperera/FLwithFlwr/flowertry/client.py", line 342, in _train_hybrid
    adaptive_lr = self.learning_rate * (1.0 + 0.2 * np.exp(-server_round / 10.0))
UnboundLocalError: local variable 'server_round' referenced before assignment
[2026-01-17 13:13:01,180][flwr][ERROR] - [36mray::launch_and_fit()[39m (pid=76431, ip=127.0.0.1)
  File "/Users/dinukaperera/opt/anaconda3/envs/flower_tutorial/lib/python3.10/site-packages/flwr/simulation/ray_transport/ray_client_proxy.py", line 148, in launch_and_fit
    return maybe_call_fit(
  File "/Users/dinukaperera/opt/anaconda3/envs/flower_tutorial/lib/python3.10/site-packages/flwr/client/client.py", line 184, in maybe_call_fit
    return client.fit(fit_ins)
  File "/Users/dinukaperera/opt/anaconda3/envs/flower_tutorial/lib/python3.10/site-packages/flwr/client/app.py", line 297, in _fit
    results = self.numpy_client.fit(parameters, ins.config)  # type: ignore
  File "/Users/dinukaperera/FLwithFlwr/flowertry/client.py", line 569, in fit
    loss, delta_control = self._train_hybrid(config)
  File "/Users/dinukaperera/FLwithFlwr/flowertry/client.py", line 342, in _train_hybrid
    adaptive_lr = self.learning_rate * (1.0 + 0.2 * np.exp(-server_round / 10.0))
UnboundLocalError: local variable 'server_round' referenced before assignment
[2026-01-17 13:13:01,181][flwr][DEBUG] - fit_round 14 received 0 results and 7 failures
[2026-01-17 13:13:01,412][flwr][INFO] - fit progress: (14, 1.4340404903996313, {'rmse': 11782.010694274555, 'mae': 9149.193359375, 'r2': 0.00890437044283554, 'mape': 79.91940307617188, 'accuracy_10': 11.735205352306366, 'accuracy_20': 21.46439254283905}, 10.951994583010674)
[2026-01-17 13:13:01,412][flwr][DEBUG] - evaluate_round 14: strategy sampled 6 clients (out of 12)
[2026-01-17 13:13:01,475][flwr][DEBUG] - evaluate_round 14 received 6 results and 0 failures
[2026-01-17 13:13:01,476][flwr][DEBUG] - fit_round 15: strategy sampled 7 clients (out of 12)
[2026-01-17 13:13:01,505][flwr][ERROR] - [36mray::launch_and_fit()[39m (pid=76424, ip=127.0.0.1)
  File "/Users/dinukaperera/opt/anaconda3/envs/flower_tutorial/lib/python3.10/site-packages/flwr/simulation/ray_transport/ray_client_proxy.py", line 148, in launch_and_fit
    return maybe_call_fit(
  File "/Users/dinukaperera/opt/anaconda3/envs/flower_tutorial/lib/python3.10/site-packages/flwr/client/client.py", line 184, in maybe_call_fit
    return client.fit(fit_ins)
  File "/Users/dinukaperera/opt/anaconda3/envs/flower_tutorial/lib/python3.10/site-packages/flwr/client/app.py", line 297, in _fit
    results = self.numpy_client.fit(parameters, ins.config)  # type: ignore
  File "/Users/dinukaperera/FLwithFlwr/flowertry/client.py", line 569, in fit
    loss, delta_control = self._train_hybrid(config)
  File "/Users/dinukaperera/FLwithFlwr/flowertry/client.py", line 342, in _train_hybrid
    adaptive_lr = self.learning_rate * (1.0 + 0.2 * np.exp(-server_round / 10.0))
UnboundLocalError: local variable 'server_round' referenced before assignment
[2026-01-17 13:13:01,506][flwr][ERROR] - [36mray::launch_and_fit()[39m (pid=76427, ip=127.0.0.1)
  File "/Users/dinukaperera/opt/anaconda3/envs/flower_tutorial/lib/python3.10/site-packages/flwr/simulation/ray_transport/ray_client_proxy.py", line 148, in launch_and_fit
    return maybe_call_fit(
  File "/Users/dinukaperera/opt/anaconda3/envs/flower_tutorial/lib/python3.10/site-packages/flwr/client/client.py", line 184, in maybe_call_fit
    return client.fit(fit_ins)
  File "/Users/dinukaperera/opt/anaconda3/envs/flower_tutorial/lib/python3.10/site-packages/flwr/client/app.py", line 297, in _fit
    results = self.numpy_client.fit(parameters, ins.config)  # type: ignore
  File "/Users/dinukaperera/FLwithFlwr/flowertry/client.py", line 569, in fit
    loss, delta_control = self._train_hybrid(config)
  File "/Users/dinukaperera/FLwithFlwr/flowertry/client.py", line 342, in _train_hybrid
    adaptive_lr = self.learning_rate * (1.0 + 0.2 * np.exp(-server_round / 10.0))
UnboundLocalError: local variable 'server_round' referenced before assignment
[2026-01-17 13:13:01,509][flwr][ERROR] - [36mray::launch_and_fit()[39m (pid=76429, ip=127.0.0.1)
  File "/Users/dinukaperera/opt/anaconda3/envs/flower_tutorial/lib/python3.10/site-packages/flwr/simulation/ray_transport/ray_client_proxy.py", line 148, in launch_and_fit
    return maybe_call_fit(
  File "/Users/dinukaperera/opt/anaconda3/envs/flower_tutorial/lib/python3.10/site-packages/flwr/client/client.py", line 184, in maybe_call_fit
    return client.fit(fit_ins)
  File "/Users/dinukaperera/opt/anaconda3/envs/flower_tutorial/lib/python3.10/site-packages/flwr/client/app.py", line 297, in _fit
    results = self.numpy_client.fit(parameters, ins.config)  # type: ignore
  File "/Users/dinukaperera/FLwithFlwr/flowertry/client.py", line 569, in fit
    loss, delta_control = self._train_hybrid(config)
  File "/Users/dinukaperera/FLwithFlwr/flowertry/client.py", line 342, in _train_hybrid
    adaptive_lr = self.learning_rate * (1.0 + 0.2 * np.exp(-server_round / 10.0))
UnboundLocalError: local variable 'server_round' referenced before assignment
[2026-01-17 13:13:01,510][flwr][ERROR] - [36mray::launch_and_fit()[39m (pid=76425, ip=127.0.0.1)
  File "/Users/dinukaperera/opt/anaconda3/envs/flower_tutorial/lib/python3.10/site-packages/flwr/simulation/ray_transport/ray_client_proxy.py", line 148, in launch_and_fit
    return maybe_call_fit(
  File "/Users/dinukaperera/opt/anaconda3/envs/flower_tutorial/lib/python3.10/site-packages/flwr/client/client.py", line 184, in maybe_call_fit
    return client.fit(fit_ins)
  File "/Users/dinukaperera/opt/anaconda3/envs/flower_tutorial/lib/python3.10/site-packages/flwr/client/app.py", line 297, in _fit
    results = self.numpy_client.fit(parameters, ins.config)  # type: ignore
  File "/Users/dinukaperera/FLwithFlwr/flowertry/client.py", line 569, in fit
    loss, delta_control = self._train_hybrid(config)
  File "/Users/dinukaperera/FLwithFlwr/flowertry/client.py", line 342, in _train_hybrid
    adaptive_lr = self.learning_rate * (1.0 + 0.2 * np.exp(-server_round / 10.0))
UnboundLocalError: local variable 'server_round' referenced before assignment
[2026-01-17 13:13:01,511][flwr][ERROR] - [36mray::launch_and_fit()[39m (pid=76432, ip=127.0.0.1)
  File "/Users/dinukaperera/opt/anaconda3/envs/flower_tutorial/lib/python3.10/site-packages/flwr/simulation/ray_transport/ray_client_proxy.py", line 148, in launch_and_fit
    return maybe_call_fit(
  File "/Users/dinukaperera/opt/anaconda3/envs/flower_tutorial/lib/python3.10/site-packages/flwr/client/client.py", line 184, in maybe_call_fit
    return client.fit(fit_ins)
  File "/Users/dinukaperera/opt/anaconda3/envs/flower_tutorial/lib/python3.10/site-packages/flwr/client/app.py", line 297, in _fit
    results = self.numpy_client.fit(parameters, ins.config)  # type: ignore
  File "/Users/dinukaperera/FLwithFlwr/flowertry/client.py", line 569, in fit
    loss, delta_control = self._train_hybrid(config)
  File "/Users/dinukaperera/FLwithFlwr/flowertry/client.py", line 342, in _train_hybrid
    adaptive_lr = self.learning_rate * (1.0 + 0.2 * np.exp(-server_round / 10.0))
UnboundLocalError: local variable 'server_round' referenced before assignment
[2026-01-17 13:13:01,511][flwr][ERROR] - [36mray::launch_and_fit()[39m (pid=76426, ip=127.0.0.1)
  File "/Users/dinukaperera/opt/anaconda3/envs/flower_tutorial/lib/python3.10/site-packages/flwr/simulation/ray_transport/ray_client_proxy.py", line 148, in launch_and_fit
    return maybe_call_fit(
  File "/Users/dinukaperera/opt/anaconda3/envs/flower_tutorial/lib/python3.10/site-packages/flwr/client/client.py", line 184, in maybe_call_fit
    return client.fit(fit_ins)
  File "/Users/dinukaperera/opt/anaconda3/envs/flower_tutorial/lib/python3.10/site-packages/flwr/client/app.py", line 297, in _fit
    results = self.numpy_client.fit(parameters, ins.config)  # type: ignore
  File "/Users/dinukaperera/FLwithFlwr/flowertry/client.py", line 569, in fit
    loss, delta_control = self._train_hybrid(config)
  File "/Users/dinukaperera/FLwithFlwr/flowertry/client.py", line 342, in _train_hybrid
    adaptive_lr = self.learning_rate * (1.0 + 0.2 * np.exp(-server_round / 10.0))
UnboundLocalError: local variable 'server_round' referenced before assignment
[2026-01-17 13:13:01,512][flwr][ERROR] - [36mray::launch_and_fit()[39m (pid=76431, ip=127.0.0.1)
  File "/Users/dinukaperera/opt/anaconda3/envs/flower_tutorial/lib/python3.10/site-packages/flwr/simulation/ray_transport/ray_client_proxy.py", line 148, in launch_and_fit
    return maybe_call_fit(
  File "/Users/dinukaperera/opt/anaconda3/envs/flower_tutorial/lib/python3.10/site-packages/flwr/client/client.py", line 184, in maybe_call_fit
    return client.fit(fit_ins)
  File "/Users/dinukaperera/opt/anaconda3/envs/flower_tutorial/lib/python3.10/site-packages/flwr/client/app.py", line 297, in _fit
    results = self.numpy_client.fit(parameters, ins.config)  # type: ignore
  File "/Users/dinukaperera/FLwithFlwr/flowertry/client.py", line 569, in fit
    loss, delta_control = self._train_hybrid(config)
  File "/Users/dinukaperera/FLwithFlwr/flowertry/client.py", line 342, in _train_hybrid
    adaptive_lr = self.learning_rate * (1.0 + 0.2 * np.exp(-server_round / 10.0))
UnboundLocalError: local variable 'server_round' referenced before assignment
[2026-01-17 13:13:01,513][flwr][DEBUG] - fit_round 15 received 0 results and 7 failures
[2026-01-17 13:13:01,734][flwr][INFO] - fit progress: (15, 1.4340404903996313, {'rmse': 11782.010694274555, 'mae': 9149.193359375, 'r2': 0.00890437044283554, 'mape': 79.91940307617188, 'accuracy_10': 11.735205352306366, 'accuracy_20': 21.46439254283905}, 11.274160750006558)
[2026-01-17 13:13:01,734][flwr][DEBUG] - evaluate_round 15: strategy sampled 6 clients (out of 12)
[2026-01-17 13:13:01,878][flwr][DEBUG] - evaluate_round 15 received 6 results and 0 failures
[2026-01-17 13:13:01,879][flwr][DEBUG] - fit_round 16: strategy sampled 7 clients (out of 12)
[2026-01-17 13:13:01,912][flwr][ERROR] - [36mray::launch_and_fit()[39m (pid=76426, ip=127.0.0.1)
  File "/Users/dinukaperera/opt/anaconda3/envs/flower_tutorial/lib/python3.10/site-packages/flwr/simulation/ray_transport/ray_client_proxy.py", line 148, in launch_and_fit
    return maybe_call_fit(
  File "/Users/dinukaperera/opt/anaconda3/envs/flower_tutorial/lib/python3.10/site-packages/flwr/client/client.py", line 184, in maybe_call_fit
    return client.fit(fit_ins)
  File "/Users/dinukaperera/opt/anaconda3/envs/flower_tutorial/lib/python3.10/site-packages/flwr/client/app.py", line 297, in _fit
    results = self.numpy_client.fit(parameters, ins.config)  # type: ignore
  File "/Users/dinukaperera/FLwithFlwr/flowertry/client.py", line 569, in fit
    loss, delta_control = self._train_hybrid(config)
  File "/Users/dinukaperera/FLwithFlwr/flowertry/client.py", line 342, in _train_hybrid
    adaptive_lr = self.learning_rate * (1.0 + 0.2 * np.exp(-server_round / 10.0))
UnboundLocalError: local variable 'server_round' referenced before assignment
[2026-01-17 13:13:01,913][flwr][ERROR] - [36mray::launch_and_fit()[39m (pid=76424, ip=127.0.0.1)
  File "/Users/dinukaperera/opt/anaconda3/envs/flower_tutorial/lib/python3.10/site-packages/flwr/simulation/ray_transport/ray_client_proxy.py", line 148, in launch_and_fit
    return maybe_call_fit(
  File "/Users/dinukaperera/opt/anaconda3/envs/flower_tutorial/lib/python3.10/site-packages/flwr/client/client.py", line 184, in maybe_call_fit
    return client.fit(fit_ins)
  File "/Users/dinukaperera/opt/anaconda3/envs/flower_tutorial/lib/python3.10/site-packages/flwr/client/app.py", line 297, in _fit
    results = self.numpy_client.fit(parameters, ins.config)  # type: ignore
  File "/Users/dinukaperera/FLwithFlwr/flowertry/client.py", line 569, in fit
    loss, delta_control = self._train_hybrid(config)
  File "/Users/dinukaperera/FLwithFlwr/flowertry/client.py", line 342, in _train_hybrid
    adaptive_lr = self.learning_rate * (1.0 + 0.2 * np.exp(-server_round / 10.0))
UnboundLocalError: local variable 'server_round' referenced before assignment
[2026-01-17 13:13:01,913][flwr][ERROR] - [36mray::launch_and_fit()[39m (pid=76431, ip=127.0.0.1)
  File "/Users/dinukaperera/opt/anaconda3/envs/flower_tutorial/lib/python3.10/site-packages/flwr/simulation/ray_transport/ray_client_proxy.py", line 148, in launch_and_fit
    return maybe_call_fit(
  File "/Users/dinukaperera/opt/anaconda3/envs/flower_tutorial/lib/python3.10/site-packages/flwr/client/client.py", line 184, in maybe_call_fit
    return client.fit(fit_ins)
  File "/Users/dinukaperera/opt/anaconda3/envs/flower_tutorial/lib/python3.10/site-packages/flwr/client/app.py", line 297, in _fit
    results = self.numpy_client.fit(parameters, ins.config)  # type: ignore
  File "/Users/dinukaperera/FLwithFlwr/flowertry/client.py", line 569, in fit
    loss, delta_control = self._train_hybrid(config)
  File "/Users/dinukaperera/FLwithFlwr/flowertry/client.py", line 342, in _train_hybrid
    adaptive_lr = self.learning_rate * (1.0 + 0.2 * np.exp(-server_round / 10.0))
UnboundLocalError: local variable 'server_round' referenced before assignment
[2026-01-17 13:13:01,915][flwr][ERROR] - [36mray::launch_and_fit()[39m (pid=76425, ip=127.0.0.1)
  File "/Users/dinukaperera/opt/anaconda3/envs/flower_tutorial/lib/python3.10/site-packages/flwr/simulation/ray_transport/ray_client_proxy.py", line 148, in launch_and_fit
    return maybe_call_fit(
  File "/Users/dinukaperera/opt/anaconda3/envs/flower_tutorial/lib/python3.10/site-packages/flwr/client/client.py", line 184, in maybe_call_fit
    return client.fit(fit_ins)
  File "/Users/dinukaperera/opt/anaconda3/envs/flower_tutorial/lib/python3.10/site-packages/flwr/client/app.py", line 297, in _fit
    results = self.numpy_client.fit(parameters, ins.config)  # type: ignore
  File "/Users/dinukaperera/FLwithFlwr/flowertry/client.py", line 569, in fit
    loss, delta_control = self._train_hybrid(config)
  File "/Users/dinukaperera/FLwithFlwr/flowertry/client.py", line 342, in _train_hybrid
    adaptive_lr = self.learning_rate * (1.0 + 0.2 * np.exp(-server_round / 10.0))
UnboundLocalError: local variable 'server_round' referenced before assignment
[2026-01-17 13:13:01,915][flwr][ERROR] - [36mray::launch_and_fit()[39m (pid=76432, ip=127.0.0.1)
  File "/Users/dinukaperera/opt/anaconda3/envs/flower_tutorial/lib/python3.10/site-packages/flwr/simulation/ray_transport/ray_client_proxy.py", line 148, in launch_and_fit
    return maybe_call_fit(
  File "/Users/dinukaperera/opt/anaconda3/envs/flower_tutorial/lib/python3.10/site-packages/flwr/client/client.py", line 184, in maybe_call_fit
    return client.fit(fit_ins)
  File "/Users/dinukaperera/opt/anaconda3/envs/flower_tutorial/lib/python3.10/site-packages/flwr/client/app.py", line 297, in _fit
    results = self.numpy_client.fit(parameters, ins.config)  # type: ignore
  File "/Users/dinukaperera/FLwithFlwr/flowertry/client.py", line 569, in fit
    loss, delta_control = self._train_hybrid(config)
  File "/Users/dinukaperera/FLwithFlwr/flowertry/client.py", line 342, in _train_hybrid
    adaptive_lr = self.learning_rate * (1.0 + 0.2 * np.exp(-server_round / 10.0))
UnboundLocalError: local variable 'server_round' referenced before assignment
[2026-01-17 13:13:01,916][flwr][ERROR] - [36mray::launch_and_fit()[39m (pid=76429, ip=127.0.0.1)
  File "/Users/dinukaperera/opt/anaconda3/envs/flower_tutorial/lib/python3.10/site-packages/flwr/simulation/ray_transport/ray_client_proxy.py", line 148, in launch_and_fit
    return maybe_call_fit(
  File "/Users/dinukaperera/opt/anaconda3/envs/flower_tutorial/lib/python3.10/site-packages/flwr/client/client.py", line 184, in maybe_call_fit
    return client.fit(fit_ins)
  File "/Users/dinukaperera/opt/anaconda3/envs/flower_tutorial/lib/python3.10/site-packages/flwr/client/app.py", line 297, in _fit
    results = self.numpy_client.fit(parameters, ins.config)  # type: ignore
  File "/Users/dinukaperera/FLwithFlwr/flowertry/client.py", line 569, in fit
    loss, delta_control = self._train_hybrid(config)
  File "/Users/dinukaperera/FLwithFlwr/flowertry/client.py", line 342, in _train_hybrid
    adaptive_lr = self.learning_rate * (1.0 + 0.2 * np.exp(-server_round / 10.0))
UnboundLocalError: local variable 'server_round' referenced before assignment
[2026-01-17 13:13:01,919][flwr][ERROR] - [36mray::launch_and_fit()[39m (pid=76427, ip=127.0.0.1)
  File "/Users/dinukaperera/opt/anaconda3/envs/flower_tutorial/lib/python3.10/site-packages/flwr/simulation/ray_transport/ray_client_proxy.py", line 148, in launch_and_fit
    return maybe_call_fit(
  File "/Users/dinukaperera/opt/anaconda3/envs/flower_tutorial/lib/python3.10/site-packages/flwr/client/client.py", line 184, in maybe_call_fit
    return client.fit(fit_ins)
  File "/Users/dinukaperera/opt/anaconda3/envs/flower_tutorial/lib/python3.10/site-packages/flwr/client/app.py", line 297, in _fit
    results = self.numpy_client.fit(parameters, ins.config)  # type: ignore
  File "/Users/dinukaperera/FLwithFlwr/flowertry/client.py", line 569, in fit
    loss, delta_control = self._train_hybrid(config)
  File "/Users/dinukaperera/FLwithFlwr/flowertry/client.py", line 342, in _train_hybrid
    adaptive_lr = self.learning_rate * (1.0 + 0.2 * np.exp(-server_round / 10.0))
UnboundLocalError: local variable 'server_round' referenced before assignment
[2026-01-17 13:13:01,920][flwr][DEBUG] - fit_round 16 received 0 results and 7 failures
[2026-01-17 13:13:02,142][flwr][INFO] - fit progress: (16, 1.4340404903996313, {'rmse': 11782.010694274555, 'mae': 9149.193359375, 'r2': 0.00890437044283554, 'mape': 79.91940307617188, 'accuracy_10': 11.735205352306366, 'accuracy_20': 21.46439254283905}, 11.682581333006965)
[2026-01-17 13:13:02,143][flwr][DEBUG] - evaluate_round 16: strategy sampled 6 clients (out of 12)
[2026-01-17 13:13:02,318][flwr][DEBUG] - evaluate_round 16 received 6 results and 0 failures
[2026-01-17 13:13:02,318][flwr][DEBUG] - fit_round 17: strategy sampled 7 clients (out of 12)
[2026-01-17 13:13:02,345][flwr][ERROR] - [36mray::launch_and_fit()[39m (pid=76425, ip=127.0.0.1)
  File "/Users/dinukaperera/opt/anaconda3/envs/flower_tutorial/lib/python3.10/site-packages/flwr/simulation/ray_transport/ray_client_proxy.py", line 148, in launch_and_fit
    return maybe_call_fit(
  File "/Users/dinukaperera/opt/anaconda3/envs/flower_tutorial/lib/python3.10/site-packages/flwr/client/client.py", line 184, in maybe_call_fit
    return client.fit(fit_ins)
  File "/Users/dinukaperera/opt/anaconda3/envs/flower_tutorial/lib/python3.10/site-packages/flwr/client/app.py", line 297, in _fit
    results = self.numpy_client.fit(parameters, ins.config)  # type: ignore
  File "/Users/dinukaperera/FLwithFlwr/flowertry/client.py", line 569, in fit
    loss, delta_control = self._train_hybrid(config)
  File "/Users/dinukaperera/FLwithFlwr/flowertry/client.py", line 342, in _train_hybrid
    adaptive_lr = self.learning_rate * (1.0 + 0.2 * np.exp(-server_round / 10.0))
UnboundLocalError: local variable 'server_round' referenced before assignment
[2026-01-17 13:13:02,348][flwr][ERROR] - [36mray::launch_and_fit()[39m (pid=76427, ip=127.0.0.1)
  File "/Users/dinukaperera/opt/anaconda3/envs/flower_tutorial/lib/python3.10/site-packages/flwr/simulation/ray_transport/ray_client_proxy.py", line 148, in launch_and_fit
    return maybe_call_fit(
  File "/Users/dinukaperera/opt/anaconda3/envs/flower_tutorial/lib/python3.10/site-packages/flwr/client/client.py", line 184, in maybe_call_fit
    return client.fit(fit_ins)
  File "/Users/dinukaperera/opt/anaconda3/envs/flower_tutorial/lib/python3.10/site-packages/flwr/client/app.py", line 297, in _fit
    results = self.numpy_client.fit(parameters, ins.config)  # type: ignore
  File "/Users/dinukaperera/FLwithFlwr/flowertry/client.py", line 569, in fit
    loss, delta_control = self._train_hybrid(config)
  File "/Users/dinukaperera/FLwithFlwr/flowertry/client.py", line 342, in _train_hybrid
    adaptive_lr = self.learning_rate * (1.0 + 0.2 * np.exp(-server_round / 10.0))
UnboundLocalError: local variable 'server_round' referenced before assignment
[2026-01-17 13:13:02,349][flwr][ERROR] - [36mray::launch_and_fit()[39m (pid=76424, ip=127.0.0.1)
  File "/Users/dinukaperera/opt/anaconda3/envs/flower_tutorial/lib/python3.10/site-packages/flwr/simulation/ray_transport/ray_client_proxy.py", line 148, in launch_and_fit
    return maybe_call_fit(
  File "/Users/dinukaperera/opt/anaconda3/envs/flower_tutorial/lib/python3.10/site-packages/flwr/client/client.py", line 184, in maybe_call_fit
    return client.fit(fit_ins)
  File "/Users/dinukaperera/opt/anaconda3/envs/flower_tutorial/lib/python3.10/site-packages/flwr/client/app.py", line 297, in _fit
    results = self.numpy_client.fit(parameters, ins.config)  # type: ignore
  File "/Users/dinukaperera/FLwithFlwr/flowertry/client.py", line 569, in fit
    loss, delta_control = self._train_hybrid(config)
  File "/Users/dinukaperera/FLwithFlwr/flowertry/client.py", line 342, in _train_hybrid
    adaptive_lr = self.learning_rate * (1.0 + 0.2 * np.exp(-server_round / 10.0))
UnboundLocalError: local variable 'server_round' referenced before assignment
[2026-01-17 13:13:02,352][flwr][ERROR] - [36mray::launch_and_fit()[39m (pid=76431, ip=127.0.0.1)
  File "/Users/dinukaperera/opt/anaconda3/envs/flower_tutorial/lib/python3.10/site-packages/flwr/simulation/ray_transport/ray_client_proxy.py", line 148, in launch_and_fit
    return maybe_call_fit(
  File "/Users/dinukaperera/opt/anaconda3/envs/flower_tutorial/lib/python3.10/site-packages/flwr/client/client.py", line 184, in maybe_call_fit
    return client.fit(fit_ins)
  File "/Users/dinukaperera/opt/anaconda3/envs/flower_tutorial/lib/python3.10/site-packages/flwr/client/app.py", line 297, in _fit
    results = self.numpy_client.fit(parameters, ins.config)  # type: ignore
  File "/Users/dinukaperera/FLwithFlwr/flowertry/client.py", line 569, in fit
    loss, delta_control = self._train_hybrid(config)
  File "/Users/dinukaperera/FLwithFlwr/flowertry/client.py", line 342, in _train_hybrid
    adaptive_lr = self.learning_rate * (1.0 + 0.2 * np.exp(-server_round / 10.0))
UnboundLocalError: local variable 'server_round' referenced before assignment
[2026-01-17 13:13:02,353][flwr][ERROR] - [36mray::launch_and_fit()[39m (pid=76429, ip=127.0.0.1)
  File "/Users/dinukaperera/opt/anaconda3/envs/flower_tutorial/lib/python3.10/site-packages/flwr/simulation/ray_transport/ray_client_proxy.py", line 148, in launch_and_fit
    return maybe_call_fit(
  File "/Users/dinukaperera/opt/anaconda3/envs/flower_tutorial/lib/python3.10/site-packages/flwr/client/client.py", line 184, in maybe_call_fit
    return client.fit(fit_ins)
  File "/Users/dinukaperera/opt/anaconda3/envs/flower_tutorial/lib/python3.10/site-packages/flwr/client/app.py", line 297, in _fit
    results = self.numpy_client.fit(parameters, ins.config)  # type: ignore
  File "/Users/dinukaperera/FLwithFlwr/flowertry/client.py", line 569, in fit
    loss, delta_control = self._train_hybrid(config)
  File "/Users/dinukaperera/FLwithFlwr/flowertry/client.py", line 342, in _train_hybrid
    adaptive_lr = self.learning_rate * (1.0 + 0.2 * np.exp(-server_round / 10.0))
UnboundLocalError: local variable 'server_round' referenced before assignment
[2026-01-17 13:13:02,355][flwr][ERROR] - [36mray::launch_and_fit()[39m (pid=76432, ip=127.0.0.1)
  File "/Users/dinukaperera/opt/anaconda3/envs/flower_tutorial/lib/python3.10/site-packages/flwr/simulation/ray_transport/ray_client_proxy.py", line 148, in launch_and_fit
    return maybe_call_fit(
  File "/Users/dinukaperera/opt/anaconda3/envs/flower_tutorial/lib/python3.10/site-packages/flwr/client/client.py", line 184, in maybe_call_fit
    return client.fit(fit_ins)
  File "/Users/dinukaperera/opt/anaconda3/envs/flower_tutorial/lib/python3.10/site-packages/flwr/client/app.py", line 297, in _fit
    results = self.numpy_client.fit(parameters, ins.config)  # type: ignore
  File "/Users/dinukaperera/FLwithFlwr/flowertry/client.py", line 569, in fit
    loss, delta_control = self._train_hybrid(config)
  File "/Users/dinukaperera/FLwithFlwr/flowertry/client.py", line 342, in _train_hybrid
    adaptive_lr = self.learning_rate * (1.0 + 0.2 * np.exp(-server_round / 10.0))
UnboundLocalError: local variable 'server_round' referenced before assignment
[2026-01-17 13:13:02,355][flwr][ERROR] - [36mray::launch_and_fit()[39m (pid=76426, ip=127.0.0.1)
  File "/Users/dinukaperera/opt/anaconda3/envs/flower_tutorial/lib/python3.10/site-packages/flwr/simulation/ray_transport/ray_client_proxy.py", line 148, in launch_and_fit
    return maybe_call_fit(
  File "/Users/dinukaperera/opt/anaconda3/envs/flower_tutorial/lib/python3.10/site-packages/flwr/client/client.py", line 184, in maybe_call_fit
    return client.fit(fit_ins)
  File "/Users/dinukaperera/opt/anaconda3/envs/flower_tutorial/lib/python3.10/site-packages/flwr/client/app.py", line 297, in _fit
    results = self.numpy_client.fit(parameters, ins.config)  # type: ignore
  File "/Users/dinukaperera/FLwithFlwr/flowertry/client.py", line 569, in fit
    loss, delta_control = self._train_hybrid(config)
  File "/Users/dinukaperera/FLwithFlwr/flowertry/client.py", line 342, in _train_hybrid
    adaptive_lr = self.learning_rate * (1.0 + 0.2 * np.exp(-server_round / 10.0))
UnboundLocalError: local variable 'server_round' referenced before assignment
[2026-01-17 13:13:02,356][flwr][DEBUG] - fit_round 17 received 0 results and 7 failures
[2026-01-17 13:13:02,582][flwr][INFO] - fit progress: (17, 1.4340404903996313, {'rmse': 11782.010694274555, 'mae': 9149.193359375, 'r2': 0.00890437044283554, 'mape': 79.91940307617188, 'accuracy_10': 11.735205352306366, 'accuracy_20': 21.46439254283905}, 12.122746750013903)
[2026-01-17 13:13:02,583][flwr][DEBUG] - evaluate_round 17: strategy sampled 6 clients (out of 12)
[2026-01-17 13:13:02,647][flwr][DEBUG] - evaluate_round 17 received 6 results and 0 failures
[2026-01-17 13:13:02,648][flwr][DEBUG] - fit_round 18: strategy sampled 7 clients (out of 12)
[2026-01-17 13:13:02,677][flwr][ERROR] - [36mray::launch_and_fit()[39m (pid=76427, ip=127.0.0.1)
  File "/Users/dinukaperera/opt/anaconda3/envs/flower_tutorial/lib/python3.10/site-packages/flwr/simulation/ray_transport/ray_client_proxy.py", line 148, in launch_and_fit
    return maybe_call_fit(
  File "/Users/dinukaperera/opt/anaconda3/envs/flower_tutorial/lib/python3.10/site-packages/flwr/client/client.py", line 184, in maybe_call_fit
    return client.fit(fit_ins)
  File "/Users/dinukaperera/opt/anaconda3/envs/flower_tutorial/lib/python3.10/site-packages/flwr/client/app.py", line 297, in _fit
    results = self.numpy_client.fit(parameters, ins.config)  # type: ignore
  File "/Users/dinukaperera/FLwithFlwr/flowertry/client.py", line 569, in fit
    loss, delta_control = self._train_hybrid(config)
  File "/Users/dinukaperera/FLwithFlwr/flowertry/client.py", line 342, in _train_hybrid
    adaptive_lr = self.learning_rate * (1.0 + 0.2 * np.exp(-server_round / 10.0))
UnboundLocalError: local variable 'server_round' referenced before assignment
[2026-01-17 13:13:02,678][flwr][ERROR] - [36mray::launch_and_fit()[39m (pid=76431, ip=127.0.0.1)
  File "/Users/dinukaperera/opt/anaconda3/envs/flower_tutorial/lib/python3.10/site-packages/flwr/simulation/ray_transport/ray_client_proxy.py", line 148, in launch_and_fit
    return maybe_call_fit(
  File "/Users/dinukaperera/opt/anaconda3/envs/flower_tutorial/lib/python3.10/site-packages/flwr/client/client.py", line 184, in maybe_call_fit
    return client.fit(fit_ins)
  File "/Users/dinukaperera/opt/anaconda3/envs/flower_tutorial/lib/python3.10/site-packages/flwr/client/app.py", line 297, in _fit
    results = self.numpy_client.fit(parameters, ins.config)  # type: ignore
  File "/Users/dinukaperera/FLwithFlwr/flowertry/client.py", line 569, in fit
    loss, delta_control = self._train_hybrid(config)
  File "/Users/dinukaperera/FLwithFlwr/flowertry/client.py", line 342, in _train_hybrid
    adaptive_lr = self.learning_rate * (1.0 + 0.2 * np.exp(-server_round / 10.0))
UnboundLocalError: local variable 'server_round' referenced before assignment
[2026-01-17 13:13:02,680][flwr][ERROR] - [36mray::launch_and_fit()[39m (pid=76429, ip=127.0.0.1)
  File "/Users/dinukaperera/opt/anaconda3/envs/flower_tutorial/lib/python3.10/site-packages/flwr/simulation/ray_transport/ray_client_proxy.py", line 148, in launch_and_fit
    return maybe_call_fit(
  File "/Users/dinukaperera/opt/anaconda3/envs/flower_tutorial/lib/python3.10/site-packages/flwr/client/client.py", line 184, in maybe_call_fit
    return client.fit(fit_ins)
  File "/Users/dinukaperera/opt/anaconda3/envs/flower_tutorial/lib/python3.10/site-packages/flwr/client/app.py", line 297, in _fit
    results = self.numpy_client.fit(parameters, ins.config)  # type: ignore
  File "/Users/dinukaperera/FLwithFlwr/flowertry/client.py", line 569, in fit
    loss, delta_control = self._train_hybrid(config)
  File "/Users/dinukaperera/FLwithFlwr/flowertry/client.py", line 342, in _train_hybrid
    adaptive_lr = self.learning_rate * (1.0 + 0.2 * np.exp(-server_round / 10.0))
UnboundLocalError: local variable 'server_round' referenced before assignment
[2026-01-17 13:13:02,682][flwr][ERROR] - [36mray::launch_and_fit()[39m (pid=76424, ip=127.0.0.1)
  File "/Users/dinukaperera/opt/anaconda3/envs/flower_tutorial/lib/python3.10/site-packages/flwr/simulation/ray_transport/ray_client_proxy.py", line 148, in launch_and_fit
    return maybe_call_fit(
  File "/Users/dinukaperera/opt/anaconda3/envs/flower_tutorial/lib/python3.10/site-packages/flwr/client/client.py", line 184, in maybe_call_fit
    return client.fit(fit_ins)
  File "/Users/dinukaperera/opt/anaconda3/envs/flower_tutorial/lib/python3.10/site-packages/flwr/client/app.py", line 297, in _fit
    results = self.numpy_client.fit(parameters, ins.config)  # type: ignore
  File "/Users/dinukaperera/FLwithFlwr/flowertry/client.py", line 569, in fit
    loss, delta_control = self._train_hybrid(config)
  File "/Users/dinukaperera/FLwithFlwr/flowertry/client.py", line 342, in _train_hybrid
    adaptive_lr = self.learning_rate * (1.0 + 0.2 * np.exp(-server_round / 10.0))
UnboundLocalError: local variable 'server_round' referenced before assignment
[2026-01-17 13:13:02,683][flwr][ERROR] - [36mray::launch_and_fit()[39m (pid=76432, ip=127.0.0.1)
  File "/Users/dinukaperera/opt/anaconda3/envs/flower_tutorial/lib/python3.10/site-packages/flwr/simulation/ray_transport/ray_client_proxy.py", line 148, in launch_and_fit
    return maybe_call_fit(
  File "/Users/dinukaperera/opt/anaconda3/envs/flower_tutorial/lib/python3.10/site-packages/flwr/client/client.py", line 184, in maybe_call_fit
    return client.fit(fit_ins)
  File "/Users/dinukaperera/opt/anaconda3/envs/flower_tutorial/lib/python3.10/site-packages/flwr/client/app.py", line 297, in _fit
    results = self.numpy_client.fit(parameters, ins.config)  # type: ignore
  File "/Users/dinukaperera/FLwithFlwr/flowertry/client.py", line 569, in fit
    loss, delta_control = self._train_hybrid(config)
  File "/Users/dinukaperera/FLwithFlwr/flowertry/client.py", line 342, in _train_hybrid
    adaptive_lr = self.learning_rate * (1.0 + 0.2 * np.exp(-server_round / 10.0))
UnboundLocalError: local variable 'server_round' referenced before assignment
[2026-01-17 13:13:02,683][flwr][ERROR] - [36mray::launch_and_fit()[39m (pid=76425, ip=127.0.0.1)
  File "/Users/dinukaperera/opt/anaconda3/envs/flower_tutorial/lib/python3.10/site-packages/flwr/simulation/ray_transport/ray_client_proxy.py", line 148, in launch_and_fit
    return maybe_call_fit(
  File "/Users/dinukaperera/opt/anaconda3/envs/flower_tutorial/lib/python3.10/site-packages/flwr/client/client.py", line 184, in maybe_call_fit
    return client.fit(fit_ins)
  File "/Users/dinukaperera/opt/anaconda3/envs/flower_tutorial/lib/python3.10/site-packages/flwr/client/app.py", line 297, in _fit
    results = self.numpy_client.fit(parameters, ins.config)  # type: ignore
  File "/Users/dinukaperera/FLwithFlwr/flowertry/client.py", line 569, in fit
    loss, delta_control = self._train_hybrid(config)
  File "/Users/dinukaperera/FLwithFlwr/flowertry/client.py", line 342, in _train_hybrid
    adaptive_lr = self.learning_rate * (1.0 + 0.2 * np.exp(-server_round / 10.0))
UnboundLocalError: local variable 'server_round' referenced before assignment
[2026-01-17 13:13:02,684][flwr][ERROR] - [36mray::launch_and_fit()[39m (pid=76426, ip=127.0.0.1)
  File "/Users/dinukaperera/opt/anaconda3/envs/flower_tutorial/lib/python3.10/site-packages/flwr/simulation/ray_transport/ray_client_proxy.py", line 148, in launch_and_fit
    return maybe_call_fit(
  File "/Users/dinukaperera/opt/anaconda3/envs/flower_tutorial/lib/python3.10/site-packages/flwr/client/client.py", line 184, in maybe_call_fit
    return client.fit(fit_ins)
  File "/Users/dinukaperera/opt/anaconda3/envs/flower_tutorial/lib/python3.10/site-packages/flwr/client/app.py", line 297, in _fit
    results = self.numpy_client.fit(parameters, ins.config)  # type: ignore
  File "/Users/dinukaperera/FLwithFlwr/flowertry/client.py", line 569, in fit
    loss, delta_control = self._train_hybrid(config)
  File "/Users/dinukaperera/FLwithFlwr/flowertry/client.py", line 342, in _train_hybrid
    adaptive_lr = self.learning_rate * (1.0 + 0.2 * np.exp(-server_round / 10.0))
UnboundLocalError: local variable 'server_round' referenced before assignment
[2026-01-17 13:13:02,685][flwr][DEBUG] - fit_round 18 received 0 results and 7 failures
[2026-01-17 13:13:02,900][flwr][INFO] - fit progress: (18, 1.4340404903996313, {'rmse': 11782.010694274555, 'mae': 9149.193359375, 'r2': 0.00890437044283554, 'mape': 79.91940307617188, 'accuracy_10': 11.735205352306366, 'accuracy_20': 21.46439254283905}, 12.440633166988846)
[2026-01-17 13:13:02,901][flwr][DEBUG] - evaluate_round 18: strategy sampled 6 clients (out of 12)
[2026-01-17 13:13:02,967][flwr][DEBUG] - evaluate_round 18 received 6 results and 0 failures
[2026-01-17 13:13:02,967][flwr][DEBUG] - fit_round 19: strategy sampled 7 clients (out of 12)
[2026-01-17 13:13:02,993][flwr][ERROR] - [36mray::launch_and_fit()[39m (pid=76426, ip=127.0.0.1)
  File "/Users/dinukaperera/opt/anaconda3/envs/flower_tutorial/lib/python3.10/site-packages/flwr/simulation/ray_transport/ray_client_proxy.py", line 148, in launch_and_fit
    return maybe_call_fit(
  File "/Users/dinukaperera/opt/anaconda3/envs/flower_tutorial/lib/python3.10/site-packages/flwr/client/client.py", line 184, in maybe_call_fit
    return client.fit(fit_ins)
  File "/Users/dinukaperera/opt/anaconda3/envs/flower_tutorial/lib/python3.10/site-packages/flwr/client/app.py", line 297, in _fit
    results = self.numpy_client.fit(parameters, ins.config)  # type: ignore
  File "/Users/dinukaperera/FLwithFlwr/flowertry/client.py", line 569, in fit
    loss, delta_control = self._train_hybrid(config)
  File "/Users/dinukaperera/FLwithFlwr/flowertry/client.py", line 342, in _train_hybrid
    adaptive_lr = self.learning_rate * (1.0 + 0.2 * np.exp(-server_round / 10.0))
UnboundLocalError: local variable 'server_round' referenced before assignment
[2026-01-17 13:13:02,998][flwr][ERROR] - [36mray::launch_and_fit()[39m (pid=76429, ip=127.0.0.1)
  File "/Users/dinukaperera/opt/anaconda3/envs/flower_tutorial/lib/python3.10/site-packages/flwr/simulation/ray_transport/ray_client_proxy.py", line 148, in launch_and_fit
    return maybe_call_fit(
  File "/Users/dinukaperera/opt/anaconda3/envs/flower_tutorial/lib/python3.10/site-packages/flwr/client/client.py", line 184, in maybe_call_fit
    return client.fit(fit_ins)
  File "/Users/dinukaperera/opt/anaconda3/envs/flower_tutorial/lib/python3.10/site-packages/flwr/client/app.py", line 297, in _fit
    results = self.numpy_client.fit(parameters, ins.config)  # type: ignore
  File "/Users/dinukaperera/FLwithFlwr/flowertry/client.py", line 569, in fit
    loss, delta_control = self._train_hybrid(config)
  File "/Users/dinukaperera/FLwithFlwr/flowertry/client.py", line 342, in _train_hybrid
    adaptive_lr = self.learning_rate * (1.0 + 0.2 * np.exp(-server_round / 10.0))
UnboundLocalError: local variable 'server_round' referenced before assignment
[2026-01-17 13:13:03,004][flwr][ERROR] - [36mray::launch_and_fit()[39m (pid=76431, ip=127.0.0.1)
  File "/Users/dinukaperera/opt/anaconda3/envs/flower_tutorial/lib/python3.10/site-packages/flwr/simulation/ray_transport/ray_client_proxy.py", line 148, in launch_and_fit
    return maybe_call_fit(
  File "/Users/dinukaperera/opt/anaconda3/envs/flower_tutorial/lib/python3.10/site-packages/flwr/client/client.py", line 184, in maybe_call_fit
    return client.fit(fit_ins)
  File "/Users/dinukaperera/opt/anaconda3/envs/flower_tutorial/lib/python3.10/site-packages/flwr/client/app.py", line 297, in _fit
    results = self.numpy_client.fit(parameters, ins.config)  # type: ignore
  File "/Users/dinukaperera/FLwithFlwr/flowertry/client.py", line 569, in fit
    loss, delta_control = self._train_hybrid(config)
  File "/Users/dinukaperera/FLwithFlwr/flowertry/client.py", line 342, in _train_hybrid
    adaptive_lr = self.learning_rate * (1.0 + 0.2 * np.exp(-server_round / 10.0))
UnboundLocalError: local variable 'server_round' referenced before assignment
[2026-01-17 13:13:03,004][flwr][ERROR] - [36mray::launch_and_fit()[39m (pid=76425, ip=127.0.0.1)
  File "/Users/dinukaperera/opt/anaconda3/envs/flower_tutorial/lib/python3.10/site-packages/flwr/simulation/ray_transport/ray_client_proxy.py", line 148, in launch_and_fit
    return maybe_call_fit(
  File "/Users/dinukaperera/opt/anaconda3/envs/flower_tutorial/lib/python3.10/site-packages/flwr/client/client.py", line 184, in maybe_call_fit
    return client.fit(fit_ins)
  File "/Users/dinukaperera/opt/anaconda3/envs/flower_tutorial/lib/python3.10/site-packages/flwr/client/app.py", line 297, in _fit
    results = self.numpy_client.fit(parameters, ins.config)  # type: ignore
  File "/Users/dinukaperera/FLwithFlwr/flowertry/client.py", line 569, in fit
    loss, delta_control = self._train_hybrid(config)
  File "/Users/dinukaperera/FLwithFlwr/flowertry/client.py", line 342, in _train_hybrid
    adaptive_lr = self.learning_rate * (1.0 + 0.2 * np.exp(-server_round / 10.0))
UnboundLocalError: local variable 'server_round' referenced before assignment
[2026-01-17 13:13:03,005][flwr][ERROR] - [36mray::launch_and_fit()[39m (pid=76432, ip=127.0.0.1)
  File "/Users/dinukaperera/opt/anaconda3/envs/flower_tutorial/lib/python3.10/site-packages/flwr/simulation/ray_transport/ray_client_proxy.py", line 148, in launch_and_fit
    return maybe_call_fit(
  File "/Users/dinukaperera/opt/anaconda3/envs/flower_tutorial/lib/python3.10/site-packages/flwr/client/client.py", line 184, in maybe_call_fit
    return client.fit(fit_ins)
  File "/Users/dinukaperera/opt/anaconda3/envs/flower_tutorial/lib/python3.10/site-packages/flwr/client/app.py", line 297, in _fit
    results = self.numpy_client.fit(parameters, ins.config)  # type: ignore
  File "/Users/dinukaperera/FLwithFlwr/flowertry/client.py", line 569, in fit
    loss, delta_control = self._train_hybrid(config)
  File "/Users/dinukaperera/FLwithFlwr/flowertry/client.py", line 342, in _train_hybrid
    adaptive_lr = self.learning_rate * (1.0 + 0.2 * np.exp(-server_round / 10.0))
UnboundLocalError: local variable 'server_round' referenced before assignment
[2026-01-17 13:13:03,005][flwr][ERROR] - [36mray::launch_and_fit()[39m (pid=76427, ip=127.0.0.1)
  File "/Users/dinukaperera/opt/anaconda3/envs/flower_tutorial/lib/python3.10/site-packages/flwr/simulation/ray_transport/ray_client_proxy.py", line 148, in launch_and_fit
    return maybe_call_fit(
  File "/Users/dinukaperera/opt/anaconda3/envs/flower_tutorial/lib/python3.10/site-packages/flwr/client/client.py", line 184, in maybe_call_fit
    return client.fit(fit_ins)
  File "/Users/dinukaperera/opt/anaconda3/envs/flower_tutorial/lib/python3.10/site-packages/flwr/client/app.py", line 297, in _fit
    results = self.numpy_client.fit(parameters, ins.config)  # type: ignore
  File "/Users/dinukaperera/FLwithFlwr/flowertry/client.py", line 569, in fit
    loss, delta_control = self._train_hybrid(config)
  File "/Users/dinukaperera/FLwithFlwr/flowertry/client.py", line 342, in _train_hybrid
    adaptive_lr = self.learning_rate * (1.0 + 0.2 * np.exp(-server_round / 10.0))
UnboundLocalError: local variable 'server_round' referenced before assignment
[2026-01-17 13:13:03,005][flwr][ERROR] - [36mray::launch_and_fit()[39m (pid=76424, ip=127.0.0.1)
  File "/Users/dinukaperera/opt/anaconda3/envs/flower_tutorial/lib/python3.10/site-packages/flwr/simulation/ray_transport/ray_client_proxy.py", line 148, in launch_and_fit
    return maybe_call_fit(
  File "/Users/dinukaperera/opt/anaconda3/envs/flower_tutorial/lib/python3.10/site-packages/flwr/client/client.py", line 184, in maybe_call_fit
    return client.fit(fit_ins)
  File "/Users/dinukaperera/opt/anaconda3/envs/flower_tutorial/lib/python3.10/site-packages/flwr/client/app.py", line 297, in _fit
    results = self.numpy_client.fit(parameters, ins.config)  # type: ignore
  File "/Users/dinukaperera/FLwithFlwr/flowertry/client.py", line 569, in fit
    loss, delta_control = self._train_hybrid(config)
  File "/Users/dinukaperera/FLwithFlwr/flowertry/client.py", line 342, in _train_hybrid
    adaptive_lr = self.learning_rate * (1.0 + 0.2 * np.exp(-server_round / 10.0))
UnboundLocalError: local variable 'server_round' referenced before assignment
[2026-01-17 13:13:03,010][flwr][DEBUG] - fit_round 19 received 0 results and 7 failures
[2026-01-17 13:13:03,236][flwr][INFO] - fit progress: (19, 1.4340404903996313, {'rmse': 11782.010694274555, 'mae': 9149.193359375, 'r2': 0.00890437044283554, 'mape': 79.91940307617188, 'accuracy_10': 11.735205352306366, 'accuracy_20': 21.46439254283905}, 12.77616529201623)
[2026-01-17 13:13:03,236][flwr][DEBUG] - evaluate_round 19: strategy sampled 6 clients (out of 12)
[2026-01-17 13:13:03,377][flwr][DEBUG] - evaluate_round 19 received 6 results and 0 failures
[2026-01-17 13:13:03,377][flwr][DEBUG] - fit_round 20: strategy sampled 7 clients (out of 12)
[2026-01-17 13:13:03,406][flwr][ERROR] - [36mray::launch_and_fit()[39m (pid=76429, ip=127.0.0.1)
  File "/Users/dinukaperera/opt/anaconda3/envs/flower_tutorial/lib/python3.10/site-packages/flwr/simulation/ray_transport/ray_client_proxy.py", line 148, in launch_and_fit
    return maybe_call_fit(
  File "/Users/dinukaperera/opt/anaconda3/envs/flower_tutorial/lib/python3.10/site-packages/flwr/client/client.py", line 184, in maybe_call_fit
    return client.fit(fit_ins)
  File "/Users/dinukaperera/opt/anaconda3/envs/flower_tutorial/lib/python3.10/site-packages/flwr/client/app.py", line 297, in _fit
    results = self.numpy_client.fit(parameters, ins.config)  # type: ignore
  File "/Users/dinukaperera/FLwithFlwr/flowertry/client.py", line 569, in fit
    loss, delta_control = self._train_hybrid(config)
  File "/Users/dinukaperera/FLwithFlwr/flowertry/client.py", line 342, in _train_hybrid
    adaptive_lr = self.learning_rate * (1.0 + 0.2 * np.exp(-server_round / 10.0))
UnboundLocalError: local variable 'server_round' referenced before assignment
[2026-01-17 13:13:03,407][flwr][ERROR] - [36mray::launch_and_fit()[39m (pid=76432, ip=127.0.0.1)
  File "/Users/dinukaperera/opt/anaconda3/envs/flower_tutorial/lib/python3.10/site-packages/flwr/simulation/ray_transport/ray_client_proxy.py", line 148, in launch_and_fit
    return maybe_call_fit(
  File "/Users/dinukaperera/opt/anaconda3/envs/flower_tutorial/lib/python3.10/site-packages/flwr/client/client.py", line 184, in maybe_call_fit
    return client.fit(fit_ins)
  File "/Users/dinukaperera/opt/anaconda3/envs/flower_tutorial/lib/python3.10/site-packages/flwr/client/app.py", line 297, in _fit
    results = self.numpy_client.fit(parameters, ins.config)  # type: ignore
  File "/Users/dinukaperera/FLwithFlwr/flowertry/client.py", line 569, in fit
    loss, delta_control = self._train_hybrid(config)
  File "/Users/dinukaperera/FLwithFlwr/flowertry/client.py", line 342, in _train_hybrid
    adaptive_lr = self.learning_rate * (1.0 + 0.2 * np.exp(-server_round / 10.0))
UnboundLocalError: local variable 'server_round' referenced before assignment
[2026-01-17 13:13:03,408][flwr][ERROR] - [36mray::launch_and_fit()[39m (pid=76425, ip=127.0.0.1)
  File "/Users/dinukaperera/opt/anaconda3/envs/flower_tutorial/lib/python3.10/site-packages/flwr/simulation/ray_transport/ray_client_proxy.py", line 148, in launch_and_fit
    return maybe_call_fit(
  File "/Users/dinukaperera/opt/anaconda3/envs/flower_tutorial/lib/python3.10/site-packages/flwr/client/client.py", line 184, in maybe_call_fit
    return client.fit(fit_ins)
  File "/Users/dinukaperera/opt/anaconda3/envs/flower_tutorial/lib/python3.10/site-packages/flwr/client/app.py", line 297, in _fit
    results = self.numpy_client.fit(parameters, ins.config)  # type: ignore
  File "/Users/dinukaperera/FLwithFlwr/flowertry/client.py", line 569, in fit
    loss, delta_control = self._train_hybrid(config)
  File "/Users/dinukaperera/FLwithFlwr/flowertry/client.py", line 342, in _train_hybrid
    adaptive_lr = self.learning_rate * (1.0 + 0.2 * np.exp(-server_round / 10.0))
UnboundLocalError: local variable 'server_round' referenced before assignment
[2026-01-17 13:13:03,409][flwr][ERROR] - [36mray::launch_and_fit()[39m (pid=76424, ip=127.0.0.1)
  File "/Users/dinukaperera/opt/anaconda3/envs/flower_tutorial/lib/python3.10/site-packages/flwr/simulation/ray_transport/ray_client_proxy.py", line 148, in launch_and_fit
    return maybe_call_fit(
  File "/Users/dinukaperera/opt/anaconda3/envs/flower_tutorial/lib/python3.10/site-packages/flwr/client/client.py", line 184, in maybe_call_fit
    return client.fit(fit_ins)
  File "/Users/dinukaperera/opt/anaconda3/envs/flower_tutorial/lib/python3.10/site-packages/flwr/client/app.py", line 297, in _fit
    results = self.numpy_client.fit(parameters, ins.config)  # type: ignore
  File "/Users/dinukaperera/FLwithFlwr/flowertry/client.py", line 569, in fit
    loss, delta_control = self._train_hybrid(config)
  File "/Users/dinukaperera/FLwithFlwr/flowertry/client.py", line 342, in _train_hybrid
    adaptive_lr = self.learning_rate * (1.0 + 0.2 * np.exp(-server_round / 10.0))
UnboundLocalError: local variable 'server_round' referenced before assignment
[2026-01-17 13:13:03,412][flwr][ERROR] - [36mray::launch_and_fit()[39m (pid=76427, ip=127.0.0.1)
  File "/Users/dinukaperera/opt/anaconda3/envs/flower_tutorial/lib/python3.10/site-packages/flwr/simulation/ray_transport/ray_client_proxy.py", line 148, in launch_and_fit
    return maybe_call_fit(
  File "/Users/dinukaperera/opt/anaconda3/envs/flower_tutorial/lib/python3.10/site-packages/flwr/client/client.py", line 184, in maybe_call_fit
    return client.fit(fit_ins)
  File "/Users/dinukaperera/opt/anaconda3/envs/flower_tutorial/lib/python3.10/site-packages/flwr/client/app.py", line 297, in _fit
    results = self.numpy_client.fit(parameters, ins.config)  # type: ignore
  File "/Users/dinukaperera/FLwithFlwr/flowertry/client.py", line 569, in fit
    loss, delta_control = self._train_hybrid(config)
  File "/Users/dinukaperera/FLwithFlwr/flowertry/client.py", line 342, in _train_hybrid
    adaptive_lr = self.learning_rate * (1.0 + 0.2 * np.exp(-server_round / 10.0))
UnboundLocalError: local variable 'server_round' referenced before assignment
[2026-01-17 13:13:03,412][flwr][ERROR] - [36mray::launch_and_fit()[39m (pid=76431, ip=127.0.0.1)
  File "/Users/dinukaperera/opt/anaconda3/envs/flower_tutorial/lib/python3.10/site-packages/flwr/simulation/ray_transport/ray_client_proxy.py", line 148, in launch_and_fit
    return maybe_call_fit(
  File "/Users/dinukaperera/opt/anaconda3/envs/flower_tutorial/lib/python3.10/site-packages/flwr/client/client.py", line 184, in maybe_call_fit
    return client.fit(fit_ins)
  File "/Users/dinukaperera/opt/anaconda3/envs/flower_tutorial/lib/python3.10/site-packages/flwr/client/app.py", line 297, in _fit
    results = self.numpy_client.fit(parameters, ins.config)  # type: ignore
  File "/Users/dinukaperera/FLwithFlwr/flowertry/client.py", line 569, in fit
    loss, delta_control = self._train_hybrid(config)
  File "/Users/dinukaperera/FLwithFlwr/flowertry/client.py", line 342, in _train_hybrid
    adaptive_lr = self.learning_rate * (1.0 + 0.2 * np.exp(-server_round / 10.0))
UnboundLocalError: local variable 'server_round' referenced before assignment
[2026-01-17 13:13:03,414][flwr][ERROR] - [36mray::launch_and_fit()[39m (pid=76426, ip=127.0.0.1)
  File "/Users/dinukaperera/opt/anaconda3/envs/flower_tutorial/lib/python3.10/site-packages/flwr/simulation/ray_transport/ray_client_proxy.py", line 148, in launch_and_fit
    return maybe_call_fit(
  File "/Users/dinukaperera/opt/anaconda3/envs/flower_tutorial/lib/python3.10/site-packages/flwr/client/client.py", line 184, in maybe_call_fit
    return client.fit(fit_ins)
  File "/Users/dinukaperera/opt/anaconda3/envs/flower_tutorial/lib/python3.10/site-packages/flwr/client/app.py", line 297, in _fit
    results = self.numpy_client.fit(parameters, ins.config)  # type: ignore
  File "/Users/dinukaperera/FLwithFlwr/flowertry/client.py", line 569, in fit
    loss, delta_control = self._train_hybrid(config)
  File "/Users/dinukaperera/FLwithFlwr/flowertry/client.py", line 342, in _train_hybrid
    adaptive_lr = self.learning_rate * (1.0 + 0.2 * np.exp(-server_round / 10.0))
UnboundLocalError: local variable 'server_round' referenced before assignment
[2026-01-17 13:13:03,414][flwr][DEBUG] - fit_round 20 received 0 results and 7 failures
[2026-01-17 13:13:03,633][flwr][INFO] - fit progress: (20, 1.4340404903996313, {'rmse': 11782.010694274555, 'mae': 9149.193359375, 'r2': 0.00890437044283554, 'mape': 79.91940307617188, 'accuracy_10': 11.735205352306366, 'accuracy_20': 21.46439254283905}, 13.172835750010563)
[2026-01-17 13:13:03,633][flwr][DEBUG] - evaluate_round 20: strategy sampled 6 clients (out of 12)
[2026-01-17 13:13:03,696][flwr][DEBUG] - evaluate_round 20 received 6 results and 0 failures
[2026-01-17 13:13:03,696][flwr][DEBUG] - fit_round 21: strategy sampled 7 clients (out of 12)
[2026-01-17 13:13:03,728][flwr][ERROR] - [36mray::launch_and_fit()[39m (pid=76424, ip=127.0.0.1)
  File "/Users/dinukaperera/opt/anaconda3/envs/flower_tutorial/lib/python3.10/site-packages/flwr/simulation/ray_transport/ray_client_proxy.py", line 148, in launch_and_fit
    return maybe_call_fit(
  File "/Users/dinukaperera/opt/anaconda3/envs/flower_tutorial/lib/python3.10/site-packages/flwr/client/client.py", line 184, in maybe_call_fit
    return client.fit(fit_ins)
  File "/Users/dinukaperera/opt/anaconda3/envs/flower_tutorial/lib/python3.10/site-packages/flwr/client/app.py", line 297, in _fit
    results = self.numpy_client.fit(parameters, ins.config)  # type: ignore
  File "/Users/dinukaperera/FLwithFlwr/flowertry/client.py", line 569, in fit
    loss, delta_control = self._train_hybrid(config)
  File "/Users/dinukaperera/FLwithFlwr/flowertry/client.py", line 342, in _train_hybrid
    adaptive_lr = self.learning_rate * (1.0 + 0.2 * np.exp(-server_round / 10.0))
UnboundLocalError: local variable 'server_round' referenced before assignment
[2026-01-17 13:13:03,731][flwr][ERROR] - [36mray::launch_and_fit()[39m (pid=76431, ip=127.0.0.1)
  File "/Users/dinukaperera/opt/anaconda3/envs/flower_tutorial/lib/python3.10/site-packages/flwr/simulation/ray_transport/ray_client_proxy.py", line 148, in launch_and_fit
    return maybe_call_fit(
  File "/Users/dinukaperera/opt/anaconda3/envs/flower_tutorial/lib/python3.10/site-packages/flwr/client/client.py", line 184, in maybe_call_fit
    return client.fit(fit_ins)
  File "/Users/dinukaperera/opt/anaconda3/envs/flower_tutorial/lib/python3.10/site-packages/flwr/client/app.py", line 297, in _fit
    results = self.numpy_client.fit(parameters, ins.config)  # type: ignore
  File "/Users/dinukaperera/FLwithFlwr/flowertry/client.py", line 569, in fit
    loss, delta_control = self._train_hybrid(config)
  File "/Users/dinukaperera/FLwithFlwr/flowertry/client.py", line 342, in _train_hybrid
    adaptive_lr = self.learning_rate * (1.0 + 0.2 * np.exp(-server_round / 10.0))
UnboundLocalError: local variable 'server_round' referenced before assignment
[2026-01-17 13:13:03,737][flwr][ERROR] - [36mray::launch_and_fit()[39m (pid=76426, ip=127.0.0.1)
  File "/Users/dinukaperera/opt/anaconda3/envs/flower_tutorial/lib/python3.10/site-packages/flwr/simulation/ray_transport/ray_client_proxy.py", line 148, in launch_and_fit
    return maybe_call_fit(
  File "/Users/dinukaperera/opt/anaconda3/envs/flower_tutorial/lib/python3.10/site-packages/flwr/client/client.py", line 184, in maybe_call_fit
    return client.fit(fit_ins)
  File "/Users/dinukaperera/opt/anaconda3/envs/flower_tutorial/lib/python3.10/site-packages/flwr/client/app.py", line 297, in _fit
    results = self.numpy_client.fit(parameters, ins.config)  # type: ignore
  File "/Users/dinukaperera/FLwithFlwr/flowertry/client.py", line 569, in fit
    loss, delta_control = self._train_hybrid(config)
  File "/Users/dinukaperera/FLwithFlwr/flowertry/client.py", line 342, in _train_hybrid
    adaptive_lr = self.learning_rate * (1.0 + 0.2 * np.exp(-server_round / 10.0))
UnboundLocalError: local variable 'server_round' referenced before assignment
[2026-01-17 13:13:03,738][flwr][ERROR] - [36mray::launch_and_fit()[39m (pid=76432, ip=127.0.0.1)
  File "/Users/dinukaperera/opt/anaconda3/envs/flower_tutorial/lib/python3.10/site-packages/flwr/simulation/ray_transport/ray_client_proxy.py", line 148, in launch_and_fit
    return maybe_call_fit(
  File "/Users/dinukaperera/opt/anaconda3/envs/flower_tutorial/lib/python3.10/site-packages/flwr/client/client.py", line 184, in maybe_call_fit
    return client.fit(fit_ins)
  File "/Users/dinukaperera/opt/anaconda3/envs/flower_tutorial/lib/python3.10/site-packages/flwr/client/app.py", line 297, in _fit
    results = self.numpy_client.fit(parameters, ins.config)  # type: ignore
  File "/Users/dinukaperera/FLwithFlwr/flowertry/client.py", line 569, in fit
    loss, delta_control = self._train_hybrid(config)
  File "/Users/dinukaperera/FLwithFlwr/flowertry/client.py", line 342, in _train_hybrid
    adaptive_lr = self.learning_rate * (1.0 + 0.2 * np.exp(-server_round / 10.0))
UnboundLocalError: local variable 'server_round' referenced before assignment
[2026-01-17 13:13:03,738][flwr][ERROR] - [36mray::launch_and_fit()[39m (pid=76429, ip=127.0.0.1)
  File "/Users/dinukaperera/opt/anaconda3/envs/flower_tutorial/lib/python3.10/site-packages/flwr/simulation/ray_transport/ray_client_proxy.py", line 148, in launch_and_fit
    return maybe_call_fit(
  File "/Users/dinukaperera/opt/anaconda3/envs/flower_tutorial/lib/python3.10/site-packages/flwr/client/client.py", line 184, in maybe_call_fit
    return client.fit(fit_ins)
  File "/Users/dinukaperera/opt/anaconda3/envs/flower_tutorial/lib/python3.10/site-packages/flwr/client/app.py", line 297, in _fit
    results = self.numpy_client.fit(parameters, ins.config)  # type: ignore
  File "/Users/dinukaperera/FLwithFlwr/flowertry/client.py", line 569, in fit
    loss, delta_control = self._train_hybrid(config)
  File "/Users/dinukaperera/FLwithFlwr/flowertry/client.py", line 342, in _train_hybrid
    adaptive_lr = self.learning_rate * (1.0 + 0.2 * np.exp(-server_round / 10.0))
UnboundLocalError: local variable 'server_round' referenced before assignment
[2026-01-17 13:13:03,738][flwr][ERROR] - [36mray::launch_and_fit()[39m (pid=76425, ip=127.0.0.1)
  File "/Users/dinukaperera/opt/anaconda3/envs/flower_tutorial/lib/python3.10/site-packages/flwr/simulation/ray_transport/ray_client_proxy.py", line 148, in launch_and_fit
    return maybe_call_fit(
  File "/Users/dinukaperera/opt/anaconda3/envs/flower_tutorial/lib/python3.10/site-packages/flwr/client/client.py", line 184, in maybe_call_fit
    return client.fit(fit_ins)
  File "/Users/dinukaperera/opt/anaconda3/envs/flower_tutorial/lib/python3.10/site-packages/flwr/client/app.py", line 297, in _fit
    results = self.numpy_client.fit(parameters, ins.config)  # type: ignore
  File "/Users/dinukaperera/FLwithFlwr/flowertry/client.py", line 569, in fit
    loss, delta_control = self._train_hybrid(config)
  File "/Users/dinukaperera/FLwithFlwr/flowertry/client.py", line 342, in _train_hybrid
    adaptive_lr = self.learning_rate * (1.0 + 0.2 * np.exp(-server_round / 10.0))
UnboundLocalError: local variable 'server_round' referenced before assignment
[2026-01-17 13:13:03,738][flwr][ERROR] - [36mray::launch_and_fit()[39m (pid=76427, ip=127.0.0.1)
  File "/Users/dinukaperera/opt/anaconda3/envs/flower_tutorial/lib/python3.10/site-packages/flwr/simulation/ray_transport/ray_client_proxy.py", line 148, in launch_and_fit
    return maybe_call_fit(
  File "/Users/dinukaperera/opt/anaconda3/envs/flower_tutorial/lib/python3.10/site-packages/flwr/client/client.py", line 184, in maybe_call_fit
    return client.fit(fit_ins)
  File "/Users/dinukaperera/opt/anaconda3/envs/flower_tutorial/lib/python3.10/site-packages/flwr/client/app.py", line 297, in _fit
    results = self.numpy_client.fit(parameters, ins.config)  # type: ignore
  File "/Users/dinukaperera/FLwithFlwr/flowertry/client.py", line 569, in fit
    loss, delta_control = self._train_hybrid(config)
  File "/Users/dinukaperera/FLwithFlwr/flowertry/client.py", line 342, in _train_hybrid
    adaptive_lr = self.learning_rate * (1.0 + 0.2 * np.exp(-server_round / 10.0))
UnboundLocalError: local variable 'server_round' referenced before assignment
[2026-01-17 13:13:03,740][flwr][DEBUG] - fit_round 21 received 0 results and 7 failures
[2026-01-17 13:13:03,980][flwr][INFO] - fit progress: (21, 1.4340404903996313, {'rmse': 11782.010694274555, 'mae': 9149.193359375, 'r2': 0.00890437044283554, 'mape': 79.91940307617188, 'accuracy_10': 11.735205352306366, 'accuracy_20': 21.46439254283905}, 13.520336457993835)
[2026-01-17 13:13:03,980][flwr][DEBUG] - evaluate_round 21: strategy sampled 6 clients (out of 12)
[2026-01-17 13:13:04,050][flwr][DEBUG] - evaluate_round 21 received 6 results and 0 failures
[2026-01-17 13:13:04,050][flwr][DEBUG] - fit_round 22: strategy sampled 7 clients (out of 12)
[2026-01-17 13:13:04,083][flwr][ERROR] - [36mray::launch_and_fit()[39m (pid=76431, ip=127.0.0.1)
  File "/Users/dinukaperera/opt/anaconda3/envs/flower_tutorial/lib/python3.10/site-packages/flwr/simulation/ray_transport/ray_client_proxy.py", line 148, in launch_and_fit
    return maybe_call_fit(
  File "/Users/dinukaperera/opt/anaconda3/envs/flower_tutorial/lib/python3.10/site-packages/flwr/client/client.py", line 184, in maybe_call_fit
    return client.fit(fit_ins)
  File "/Users/dinukaperera/opt/anaconda3/envs/flower_tutorial/lib/python3.10/site-packages/flwr/client/app.py", line 297, in _fit
    results = self.numpy_client.fit(parameters, ins.config)  # type: ignore
  File "/Users/dinukaperera/FLwithFlwr/flowertry/client.py", line 569, in fit
    loss, delta_control = self._train_hybrid(config)
  File "/Users/dinukaperera/FLwithFlwr/flowertry/client.py", line 342, in _train_hybrid
    adaptive_lr = self.learning_rate * (1.0 + 0.2 * np.exp(-server_round / 10.0))
UnboundLocalError: local variable 'server_round' referenced before assignment
[2026-01-17 13:13:04,083][flwr][ERROR] - [36mray::launch_and_fit()[39m (pid=76425, ip=127.0.0.1)
  File "/Users/dinukaperera/opt/anaconda3/envs/flower_tutorial/lib/python3.10/site-packages/flwr/simulation/ray_transport/ray_client_proxy.py", line 148, in launch_and_fit
    return maybe_call_fit(
  File "/Users/dinukaperera/opt/anaconda3/envs/flower_tutorial/lib/python3.10/site-packages/flwr/client/client.py", line 184, in maybe_call_fit
    return client.fit(fit_ins)
  File "/Users/dinukaperera/opt/anaconda3/envs/flower_tutorial/lib/python3.10/site-packages/flwr/client/app.py", line 297, in _fit
    results = self.numpy_client.fit(parameters, ins.config)  # type: ignore
  File "/Users/dinukaperera/FLwithFlwr/flowertry/client.py", line 569, in fit
    loss, delta_control = self._train_hybrid(config)
  File "/Users/dinukaperera/FLwithFlwr/flowertry/client.py", line 342, in _train_hybrid
    adaptive_lr = self.learning_rate * (1.0 + 0.2 * np.exp(-server_round / 10.0))
UnboundLocalError: local variable 'server_round' referenced before assignment
[2026-01-17 13:13:04,084][flwr][ERROR] - [36mray::launch_and_fit()[39m (pid=76432, ip=127.0.0.1)
  File "/Users/dinukaperera/opt/anaconda3/envs/flower_tutorial/lib/python3.10/site-packages/flwr/simulation/ray_transport/ray_client_proxy.py", line 148, in launch_and_fit
    return maybe_call_fit(
  File "/Users/dinukaperera/opt/anaconda3/envs/flower_tutorial/lib/python3.10/site-packages/flwr/client/client.py", line 184, in maybe_call_fit
    return client.fit(fit_ins)
  File "/Users/dinukaperera/opt/anaconda3/envs/flower_tutorial/lib/python3.10/site-packages/flwr/client/app.py", line 297, in _fit
    results = self.numpy_client.fit(parameters, ins.config)  # type: ignore
  File "/Users/dinukaperera/FLwithFlwr/flowertry/client.py", line 569, in fit
    loss, delta_control = self._train_hybrid(config)
  File "/Users/dinukaperera/FLwithFlwr/flowertry/client.py", line 342, in _train_hybrid
    adaptive_lr = self.learning_rate * (1.0 + 0.2 * np.exp(-server_round / 10.0))
UnboundLocalError: local variable 'server_round' referenced before assignment
[2026-01-17 13:13:04,087][flwr][ERROR] - [36mray::launch_and_fit()[39m (pid=76429, ip=127.0.0.1)
  File "/Users/dinukaperera/opt/anaconda3/envs/flower_tutorial/lib/python3.10/site-packages/flwr/simulation/ray_transport/ray_client_proxy.py", line 148, in launch_and_fit
    return maybe_call_fit(
  File "/Users/dinukaperera/opt/anaconda3/envs/flower_tutorial/lib/python3.10/site-packages/flwr/client/client.py", line 184, in maybe_call_fit
    return client.fit(fit_ins)
  File "/Users/dinukaperera/opt/anaconda3/envs/flower_tutorial/lib/python3.10/site-packages/flwr/client/app.py", line 297, in _fit
    results = self.numpy_client.fit(parameters, ins.config)  # type: ignore
  File "/Users/dinukaperera/FLwithFlwr/flowertry/client.py", line 569, in fit
    loss, delta_control = self._train_hybrid(config)
  File "/Users/dinukaperera/FLwithFlwr/flowertry/client.py", line 342, in _train_hybrid
    adaptive_lr = self.learning_rate * (1.0 + 0.2 * np.exp(-server_round / 10.0))
UnboundLocalError: local variable 'server_round' referenced before assignment
[2026-01-17 13:13:04,087][flwr][ERROR] - [36mray::launch_and_fit()[39m (pid=76426, ip=127.0.0.1)
  File "/Users/dinukaperera/opt/anaconda3/envs/flower_tutorial/lib/python3.10/site-packages/flwr/simulation/ray_transport/ray_client_proxy.py", line 148, in launch_and_fit
    return maybe_call_fit(
  File "/Users/dinukaperera/opt/anaconda3/envs/flower_tutorial/lib/python3.10/site-packages/flwr/client/client.py", line 184, in maybe_call_fit
    return client.fit(fit_ins)
  File "/Users/dinukaperera/opt/anaconda3/envs/flower_tutorial/lib/python3.10/site-packages/flwr/client/app.py", line 297, in _fit
    results = self.numpy_client.fit(parameters, ins.config)  # type: ignore
  File "/Users/dinukaperera/FLwithFlwr/flowertry/client.py", line 569, in fit
    loss, delta_control = self._train_hybrid(config)
  File "/Users/dinukaperera/FLwithFlwr/flowertry/client.py", line 342, in _train_hybrid
    adaptive_lr = self.learning_rate * (1.0 + 0.2 * np.exp(-server_round / 10.0))
UnboundLocalError: local variable 'server_round' referenced before assignment
[2026-01-17 13:13:04,088][flwr][ERROR] - [36mray::launch_and_fit()[39m (pid=76427, ip=127.0.0.1)
  File "/Users/dinukaperera/opt/anaconda3/envs/flower_tutorial/lib/python3.10/site-packages/flwr/simulation/ray_transport/ray_client_proxy.py", line 148, in launch_and_fit
    return maybe_call_fit(
  File "/Users/dinukaperera/opt/anaconda3/envs/flower_tutorial/lib/python3.10/site-packages/flwr/client/client.py", line 184, in maybe_call_fit
    return client.fit(fit_ins)
  File "/Users/dinukaperera/opt/anaconda3/envs/flower_tutorial/lib/python3.10/site-packages/flwr/client/app.py", line 297, in _fit
    results = self.numpy_client.fit(parameters, ins.config)  # type: ignore
  File "/Users/dinukaperera/FLwithFlwr/flowertry/client.py", line 569, in fit
    loss, delta_control = self._train_hybrid(config)
  File "/Users/dinukaperera/FLwithFlwr/flowertry/client.py", line 342, in _train_hybrid
    adaptive_lr = self.learning_rate * (1.0 + 0.2 * np.exp(-server_round / 10.0))
UnboundLocalError: local variable 'server_round' referenced before assignment
[2026-01-17 13:13:04,088][flwr][ERROR] - [36mray::launch_and_fit()[39m (pid=76424, ip=127.0.0.1)
  File "/Users/dinukaperera/opt/anaconda3/envs/flower_tutorial/lib/python3.10/site-packages/flwr/simulation/ray_transport/ray_client_proxy.py", line 148, in launch_and_fit
    return maybe_call_fit(
  File "/Users/dinukaperera/opt/anaconda3/envs/flower_tutorial/lib/python3.10/site-packages/flwr/client/client.py", line 184, in maybe_call_fit
    return client.fit(fit_ins)
  File "/Users/dinukaperera/opt/anaconda3/envs/flower_tutorial/lib/python3.10/site-packages/flwr/client/app.py", line 297, in _fit
    results = self.numpy_client.fit(parameters, ins.config)  # type: ignore
  File "/Users/dinukaperera/FLwithFlwr/flowertry/client.py", line 569, in fit
    loss, delta_control = self._train_hybrid(config)
  File "/Users/dinukaperera/FLwithFlwr/flowertry/client.py", line 342, in _train_hybrid
    adaptive_lr = self.learning_rate * (1.0 + 0.2 * np.exp(-server_round / 10.0))
UnboundLocalError: local variable 'server_round' referenced before assignment
[2026-01-17 13:13:04,090][flwr][DEBUG] - fit_round 22 received 0 results and 7 failures
[2026-01-17 13:13:04,326][flwr][INFO] - fit progress: (22, 1.4340404903996313, {'rmse': 11782.010694274555, 'mae': 9149.193359375, 'r2': 0.00890437044283554, 'mape': 79.91940307617188, 'accuracy_10': 11.735205352306366, 'accuracy_20': 21.46439254283905}, 13.866445749998093)
[2026-01-17 13:13:04,326][flwr][DEBUG] - evaluate_round 22: strategy sampled 6 clients (out of 12)
[2026-01-17 13:13:04,487][flwr][DEBUG] - evaluate_round 22 received 6 results and 0 failures
[2026-01-17 13:13:04,487][flwr][DEBUG] - fit_round 23: strategy sampled 7 clients (out of 12)
[2026-01-17 13:13:04,513][flwr][ERROR] - [36mray::launch_and_fit()[39m (pid=76426, ip=127.0.0.1)
  File "/Users/dinukaperera/opt/anaconda3/envs/flower_tutorial/lib/python3.10/site-packages/flwr/simulation/ray_transport/ray_client_proxy.py", line 148, in launch_and_fit
    return maybe_call_fit(
  File "/Users/dinukaperera/opt/anaconda3/envs/flower_tutorial/lib/python3.10/site-packages/flwr/client/client.py", line 184, in maybe_call_fit
    return client.fit(fit_ins)
  File "/Users/dinukaperera/opt/anaconda3/envs/flower_tutorial/lib/python3.10/site-packages/flwr/client/app.py", line 297, in _fit
    results = self.numpy_client.fit(parameters, ins.config)  # type: ignore
  File "/Users/dinukaperera/FLwithFlwr/flowertry/client.py", line 569, in fit
    loss, delta_control = self._train_hybrid(config)
  File "/Users/dinukaperera/FLwithFlwr/flowertry/client.py", line 342, in _train_hybrid
    adaptive_lr = self.learning_rate * (1.0 + 0.2 * np.exp(-server_round / 10.0))
UnboundLocalError: local variable 'server_round' referenced before assignment
[2026-01-17 13:13:04,514][flwr][ERROR] - [36mray::launch_and_fit()[39m (pid=76424, ip=127.0.0.1)
  File "/Users/dinukaperera/opt/anaconda3/envs/flower_tutorial/lib/python3.10/site-packages/flwr/simulation/ray_transport/ray_client_proxy.py", line 148, in launch_and_fit
    return maybe_call_fit(
  File "/Users/dinukaperera/opt/anaconda3/envs/flower_tutorial/lib/python3.10/site-packages/flwr/client/client.py", line 184, in maybe_call_fit
    return client.fit(fit_ins)
  File "/Users/dinukaperera/opt/anaconda3/envs/flower_tutorial/lib/python3.10/site-packages/flwr/client/app.py", line 297, in _fit
    results = self.numpy_client.fit(parameters, ins.config)  # type: ignore
  File "/Users/dinukaperera/FLwithFlwr/flowertry/client.py", line 569, in fit
    loss, delta_control = self._train_hybrid(config)
  File "/Users/dinukaperera/FLwithFlwr/flowertry/client.py", line 342, in _train_hybrid
    adaptive_lr = self.learning_rate * (1.0 + 0.2 * np.exp(-server_round / 10.0))
UnboundLocalError: local variable 'server_round' referenced before assignment
[2026-01-17 13:13:04,516][flwr][ERROR] - [36mray::launch_and_fit()[39m (pid=76427, ip=127.0.0.1)
  File "/Users/dinukaperera/opt/anaconda3/envs/flower_tutorial/lib/python3.10/site-packages/flwr/simulation/ray_transport/ray_client_proxy.py", line 148, in launch_and_fit
    return maybe_call_fit(
  File "/Users/dinukaperera/opt/anaconda3/envs/flower_tutorial/lib/python3.10/site-packages/flwr/client/client.py", line 184, in maybe_call_fit
    return client.fit(fit_ins)
  File "/Users/dinukaperera/opt/anaconda3/envs/flower_tutorial/lib/python3.10/site-packages/flwr/client/app.py", line 297, in _fit
    results = self.numpy_client.fit(parameters, ins.config)  # type: ignore
  File "/Users/dinukaperera/FLwithFlwr/flowertry/client.py", line 569, in fit
    loss, delta_control = self._train_hybrid(config)
  File "/Users/dinukaperera/FLwithFlwr/flowertry/client.py", line 342, in _train_hybrid
    adaptive_lr = self.learning_rate * (1.0 + 0.2 * np.exp(-server_round / 10.0))
UnboundLocalError: local variable 'server_round' referenced before assignment
[2026-01-17 13:13:04,520][flwr][ERROR] - [36mray::launch_and_fit()[39m (pid=76429, ip=127.0.0.1)
  File "/Users/dinukaperera/opt/anaconda3/envs/flower_tutorial/lib/python3.10/site-packages/flwr/simulation/ray_transport/ray_client_proxy.py", line 148, in launch_and_fit
    return maybe_call_fit(
  File "/Users/dinukaperera/opt/anaconda3/envs/flower_tutorial/lib/python3.10/site-packages/flwr/client/client.py", line 184, in maybe_call_fit
    return client.fit(fit_ins)
  File "/Users/dinukaperera/opt/anaconda3/envs/flower_tutorial/lib/python3.10/site-packages/flwr/client/app.py", line 297, in _fit
    results = self.numpy_client.fit(parameters, ins.config)  # type: ignore
  File "/Users/dinukaperera/FLwithFlwr/flowertry/client.py", line 569, in fit
    loss, delta_control = self._train_hybrid(config)
  File "/Users/dinukaperera/FLwithFlwr/flowertry/client.py", line 342, in _train_hybrid
    adaptive_lr = self.learning_rate * (1.0 + 0.2 * np.exp(-server_round / 10.0))
UnboundLocalError: local variable 'server_round' referenced before assignment
[2026-01-17 13:13:04,523][flwr][ERROR] - [36mray::launch_and_fit()[39m (pid=76432, ip=127.0.0.1)
  File "/Users/dinukaperera/opt/anaconda3/envs/flower_tutorial/lib/python3.10/site-packages/flwr/simulation/ray_transport/ray_client_proxy.py", line 148, in launch_and_fit
    return maybe_call_fit(
  File "/Users/dinukaperera/opt/anaconda3/envs/flower_tutorial/lib/python3.10/site-packages/flwr/client/client.py", line 184, in maybe_call_fit
    return client.fit(fit_ins)
  File "/Users/dinukaperera/opt/anaconda3/envs/flower_tutorial/lib/python3.10/site-packages/flwr/client/app.py", line 297, in _fit
    results = self.numpy_client.fit(parameters, ins.config)  # type: ignore
  File "/Users/dinukaperera/FLwithFlwr/flowertry/client.py", line 569, in fit
    loss, delta_control = self._train_hybrid(config)
  File "/Users/dinukaperera/FLwithFlwr/flowertry/client.py", line 342, in _train_hybrid
    adaptive_lr = self.learning_rate * (1.0 + 0.2 * np.exp(-server_round / 10.0))
UnboundLocalError: local variable 'server_round' referenced before assignment
[2026-01-17 13:13:04,523][flwr][ERROR] - [36mray::launch_and_fit()[39m (pid=76425, ip=127.0.0.1)
  File "/Users/dinukaperera/opt/anaconda3/envs/flower_tutorial/lib/python3.10/site-packages/flwr/simulation/ray_transport/ray_client_proxy.py", line 148, in launch_and_fit
    return maybe_call_fit(
  File "/Users/dinukaperera/opt/anaconda3/envs/flower_tutorial/lib/python3.10/site-packages/flwr/client/client.py", line 184, in maybe_call_fit
    return client.fit(fit_ins)
  File "/Users/dinukaperera/opt/anaconda3/envs/flower_tutorial/lib/python3.10/site-packages/flwr/client/app.py", line 297, in _fit
    results = self.numpy_client.fit(parameters, ins.config)  # type: ignore
  File "/Users/dinukaperera/FLwithFlwr/flowertry/client.py", line 569, in fit
    loss, delta_control = self._train_hybrid(config)
  File "/Users/dinukaperera/FLwithFlwr/flowertry/client.py", line 342, in _train_hybrid
    adaptive_lr = self.learning_rate * (1.0 + 0.2 * np.exp(-server_round / 10.0))
UnboundLocalError: local variable 'server_round' referenced before assignment
[2026-01-17 13:13:04,523][flwr][ERROR] - [36mray::launch_and_fit()[39m (pid=76431, ip=127.0.0.1)
  File "/Users/dinukaperera/opt/anaconda3/envs/flower_tutorial/lib/python3.10/site-packages/flwr/simulation/ray_transport/ray_client_proxy.py", line 148, in launch_and_fit
    return maybe_call_fit(
  File "/Users/dinukaperera/opt/anaconda3/envs/flower_tutorial/lib/python3.10/site-packages/flwr/client/client.py", line 184, in maybe_call_fit
    return client.fit(fit_ins)
  File "/Users/dinukaperera/opt/anaconda3/envs/flower_tutorial/lib/python3.10/site-packages/flwr/client/app.py", line 297, in _fit
    results = self.numpy_client.fit(parameters, ins.config)  # type: ignore
  File "/Users/dinukaperera/FLwithFlwr/flowertry/client.py", line 569, in fit
    loss, delta_control = self._train_hybrid(config)
  File "/Users/dinukaperera/FLwithFlwr/flowertry/client.py", line 342, in _train_hybrid
    adaptive_lr = self.learning_rate * (1.0 + 0.2 * np.exp(-server_round / 10.0))
UnboundLocalError: local variable 'server_round' referenced before assignment
[2026-01-17 13:13:04,525][flwr][DEBUG] - fit_round 23 received 0 results and 7 failures
[2026-01-17 13:13:04,740][flwr][INFO] - fit progress: (23, 1.4340404903996313, {'rmse': 11782.010694274555, 'mae': 9149.193359375, 'r2': 0.00890437044283554, 'mape': 79.91940307617188, 'accuracy_10': 11.735205352306366, 'accuracy_20': 21.46439254283905}, 14.28033612499712)
[2026-01-17 13:13:04,740][flwr][DEBUG] - evaluate_round 23: strategy sampled 6 clients (out of 12)
[2026-01-17 13:13:04,805][flwr][DEBUG] - evaluate_round 23 received 6 results and 0 failures
[2026-01-17 13:13:04,805][flwr][DEBUG] - fit_round 24: strategy sampled 7 clients (out of 12)
[2026-01-17 13:13:04,830][flwr][ERROR] - [36mray::launch_and_fit()[39m (pid=76429, ip=127.0.0.1)
  File "/Users/dinukaperera/opt/anaconda3/envs/flower_tutorial/lib/python3.10/site-packages/flwr/simulation/ray_transport/ray_client_proxy.py", line 148, in launch_and_fit
    return maybe_call_fit(
  File "/Users/dinukaperera/opt/anaconda3/envs/flower_tutorial/lib/python3.10/site-packages/flwr/client/client.py", line 184, in maybe_call_fit
    return client.fit(fit_ins)
  File "/Users/dinukaperera/opt/anaconda3/envs/flower_tutorial/lib/python3.10/site-packages/flwr/client/app.py", line 297, in _fit
    results = self.numpy_client.fit(parameters, ins.config)  # type: ignore
  File "/Users/dinukaperera/FLwithFlwr/flowertry/client.py", line 569, in fit
    loss, delta_control = self._train_hybrid(config)
  File "/Users/dinukaperera/FLwithFlwr/flowertry/client.py", line 342, in _train_hybrid
    adaptive_lr = self.learning_rate * (1.0 + 0.2 * np.exp(-server_round / 10.0))
UnboundLocalError: local variable 'server_round' referenced before assignment
[2026-01-17 13:13:04,832][flwr][ERROR] - [36mray::launch_and_fit()[39m (pid=76424, ip=127.0.0.1)
  File "/Users/dinukaperera/opt/anaconda3/envs/flower_tutorial/lib/python3.10/site-packages/flwr/simulation/ray_transport/ray_client_proxy.py", line 148, in launch_and_fit
    return maybe_call_fit(
  File "/Users/dinukaperera/opt/anaconda3/envs/flower_tutorial/lib/python3.10/site-packages/flwr/client/client.py", line 184, in maybe_call_fit
    return client.fit(fit_ins)
  File "/Users/dinukaperera/opt/anaconda3/envs/flower_tutorial/lib/python3.10/site-packages/flwr/client/app.py", line 297, in _fit
    results = self.numpy_client.fit(parameters, ins.config)  # type: ignore
  File "/Users/dinukaperera/FLwithFlwr/flowertry/client.py", line 569, in fit
    loss, delta_control = self._train_hybrid(config)
  File "/Users/dinukaperera/FLwithFlwr/flowertry/client.py", line 342, in _train_hybrid
    adaptive_lr = self.learning_rate * (1.0 + 0.2 * np.exp(-server_round / 10.0))
UnboundLocalError: local variable 'server_round' referenced before assignment
[2026-01-17 13:13:04,837][flwr][ERROR] - [36mray::launch_and_fit()[39m (pid=76425, ip=127.0.0.1)
  File "/Users/dinukaperera/opt/anaconda3/envs/flower_tutorial/lib/python3.10/site-packages/flwr/simulation/ray_transport/ray_client_proxy.py", line 148, in launch_and_fit
    return maybe_call_fit(
  File "/Users/dinukaperera/opt/anaconda3/envs/flower_tutorial/lib/python3.10/site-packages/flwr/client/client.py", line 184, in maybe_call_fit
    return client.fit(fit_ins)
  File "/Users/dinukaperera/opt/anaconda3/envs/flower_tutorial/lib/python3.10/site-packages/flwr/client/app.py", line 297, in _fit
    results = self.numpy_client.fit(parameters, ins.config)  # type: ignore
  File "/Users/dinukaperera/FLwithFlwr/flowertry/client.py", line 569, in fit
    loss, delta_control = self._train_hybrid(config)
  File "/Users/dinukaperera/FLwithFlwr/flowertry/client.py", line 342, in _train_hybrid
    adaptive_lr = self.learning_rate * (1.0 + 0.2 * np.exp(-server_round / 10.0))
UnboundLocalError: local variable 'server_round' referenced before assignment
[2026-01-17 13:13:04,839][flwr][ERROR] - [36mray::launch_and_fit()[39m (pid=76427, ip=127.0.0.1)
  File "/Users/dinukaperera/opt/anaconda3/envs/flower_tutorial/lib/python3.10/site-packages/flwr/simulation/ray_transport/ray_client_proxy.py", line 148, in launch_and_fit
    return maybe_call_fit(
  File "/Users/dinukaperera/opt/anaconda3/envs/flower_tutorial/lib/python3.10/site-packages/flwr/client/client.py", line 184, in maybe_call_fit
    return client.fit(fit_ins)
  File "/Users/dinukaperera/opt/anaconda3/envs/flower_tutorial/lib/python3.10/site-packages/flwr/client/app.py", line 297, in _fit
    results = self.numpy_client.fit(parameters, ins.config)  # type: ignore
  File "/Users/dinukaperera/FLwithFlwr/flowertry/client.py", line 569, in fit
    loss, delta_control = self._train_hybrid(config)
  File "/Users/dinukaperera/FLwithFlwr/flowertry/client.py", line 342, in _train_hybrid
    adaptive_lr = self.learning_rate * (1.0 + 0.2 * np.exp(-server_round / 10.0))
UnboundLocalError: local variable 'server_round' referenced before assignment
[2026-01-17 13:13:04,839][flwr][ERROR] - [36mray::launch_and_fit()[39m (pid=76432, ip=127.0.0.1)
  File "/Users/dinukaperera/opt/anaconda3/envs/flower_tutorial/lib/python3.10/site-packages/flwr/simulation/ray_transport/ray_client_proxy.py", line 148, in launch_and_fit
    return maybe_call_fit(
  File "/Users/dinukaperera/opt/anaconda3/envs/flower_tutorial/lib/python3.10/site-packages/flwr/client/client.py", line 184, in maybe_call_fit
    return client.fit(fit_ins)
  File "/Users/dinukaperera/opt/anaconda3/envs/flower_tutorial/lib/python3.10/site-packages/flwr/client/app.py", line 297, in _fit
    results = self.numpy_client.fit(parameters, ins.config)  # type: ignore
  File "/Users/dinukaperera/FLwithFlwr/flowertry/client.py", line 569, in fit
    loss, delta_control = self._train_hybrid(config)
  File "/Users/dinukaperera/FLwithFlwr/flowertry/client.py", line 342, in _train_hybrid
    adaptive_lr = self.learning_rate * (1.0 + 0.2 * np.exp(-server_round / 10.0))
UnboundLocalError: local variable 'server_round' referenced before assignment
[2026-01-17 13:13:04,841][flwr][ERROR] - [36mray::launch_and_fit()[39m (pid=76431, ip=127.0.0.1)
  File "/Users/dinukaperera/opt/anaconda3/envs/flower_tutorial/lib/python3.10/site-packages/flwr/simulation/ray_transport/ray_client_proxy.py", line 148, in launch_and_fit
    return maybe_call_fit(
  File "/Users/dinukaperera/opt/anaconda3/envs/flower_tutorial/lib/python3.10/site-packages/flwr/client/client.py", line 184, in maybe_call_fit
    return client.fit(fit_ins)
  File "/Users/dinukaperera/opt/anaconda3/envs/flower_tutorial/lib/python3.10/site-packages/flwr/client/app.py", line 297, in _fit
    results = self.numpy_client.fit(parameters, ins.config)  # type: ignore
  File "/Users/dinukaperera/FLwithFlwr/flowertry/client.py", line 569, in fit
    loss, delta_control = self._train_hybrid(config)
  File "/Users/dinukaperera/FLwithFlwr/flowertry/client.py", line 342, in _train_hybrid
    adaptive_lr = self.learning_rate * (1.0 + 0.2 * np.exp(-server_round / 10.0))
UnboundLocalError: local variable 'server_round' referenced before assignment
[2026-01-17 13:13:04,842][flwr][ERROR] - [36mray::launch_and_fit()[39m (pid=76426, ip=127.0.0.1)
  File "/Users/dinukaperera/opt/anaconda3/envs/flower_tutorial/lib/python3.10/site-packages/flwr/simulation/ray_transport/ray_client_proxy.py", line 148, in launch_and_fit
    return maybe_call_fit(
  File "/Users/dinukaperera/opt/anaconda3/envs/flower_tutorial/lib/python3.10/site-packages/flwr/client/client.py", line 184, in maybe_call_fit
    return client.fit(fit_ins)
  File "/Users/dinukaperera/opt/anaconda3/envs/flower_tutorial/lib/python3.10/site-packages/flwr/client/app.py", line 297, in _fit
    results = self.numpy_client.fit(parameters, ins.config)  # type: ignore
  File "/Users/dinukaperera/FLwithFlwr/flowertry/client.py", line 569, in fit
    loss, delta_control = self._train_hybrid(config)
  File "/Users/dinukaperera/FLwithFlwr/flowertry/client.py", line 342, in _train_hybrid
    adaptive_lr = self.learning_rate * (1.0 + 0.2 * np.exp(-server_round / 10.0))
UnboundLocalError: local variable 'server_round' referenced before assignment
[2026-01-17 13:13:04,843][flwr][DEBUG] - fit_round 24 received 0 results and 7 failures
[2026-01-17 13:13:05,076][flwr][INFO] - fit progress: (24, 1.4340404903996313, {'rmse': 11782.010694274555, 'mae': 9149.193359375, 'r2': 0.00890437044283554, 'mape': 79.91940307617188, 'accuracy_10': 11.735205352306366, 'accuracy_20': 21.46439254283905}, 14.616602541995235)
[2026-01-17 13:13:05,077][flwr][DEBUG] - evaluate_round 24: strategy sampled 6 clients (out of 12)
[2026-01-17 13:13:05,227][flwr][DEBUG] - evaluate_round 24 received 6 results and 0 failures
[2026-01-17 13:13:05,227][flwr][DEBUG] - fit_round 25: strategy sampled 7 clients (out of 12)
[2026-01-17 13:13:05,258][flwr][ERROR] - [36mray::launch_and_fit()[39m (pid=76426, ip=127.0.0.1)
  File "/Users/dinukaperera/opt/anaconda3/envs/flower_tutorial/lib/python3.10/site-packages/flwr/simulation/ray_transport/ray_client_proxy.py", line 148, in launch_and_fit
    return maybe_call_fit(
  File "/Users/dinukaperera/opt/anaconda3/envs/flower_tutorial/lib/python3.10/site-packages/flwr/client/client.py", line 184, in maybe_call_fit
    return client.fit(fit_ins)
  File "/Users/dinukaperera/opt/anaconda3/envs/flower_tutorial/lib/python3.10/site-packages/flwr/client/app.py", line 297, in _fit
    results = self.numpy_client.fit(parameters, ins.config)  # type: ignore
  File "/Users/dinukaperera/FLwithFlwr/flowertry/client.py", line 569, in fit
    loss, delta_control = self._train_hybrid(config)
  File "/Users/dinukaperera/FLwithFlwr/flowertry/client.py", line 342, in _train_hybrid
    adaptive_lr = self.learning_rate * (1.0 + 0.2 * np.exp(-server_round / 10.0))
UnboundLocalError: local variable 'server_round' referenced before assignment
[2026-01-17 13:13:05,258][flwr][ERROR] - [36mray::launch_and_fit()[39m (pid=76432, ip=127.0.0.1)
  File "/Users/dinukaperera/opt/anaconda3/envs/flower_tutorial/lib/python3.10/site-packages/flwr/simulation/ray_transport/ray_client_proxy.py", line 148, in launch_and_fit
    return maybe_call_fit(
  File "/Users/dinukaperera/opt/anaconda3/envs/flower_tutorial/lib/python3.10/site-packages/flwr/client/client.py", line 184, in maybe_call_fit
    return client.fit(fit_ins)
  File "/Users/dinukaperera/opt/anaconda3/envs/flower_tutorial/lib/python3.10/site-packages/flwr/client/app.py", line 297, in _fit
    results = self.numpy_client.fit(parameters, ins.config)  # type: ignore
  File "/Users/dinukaperera/FLwithFlwr/flowertry/client.py", line 569, in fit
    loss, delta_control = self._train_hybrid(config)
  File "/Users/dinukaperera/FLwithFlwr/flowertry/client.py", line 342, in _train_hybrid
    adaptive_lr = self.learning_rate * (1.0 + 0.2 * np.exp(-server_round / 10.0))
UnboundLocalError: local variable 'server_round' referenced before assignment
[2026-01-17 13:13:05,258][flwr][ERROR] - [36mray::launch_and_fit()[39m (pid=76427, ip=127.0.0.1)
  File "/Users/dinukaperera/opt/anaconda3/envs/flower_tutorial/lib/python3.10/site-packages/flwr/simulation/ray_transport/ray_client_proxy.py", line 148, in launch_and_fit
    return maybe_call_fit(
  File "/Users/dinukaperera/opt/anaconda3/envs/flower_tutorial/lib/python3.10/site-packages/flwr/client/client.py", line 184, in maybe_call_fit
    return client.fit(fit_ins)
  File "/Users/dinukaperera/opt/anaconda3/envs/flower_tutorial/lib/python3.10/site-packages/flwr/client/app.py", line 297, in _fit
    results = self.numpy_client.fit(parameters, ins.config)  # type: ignore
  File "/Users/dinukaperera/FLwithFlwr/flowertry/client.py", line 569, in fit
    loss, delta_control = self._train_hybrid(config)
  File "/Users/dinukaperera/FLwithFlwr/flowertry/client.py", line 342, in _train_hybrid
    adaptive_lr = self.learning_rate * (1.0 + 0.2 * np.exp(-server_round / 10.0))
UnboundLocalError: local variable 'server_round' referenced before assignment
[2026-01-17 13:13:05,259][flwr][ERROR] - [36mray::launch_and_fit()[39m (pid=76431, ip=127.0.0.1)
  File "/Users/dinukaperera/opt/anaconda3/envs/flower_tutorial/lib/python3.10/site-packages/flwr/simulation/ray_transport/ray_client_proxy.py", line 148, in launch_and_fit
    return maybe_call_fit(
  File "/Users/dinukaperera/opt/anaconda3/envs/flower_tutorial/lib/python3.10/site-packages/flwr/client/client.py", line 184, in maybe_call_fit
    return client.fit(fit_ins)
  File "/Users/dinukaperera/opt/anaconda3/envs/flower_tutorial/lib/python3.10/site-packages/flwr/client/app.py", line 297, in _fit
    results = self.numpy_client.fit(parameters, ins.config)  # type: ignore
  File "/Users/dinukaperera/FLwithFlwr/flowertry/client.py", line 569, in fit
    loss, delta_control = self._train_hybrid(config)
  File "/Users/dinukaperera/FLwithFlwr/flowertry/client.py", line 342, in _train_hybrid
    adaptive_lr = self.learning_rate * (1.0 + 0.2 * np.exp(-server_round / 10.0))
UnboundLocalError: local variable 'server_round' referenced before assignment
[2026-01-17 13:13:05,259][flwr][ERROR] - [36mray::launch_and_fit()[39m (pid=76425, ip=127.0.0.1)
  File "/Users/dinukaperera/opt/anaconda3/envs/flower_tutorial/lib/python3.10/site-packages/flwr/simulation/ray_transport/ray_client_proxy.py", line 148, in launch_and_fit
    return maybe_call_fit(
  File "/Users/dinukaperera/opt/anaconda3/envs/flower_tutorial/lib/python3.10/site-packages/flwr/client/client.py", line 184, in maybe_call_fit
    return client.fit(fit_ins)
  File "/Users/dinukaperera/opt/anaconda3/envs/flower_tutorial/lib/python3.10/site-packages/flwr/client/app.py", line 297, in _fit
    results = self.numpy_client.fit(parameters, ins.config)  # type: ignore
  File "/Users/dinukaperera/FLwithFlwr/flowertry/client.py", line 569, in fit
    loss, delta_control = self._train_hybrid(config)
  File "/Users/dinukaperera/FLwithFlwr/flowertry/client.py", line 342, in _train_hybrid
    adaptive_lr = self.learning_rate * (1.0 + 0.2 * np.exp(-server_round / 10.0))
UnboundLocalError: local variable 'server_round' referenced before assignment
[2026-01-17 13:13:05,262][flwr][ERROR] - [36mray::launch_and_fit()[39m (pid=76429, ip=127.0.0.1)
  File "/Users/dinukaperera/opt/anaconda3/envs/flower_tutorial/lib/python3.10/site-packages/flwr/simulation/ray_transport/ray_client_proxy.py", line 148, in launch_and_fit
    return maybe_call_fit(
  File "/Users/dinukaperera/opt/anaconda3/envs/flower_tutorial/lib/python3.10/site-packages/flwr/client/client.py", line 184, in maybe_call_fit
    return client.fit(fit_ins)
  File "/Users/dinukaperera/opt/anaconda3/envs/flower_tutorial/lib/python3.10/site-packages/flwr/client/app.py", line 297, in _fit
    results = self.numpy_client.fit(parameters, ins.config)  # type: ignore
  File "/Users/dinukaperera/FLwithFlwr/flowertry/client.py", line 569, in fit
    loss, delta_control = self._train_hybrid(config)
  File "/Users/dinukaperera/FLwithFlwr/flowertry/client.py", line 342, in _train_hybrid
    adaptive_lr = self.learning_rate * (1.0 + 0.2 * np.exp(-server_round / 10.0))
UnboundLocalError: local variable 'server_round' referenced before assignment
[2026-01-17 13:13:05,263][flwr][ERROR] - [36mray::launch_and_fit()[39m (pid=76424, ip=127.0.0.1)
  File "/Users/dinukaperera/opt/anaconda3/envs/flower_tutorial/lib/python3.10/site-packages/flwr/simulation/ray_transport/ray_client_proxy.py", line 148, in launch_and_fit
    return maybe_call_fit(
  File "/Users/dinukaperera/opt/anaconda3/envs/flower_tutorial/lib/python3.10/site-packages/flwr/client/client.py", line 184, in maybe_call_fit
    return client.fit(fit_ins)
  File "/Users/dinukaperera/opt/anaconda3/envs/flower_tutorial/lib/python3.10/site-packages/flwr/client/app.py", line 297, in _fit
    results = self.numpy_client.fit(parameters, ins.config)  # type: ignore
  File "/Users/dinukaperera/FLwithFlwr/flowertry/client.py", line 569, in fit
    loss, delta_control = self._train_hybrid(config)
  File "/Users/dinukaperera/FLwithFlwr/flowertry/client.py", line 342, in _train_hybrid
    adaptive_lr = self.learning_rate * (1.0 + 0.2 * np.exp(-server_round / 10.0))
UnboundLocalError: local variable 'server_round' referenced before assignment
[2026-01-17 13:13:05,264][flwr][DEBUG] - fit_round 25 received 0 results and 7 failures
[2026-01-17 13:13:05,491][flwr][INFO] - fit progress: (25, 1.4340404903996313, {'rmse': 11782.010694274555, 'mae': 9149.193359375, 'r2': 0.00890437044283554, 'mape': 79.91940307617188, 'accuracy_10': 11.735205352306366, 'accuracy_20': 21.46439254283905}, 15.031306249991758)
[2026-01-17 13:13:05,491][flwr][DEBUG] - evaluate_round 25: strategy sampled 6 clients (out of 12)
[2026-01-17 13:13:05,555][flwr][DEBUG] - evaluate_round 25 received 6 results and 0 failures
[2026-01-17 13:13:05,556][flwr][INFO] - FL finished in 15.095912457996747
[2026-01-17 13:13:05,556][flwr][INFO] - app_fit: losses_distributed [(1, 1.5451603281739168), (2, 1.4210600467483334), (3, 1.3898987090215087), (4, 1.7390907710500803), (5, 1.4455723498850863), (6, 1.5658552831744554), (7, 1.4213144011760541), (8, 1.3924915759396368), (9, 1.1962701855836628), (10, 1.5532289279979117), (11, 1.7257443785162296), (12, 1.7112021871344754), (13, 1.6718337646543406), (14, 1.1692971084810928), (15, 1.6385033363015344), (16, 1.3848553852815377), (17, 1.6408540381407886), (18, 1.527632554409013), (19, 1.5872189568276571), (20, 1.1257398143828472), (21, 1.7556715171558026), (22, 1.362811253293846), (23, 1.5525970936740294), (24, 1.5995462917674288), (25, 1.256617160768746)]
[2026-01-17 13:13:05,556][flwr][INFO] - app_fit: metrics_distributed_fit {}
[2026-01-17 13:13:05,556][flwr][INFO] - app_fit: metrics_distributed {}
[2026-01-17 13:13:05,556][flwr][INFO] - app_fit: losses_centralized [(0, 1.4340404903996313), (1, 1.4340404903996313), (2, 1.4340404903996313), (3, 1.4340404903996313), (4, 1.4340404903996313), (5, 1.4340404903996313), (6, 1.4340404903996313), (7, 1.4340404903996313), (8, 1.4340404903996313), (9, 1.4340404903996313), (10, 1.4340404903996313), (11, 1.4340404903996313), (12, 1.4340404903996313), (13, 1.4340404903996313), (14, 1.4340404903996313), (15, 1.4340404903996313), (16, 1.4340404903996313), (17, 1.4340404903996313), (18, 1.4340404903996313), (19, 1.4340404903996313), (20, 1.4340404903996313), (21, 1.4340404903996313), (22, 1.4340404903996313), (23, 1.4340404903996313), (24, 1.4340404903996313), (25, 1.4340404903996313)]
[2026-01-17 13:13:05,556][flwr][INFO] - app_fit: metrics_centralized {'rmse': [(0, 11782.010694274555), (1, 11782.010694274555), (2, 11782.010694274555), (3, 11782.010694274555), (4, 11782.010694274555), (5, 11782.010694274555), (6, 11782.010694274555), (7, 11782.010694274555), (8, 11782.010694274555), (9, 11782.010694274555), (10, 11782.010694274555), (11, 11782.010694274555), (12, 11782.010694274555), (13, 11782.010694274555), (14, 11782.010694274555), (15, 11782.010694274555), (16, 11782.010694274555), (17, 11782.010694274555), (18, 11782.010694274555), (19, 11782.010694274555), (20, 11782.010694274555), (21, 11782.010694274555), (22, 11782.010694274555), (23, 11782.010694274555), (24, 11782.010694274555), (25, 11782.010694274555)], 'mae': [(0, 9149.193359375), (1, 9149.193359375), (2, 9149.193359375), (3, 9149.193359375), (4, 9149.193359375), (5, 9149.193359375), (6, 9149.193359375), (7, 9149.193359375), (8, 9149.193359375), (9, 9149.193359375), (10, 9149.193359375), (11, 9149.193359375), (12, 9149.193359375), (13, 9149.193359375), (14, 9149.193359375), (15, 9149.193359375), (16, 9149.193359375), (17, 9149.193359375), (18, 9149.193359375), (19, 9149.193359375), (20, 9149.193359375), (21, 9149.193359375), (22, 9149.193359375), (23, 9149.193359375), (24, 9149.193359375), (25, 9149.193359375)], 'r2': [(0, 0.00890437044283554), (1, 0.00890437044283554), (2, 0.00890437044283554), (3, 0.00890437044283554), (4, 0.00890437044283554), (5, 0.00890437044283554), (6, 0.00890437044283554), (7, 0.00890437044283554), (8, 0.00890437044283554), (9, 0.00890437044283554), (10, 0.00890437044283554), (11, 0.00890437044283554), (12, 0.00890437044283554), (13, 0.00890437044283554), (14, 0.00890437044283554), (15, 0.00890437044283554), (16, 0.00890437044283554), (17, 0.00890437044283554), (18, 0.00890437044283554), (19, 0.00890437044283554), (20, 0.00890437044283554), (21, 0.00890437044283554), (22, 0.00890437044283554), (23, 0.00890437044283554), (24, 0.00890437044283554), (25, 0.00890437044283554)], 'mape': [(0, 79.91940307617188), (1, 79.91940307617188), (2, 79.91940307617188), (3, 79.91940307617188), (4, 79.91940307617188), (5, 79.91940307617188), (6, 79.91940307617188), (7, 79.91940307617188), (8, 79.91940307617188), (9, 79.91940307617188), (10, 79.91940307617188), (11, 79.91940307617188), (12, 79.91940307617188), (13, 79.91940307617188), (14, 79.91940307617188), (15, 79.91940307617188), (16, 79.91940307617188), (17, 79.91940307617188), (18, 79.91940307617188), (19, 79.91940307617188), (20, 79.91940307617188), (21, 79.91940307617188), (22, 79.91940307617188), (23, 79.91940307617188), (24, 79.91940307617188), (25, 79.91940307617188)], 'accuracy_10': [(0, 11.735205352306366), (1, 11.735205352306366), (2, 11.735205352306366), (3, 11.735205352306366), (4, 11.735205352306366), (5, 11.735205352306366), (6, 11.735205352306366), (7, 11.735205352306366), (8, 11.735205352306366), (9, 11.735205352306366), (10, 11.735205352306366), (11, 11.735205352306366), (12, 11.735205352306366), (13, 11.735205352306366), (14, 11.735205352306366), (15, 11.735205352306366), (16, 11.735205352306366), (17, 11.735205352306366), (18, 11.735205352306366), (19, 11.735205352306366), (20, 11.735205352306366), (21, 11.735205352306366), (22, 11.735205352306366), (23, 11.735205352306366), (24, 11.735205352306366), (25, 11.735205352306366)], 'accuracy_20': [(0, 21.46439254283905), (1, 21.46439254283905), (2, 21.46439254283905), (3, 21.46439254283905), (4, 21.46439254283905), (5, 21.46439254283905), (6, 21.46439254283905), (7, 21.46439254283905), (8, 21.46439254283905), (9, 21.46439254283905), (10, 21.46439254283905), (11, 21.46439254283905), (12, 21.46439254283905), (13, 21.46439254283905), (14, 21.46439254283905), (15, 21.46439254283905), (16, 21.46439254283905), (17, 21.46439254283905), (18, 21.46439254283905), (19, 21.46439254283905), (20, 21.46439254283905), (21, 21.46439254283905), (22, 21.46439254283905), (23, 21.46439254283905), (24, 21.46439254283905), (25, 21.46439254283905)]}
