[2026-01-21 13:46:36,029][flwr][INFO] - Starting Flower simulation, config: ServerConfig(num_rounds=30, round_timeout=None)
[2026-01-21 13:46:40,866][flwr][INFO] - Flower VCE: Ray initialized with resources: {'memory': 12041469952.0, 'CPU': 10.0, 'object_store_memory': 2147483648.0, 'node:127.0.0.1': 1.0}
[2026-01-21 13:46:40,867][flwr][INFO] - Initializing global parameters
[2026-01-21 13:46:40,867][flwr][INFO] - Using initial parameters provided by strategy
[2026-01-21 13:46:40,867][flwr][INFO] - Evaluating initial parameters
[2026-01-21 13:46:41,704][flwr][INFO] - initial parameters (loss, other metrics): 1.4340404903996313, {'rmse': 11782.010694274555, 'mae': 9149.193359375, 'r2': 0.00890437044283554, 'mape': 79.91940307617188, 'accuracy_10': 11.735205352306366, 'accuracy_20': 21.46439254283905}
[2026-01-21 13:46:41,704][flwr][INFO] - FL starting
[2026-01-21 13:46:41,704][flwr][DEBUG] - fit_round 1: strategy sampled 7 clients (out of 12)
[2026-01-21 13:46:52,574][flwr][DEBUG] - fit_round 1 received 7 results and 0 failures
[2026-01-21 13:46:52,581][flwr][WARNING] - No fit_metrics_aggregation_fn provided
[2026-01-21 13:46:52,871][flwr][INFO] - fit progress: (1, 0.1785938411263549, {'rmse': 6587.356374145853, 'mae': 3499.673828125, 'r2': 0.690187440793381, 'mape': 18.50774383544922, 'accuracy_10': 31.99598789215088, 'accuracy_20': 71.51454091072083}, 11.166434290993493)
[2026-01-21 13:46:52,871][flwr][DEBUG] - evaluate_round 1: strategy sampled 6 clients (out of 12)
[2026-01-21 13:46:53,135][flwr][DEBUG] - evaluate_round 1 received 6 results and 0 failures
[2026-01-21 13:46:53,135][flwr][WARNING] - No evaluate_metrics_aggregation_fn provided
[2026-01-21 13:46:53,135][flwr][DEBUG] - fit_round 2: strategy sampled 7 clients (out of 12)
[2026-01-21 13:46:57,708][flwr][DEBUG] - fit_round 2 received 7 results and 0 failures
[2026-01-21 13:46:57,947][flwr][INFO] - fit progress: (2, 0.09366503774506996, {'rmse': 5048.078842490478, 'mae': 2286.62939453125, 'r2': 0.8180596731149328, 'mape': 12.152667045593262, 'accuracy_10': 55.867600440979004, 'accuracy_20': 87.61283755302429}, 16.242287916014902)
[2026-01-21 13:46:57,947][flwr][DEBUG] - evaluate_round 2: strategy sampled 6 clients (out of 12)
[2026-01-21 13:46:58,151][flwr][DEBUG] - evaluate_round 2 received 6 results and 0 failures
[2026-01-21 13:46:58,152][flwr][DEBUG] - fit_round 3: strategy sampled 7 clients (out of 12)
[2026-01-21 13:47:02,711][flwr][DEBUG] - fit_round 3 received 7 results and 0 failures
[2026-01-21 13:47:02,945][flwr][INFO] - fit progress: (3, 0.05927866841166644, {'rmse': 4399.737037596679, 'mae': 1709.9781494140625, 'r2': 0.8617929641476276, 'mape': 8.874117851257324, 'accuracy_10': 72.41725325584412, 'accuracy_20': 93.73119473457336}, 21.240654665976763)
[2026-01-21 13:47:02,945][flwr][DEBUG] - evaluate_round 3: strategy sampled 6 clients (out of 12)
[2026-01-21 13:47:03,159][flwr][DEBUG] - evaluate_round 3 received 6 results and 0 failures
[2026-01-21 13:47:03,160][flwr][DEBUG] - fit_round 4: strategy sampled 7 clients (out of 12)
[2026-01-21 13:47:07,623][flwr][DEBUG] - fit_round 4 received 7 results and 0 failures
[2026-01-21 13:47:07,854][flwr][INFO] - fit progress: (4, 0.04750502932491668, {'rmse': 4271.932349651619, 'mae': 1500.36962890625, 'r2': 0.8697056933859182, 'mape': 7.323789596557617, 'accuracy_10': 82.29689002037048, 'accuracy_20': 94.53359842300415}, 26.149402707989793)
[2026-01-21 13:47:07,854][flwr][DEBUG] - evaluate_round 4: strategy sampled 6 clients (out of 12)
[2026-01-21 13:47:08,067][flwr][DEBUG] - evaluate_round 4 received 6 results and 0 failures
[2026-01-21 13:47:08,068][flwr][DEBUG] - fit_round 5: strategy sampled 7 clients (out of 12)
[2026-01-21 13:47:12,604][flwr][DEBUG] - fit_round 5 received 7 results and 0 failures
[2026-01-21 13:47:12,865][flwr][INFO] - fit progress: (5, 0.04154962056326711, {'rmse': 4177.619896543964, 'mae': 1492.4945068359375, 'r2': 0.8753952632123596, 'mape': 6.882090091705322, 'accuracy_10': 82.9488456249237, 'accuracy_20': 95.38615942001343}, 31.1605383749702)
[2026-01-21 13:47:12,865][flwr][DEBUG] - evaluate_round 5: strategy sampled 6 clients (out of 12)
[2026-01-21 13:47:13,082][flwr][DEBUG] - evaluate_round 5 received 6 results and 0 failures
[2026-01-21 13:47:13,082][flwr][DEBUG] - fit_round 6: strategy sampled 7 clients (out of 12)
[2026-01-21 13:47:17,790][flwr][DEBUG] - fit_round 6 received 7 results and 0 failures
[2026-01-21 13:47:18,029][flwr][INFO] - fit progress: (6, 0.047466062407271796, {'rmse': 4306.474428114023, 'mae': 1449.1343994140625, 'r2': 0.86759009437626, 'mape': 7.0344557762146, 'accuracy_10': 84.65396165847778, 'accuracy_20': 94.63390111923218}, 36.32509666599799)
[2026-01-21 13:47:18,030][flwr][DEBUG] - evaluate_round 6: strategy sampled 6 clients (out of 12)
[2026-01-21 13:47:18,235][flwr][DEBUG] - evaluate_round 6 received 6 results and 0 failures
[2026-01-21 13:47:18,235][flwr][DEBUG] - fit_round 7: strategy sampled 7 clients (out of 12)
[2026-01-21 13:47:22,836][flwr][DEBUG] - fit_round 7 received 7 results and 0 failures
[2026-01-21 13:47:23,071][flwr][INFO] - fit progress: (7, 0.03667090671770312, {'rmse': 4015.953809495323, 'mae': 1397.5267333984375, 'r2': 0.8848526003042548, 'mape': 6.288210391998291, 'accuracy_10': 85.10531783103943, 'accuracy_20': 95.53660750389099}, 41.36707525001839)
[2026-01-21 13:47:23,072][flwr][DEBUG] - evaluate_round 7: strategy sampled 6 clients (out of 12)
[2026-01-21 13:47:23,322][flwr][DEBUG] - evaluate_round 7 received 6 results and 0 failures
[2026-01-21 13:47:23,322][flwr][DEBUG] - fit_round 8: strategy sampled 7 clients (out of 12)
[2026-01-21 13:47:27,972][flwr][DEBUG] - fit_round 8 received 7 results and 0 failures
[2026-01-21 13:47:28,230][flwr][INFO] - fit progress: (8, 0.037861712260121326, {'rmse': 4042.339545362314, 'mae': 1336.23193359375, 'r2': 0.8833345379003318, 'mape': 6.182192802429199, 'accuracy_10': 87.0611846446991, 'accuracy_20': 95.43631076812744}, 46.5256798749906)
[2026-01-21 13:47:28,230][flwr][DEBUG] - evaluate_round 8: strategy sampled 6 clients (out of 12)
[2026-01-21 13:47:28,459][flwr][DEBUG] - evaluate_round 8 received 6 results and 0 failures
[2026-01-21 13:47:28,460][flwr][DEBUG] - fit_round 9: strategy sampled 7 clients (out of 12)
[2026-01-21 13:47:32,766][flwr][DEBUG] - fit_round 9 received 7 results and 0 failures
[2026-01-21 13:47:33,004][flwr][INFO] - fit progress: (9, 0.03285392633300189, {'rmse': 3930.1008892902482, 'mae': 1366.0784912109375, 'r2': 0.8897232063430308, 'mape': 5.872522830963135, 'accuracy_10': 85.70712208747864, 'accuracy_20': 96.08826637268066}, 51.30002033297205)
[2026-01-21 13:47:33,004][flwr][DEBUG] - evaluate_round 9: strategy sampled 6 clients (out of 12)
[2026-01-21 13:47:33,190][flwr][DEBUG] - evaluate_round 9 received 6 results and 0 failures
[2026-01-21 13:47:33,191][flwr][DEBUG] - fit_round 10: strategy sampled 7 clients (out of 12)
[2026-01-21 13:47:37,735][flwr][DEBUG] - fit_round 10 received 7 results and 0 failures
[2026-01-21 13:47:37,974][flwr][INFO] - fit progress: (10, 0.03360294009425276, {'rmse': 3846.893941870506, 'mae': 1274.8040771484375, 'r2': 0.8943432732011923, 'mape': 5.708545684814453, 'accuracy_10': 88.06419372558594, 'accuracy_20': 95.8375096321106}, 56.27018104097806)
[2026-01-21 13:47:37,975][flwr][DEBUG] - evaluate_round 10: strategy sampled 6 clients (out of 12)
[2026-01-21 13:47:38,184][flwr][DEBUG] - evaluate_round 10 received 6 results and 0 failures
[2026-01-21 13:47:38,184][flwr][DEBUG] - fit_round 11: strategy sampled 7 clients (out of 12)
[2026-01-21 13:47:42,614][flwr][DEBUG] - fit_round 11 received 7 results and 0 failures
[2026-01-21 13:47:42,854][flwr][INFO] - fit progress: (11, 0.03364904554992346, {'rmse': 3880.763326975764, 'mae': 1322.3560791015625, 'r2': 0.892474605537551, 'mape': 5.754889965057373, 'accuracy_10': 87.26178407669067, 'accuracy_20': 96.03811502456665}, 61.14942091598641)
[2026-01-21 13:47:42,854][flwr][DEBUG] - evaluate_round 11: strategy sampled 6 clients (out of 12)
[2026-01-21 13:47:42,951][flwr][DEBUG] - evaluate_round 11 received 6 results and 0 failures
[2026-01-21 13:47:42,951][flwr][DEBUG] - fit_round 12: strategy sampled 7 clients (out of 12)
[2026-01-21 13:47:47,610][flwr][DEBUG] - fit_round 12 received 7 results and 0 failures
[2026-01-21 13:47:47,864][flwr][INFO] - fit progress: (12, 0.03384852077094548, {'rmse': 3968.02961178467, 'mae': 1292.5526123046875, 'r2': 0.8875844130633883, 'mape': 5.604034423828125, 'accuracy_10': 88.41524720191956, 'accuracy_20': 95.8375096321106}, 66.16022754099686)
[2026-01-21 13:47:47,865][flwr][DEBUG] - evaluate_round 12: strategy sampled 6 clients (out of 12)
[2026-01-21 13:47:48,064][flwr][DEBUG] - evaluate_round 12 received 6 results and 0 failures
[2026-01-21 13:47:48,064][flwr][DEBUG] - fit_round 13: strategy sampled 7 clients (out of 12)
[2026-01-21 13:47:52,804][flwr][DEBUG] - fit_round 13 received 7 results and 0 failures
[2026-01-21 13:47:53,063][flwr][INFO] - fit progress: (13, 0.03353554836904991, {'rmse': 3935.172804337822, 'mae': 1273.73095703125, 'r2': 0.889438392733739, 'mape': 5.5208516120910645, 'accuracy_10': 88.71614933013916, 'accuracy_20': 95.63691020011902}, 71.35917708300985)
[2026-01-21 13:47:53,064][flwr][DEBUG] - evaluate_round 13: strategy sampled 6 clients (out of 12)
[2026-01-21 13:47:53,273][flwr][DEBUG] - evaluate_round 13 received 6 results and 0 failures
[2026-01-21 13:47:53,274][flwr][DEBUG] - fit_round 14: strategy sampled 7 clients (out of 12)
[2026-01-21 13:47:57,840][flwr][DEBUG] - fit_round 14 received 7 results and 0 failures
[2026-01-21 13:47:58,084][flwr][INFO] - fit progress: (14, 0.03933073911972815, {'rmse': 4243.099574603452, 'mae': 1242.83203125, 'r2': 0.8714585583585726, 'mape': 5.619452476501465, 'accuracy_10': 89.31795358657837, 'accuracy_20': 94.88465189933777}, 76.38026412500767)
[2026-01-21 13:47:58,085][flwr][DEBUG] - evaluate_round 14: strategy sampled 6 clients (out of 12)
[2026-01-21 13:47:58,272][flwr][DEBUG] - evaluate_round 14 received 6 results and 0 failures
[2026-01-21 13:47:58,272][flwr][DEBUG] - fit_round 15: strategy sampled 7 clients (out of 12)
[2026-01-21 13:48:02,832][flwr][DEBUG] - fit_round 15 received 7 results and 0 failures
[2026-01-21 13:48:03,100][flwr][INFO] - fit progress: (15, 0.038990754076469326, {'rmse': 4173.128083344675, 'mae': 1237.0230712890625, 'r2': 0.8756630642682642, 'mape': 5.618797302246094, 'accuracy_10': 89.46840763092041, 'accuracy_20': 94.78435516357422}, 81.39646370796254)
[2026-01-21 13:48:03,101][flwr][DEBUG] - evaluate_round 15: strategy sampled 6 clients (out of 12)
[2026-01-21 13:48:03,308][flwr][DEBUG] - evaluate_round 15 received 6 results and 0 failures
[2026-01-21 13:48:03,308][flwr][DEBUG] - fit_round 16: strategy sampled 7 clients (out of 12)
[2026-01-21 13:48:07,909][flwr][DEBUG] - fit_round 16 received 7 results and 0 failures
[2026-01-21 13:48:08,157][flwr][INFO] - fit progress: (16, 0.03247253864502895, {'rmse': 3947.6318217381922, 'mae': 1263.9879150390625, 'r2': 0.8887371968802966, 'mape': 5.356404781341553, 'accuracy_10': 88.86659741401672, 'accuracy_20': 96.08826637268066}, 86.45298537501367)
[2026-01-21 13:48:08,157][flwr][DEBUG] - evaluate_round 16: strategy sampled 6 clients (out of 12)
[2026-01-21 13:48:08,345][flwr][DEBUG] - evaluate_round 16 received 6 results and 0 failures
[2026-01-21 13:48:08,345][flwr][DEBUG] - fit_round 17: strategy sampled 7 clients (out of 12)
[2026-01-21 13:48:12,603][flwr][DEBUG] - fit_round 17 received 7 results and 0 failures
[2026-01-21 13:48:12,863][flwr][INFO] - fit progress: (17, 0.03373008938795825, {'rmse': 4019.7086959131752, 'mae': 1342.012939453125, 'r2': 0.88463717884699, 'mape': 5.623117923736572, 'accuracy_10': 87.41223812103271, 'accuracy_20': 95.8375096321106}, 91.15890954097267)
[2026-01-21 13:48:12,863][flwr][DEBUG] - evaluate_round 17: strategy sampled 6 clients (out of 12)
[2026-01-21 13:48:13,076][flwr][DEBUG] - evaluate_round 17 received 6 results and 0 failures
[2026-01-21 13:48:13,076][flwr][DEBUG] - fit_round 18: strategy sampled 7 clients (out of 12)
[2026-01-21 13:48:17,431][flwr][DEBUG] - fit_round 18 received 7 results and 0 failures
[2026-01-21 13:48:17,682][flwr][INFO] - fit progress: (18, 0.03054426611217118, {'rmse': 4051.156501543726, 'mae': 1376.7503662109375, 'r2': 0.8828250559243694, 'mape': 5.346168041229248, 'accuracy_10': 87.11133599281311, 'accuracy_20': 95.73721289634705}, 95.97804545797408)
[2026-01-21 13:48:17,682][flwr][DEBUG] - evaluate_round 18: strategy sampled 6 clients (out of 12)
[2026-01-21 13:48:17,768][flwr][DEBUG] - evaluate_round 18 received 6 results and 0 failures
[2026-01-21 13:48:17,769][flwr][DEBUG] - fit_round 19: strategy sampled 7 clients (out of 12)
[2026-01-21 13:48:21,914][flwr][DEBUG] - fit_round 19 received 7 results and 0 failures
[2026-01-21 13:48:22,153][flwr][INFO] - fit progress: (19, 0.03664959155942277, {'rmse': 4478.182667109505, 'mae': 1638.1263427734375, 'r2': 0.8568206641043805, 'mape': 6.015056610107422, 'accuracy_10': 82.39719271659851, 'accuracy_20': 94.28284764289856}, 100.449274374987)
[2026-01-21 13:48:22,153][flwr][DEBUG] - evaluate_round 19: strategy sampled 6 clients (out of 12)
[2026-01-21 13:48:22,242][flwr][DEBUG] - evaluate_round 19 received 6 results and 0 failures
[2026-01-21 13:48:22,243][flwr][DEBUG] - fit_round 20: strategy sampled 7 clients (out of 12)
[2026-01-21 13:48:26,476][flwr][DEBUG] - fit_round 20 received 7 results and 0 failures
[2026-01-21 13:48:26,741][flwr][INFO] - fit progress: (20, 0.03370812141832521, {'rmse': 4340.148384560141, 'mae': 1555.761474609375, 'r2': 0.8655112776803043, 'mape': 5.753626346588135, 'accuracy_10': 83.65095257759094, 'accuracy_20': 95.18555402755737}, 105.03725691599539)
[2026-01-21 13:48:26,741][flwr][DEBUG] - evaluate_round 20: strategy sampled 6 clients (out of 12)
[2026-01-21 13:48:26,825][flwr][DEBUG] - evaluate_round 20 received 6 results and 0 failures
[2026-01-21 13:48:26,825][flwr][DEBUG] - fit_round 21: strategy sampled 7 clients (out of 12)
[2026-01-21 13:48:31,123][flwr][DEBUG] - fit_round 21 received 7 results and 0 failures
[2026-01-21 13:48:31,361][flwr][INFO] - fit progress: (21, 0.03115602953540705, {'rmse': 4046.9041253778178, 'mae': 1421.5526123046875, 'r2': 0.8830709166528024, 'mape': 5.602385520935059, 'accuracy_10': 85.8575701713562, 'accuracy_20': 96.08826637268066}, 109.65715904097306)
[2026-01-21 13:48:31,361][flwr][DEBUG] - evaluate_round 21: strategy sampled 6 clients (out of 12)
[2026-01-21 13:48:31,445][flwr][DEBUG] - evaluate_round 21 received 6 results and 0 failures
[2026-01-21 13:48:31,445][flwr][DEBUG] - fit_round 22: strategy sampled 7 clients (out of 12)
[2026-01-21 13:48:35,644][flwr][DEBUG] - fit_round 22 received 7 results and 0 failures
[2026-01-21 13:48:35,899][flwr][INFO] - fit progress: (22, 0.03588534270879348, {'rmse': 4083.799823693615, 'mae': 1220.1932373046875, 'r2': 0.8809291095113314, 'mape': 5.654314041137695, 'accuracy_10': 88.81645202636719, 'accuracy_20': 95.23570537567139}, 114.19483624998247)
[2026-01-21 13:48:35,899][flwr][DEBUG] - evaluate_round 22: strategy sampled 6 clients (out of 12)
[2026-01-21 13:48:35,989][flwr][DEBUG] - evaluate_round 22 received 6 results and 0 failures
[2026-01-21 13:48:35,989][flwr][DEBUG] - fit_round 23: strategy sampled 7 clients (out of 12)
[2026-01-21 13:48:40,146][flwr][DEBUG] - fit_round 23 received 7 results and 0 failures
[2026-01-21 13:48:40,382][flwr][INFO] - fit progress: (23, 0.03868102711235867, {'rmse': 4160.2177827608975, 'mae': 1213.315185546875, 'r2': 0.8764311957196885, 'mape': 5.77511739730835, 'accuracy_10': 88.91674876213074, 'accuracy_20': 94.93480324745178}, 118.6779600000009)
[2026-01-21 13:48:40,382][flwr][DEBUG] - evaluate_round 23: strategy sampled 6 clients (out of 12)
[2026-01-21 13:48:40,460][flwr][DEBUG] - evaluate_round 23 received 6 results and 0 failures
[2026-01-21 13:48:40,460][flwr][DEBUG] - fit_round 24: strategy sampled 7 clients (out of 12)
[2026-01-21 13:48:44,824][flwr][DEBUG] - fit_round 24 received 7 results and 0 failures
[2026-01-21 13:48:45,078][flwr][INFO] - fit progress: (24, 0.02997138835078735, {'rmse': 4013.262886978624, 'mae': 1394.947265625, 'r2': 0.8850068572322946, 'mape': 5.4944376945495605, 'accuracy_10': 86.55967712402344, 'accuracy_20': 95.98796367645264}, 123.37363933300367)
[2026-01-21 13:48:45,078][flwr][DEBUG] - evaluate_round 24: strategy sampled 6 clients (out of 12)
[2026-01-21 13:48:45,171][flwr][DEBUG] - evaluate_round 24 received 6 results and 0 failures
[2026-01-21 13:48:45,171][flwr][DEBUG] - fit_round 25: strategy sampled 7 clients (out of 12)
[2026-01-21 13:48:49,467][flwr][DEBUG] - fit_round 25 received 7 results and 0 failures
[2026-01-21 13:48:49,812][flwr][INFO] - fit progress: (25, 0.029850658490775582, {'rmse': 3989.28464765301, 'mae': 1419.763671875, 'r2': 0.8863768664237666, 'mape': 5.555815696716309, 'accuracy_10': 85.5566680431366, 'accuracy_20': 96.18856310844421}, 128.10834350000368)
[2026-01-21 13:48:49,813][flwr][DEBUG] - evaluate_round 25: strategy sampled 6 clients (out of 12)
[2026-01-21 13:48:49,932][flwr][DEBUG] - evaluate_round 25 received 6 results and 0 failures
[2026-01-21 13:48:49,936][flwr][DEBUG] - fit_round 26: strategy sampled 7 clients (out of 12)
[2026-01-21 13:48:54,357][flwr][DEBUG] - fit_round 26 received 7 results and 0 failures
[2026-01-21 13:48:54,604][flwr][INFO] - fit progress: (26, 0.03034361330988474, {'rmse': 3839.648030744485, 'mae': 1232.5860595703125, 'r2': 0.8947409269706227, 'mape': 5.2308430671691895, 'accuracy_10': 88.56569528579712, 'accuracy_20': 95.63691020011902}, 132.89978979097214)
[2026-01-21 13:48:54,604][flwr][DEBUG] - evaluate_round 26: strategy sampled 6 clients (out of 12)
[2026-01-21 13:48:54,701][flwr][DEBUG] - evaluate_round 26 received 6 results and 0 failures
[2026-01-21 13:48:54,701][flwr][DEBUG] - fit_round 27: strategy sampled 7 clients (out of 12)
[2026-01-21 13:48:59,008][flwr][DEBUG] - fit_round 27 received 7 results and 0 failures
[2026-01-21 13:48:59,240][flwr][INFO] - fit progress: (27, 0.030248356760743868, {'rmse': 3783.5910191245566, 'mae': 1248.2855224609375, 'r2': 0.8977919524286769, 'mape': 5.3078999519348145, 'accuracy_10': 87.96389102935791, 'accuracy_20': 95.48646211624146}, 137.53636154101696)
[2026-01-21 13:48:59,240][flwr][DEBUG] - evaluate_round 27: strategy sampled 6 clients (out of 12)
[2026-01-21 13:48:59,325][flwr][DEBUG] - evaluate_round 27 received 6 results and 0 failures
[2026-01-21 13:48:59,325][flwr][DEBUG] - fit_round 28: strategy sampled 7 clients (out of 12)
[2026-01-21 13:49:03,487][flwr][DEBUG] - fit_round 28 received 7 results and 0 failures
[2026-01-21 13:49:03,739][flwr][INFO] - fit progress: (28, 0.0294427225681969, {'rmse': 3965.7164548162036, 'mae': 1448.18310546875, 'r2': 0.887715439056458, 'mape': 5.657576084136963, 'accuracy_10': 85.05516648292542, 'accuracy_20': 96.08826637268066}, 142.03527370799566)
[2026-01-21 13:49:03,739][flwr][DEBUG] - evaluate_round 28: strategy sampled 6 clients (out of 12)
[2026-01-21 13:49:03,821][flwr][DEBUG] - evaluate_round 28 received 6 results and 0 failures
[2026-01-21 13:49:03,821][flwr][DEBUG] - fit_round 29: strategy sampled 7 clients (out of 12)
[2026-01-21 13:49:08,039][flwr][DEBUG] - fit_round 29 received 7 results and 0 failures
[2026-01-21 13:49:08,276][flwr][INFO] - fit progress: (29, 0.030235689318362426, {'rmse': 3818.7822666394586, 'mae': 1268.0643310546875, 'r2': 0.8958818313321486, 'mape': 5.487700939178467, 'accuracy_10': 87.81344294548035, 'accuracy_20': 95.93781232833862}, 146.57179562497186)
[2026-01-21 13:49:08,276][flwr][DEBUG] - evaluate_round 29: strategy sampled 6 clients (out of 12)
[2026-01-21 13:49:08,350][flwr][DEBUG] - evaluate_round 29 received 6 results and 0 failures
[2026-01-21 13:49:08,350][flwr][DEBUG] - fit_round 30: strategy sampled 7 clients (out of 12)
[2026-01-21 13:49:12,911][flwr][DEBUG] - fit_round 30 received 7 results and 0 failures
[2026-01-21 13:49:13,157][flwr][INFO] - fit progress: (30, 0.042328699533019584, {'rmse': 4371.513467896445, 'mae': 1208.0589599609375, 'r2': 0.8635604217846098, 'mape': 5.839992523193359, 'accuracy_10': 87.81344294548035, 'accuracy_20': 94.08224821090698}, 151.45330270798877)
[2026-01-21 13:49:13,157][flwr][DEBUG] - evaluate_round 30: strategy sampled 6 clients (out of 12)
[2026-01-21 13:49:13,251][flwr][DEBUG] - evaluate_round 30 received 6 results and 0 failures
[2026-01-21 13:49:13,251][flwr][INFO] - FL finished in 151.54712087498046
[2026-01-21 13:49:13,252][flwr][INFO] - app_fit: losses_distributed [(1, 0.18221569147359223), (2, 0.11089127196038305), (3, 0.05501844528606182), (4, 0.037443150214152676), (5, 0.045209679617253556), (6, 0.012942839438389791), (7, 0.03604596037800294), (8, 0.009799368312820585), (9, 0.04206497499137491), (10, 0.049712046809173085), (11, 0.03906767009517781), (12, 0.05089782098199221), (13, 0.02866867262096792), (14, 0.06587232824147655), (15, 0.030255224191713122), (16, 0.034878343202197036), (17, 0.054255911552936235), (18, 0.041213487147297494), (19, 0.03986616743931432), (20, 0.03147322578609364), (21, 0.0360945677434115), (22, 0.032419162389676626), (23, 0.0756446129433922), (24, 0.03769680562455878), (25, 0.046509236408450706), (26, 0.04273513139118482), (27, 0.01593764050077443), (28, 0.03504512622885303), (29, 0.057865044029095945), (30, 0.05352595770228872)]
[2026-01-21 13:49:13,252][flwr][INFO] - app_fit: metrics_distributed_fit {}
[2026-01-21 13:49:13,252][flwr][INFO] - app_fit: metrics_distributed {}
[2026-01-21 13:49:13,252][flwr][INFO] - app_fit: losses_centralized [(0, 1.4340404903996313), (1, 0.1785938411263549), (2, 0.09366503774506996), (3, 0.05927866841166644), (4, 0.04750502932491668), (5, 0.04154962056326711), (6, 0.047466062407271796), (7, 0.03667090671770312), (8, 0.037861712260121326), (9, 0.03285392633300189), (10, 0.03360294009425276), (11, 0.03364904554992346), (12, 0.03384852077094548), (13, 0.03353554836904991), (14, 0.03933073911972815), (15, 0.038990754076469326), (16, 0.03247253864502895), (17, 0.03373008938795825), (18, 0.03054426611217118), (19, 0.03664959155942277), (20, 0.03370812141832521), (21, 0.03115602953540705), (22, 0.03588534270879348), (23, 0.03868102711235867), (24, 0.02997138835078735), (25, 0.029850658490775582), (26, 0.03034361330988474), (27, 0.030248356760743868), (28, 0.0294427225681969), (29, 0.030235689318362426), (30, 0.042328699533019584)]
[2026-01-21 13:49:13,253][flwr][INFO] - app_fit: metrics_centralized {'rmse': [(0, 11782.010694274555), (1, 6587.356374145853), (2, 5048.078842490478), (3, 4399.737037596679), (4, 4271.932349651619), (5, 4177.619896543964), (6, 4306.474428114023), (7, 4015.953809495323), (8, 4042.339545362314), (9, 3930.1008892902482), (10, 3846.893941870506), (11, 3880.763326975764), (12, 3968.02961178467), (13, 3935.172804337822), (14, 4243.099574603452), (15, 4173.128083344675), (16, 3947.6318217381922), (17, 4019.7086959131752), (18, 4051.156501543726), (19, 4478.182667109505), (20, 4340.148384560141), (21, 4046.9041253778178), (22, 4083.799823693615), (23, 4160.2177827608975), (24, 4013.262886978624), (25, 3989.28464765301), (26, 3839.648030744485), (27, 3783.5910191245566), (28, 3965.7164548162036), (29, 3818.7822666394586), (30, 4371.513467896445)], 'mae': [(0, 9149.193359375), (1, 3499.673828125), (2, 2286.62939453125), (3, 1709.9781494140625), (4, 1500.36962890625), (5, 1492.4945068359375), (6, 1449.1343994140625), (7, 1397.5267333984375), (8, 1336.23193359375), (9, 1366.0784912109375), (10, 1274.8040771484375), (11, 1322.3560791015625), (12, 1292.5526123046875), (13, 1273.73095703125), (14, 1242.83203125), (15, 1237.0230712890625), (16, 1263.9879150390625), (17, 1342.012939453125), (18, 1376.7503662109375), (19, 1638.1263427734375), (20, 1555.761474609375), (21, 1421.5526123046875), (22, 1220.1932373046875), (23, 1213.315185546875), (24, 1394.947265625), (25, 1419.763671875), (26, 1232.5860595703125), (27, 1248.2855224609375), (28, 1448.18310546875), (29, 1268.0643310546875), (30, 1208.0589599609375)], 'r2': [(0, 0.00890437044283554), (1, 0.690187440793381), (2, 0.8180596731149328), (3, 0.8617929641476276), (4, 0.8697056933859182), (5, 0.8753952632123596), (6, 0.86759009437626), (7, 0.8848526003042548), (8, 0.8833345379003318), (9, 0.8897232063430308), (10, 0.8943432732011923), (11, 0.892474605537551), (12, 0.8875844130633883), (13, 0.889438392733739), (14, 0.8714585583585726), (15, 0.8756630642682642), (16, 0.8887371968802966), (17, 0.88463717884699), (18, 0.8828250559243694), (19, 0.8568206641043805), (20, 0.8655112776803043), (21, 0.8830709166528024), (22, 0.8809291095113314), (23, 0.8764311957196885), (24, 0.8850068572322946), (25, 0.8863768664237666), (26, 0.8947409269706227), (27, 0.8977919524286769), (28, 0.887715439056458), (29, 0.8958818313321486), (30, 0.8635604217846098)], 'mape': [(0, 79.91940307617188), (1, 18.50774383544922), (2, 12.152667045593262), (3, 8.874117851257324), (4, 7.323789596557617), (5, 6.882090091705322), (6, 7.0344557762146), (7, 6.288210391998291), (8, 6.182192802429199), (9, 5.872522830963135), (10, 5.708545684814453), (11, 5.754889965057373), (12, 5.604034423828125), (13, 5.5208516120910645), (14, 5.619452476501465), (15, 5.618797302246094), (16, 5.356404781341553), (17, 5.623117923736572), (18, 5.346168041229248), (19, 6.015056610107422), (20, 5.753626346588135), (21, 5.602385520935059), (22, 5.654314041137695), (23, 5.77511739730835), (24, 5.4944376945495605), (25, 5.555815696716309), (26, 5.2308430671691895), (27, 5.3078999519348145), (28, 5.657576084136963), (29, 5.487700939178467), (30, 5.839992523193359)], 'accuracy_10': [(0, 11.735205352306366), (1, 31.99598789215088), (2, 55.867600440979004), (3, 72.41725325584412), (4, 82.29689002037048), (5, 82.9488456249237), (6, 84.65396165847778), (7, 85.10531783103943), (8, 87.0611846446991), (9, 85.70712208747864), (10, 88.06419372558594), (11, 87.26178407669067), (12, 88.41524720191956), (13, 88.71614933013916), (14, 89.31795358657837), (15, 89.46840763092041), (16, 88.86659741401672), (17, 87.41223812103271), (18, 87.11133599281311), (19, 82.39719271659851), (20, 83.65095257759094), (21, 85.8575701713562), (22, 88.81645202636719), (23, 88.91674876213074), (24, 86.55967712402344), (25, 85.5566680431366), (26, 88.56569528579712), (27, 87.96389102935791), (28, 85.05516648292542), (29, 87.81344294548035), (30, 87.81344294548035)], 'accuracy_20': [(0, 21.46439254283905), (1, 71.51454091072083), (2, 87.61283755302429), (3, 93.73119473457336), (4, 94.53359842300415), (5, 95.38615942001343), (6, 94.63390111923218), (7, 95.53660750389099), (8, 95.43631076812744), (9, 96.08826637268066), (10, 95.8375096321106), (11, 96.03811502456665), (12, 95.8375096321106), (13, 95.63691020011902), (14, 94.88465189933777), (15, 94.78435516357422), (16, 96.08826637268066), (17, 95.8375096321106), (18, 95.73721289634705), (19, 94.28284764289856), (20, 95.18555402755737), (21, 96.08826637268066), (22, 95.23570537567139), (23, 94.93480324745178), (24, 95.98796367645264), (25, 96.18856310844421), (26, 95.63691020011902), (27, 95.48646211624146), (28, 96.08826637268066), (29, 95.93781232833862), (30, 94.08224821090698)]}
[2026-01-21 13:49:13,714][flwr][INFO] - Starting Flower simulation, config: ServerConfig(num_rounds=30, round_timeout=None)
[2026-01-21 13:49:20,751][flwr][INFO] - Flower VCE: Ray initialized with resources: {'node:127.0.0.1': 1.0, 'CPU': 10.0, 'memory': 12498458215.0, 'object_store_memory': 2147483648.0}
[2026-01-21 13:49:20,752][flwr][INFO] - Initializing global parameters
[2026-01-21 13:49:20,752][flwr][INFO] - Using initial parameters provided by strategy
[2026-01-21 13:49:20,752][flwr][INFO] - Evaluating initial parameters
[2026-01-21 13:49:21,012][flwr][INFO] - initial parameters (loss, other metrics): 1.4340404903996313, {'rmse': 11782.010694274555, 'mae': 9149.193359375, 'r2': 0.00890437044283554, 'mape': 79.91940307617188, 'accuracy_10': 11.735205352306366, 'accuracy_20': 21.46439254283905}
[2026-01-21 13:49:21,012][flwr][INFO] - FL starting
[2026-01-21 13:49:21,012][flwr][DEBUG] - fit_round 1: strategy sampled 7 clients (out of 12)
[2026-01-21 13:49:30,946][flwr][DEBUG] - fit_round 1 received 7 results and 0 failures
[2026-01-21 13:49:30,951][flwr][WARNING] - No fit_metrics_aggregation_fn provided
[2026-01-21 13:49:31,190][flwr][INFO] - fit progress: (1, 0.17585656378668552, {'rmse': 6388.381328630908, 'mae': 3481.0869140625, 'r2': 0.7086209237042125, 'mape': 18.071067810058594, 'accuracy_10': 34.50351059436798, 'accuracy_20': 71.21363878250122}, 10.178023665968794)
[2026-01-21 13:49:31,190][flwr][DEBUG] - evaluate_round 1: strategy sampled 6 clients (out of 12)
[2026-01-21 13:49:31,405][flwr][DEBUG] - evaluate_round 1 received 6 results and 0 failures
[2026-01-21 13:49:31,405][flwr][WARNING] - No evaluate_metrics_aggregation_fn provided
[2026-01-21 13:49:31,405][flwr][DEBUG] - fit_round 2: strategy sampled 7 clients (out of 12)
[2026-01-21 13:49:38,203][flwr][DEBUG] - fit_round 2 received 7 results and 0 failures
[2026-01-21 13:49:38,440][flwr][INFO] - fit progress: (2, 0.09592613970922491, {'rmse': 4992.68324651184, 'mae': 2413.109130859375, 'r2': 0.8220308430553231, 'mape': 12.7642822265625, 'accuracy_10': 47.29187488555908, 'accuracy_20': 86.15847826004028}, 17.427560915995855)
[2026-01-21 13:49:38,440][flwr][DEBUG] - evaluate_round 2: strategy sampled 6 clients (out of 12)
[2026-01-21 13:49:38,676][flwr][DEBUG] - evaluate_round 2 received 6 results and 0 failures
[2026-01-21 13:49:38,676][flwr][DEBUG] - fit_round 3: strategy sampled 7 clients (out of 12)
[2026-01-21 13:49:45,472][flwr][DEBUG] - fit_round 3 received 7 results and 0 failures
[2026-01-21 13:49:45,727][flwr][INFO] - fit progress: (3, 0.06306245080835243, {'rmse': 4463.290938309982, 'mae': 1887.1982421875, 'r2': 0.8577713431868478, 'mape': 9.637728691101074, 'accuracy_10': 66.54964685440063, 'accuracy_20': 91.52457118034363}, 24.715509207977448)
[2026-01-21 13:49:45,728][flwr][DEBUG] - evaluate_round 3: strategy sampled 6 clients (out of 12)
[2026-01-21 13:49:45,893][flwr][DEBUG] - evaluate_round 3 received 6 results and 0 failures
[2026-01-21 13:49:45,893][flwr][DEBUG] - fit_round 4: strategy sampled 7 clients (out of 12)
[2026-01-21 13:49:52,967][flwr][DEBUG] - fit_round 4 received 7 results and 0 failures
[2026-01-21 13:49:53,248][flwr][INFO] - fit progress: (4, 0.049812387422833185, {'rmse': 4223.534538748322, 'mae': 1633.18408203125, 'r2': 0.8726412388048599, 'mape': 7.90554666519165, 'accuracy_10': 77.53259539604187, 'accuracy_20': 93.43029260635376}, 32.23568316595629)
[2026-01-21 13:49:53,248][flwr][DEBUG] - evaluate_round 4: strategy sampled 6 clients (out of 12)
[2026-01-21 13:49:53,472][flwr][DEBUG] - evaluate_round 4 received 6 results and 0 failures
[2026-01-21 13:49:53,472][flwr][DEBUG] - fit_round 5: strategy sampled 7 clients (out of 12)
[2026-01-21 13:50:00,284][flwr][DEBUG] - fit_round 5 received 7 results and 0 failures
[2026-01-21 13:50:00,516][flwr][INFO] - fit progress: (5, 0.05586572579708821, {'rmse': 4545.076457002676, 'mae': 1667.224853515625, 'r2': 0.8525111790074946, 'mape': 7.901295185089111, 'accuracy_10': 81.14343285560608, 'accuracy_20': 92.47743487358093}, 39.50362954096636)
[2026-01-21 13:50:00,516][flwr][DEBUG] - evaluate_round 5: strategy sampled 6 clients (out of 12)
[2026-01-21 13:50:00,708][flwr][DEBUG] - evaluate_round 5 received 6 results and 0 failures
[2026-01-21 13:50:00,708][flwr][DEBUG] - fit_round 6: strategy sampled 7 clients (out of 12)
[2026-01-21 13:50:07,511][flwr][DEBUG] - fit_round 6 received 7 results and 0 failures
[2026-01-21 13:50:07,746][flwr][INFO] - fit progress: (6, 0.03807271176663301, {'rmse': 4060.8905427258196, 'mae': 1419.63134765625, 'r2': 0.8822612877705084, 'mape': 6.380231857299805, 'accuracy_10': 84.90471243858337, 'accuracy_20': 95.43631076812744}, 46.73458799999207)
[2026-01-21 13:50:07,747][flwr][DEBUG] - evaluate_round 6: strategy sampled 6 clients (out of 12)
[2026-01-21 13:50:07,916][flwr][DEBUG] - evaluate_round 6 received 6 results and 0 failures
[2026-01-21 13:50:07,916][flwr][DEBUG] - fit_round 7: strategy sampled 7 clients (out of 12)
[2026-01-21 13:50:14,983][flwr][DEBUG] - fit_round 7 received 7 results and 0 failures
[2026-01-21 13:50:15,239][flwr][INFO] - fit progress: (7, 0.035827972689865824, {'rmse': 4004.909487117031, 'mae': 1378.142333984375, 'r2': 0.8854850639754137, 'mape': 6.085771083831787, 'accuracy_10': 85.65697073936462, 'accuracy_20': 95.8375096321106}, 54.227246499969624)
[2026-01-21 13:50:15,239][flwr][DEBUG] - evaluate_round 7: strategy sampled 6 clients (out of 12)
[2026-01-21 13:50:15,458][flwr][DEBUG] - evaluate_round 7 received 6 results and 0 failures
[2026-01-21 13:50:15,458][flwr][DEBUG] - fit_round 8: strategy sampled 7 clients (out of 12)
[2026-01-21 13:50:21,843][flwr][DEBUG] - fit_round 8 received 7 results and 0 failures
[2026-01-21 13:50:22,096][flwr][INFO] - fit progress: (8, 0.03864506415372627, {'rmse': 4299.828833802573, 'mae': 1534.4017333984375, 'r2': 0.8679984396555345, 'mape': 6.379246711730957, 'accuracy_10': 83.1995964050293, 'accuracy_20': 94.88465189933777}, 61.08371195796644)
[2026-01-21 13:50:22,096][flwr][DEBUG] - evaluate_round 8: strategy sampled 6 clients (out of 12)
[2026-01-21 13:50:22,306][flwr][DEBUG] - evaluate_round 8 received 6 results and 0 failures
[2026-01-21 13:50:22,306][flwr][DEBUG] - fit_round 9: strategy sampled 7 clients (out of 12)
[2026-01-21 13:50:28,982][flwr][DEBUG] - fit_round 9 received 7 results and 0 failures
[2026-01-21 13:50:29,231][flwr][INFO] - fit progress: (9, 0.034654731084120906, {'rmse': 3985.036637221796, 'mae': 1347.7547607421875, 'r2': 0.8866187233357558, 'mape': 5.8515214920043945, 'accuracy_10': 86.10832691192627, 'accuracy_20': 95.73721289634705}, 68.21892233297694)
[2026-01-21 13:50:29,231][flwr][DEBUG] - evaluate_round 9: strategy sampled 6 clients (out of 12)
[2026-01-21 13:50:29,327][flwr][DEBUG] - evaluate_round 9 received 6 results and 0 failures
[2026-01-21 13:50:29,327][flwr][DEBUG] - fit_round 10: strategy sampled 7 clients (out of 12)
[2026-01-21 13:50:36,031][flwr][DEBUG] - fit_round 10 received 7 results and 0 failures
[2026-01-21 13:50:36,285][flwr][INFO] - fit progress: (10, 0.0390755924300002, {'rmse': 4269.334374349238, 'mae': 1565.7626953125, 'r2': 0.8698641154563389, 'mape': 6.460052013397217, 'accuracy_10': 83.35005044937134, 'accuracy_20': 94.78435516357422}, 75.27347129100235)
[2026-01-21 13:50:36,286][flwr][DEBUG] - evaluate_round 10: strategy sampled 6 clients (out of 12)
[2026-01-21 13:50:36,509][flwr][DEBUG] - evaluate_round 10 received 6 results and 0 failures
[2026-01-21 13:50:36,509][flwr][DEBUG] - fit_round 11: strategy sampled 7 clients (out of 12)
[2026-01-21 13:50:43,244][flwr][DEBUG] - fit_round 11 received 7 results and 0 failures
[2026-01-21 13:50:43,500][flwr][INFO] - fit progress: (11, 0.034933460578359776, {'rmse': 3950.074682838288, 'mae': 1289.724853515625, 'r2': 0.8885994538618379, 'mape': 5.750701904296875, 'accuracy_10': 87.16148734092712, 'accuracy_20': 95.53660750389099}, 82.48819924995769)
[2026-01-21 13:50:43,500][flwr][DEBUG] - evaluate_round 11: strategy sampled 6 clients (out of 12)
[2026-01-21 13:50:43,697][flwr][DEBUG] - evaluate_round 11 received 6 results and 0 failures
[2026-01-21 13:50:43,697][flwr][DEBUG] - fit_round 12: strategy sampled 7 clients (out of 12)
[2026-01-21 13:50:50,720][flwr][DEBUG] - fit_round 12 received 7 results and 0 failures
[2026-01-21 13:50:50,980][flwr][INFO] - fit progress: (12, 0.0359162662641604, {'rmse': 3917.0853960566137, 'mae': 1275.7789306640625, 'r2': 0.8904524142455847, 'mape': 5.785233020782471, 'accuracy_10': 87.01103329658508, 'accuracy_20': 95.08525729179382}, 89.96821124997223)
[2026-01-21 13:50:50,980][flwr][DEBUG] - evaluate_round 12: strategy sampled 6 clients (out of 12)
[2026-01-21 13:50:51,259][flwr][DEBUG] - evaluate_round 12 received 6 results and 0 failures
[2026-01-21 13:50:51,260][flwr][DEBUG] - fit_round 13: strategy sampled 7 clients (out of 12)
[2026-01-21 13:50:58,339][flwr][DEBUG] - fit_round 13 received 7 results and 0 failures
[2026-01-21 13:50:58,581][flwr][INFO] - fit progress: (13, 0.03395342212189045, {'rmse': 3858.06998381315, 'mae': 1262.26318359375, 'r2': 0.8937284747201669, 'mape': 5.629897594451904, 'accuracy_10': 87.3620867729187, 'accuracy_20': 95.43631076812744}, 97.56973158300389)
[2026-01-21 13:50:58,582][flwr][DEBUG] - evaluate_round 13: strategy sampled 6 clients (out of 12)
[2026-01-21 13:50:58,815][flwr][DEBUG] - evaluate_round 13 received 6 results and 0 failures
[2026-01-21 13:50:58,815][flwr][DEBUG] - fit_round 14: strategy sampled 7 clients (out of 12)
[2026-01-21 13:51:05,361][flwr][DEBUG] - fit_round 14 received 7 results and 0 failures
[2026-01-21 13:51:05,608][flwr][INFO] - fit progress: (14, 0.03465492435457295, {'rmse': 3855.6270566536905, 'mae': 1274.413330078125, 'r2': 0.8938630132188713, 'mape': 5.756990909576416, 'accuracy_10': 86.91073060035706, 'accuracy_20': 95.48646211624146}, 104.59667708299821)
[2026-01-21 13:51:05,610][flwr][DEBUG] - evaluate_round 14: strategy sampled 6 clients (out of 12)
[2026-01-21 13:51:05,800][flwr][DEBUG] - evaluate_round 14 received 6 results and 0 failures
[2026-01-21 13:51:05,800][flwr][DEBUG] - fit_round 15: strategy sampled 7 clients (out of 12)
[2026-01-21 13:51:12,626][flwr][DEBUG] - fit_round 15 received 7 results and 0 failures
[2026-01-21 13:51:12,871][flwr][INFO] - fit progress: (15, 0.03406376493282041, {'rmse': 3841.2060606012797, 'mae': 1274.0328369140625, 'r2': 0.8946554828878351, 'mape': 5.75930118560791, 'accuracy_10': 86.96088194847107, 'accuracy_20': 95.33600807189941}, 111.85891812498448)
[2026-01-21 13:51:12,871][flwr][DEBUG] - evaluate_round 15: strategy sampled 6 clients (out of 12)
[2026-01-21 13:51:13,067][flwr][DEBUG] - evaluate_round 15 received 6 results and 0 failures
[2026-01-21 13:51:13,067][flwr][DEBUG] - fit_round 16: strategy sampled 7 clients (out of 12)
[2026-01-21 13:51:19,913][flwr][DEBUG] - fit_round 16 received 7 results and 0 failures
[2026-01-21 13:51:20,161][flwr][INFO] - fit progress: (16, 0.03533079599963507, {'rmse': 3906.1379903940924, 'mae': 1266.661376953125, 'r2': 0.8910638835459042, 'mape': 5.766406059265137, 'accuracy_10': 86.8104338645935, 'accuracy_20': 95.13540863990784}, 119.14929966599448)
[2026-01-21 13:51:20,161][flwr][DEBUG] - evaluate_round 16: strategy sampled 6 clients (out of 12)
[2026-01-21 13:51:20,263][flwr][DEBUG] - evaluate_round 16 received 6 results and 0 failures
[2026-01-21 13:51:20,263][flwr][DEBUG] - fit_round 17: strategy sampled 7 clients (out of 12)
[2026-01-21 13:51:26,750][flwr][DEBUG] - fit_round 17 received 7 results and 0 failures
[2026-01-21 13:51:26,989][flwr][INFO] - fit progress: (17, 0.0338430726730686, {'rmse': 3903.778682251339, 'mae': 1271.39013671875, 'r2': 0.8911954375147686, 'mape': 5.725255966186523, 'accuracy_10': 87.31193542480469, 'accuracy_20': 95.33600807189941}, 125.97757212497527)
[2026-01-21 13:51:26,989][flwr][DEBUG] - evaluate_round 17: strategy sampled 6 clients (out of 12)
[2026-01-21 13:51:27,074][flwr][DEBUG] - evaluate_round 17 received 6 results and 0 failures
[2026-01-21 13:51:27,074][flwr][DEBUG] - fit_round 18: strategy sampled 7 clients (out of 12)
[2026-01-21 13:51:33,863][flwr][DEBUG] - fit_round 18 received 7 results and 0 failures
[2026-01-21 13:51:34,098][flwr][INFO] - fit progress: (18, 0.03320872081759402, {'rmse': 3983.9492968661134, 'mae': 1406.157470703125, 'r2': 0.8866805844997101, 'mape': 5.959804058074951, 'accuracy_10': 85.95787286758423, 'accuracy_20': 95.43631076812744}, 133.08673549996456)
[2026-01-21 13:51:34,099][flwr][DEBUG] - evaluate_round 18: strategy sampled 6 clients (out of 12)
[2026-01-21 13:51:34,286][flwr][DEBUG] - evaluate_round 18 received 6 results and 0 failures
[2026-01-21 13:51:34,286][flwr][DEBUG] - fit_round 19: strategy sampled 7 clients (out of 12)
[2026-01-21 13:51:40,977][flwr][DEBUG] - fit_round 19 received 7 results and 0 failures
[2026-01-21 13:51:41,240][flwr][INFO] - fit progress: (19, 0.03338576587983814, {'rmse': 3891.851487402879, 'mae': 1282.3551025390625, 'r2': 0.8918592864137279, 'mape': 5.714244842529297, 'accuracy_10': 87.61283755302429, 'accuracy_20': 95.2858567237854}, 140.22804133297177)
[2026-01-21 13:51:41,240][flwr][DEBUG] - evaluate_round 19: strategy sampled 6 clients (out of 12)
[2026-01-21 13:51:41,338][flwr][DEBUG] - evaluate_round 19 received 6 results and 0 failures
[2026-01-21 13:51:41,338][flwr][DEBUG] - fit_round 20: strategy sampled 7 clients (out of 12)
[2026-01-21 13:51:47,960][flwr][DEBUG] - fit_round 20 received 7 results and 0 failures
[2026-01-21 13:51:48,202][flwr][INFO] - fit progress: (20, 0.03312264054400871, {'rmse': 3892.2033605658376, 'mae': 1272.029052734375, 'r2': 0.8918397293103298, 'mape': 5.6376848220825195, 'accuracy_10': 86.55967712402344, 'accuracy_20': 95.03510594367981}, 147.19093104096828)
[2026-01-21 13:51:48,203][flwr][DEBUG] - evaluate_round 20: strategy sampled 6 clients (out of 12)
[2026-01-21 13:51:48,457][flwr][DEBUG] - evaluate_round 20 received 6 results and 0 failures
[2026-01-21 13:51:48,457][flwr][DEBUG] - fit_round 21: strategy sampled 7 clients (out of 12)
[2026-01-21 13:51:55,110][flwr][DEBUG] - fit_round 21 received 7 results and 0 failures
[2026-01-21 13:51:55,370][flwr][INFO] - fit progress: (21, 0.03890874694636766, {'rmse': 3996.864771292619, 'mae': 1242.7159423828125, 'r2': 0.885944659571767, 'mape': 5.925692081451416, 'accuracy_10': 86.30892634391785, 'accuracy_20': 94.68405246734619}, 154.35845245799283)
[2026-01-21 13:51:55,370][flwr][DEBUG] - evaluate_round 21: strategy sampled 6 clients (out of 12)
[2026-01-21 13:51:55,469][flwr][DEBUG] - evaluate_round 21 received 6 results and 0 failures
[2026-01-21 13:51:55,469][flwr][DEBUG] - fit_round 22: strategy sampled 7 clients (out of 12)
[2026-01-21 13:52:02,115][flwr][DEBUG] - fit_round 22 received 7 results and 0 failures
[2026-01-21 13:52:02,357][flwr][INFO] - fit progress: (22, 0.039455548418291596, {'rmse': 4048.598152447338, 'mae': 1231.300537109375, 'r2': 0.8829729991418633, 'mape': 5.867682933807373, 'accuracy_10': 86.71013116836548, 'accuracy_20': 94.48345303535461}, 161.34564008296002)
[2026-01-21 13:52:02,357][flwr][DEBUG] - evaluate_round 22: strategy sampled 6 clients (out of 12)
[2026-01-21 13:52:02,563][flwr][DEBUG] - evaluate_round 22 received 6 results and 0 failures
[2026-01-21 13:52:02,563][flwr][DEBUG] - fit_round 23: strategy sampled 7 clients (out of 12)
[2026-01-21 13:52:09,166][flwr][DEBUG] - fit_round 23 received 7 results and 0 failures
[2026-01-21 13:52:09,395][flwr][INFO] - fit progress: (23, 0.03373155443403224, {'rmse': 3916.5886942593297, 'mae': 1282.4217529296875, 'r2': 0.8904801989717848, 'mape': 5.647126197814941, 'accuracy_10': 86.76028251647949, 'accuracy_20': 95.08525729179382}, 168.38391712500015)
[2026-01-21 13:52:09,396][flwr][DEBUG] - evaluate_round 23: strategy sampled 6 clients (out of 12)
[2026-01-21 13:52:09,620][flwr][DEBUG] - evaluate_round 23 received 6 results and 0 failures
[2026-01-21 13:52:09,621][flwr][DEBUG] - fit_round 24: strategy sampled 7 clients (out of 12)
[2026-01-21 13:52:16,572][flwr][DEBUG] - fit_round 24 received 7 results and 0 failures
[2026-01-21 13:52:16,833][flwr][INFO] - fit progress: (24, 0.03301906469488216, {'rmse': 3901.872114767474, 'mae': 1283.907470703125, 'r2': 0.8913016926434669, 'mape': 5.636440753936768, 'accuracy_10': 87.21163272857666, 'accuracy_20': 95.23570537567139}, 175.82182245800504)
[2026-01-21 13:52:16,834][flwr][DEBUG] - evaluate_round 24: strategy sampled 6 clients (out of 12)
[2026-01-21 13:52:17,038][flwr][DEBUG] - evaluate_round 24 received 6 results and 0 failures
[2026-01-21 13:52:17,039][flwr][DEBUG] - fit_round 25: strategy sampled 7 clients (out of 12)
[2026-01-21 13:52:23,605][flwr][DEBUG] - fit_round 25 received 7 results and 0 failures
[2026-01-21 13:52:23,900][flwr][INFO] - fit progress: (25, 0.03622702778566446, {'rmse': 4371.247876750986, 'mae': 1614.2777099609375, 'r2': 0.8635770090241623, 'mape': 6.383933067321777, 'accuracy_10': 83.40020179748535, 'accuracy_20': 94.78435516357422}, 182.88836300000548)
[2026-01-21 13:52:23,900][flwr][DEBUG] - evaluate_round 25: strategy sampled 6 clients (out of 12)
[2026-01-21 13:52:23,994][flwr][DEBUG] - evaluate_round 25 received 6 results and 0 failures
[2026-01-21 13:52:23,995][flwr][DEBUG] - fit_round 26: strategy sampled 7 clients (out of 12)
[2026-01-21 13:52:31,092][flwr][DEBUG] - fit_round 26 received 7 results and 0 failures
[2026-01-21 13:52:31,342][flwr][INFO] - fit progress: (26, 0.03735628920264445, {'rmse': 3955.049936473622, 'mae': 1202.0123291015625, 'r2': 0.888318651401987, 'mape': 5.677936553955078, 'accuracy_10': 87.0611846446991, 'accuracy_20': 94.53359842300415}, 190.33051458297996)
[2026-01-21 13:52:31,342][flwr][DEBUG] - evaluate_round 26: strategy sampled 6 clients (out of 12)
[2026-01-21 13:52:31,431][flwr][DEBUG] - evaluate_round 26 received 6 results and 0 failures
[2026-01-21 13:52:31,433][flwr][DEBUG] - fit_round 27: strategy sampled 7 clients (out of 12)
[2026-01-21 13:52:38,404][flwr][DEBUG] - fit_round 27 received 7 results and 0 failures
[2026-01-21 13:52:38,709][flwr][INFO] - fit progress: (27, 0.03270257794771833, {'rmse': 4018.1577868471018, 'mae': 1456.7376708984375, 'r2': 0.8847261794333952, 'mape': 6.030585765838623, 'accuracy_10': 85.40621995925903, 'accuracy_20': 95.63691020011902}, 197.69769712496782)
[2026-01-21 13:52:38,709][flwr][DEBUG] - evaluate_round 27: strategy sampled 6 clients (out of 12)
[2026-01-21 13:52:38,961][flwr][DEBUG] - evaluate_round 27 received 6 results and 0 failures
[2026-01-21 13:52:38,961][flwr][DEBUG] - fit_round 28: strategy sampled 7 clients (out of 12)
[2026-01-21 13:52:45,905][flwr][DEBUG] - fit_round 28 received 7 results and 0 failures
[2026-01-21 13:52:46,164][flwr][INFO] - fit progress: (28, 0.03651292843290174, {'rmse': 4440.249092111838, 'mae': 1628.991455078125, 'r2': 0.8592360653695045, 'mape': 6.266036510467529, 'accuracy_10': 83.70110392570496, 'accuracy_20': 94.78435516357422}, 205.15236645797268)
[2026-01-21 13:52:46,164][flwr][DEBUG] - evaluate_round 28: strategy sampled 6 clients (out of 12)
[2026-01-21 13:52:46,266][flwr][DEBUG] - evaluate_round 28 received 6 results and 0 failures
[2026-01-21 13:52:46,267][flwr][DEBUG] - fit_round 29: strategy sampled 7 clients (out of 12)
[2026-01-21 13:52:53,244][flwr][DEBUG] - fit_round 29 received 7 results and 0 failures
[2026-01-21 13:52:53,513][flwr][INFO] - fit progress: (29, 0.03172609039256302, {'rmse': 3856.9555351338963, 'mae': 1265.609375, 'r2': 0.8937898592393065, 'mape': 5.60152530670166, 'accuracy_10': 87.61283755302429, 'accuracy_20': 95.33600807189941}, 212.50176879100036)
[2026-01-21 13:52:53,514][flwr][DEBUG] - evaluate_round 29: strategy sampled 6 clients (out of 12)
[2026-01-21 13:52:53,784][flwr][DEBUG] - evaluate_round 29 received 6 results and 0 failures
[2026-01-21 13:52:53,784][flwr][DEBUG] - fit_round 30: strategy sampled 7 clients (out of 12)
[2026-01-21 13:53:00,326][flwr][DEBUG] - fit_round 30 received 7 results and 0 failures
[2026-01-21 13:53:00,584][flwr][INFO] - fit progress: (30, 0.032820724447817355, {'rmse': 3901.1508558372875, 'mae': 1283.4942626953125, 'r2': 0.8913418774678469, 'mape': 5.6897196769714355, 'accuracy_10': 86.96088194847107, 'accuracy_20': 95.18555402755737}, 219.57280433300184)
[2026-01-21 13:53:00,584][flwr][DEBUG] - evaluate_round 30: strategy sampled 6 clients (out of 12)
[2026-01-21 13:53:00,684][flwr][DEBUG] - evaluate_round 30 received 6 results and 0 failures
[2026-01-21 13:53:00,684][flwr][INFO] - FL finished in 219.67260287498357
[2026-01-21 13:53:00,684][flwr][INFO] - app_fit: losses_distributed [(1, 0.17775284927446028), (2, 0.1039456183215635), (3, 0.08274616608420489), (4, 0.05429974971261711), (5, 0.05808185766051922), (6, 0.04262494867018515), (7, 0.0347175342780135), (8, 0.038051481397092725), (9, 0.040024465880828475), (10, 0.04465711631277654), (11, 0.01973250996646066), (12, 0.05010416809297843), (13, 0.020843145685913025), (14, 0.06459095102166687), (15, 0.047335458741419846), (16, 0.03606062866846945), (17, 0.025203752726980007), (18, 0.06476209787805029), (19, 0.029354475500763456), (20, 0.04138458094794172), (21, 0.04622369181177015), (22, 0.044176717143419315), (23, 0.010275233884329927), (24, 0.03320446178512854), (25, 0.029011478753564673), (26, 0.04269345660256865), (27, 0.03217448399924442), (28, 0.034745673762851315), (29, 0.03290639359146983), (30, 0.040866697816986035)]
[2026-01-21 13:53:00,684][flwr][INFO] - app_fit: metrics_distributed_fit {}
[2026-01-21 13:53:00,684][flwr][INFO] - app_fit: metrics_distributed {}
[2026-01-21 13:53:00,684][flwr][INFO] - app_fit: losses_centralized [(0, 1.4340404903996313), (1, 0.17585656378668552), (2, 0.09592613970922491), (3, 0.06306245080835243), (4, 0.049812387422833185), (5, 0.05586572579708821), (6, 0.03807271176663301), (7, 0.035827972689865824), (8, 0.03864506415372627), (9, 0.034654731084120906), (10, 0.0390755924300002), (11, 0.034933460578359776), (12, 0.0359162662641604), (13, 0.03395342212189045), (14, 0.03465492435457295), (15, 0.03406376493282041), (16, 0.03533079599963507), (17, 0.0338430726730686), (18, 0.03320872081759402), (19, 0.03338576587983814), (20, 0.03312264054400871), (21, 0.03890874694636766), (22, 0.039455548418291596), (23, 0.03373155443403224), (24, 0.03301906469488216), (25, 0.03622702778566446), (26, 0.03735628920264445), (27, 0.03270257794771833), (28, 0.03651292843290174), (29, 0.03172609039256302), (30, 0.032820724447817355)]
[2026-01-21 13:53:00,685][flwr][INFO] - app_fit: metrics_centralized {'rmse': [(0, 11782.010694274555), (1, 6388.381328630908), (2, 4992.68324651184), (3, 4463.290938309982), (4, 4223.534538748322), (5, 4545.076457002676), (6, 4060.8905427258196), (7, 4004.909487117031), (8, 4299.828833802573), (9, 3985.036637221796), (10, 4269.334374349238), (11, 3950.074682838288), (12, 3917.0853960566137), (13, 3858.06998381315), (14, 3855.6270566536905), (15, 3841.2060606012797), (16, 3906.1379903940924), (17, 3903.778682251339), (18, 3983.9492968661134), (19, 3891.851487402879), (20, 3892.2033605658376), (21, 3996.864771292619), (22, 4048.598152447338), (23, 3916.5886942593297), (24, 3901.872114767474), (25, 4371.247876750986), (26, 3955.049936473622), (27, 4018.1577868471018), (28, 4440.249092111838), (29, 3856.9555351338963), (30, 3901.1508558372875)], 'mae': [(0, 9149.193359375), (1, 3481.0869140625), (2, 2413.109130859375), (3, 1887.1982421875), (4, 1633.18408203125), (5, 1667.224853515625), (6, 1419.63134765625), (7, 1378.142333984375), (8, 1534.4017333984375), (9, 1347.7547607421875), (10, 1565.7626953125), (11, 1289.724853515625), (12, 1275.7789306640625), (13, 1262.26318359375), (14, 1274.413330078125), (15, 1274.0328369140625), (16, 1266.661376953125), (17, 1271.39013671875), (18, 1406.157470703125), (19, 1282.3551025390625), (20, 1272.029052734375), (21, 1242.7159423828125), (22, 1231.300537109375), (23, 1282.4217529296875), (24, 1283.907470703125), (25, 1614.2777099609375), (26, 1202.0123291015625), (27, 1456.7376708984375), (28, 1628.991455078125), (29, 1265.609375), (30, 1283.4942626953125)], 'r2': [(0, 0.00890437044283554), (1, 0.7086209237042125), (2, 0.8220308430553231), (3, 0.8577713431868478), (4, 0.8726412388048599), (5, 0.8525111790074946), (6, 0.8822612877705084), (7, 0.8854850639754137), (8, 0.8679984396555345), (9, 0.8866187233357558), (10, 0.8698641154563389), (11, 0.8885994538618379), (12, 0.8904524142455847), (13, 0.8937284747201669), (14, 0.8938630132188713), (15, 0.8946554828878351), (16, 0.8910638835459042), (17, 0.8911954375147686), (18, 0.8866805844997101), (19, 0.8918592864137279), (20, 0.8918397293103298), (21, 0.885944659571767), (22, 0.8829729991418633), (23, 0.8904801989717848), (24, 0.8913016926434669), (25, 0.8635770090241623), (26, 0.888318651401987), (27, 0.8847261794333952), (28, 0.8592360653695045), (29, 0.8937898592393065), (30, 0.8913418774678469)], 'mape': [(0, 79.91940307617188), (1, 18.071067810058594), (2, 12.7642822265625), (3, 9.637728691101074), (4, 7.90554666519165), (5, 7.901295185089111), (6, 6.380231857299805), (7, 6.085771083831787), (8, 6.379246711730957), (9, 5.8515214920043945), (10, 6.460052013397217), (11, 5.750701904296875), (12, 5.785233020782471), (13, 5.629897594451904), (14, 5.756990909576416), (15, 5.75930118560791), (16, 5.766406059265137), (17, 5.725255966186523), (18, 5.959804058074951), (19, 5.714244842529297), (20, 5.6376848220825195), (21, 5.925692081451416), (22, 5.867682933807373), (23, 5.647126197814941), (24, 5.636440753936768), (25, 6.383933067321777), (26, 5.677936553955078), (27, 6.030585765838623), (28, 6.266036510467529), (29, 5.60152530670166), (30, 5.6897196769714355)], 'accuracy_10': [(0, 11.735205352306366), (1, 34.50351059436798), (2, 47.29187488555908), (3, 66.54964685440063), (4, 77.53259539604187), (5, 81.14343285560608), (6, 84.90471243858337), (7, 85.65697073936462), (8, 83.1995964050293), (9, 86.10832691192627), (10, 83.35005044937134), (11, 87.16148734092712), (12, 87.01103329658508), (13, 87.3620867729187), (14, 86.91073060035706), (15, 86.96088194847107), (16, 86.8104338645935), (17, 87.31193542480469), (18, 85.95787286758423), (19, 87.61283755302429), (20, 86.55967712402344), (21, 86.30892634391785), (22, 86.71013116836548), (23, 86.76028251647949), (24, 87.21163272857666), (25, 83.40020179748535), (26, 87.0611846446991), (27, 85.40621995925903), (28, 83.70110392570496), (29, 87.61283755302429), (30, 86.96088194847107)], 'accuracy_20': [(0, 21.46439254283905), (1, 71.21363878250122), (2, 86.15847826004028), (3, 91.52457118034363), (4, 93.43029260635376), (5, 92.47743487358093), (6, 95.43631076812744), (7, 95.8375096321106), (8, 94.88465189933777), (9, 95.73721289634705), (10, 94.78435516357422), (11, 95.53660750389099), (12, 95.08525729179382), (13, 95.43631076812744), (14, 95.48646211624146), (15, 95.33600807189941), (16, 95.13540863990784), (17, 95.33600807189941), (18, 95.43631076812744), (19, 95.2858567237854), (20, 95.03510594367981), (21, 94.68405246734619), (22, 94.48345303535461), (23, 95.08525729179382), (24, 95.23570537567139), (25, 94.78435516357422), (26, 94.53359842300415), (27, 95.63691020011902), (28, 94.78435516357422), (29, 95.33600807189941), (30, 95.18555402755737)]}
[2026-01-21 13:53:01,164][flwr][INFO] - Starting Flower simulation, config: ServerConfig(num_rounds=30, round_timeout=None)
[2026-01-21 13:53:08,225][flwr][INFO] - Flower VCE: Ray initialized with resources: {'CPU': 10.0, 'node:127.0.0.1': 1.0, 'memory': 12403150029.0, 'object_store_memory': 2147483648.0}
[2026-01-21 13:53:08,225][flwr][INFO] - Initializing global parameters
[2026-01-21 13:53:08,225][flwr][INFO] - Using initial parameters provided by strategy
[2026-01-21 13:53:08,225][flwr][INFO] - Evaluating initial parameters
[2026-01-21 13:53:08,457][flwr][INFO] - initial parameters (loss, other metrics): 1.4340404903996313, {'rmse': 11782.010694274555, 'mae': 9149.193359375, 'r2': 0.00890437044283554, 'mape': 79.91940307617188, 'accuracy_10': 11.735205352306366, 'accuracy_20': 21.46439254283905}
[2026-01-21 13:53:08,457][flwr][INFO] - FL starting
[2026-01-21 13:53:08,458][flwr][DEBUG] - fit_round 1: strategy sampled 7 clients (out of 12)
[2026-01-21 13:53:19,073][flwr][DEBUG] - fit_round 1 received 7 results and 0 failures
[2026-01-21 13:53:19,078][flwr][WARNING] - No fit_metrics_aggregation_fn provided
[2026-01-21 13:53:19,318][flwr][INFO] - fit progress: (1, 0.14541207200127357, {'rmse': 5540.009386273637, 'mae': 3006.77978515625, 'r2': 0.7808720793258993, 'mape': 16.364816665649414, 'accuracy_10': 33.14944803714752, 'accuracy_20': 74.7241735458374}, 10.861304124991875)
[2026-01-21 13:53:19,319][flwr][DEBUG] - evaluate_round 1: strategy sampled 6 clients (out of 12)
[2026-01-21 13:53:19,525][flwr][DEBUG] - evaluate_round 1 received 6 results and 0 failures
[2026-01-21 13:53:19,525][flwr][WARNING] - No evaluate_metrics_aggregation_fn provided
[2026-01-21 13:53:19,525][flwr][DEBUG] - fit_round 2: strategy sampled 7 clients (out of 12)
[2026-01-21 13:53:24,695][flwr][DEBUG] - fit_round 2 received 7 results and 0 failures
[2026-01-21 13:53:24,939][flwr][INFO] - fit progress: (2, 0.09543995361181057, {'rmse': 5270.271340263232, 'mae': 2293.716796875, 'r2': 0.8016908835475468, 'mape': 12.078968048095703, 'accuracy_10': 58.976930379867554, 'accuracy_20': 88.91674876213074}, 16.482300625008065)
[2026-01-21 13:53:24,940][flwr][DEBUG] - evaluate_round 2: strategy sampled 6 clients (out of 12)
[2026-01-21 13:53:25,144][flwr][DEBUG] - evaluate_round 2 received 6 results and 0 failures
[2026-01-21 13:53:25,144][flwr][DEBUG] - fit_round 3: strategy sampled 7 clients (out of 12)
[2026-01-21 13:53:30,086][flwr][DEBUG] - fit_round 3 received 7 results and 0 failures
[2026-01-21 13:53:30,327][flwr][INFO] - fit progress: (3, 0.056588610299790995, {'rmse': 4392.7135121698975, 'mae': 1720.587890625, 'r2': 0.8622338679342466, 'mape': 8.736139297485352, 'accuracy_10': 71.06319069862366, 'accuracy_20': 93.98194551467896}, 21.869631791021675)
[2026-01-21 13:53:30,327][flwr][DEBUG] - evaluate_round 3: strategy sampled 6 clients (out of 12)
[2026-01-21 13:53:30,539][flwr][DEBUG] - evaluate_round 3 received 6 results and 0 failures
[2026-01-21 13:53:30,540][flwr][DEBUG] - fit_round 4: strategy sampled 7 clients (out of 12)
[2026-01-21 13:53:35,533][flwr][DEBUG] - fit_round 4 received 7 results and 0 failures
[2026-01-21 13:53:35,776][flwr][INFO] - fit progress: (4, 0.04944946442580331, {'rmse': 4397.346927409753, 'mae': 1522.734619140625, 'r2': 0.861943085265275, 'mape': 7.444304943084717, 'accuracy_10': 82.44734406471252, 'accuracy_20': 94.68405246734619}, 27.31846887501888)
[2026-01-21 13:53:35,776][flwr][DEBUG] - evaluate_round 4: strategy sampled 6 clients (out of 12)
[2026-01-21 13:53:35,988][flwr][DEBUG] - evaluate_round 4 received 6 results and 0 failures
[2026-01-21 13:53:35,989][flwr][DEBUG] - fit_round 5: strategy sampled 7 clients (out of 12)
[2026-01-21 13:53:40,932][flwr][DEBUG] - fit_round 5 received 7 results and 0 failures
[2026-01-21 13:53:41,171][flwr][INFO] - fit progress: (5, 0.04245016388707199, {'rmse': 4214.705446410223, 'mae': 1419.27880859375, 'r2': 0.8731731597521001, 'mape': 6.657088756561279, 'accuracy_10': 86.60982847213745, 'accuracy_20': 94.83450055122375}, 32.71418499998981)
[2026-01-21 13:53:41,171][flwr][DEBUG] - evaluate_round 5: strategy sampled 6 clients (out of 12)
[2026-01-21 13:53:41,367][flwr][DEBUG] - evaluate_round 5 received 6 results and 0 failures
[2026-01-21 13:53:41,368][flwr][DEBUG] - fit_round 6: strategy sampled 7 clients (out of 12)
[2026-01-21 13:53:46,422][flwr][DEBUG] - fit_round 6 received 7 results and 0 failures
[2026-01-21 13:53:46,662][flwr][INFO] - fit progress: (6, 0.04425663486825547, {'rmse': 4262.859603599443, 'mae': 1377.897216796875, 'r2': 0.8702585427070234, 'mape': 6.612895488739014, 'accuracy_10': 86.71013116836548, 'accuracy_20': 94.88465189933777}, 38.205098290985916)
[2026-01-21 13:53:46,662][flwr][DEBUG] - evaluate_round 6: strategy sampled 6 clients (out of 12)
[2026-01-21 13:53:46,856][flwr][DEBUG] - evaluate_round 6 received 6 results and 0 failures
[2026-01-21 13:53:46,857][flwr][DEBUG] - fit_round 7: strategy sampled 7 clients (out of 12)
[2026-01-21 13:53:51,836][flwr][DEBUG] - fit_round 7 received 7 results and 0 failures
[2026-01-21 13:53:52,084][flwr][INFO] - fit progress: (7, 0.03775516721263991, {'rmse': 4091.1691482997862, 'mae': 1353.5311279296875, 'r2': 0.8804989852305225, 'mape': 6.0825653076171875, 'accuracy_10': 87.16148734092712, 'accuracy_20': 95.33600807189941}, 43.62706387497019)
[2026-01-21 13:53:52,084][flwr][DEBUG] - evaluate_round 7: strategy sampled 6 clients (out of 12)
[2026-01-21 13:53:52,272][flwr][DEBUG] - evaluate_round 7 received 6 results and 0 failures
[2026-01-21 13:53:52,272][flwr][DEBUG] - fit_round 8: strategy sampled 7 clients (out of 12)
[2026-01-21 13:53:57,195][flwr][DEBUG] - fit_round 8 received 7 results and 0 failures
[2026-01-21 13:53:57,439][flwr][INFO] - fit progress: (8, 0.036478522810020085, {'rmse': 4057.5306529957356, 'mae': 1305.8818359375, 'r2': 0.8824560375088084, 'mape': 5.853280067443848, 'accuracy_10': 88.31494450569153, 'accuracy_20': 95.43631076812744}, 48.982274000009056)
[2026-01-21 13:53:57,440][flwr][DEBUG] - evaluate_round 8: strategy sampled 6 clients (out of 12)
[2026-01-21 13:53:57,616][flwr][DEBUG] - evaluate_round 8 received 6 results and 0 failures
[2026-01-21 13:53:57,616][flwr][DEBUG] - fit_round 9: strategy sampled 7 clients (out of 12)
[2026-01-21 13:54:02,391][flwr][DEBUG] - fit_round 9 received 7 results and 0 failures
[2026-01-21 13:54:02,632][flwr][INFO] - fit progress: (9, 0.03601304480550043, {'rmse': 3993.000375657383, 'mae': 1297.6480712890625, 'r2': 0.8861651041320794, 'mape': 5.841642379760742, 'accuracy_10': 88.01404237747192, 'accuracy_20': 95.43631076812744}, 54.17511470802128)
[2026-01-21 13:54:02,633][flwr][DEBUG] - evaluate_round 9: strategy sampled 6 clients (out of 12)
[2026-01-21 13:54:02,815][flwr][DEBUG] - evaluate_round 9 received 6 results and 0 failures
[2026-01-21 13:54:02,816][flwr][DEBUG] - fit_round 10: strategy sampled 7 clients (out of 12)
[2026-01-21 13:54:07,843][flwr][DEBUG] - fit_round 10 received 7 results and 0 failures
[2026-01-21 13:54:08,089][flwr][INFO] - fit progress: (10, 0.03419143517119595, {'rmse': 4055.7665120171796, 'mae': 1404.6827392578125, 'r2': 0.8825582228240886, 'mape': 5.89155912399292, 'accuracy_10': 85.95787286758423, 'accuracy_20': 95.68706154823303}, 59.631594875012524)
[2026-01-21 13:54:08,089][flwr][DEBUG] - evaluate_round 10: strategy sampled 6 clients (out of 12)
[2026-01-21 13:54:08,166][flwr][DEBUG] - evaluate_round 10 received 6 results and 0 failures
[2026-01-21 13:54:08,167][flwr][DEBUG] - fit_round 11: strategy sampled 7 clients (out of 12)
[2026-01-21 13:54:13,200][flwr][DEBUG] - fit_round 11 received 7 results and 0 failures
[2026-01-21 13:54:13,446][flwr][INFO] - fit progress: (11, 0.040270689656302226, {'rmse': 4233.772077001784, 'mae': 1286.5311279296875, 'r2': 0.87202308181114, 'mape': 5.905794620513916, 'accuracy_10': 89.06720280647278, 'accuracy_20': 94.7342038154602}, 64.98856008297298)
[2026-01-21 13:54:13,446][flwr][DEBUG] - evaluate_round 11: strategy sampled 6 clients (out of 12)
[2026-01-21 13:54:13,618][flwr][DEBUG] - evaluate_round 11 received 6 results and 0 failures
[2026-01-21 13:54:13,619][flwr][DEBUG] - fit_round 12: strategy sampled 7 clients (out of 12)
[2026-01-21 13:54:18,554][flwr][DEBUG] - fit_round 12 received 7 results and 0 failures
[2026-01-21 13:54:18,794][flwr][INFO] - fit progress: (12, 0.032418710729826536, {'rmse': 4055.0400737847217, 'mae': 1401.3795166015625, 'r2': 0.882600292228736, 'mape': 5.622660160064697, 'accuracy_10': 85.80742478370667, 'accuracy_20': 95.88766098022461}, 70.33705054101301)
[2026-01-21 13:54:18,794][flwr][DEBUG] - evaluate_round 12: strategy sampled 6 clients (out of 12)
[2026-01-21 13:54:18,969][flwr][DEBUG] - evaluate_round 12 received 6 results and 0 failures
[2026-01-21 13:54:18,970][flwr][DEBUG] - fit_round 13: strategy sampled 7 clients (out of 12)
[2026-01-21 13:54:23,616][flwr][DEBUG] - fit_round 13 received 7 results and 0 failures
[2026-01-21 13:54:23,857][flwr][INFO] - fit progress: (13, 0.033466743383792005, {'rmse': 3995.5347577014018, 'mae': 1289.0548095703125, 'r2': 0.8860205560922658, 'mape': 5.498436450958252, 'accuracy_10': 88.91674876213074, 'accuracy_20': 95.68706154823303}, 75.40055045799818)
[2026-01-21 13:54:23,858][flwr][DEBUG] - evaluate_round 13: strategy sampled 6 clients (out of 12)
[2026-01-21 13:54:24,068][flwr][DEBUG] - evaluate_round 13 received 6 results and 0 failures
[2026-01-21 13:54:24,068][flwr][DEBUG] - fit_round 14: strategy sampled 7 clients (out of 12)
[2026-01-21 13:54:28,749][flwr][DEBUG] - fit_round 14 received 7 results and 0 failures
[2026-01-21 13:54:29,005][flwr][INFO] - fit progress: (14, 0.03165379610686089, {'rmse': 4009.3545615223406, 'mae': 1377.9866943359375, 'r2': 0.8852307263022757, 'mape': 5.569461822509766, 'accuracy_10': 86.10832691192627, 'accuracy_20': 96.33901715278625}, 80.54816424997989)
[2026-01-21 13:54:29,005][flwr][DEBUG] - evaluate_round 14: strategy sampled 6 clients (out of 12)
[2026-01-21 13:54:29,202][flwr][DEBUG] - evaluate_round 14 received 6 results and 0 failures
[2026-01-21 13:54:29,202][flwr][DEBUG] - fit_round 15: strategy sampled 7 clients (out of 12)
[2026-01-21 13:54:32,496][flwr][DEBUG] - fit_round 15 received 7 results and 0 failures
[2026-01-21 13:54:32,740][flwr][INFO] - fit progress: (15, 0.03446128823744916, {'rmse': 4227.192448895602, 'mae': 1555.1630859375, 'r2': 0.8724205449226445, 'mape': 6.091275215148926, 'accuracy_10': 84.35305953025818, 'accuracy_20': 95.53660750389099}, 84.28311816597125)
[2026-01-21 13:54:32,740][flwr][DEBUG] - evaluate_round 15: strategy sampled 6 clients (out of 12)
[2026-01-21 13:54:32,813][flwr][DEBUG] - evaluate_round 15 received 6 results and 0 failures
[2026-01-21 13:54:32,813][flwr][DEBUG] - fit_round 16: strategy sampled 7 clients (out of 12)
[2026-01-21 13:54:37,466][flwr][DEBUG] - fit_round 16 received 7 results and 0 failures
[2026-01-21 13:54:37,710][flwr][INFO] - fit progress: (16, 0.033373492348606634, {'rmse': 3991.8486945273867, 'mae': 1307.906982421875, 'r2': 0.88623075645556, 'mape': 5.641507148742676, 'accuracy_10': 88.41524720191956, 'accuracy_20': 95.78736424446106}, 89.25286108301952)
[2026-01-21 13:54:37,710][flwr][DEBUG] - evaluate_round 16: strategy sampled 6 clients (out of 12)
[2026-01-21 13:54:37,890][flwr][DEBUG] - evaluate_round 16 received 6 results and 0 failures
[2026-01-21 13:54:37,890][flwr][DEBUG] - fit_round 17: strategy sampled 7 clients (out of 12)
[2026-01-21 13:54:42,640][flwr][DEBUG] - fit_round 17 received 7 results and 0 failures
[2026-01-21 13:54:42,882][flwr][INFO] - fit progress: (17, 0.03148244651652865, {'rmse': 3999.660110559396, 'mae': 1376.399658203125, 'r2': 0.8857850642218024, 'mape': 5.560429573059082, 'accuracy_10': 86.55967712402344, 'accuracy_20': 95.98796367645264}, 94.42539612500696)
[2026-01-21 13:54:42,883][flwr][DEBUG] - evaluate_round 17: strategy sampled 6 clients (out of 12)
[2026-01-21 13:54:43,069][flwr][DEBUG] - evaluate_round 17 received 6 results and 0 failures
[2026-01-21 13:54:43,070][flwr][DEBUG] - fit_round 18: strategy sampled 7 clients (out of 12)
[2026-01-21 13:54:47,825][flwr][DEBUG] - fit_round 18 received 7 results and 0 failures
[2026-01-21 13:54:48,084][flwr][INFO] - fit progress: (18, 0.03774276873285517, {'rmse': 4026.7236061095628, 'mae': 1215.5897216796875, 'r2': 0.8842341793226376, 'mape': 5.795629978179932, 'accuracy_10': 88.36509585380554, 'accuracy_20': 94.58374977111816}, 99.62667895801133)
[2026-01-21 13:54:48,084][flwr][DEBUG] - evaluate_round 18: strategy sampled 6 clients (out of 12)
[2026-01-21 13:54:48,166][flwr][DEBUG] - evaluate_round 18 received 6 results and 0 failures
[2026-01-21 13:54:48,166][flwr][DEBUG] - fit_round 19: strategy sampled 7 clients (out of 12)
[2026-01-21 13:54:53,067][flwr][DEBUG] - fit_round 19 received 7 results and 0 failures
[2026-01-21 13:54:53,326][flwr][INFO] - fit progress: (19, 0.03179944813094562, {'rmse': 3873.1589174729197, 'mae': 1253.640625, 'r2': 0.8928955929039115, 'mape': 5.42053747177124, 'accuracy_10': 88.96690011024475, 'accuracy_20': 95.53660750389099}, 104.86961945798248)
[2026-01-21 13:54:53,327][flwr][DEBUG] - evaluate_round 19: strategy sampled 6 clients (out of 12)
[2026-01-21 13:54:53,411][flwr][DEBUG] - evaluate_round 19 received 6 results and 0 failures
[2026-01-21 13:54:53,412][flwr][DEBUG] - fit_round 20: strategy sampled 7 clients (out of 12)
[2026-01-21 13:54:58,109][flwr][DEBUG] - fit_round 20 received 7 results and 0 failures
[2026-01-21 13:54:58,357][flwr][INFO] - fit progress: (20, 0.030692789606458565, {'rmse': 4033.829446072305, 'mae': 1429.3455810546875, 'r2': 0.8838252400705939, 'mape': 5.561366558074951, 'accuracy_10': 85.75727343559265, 'accuracy_20': 96.03811502456665}, 109.90028270799667)
[2026-01-21 13:54:58,357][flwr][DEBUG] - evaluate_round 20: strategy sampled 6 clients (out of 12)
[2026-01-21 13:54:58,537][flwr][DEBUG] - evaluate_round 20 received 6 results and 0 failures
[2026-01-21 13:54:58,537][flwr][DEBUG] - fit_round 21: strategy sampled 7 clients (out of 12)
[2026-01-21 13:55:03,245][flwr][DEBUG] - fit_round 21 received 7 results and 0 failures
[2026-01-21 13:55:03,497][flwr][INFO] - fit progress: (21, 0.03166446202026387, {'rmse': 4045.260560211171, 'mae': 1473.5355224609375, 'r2': 0.8831658716328931, 'mape': 5.779088497161865, 'accuracy_10': 85.15546917915344, 'accuracy_20': 95.98796367645264}, 115.04001308302395)
[2026-01-21 13:55:03,497][flwr][DEBUG] - evaluate_round 21: strategy sampled 6 clients (out of 12)
[2026-01-21 13:55:03,582][flwr][DEBUG] - evaluate_round 21 received 6 results and 0 failures
[2026-01-21 13:55:03,582][flwr][DEBUG] - fit_round 22: strategy sampled 7 clients (out of 12)
[2026-01-21 13:55:08,394][flwr][DEBUG] - fit_round 22 received 7 results and 0 failures
[2026-01-21 13:55:08,642][flwr][INFO] - fit progress: (22, 0.029989065167119536, {'rmse': 3806.570372395603, 'mae': 1241.0330810546875, 'r2': 0.8965466775187203, 'mape': 5.323421001434326, 'accuracy_10': 88.96690011024475, 'accuracy_20': 95.78736424446106}, 120.1851553330198)
[2026-01-21 13:55:08,642][flwr][DEBUG] - evaluate_round 22: strategy sampled 6 clients (out of 12)
[2026-01-21 13:55:08,825][flwr][DEBUG] - evaluate_round 22 received 6 results and 0 failures
[2026-01-21 13:55:08,826][flwr][DEBUG] - fit_round 23: strategy sampled 7 clients (out of 12)
[2026-01-21 13:55:13,813][flwr][DEBUG] - fit_round 23 received 7 results and 0 failures
[2026-01-21 13:55:14,060][flwr][INFO] - fit progress: (23, 0.031239352310440664, {'rmse': 3842.8956530199985, 'mae': 1270.0230712890625, 'r2': 0.8945627938038638, 'mape': 5.527556896209717, 'accuracy_10': 88.16449642181396, 'accuracy_20': 95.78736424446106}, 125.60340570798144)
[2026-01-21 13:55:14,061][flwr][DEBUG] - evaluate_round 23: strategy sampled 6 clients (out of 12)
[2026-01-21 13:55:14,145][flwr][DEBUG] - evaluate_round 23 received 6 results and 0 failures
[2026-01-21 13:55:14,146][flwr][DEBUG] - fit_round 24: strategy sampled 7 clients (out of 12)
[2026-01-21 13:55:18,827][flwr][DEBUG] - fit_round 24 received 7 results and 0 failures
[2026-01-21 13:55:19,072][flwr][INFO] - fit progress: (24, 0.031144550462499067, {'rmse': 3838.483554738772, 'mae': 1293.4732666015625, 'r2': 0.8948047607108103, 'mape': 5.573550701141357, 'accuracy_10': 87.3620867729187, 'accuracy_20': 95.73721289634705}, 130.6154897909728)
[2026-01-21 13:55:19,072][flwr][DEBUG] - evaluate_round 24: strategy sampled 6 clients (out of 12)
[2026-01-21 13:55:19,271][flwr][DEBUG] - evaluate_round 24 received 6 results and 0 failures
[2026-01-21 13:55:19,272][flwr][DEBUG] - fit_round 25: strategy sampled 7 clients (out of 12)
[2026-01-21 13:55:24,277][flwr][DEBUG] - fit_round 25 received 7 results and 0 failures
[2026-01-21 13:55:24,531][flwr][INFO] - fit progress: (25, 0.031108160859110244, {'rmse': 3853.227218838775, 'mae': 1269.4111328125, 'r2': 0.8939950951635305, 'mape': 5.556588172912598, 'accuracy_10': 88.41524720191956, 'accuracy_20': 95.78736424446106}, 136.0745672910125)
[2026-01-21 13:55:24,532][flwr][DEBUG] - evaluate_round 25: strategy sampled 6 clients (out of 12)
[2026-01-21 13:55:24,612][flwr][DEBUG] - evaluate_round 25 received 6 results and 0 failures
[2026-01-21 13:55:24,613][flwr][DEBUG] - fit_round 26: strategy sampled 7 clients (out of 12)
[2026-01-21 13:55:29,661][flwr][DEBUG] - fit_round 26 received 7 results and 0 failures
[2026-01-21 13:55:29,923][flwr][INFO] - fit progress: (26, 0.04389519166059366, {'rmse': 4358.422650455093, 'mae': 1229.7608642578125, 'r2': 0.8643763643774497, 'mape': 6.035569667816162, 'accuracy_10': 87.61283755302429, 'accuracy_20': 94.08224821090698}, 141.46663166600047)
[2026-01-21 13:55:29,924][flwr][DEBUG] - evaluate_round 26: strategy sampled 6 clients (out of 12)
[2026-01-21 13:55:30,143][flwr][DEBUG] - evaluate_round 26 received 6 results and 0 failures
[2026-01-21 13:55:30,144][flwr][DEBUG] - fit_round 27: strategy sampled 7 clients (out of 12)
[2026-01-21 13:55:35,025][flwr][DEBUG] - fit_round 27 received 7 results and 0 failures
[2026-01-21 13:55:35,285][flwr][INFO] - fit progress: (27, 0.0318424791478764, {'rmse': 4259.140054048469, 'mae': 1525.69580078125, 'r2': 0.8704848536650555, 'mape': 5.810225963592529, 'accuracy_10': 84.95486378669739, 'accuracy_20': 95.2858567237854}, 146.82826716598356)
[2026-01-21 13:55:35,285][flwr][DEBUG] - evaluate_round 27: strategy sampled 6 clients (out of 12)
[2026-01-21 13:55:35,495][flwr][DEBUG] - evaluate_round 27 received 6 results and 0 failures
[2026-01-21 13:55:35,496][flwr][DEBUG] - fit_round 28: strategy sampled 7 clients (out of 12)
[2026-01-21 13:55:40,320][flwr][DEBUG] - fit_round 28 received 7 results and 0 failures
[2026-01-21 13:55:40,564][flwr][INFO] - fit progress: (28, 0.029668805078269845, {'rmse': 3807.6155268093967, 'mae': 1238.24951171875, 'r2': 0.8964898614568049, 'mape': 5.387007713317871, 'accuracy_10': 88.86659741401672, 'accuracy_20': 95.93781232833862}, 152.10694245802006)
[2026-01-21 13:55:40,564][flwr][DEBUG] - evaluate_round 28: strategy sampled 6 clients (out of 12)
[2026-01-21 13:55:40,635][flwr][DEBUG] - evaluate_round 28 received 6 results and 0 failures
[2026-01-21 13:55:40,635][flwr][DEBUG] - fit_round 29: strategy sampled 7 clients (out of 12)
[2026-01-21 13:55:45,342][flwr][DEBUG] - fit_round 29 received 7 results and 0 failures
[2026-01-21 13:55:45,595][flwr][INFO] - fit progress: (29, 0.03518260234206497, {'rmse': 3993.2570666061556, 'mae': 1175.7646484375, 'r2': 0.8861504674697687, 'mape': 5.597898483276367, 'accuracy_10': 88.66599798202515, 'accuracy_20': 95.18555402755737}, 157.13857891596854)
[2026-01-21 13:55:45,595][flwr][DEBUG] - evaluate_round 29: strategy sampled 6 clients (out of 12)
[2026-01-21 13:55:45,795][flwr][DEBUG] - evaluate_round 29 received 6 results and 0 failures
[2026-01-21 13:55:45,796][flwr][DEBUG] - fit_round 30: strategy sampled 7 clients (out of 12)
[2026-01-21 13:55:50,831][flwr][DEBUG] - fit_round 30 received 7 results and 0 failures
[2026-01-21 13:55:51,112][flwr][INFO] - fit progress: (30, 0.02943782572827882, {'rmse': 3949.451354302266, 'mae': 1364.8145751953125, 'r2': 0.8886346082501733, 'mape': 5.477011203765869, 'accuracy_10': 86.40922904014587, 'accuracy_20': 96.08826637268066}, 162.65514537499985)
[2026-01-21 13:55:51,112][flwr][DEBUG] - evaluate_round 30: strategy sampled 6 clients (out of 12)
[2026-01-21 13:55:51,218][flwr][DEBUG] - evaluate_round 30 received 6 results and 0 failures
[2026-01-21 13:55:51,218][flwr][INFO] - FL finished in 162.7618682499742
[2026-01-21 13:55:51,220][flwr][INFO] - app_fit: losses_distributed [(1, 0.14315384871927572), (2, 0.06835769235201435), (3, 0.08535087244751252), (4, 0.0651914309289298), (5, 0.037642598401900776), (6, 0.07486995132008599), (7, 0.03884370912246008), (8, 0.02855951710806388), (9, 0.010717138577128974), (10, 0.03080257313237647), (11, 0.06533652442467165), (12, 0.03545436708044126), (13, 0.019910654842285026), (14, 0.023527257543120916), (15, 0.03410994212325064), (16, 0.051773511566609955), (17, 0.027246248923318683), (18, 0.08261765397266517), (19, 0.04335160086522509), (20, 0.04013878328168369), (21, 0.036513468233408355), (22, 0.04083979815405795), (23, 0.037821303822573614), (24, 0.04807142949117036), (25, 0.017405781389866117), (26, 0.06336143640547502), (27, 0.03498651849707217), (28, 0.05589256195918373), (29, 0.024406894341332523), (30, 0.022892415326457766)]
[2026-01-21 13:55:51,220][flwr][INFO] - app_fit: metrics_distributed_fit {'scaffold_updates': [(1, 7), (2, 7), (3, 7), (4, 7), (5, 7), (6, 7), (7, 7), (8, 7), (9, 7), (10, 7), (11, 7), (12, 7), (13, 7), (14, 7), (15, 7), (16, 7), (17, 7), (18, 7), (19, 7), (20, 7), (21, 7), (22, 7), (23, 7), (24, 7), (25, 7), (26, 7), (27, 7), (28, 7), (29, 7), (30, 7)], 'avg_control_delta_norm': [(1, 0.0018770544490302721), (2, 0.001199345190914531), (3, 0.0009483547209846764), (4, 0.0008479793470333024), (5, 0.0007602260211046588), (6, 0.0007260498674408488), (7, 0.0006763192228646825), (8, 0.0006298327810828256), (9, 0.0005685846493267147), (10, 0.0005366067196552056), (11, 0.0006062900907524345), (12, 0.000574237394238743), (13, 0.0006055552941114078), (14, 0.0005257091122716025), (15, 0.0006105913514092068), (16, 0.0005319504375894472), (17, 0.0004732989213170183), (18, 0.0006061853893775106), (19, 0.0004523606212504572), (20, 0.0005439427487298036), (21, 0.0005024219382702983), (22, 0.0004522037885032164), (23, 0.000525042558316263), (24, 0.0004677700773295269), (25, 0.0004791943032748295), (26, 0.0005800849566684216), (27, 0.000629535715660024), (28, 0.0004361446996229752), (29, 0.0005435724639238015), (30, 0.00046501193994540887)]}
[2026-01-21 13:55:51,220][flwr][INFO] - app_fit: metrics_distributed {}
[2026-01-21 13:55:51,220][flwr][INFO] - app_fit: losses_centralized [(0, 1.4340404903996313), (1, 0.14541207200127357), (2, 0.09543995361181057), (3, 0.056588610299790995), (4, 0.04944946442580331), (5, 0.04245016388707199), (6, 0.04425663486825547), (7, 0.03775516721263991), (8, 0.036478522810020085), (9, 0.03601304480550043), (10, 0.03419143517119595), (11, 0.040270689656302226), (12, 0.032418710729826536), (13, 0.033466743383792005), (14, 0.03165379610686089), (15, 0.03446128823744916), (16, 0.033373492348606634), (17, 0.03148244651652865), (18, 0.03774276873285517), (19, 0.03179944813094562), (20, 0.030692789606458565), (21, 0.03166446202026387), (22, 0.029989065167119536), (23, 0.031239352310440664), (24, 0.031144550462499067), (25, 0.031108160859110244), (26, 0.04389519166059366), (27, 0.0318424791478764), (28, 0.029668805078269845), (29, 0.03518260234206497), (30, 0.02943782572827882)]
[2026-01-21 13:55:51,221][flwr][INFO] - app_fit: metrics_centralized {'rmse': [(0, 11782.010694274555), (1, 5540.009386273637), (2, 5270.271340263232), (3, 4392.7135121698975), (4, 4397.346927409753), (5, 4214.705446410223), (6, 4262.859603599443), (7, 4091.1691482997862), (8, 4057.5306529957356), (9, 3993.000375657383), (10, 4055.7665120171796), (11, 4233.772077001784), (12, 4055.0400737847217), (13, 3995.5347577014018), (14, 4009.3545615223406), (15, 4227.192448895602), (16, 3991.8486945273867), (17, 3999.660110559396), (18, 4026.7236061095628), (19, 3873.1589174729197), (20, 4033.829446072305), (21, 4045.260560211171), (22, 3806.570372395603), (23, 3842.8956530199985), (24, 3838.483554738772), (25, 3853.227218838775), (26, 4358.422650455093), (27, 4259.140054048469), (28, 3807.6155268093967), (29, 3993.2570666061556), (30, 3949.451354302266)], 'mae': [(0, 9149.193359375), (1, 3006.77978515625), (2, 2293.716796875), (3, 1720.587890625), (4, 1522.734619140625), (5, 1419.27880859375), (6, 1377.897216796875), (7, 1353.5311279296875), (8, 1305.8818359375), (9, 1297.6480712890625), (10, 1404.6827392578125), (11, 1286.5311279296875), (12, 1401.3795166015625), (13, 1289.0548095703125), (14, 1377.9866943359375), (15, 1555.1630859375), (16, 1307.906982421875), (17, 1376.399658203125), (18, 1215.5897216796875), (19, 1253.640625), (20, 1429.3455810546875), (21, 1473.5355224609375), (22, 1241.0330810546875), (23, 1270.0230712890625), (24, 1293.4732666015625), (25, 1269.4111328125), (26, 1229.7608642578125), (27, 1525.69580078125), (28, 1238.24951171875), (29, 1175.7646484375), (30, 1364.8145751953125)], 'r2': [(0, 0.00890437044283554), (1, 0.7808720793258993), (2, 0.8016908835475468), (3, 0.8622338679342466), (4, 0.861943085265275), (5, 0.8731731597521001), (6, 0.8702585427070234), (7, 0.8804989852305225), (8, 0.8824560375088084), (9, 0.8861651041320794), (10, 0.8825582228240886), (11, 0.87202308181114), (12, 0.882600292228736), (13, 0.8860205560922658), (14, 0.8852307263022757), (15, 0.8724205449226445), (16, 0.88623075645556), (17, 0.8857850642218024), (18, 0.8842341793226376), (19, 0.8928955929039115), (20, 0.8838252400705939), (21, 0.8831658716328931), (22, 0.8965466775187203), (23, 0.8945627938038638), (24, 0.8948047607108103), (25, 0.8939950951635305), (26, 0.8643763643774497), (27, 0.8704848536650555), (28, 0.8964898614568049), (29, 0.8861504674697687), (30, 0.8886346082501733)], 'mape': [(0, 79.91940307617188), (1, 16.364816665649414), (2, 12.078968048095703), (3, 8.736139297485352), (4, 7.444304943084717), (5, 6.657088756561279), (6, 6.612895488739014), (7, 6.0825653076171875), (8, 5.853280067443848), (9, 5.841642379760742), (10, 5.89155912399292), (11, 5.905794620513916), (12, 5.622660160064697), (13, 5.498436450958252), (14, 5.569461822509766), (15, 6.091275215148926), (16, 5.641507148742676), (17, 5.560429573059082), (18, 5.795629978179932), (19, 5.42053747177124), (20, 5.561366558074951), (21, 5.779088497161865), (22, 5.323421001434326), (23, 5.527556896209717), (24, 5.573550701141357), (25, 5.556588172912598), (26, 6.035569667816162), (27, 5.810225963592529), (28, 5.387007713317871), (29, 5.597898483276367), (30, 5.477011203765869)], 'accuracy_10': [(0, 11.735205352306366), (1, 33.14944803714752), (2, 58.976930379867554), (3, 71.06319069862366), (4, 82.44734406471252), (5, 86.60982847213745), (6, 86.71013116836548), (7, 87.16148734092712), (8, 88.31494450569153), (9, 88.01404237747192), (10, 85.95787286758423), (11, 89.06720280647278), (12, 85.80742478370667), (13, 88.91674876213074), (14, 86.10832691192627), (15, 84.35305953025818), (16, 88.41524720191956), (17, 86.55967712402344), (18, 88.36509585380554), (19, 88.96690011024475), (20, 85.75727343559265), (21, 85.15546917915344), (22, 88.96690011024475), (23, 88.16449642181396), (24, 87.3620867729187), (25, 88.41524720191956), (26, 87.61283755302429), (27, 84.95486378669739), (28, 88.86659741401672), (29, 88.66599798202515), (30, 86.40922904014587)], 'accuracy_20': [(0, 21.46439254283905), (1, 74.7241735458374), (2, 88.91674876213074), (3, 93.98194551467896), (4, 94.68405246734619), (5, 94.83450055122375), (6, 94.88465189933777), (7, 95.33600807189941), (8, 95.43631076812744), (9, 95.43631076812744), (10, 95.68706154823303), (11, 94.7342038154602), (12, 95.88766098022461), (13, 95.68706154823303), (14, 96.33901715278625), (15, 95.53660750389099), (16, 95.78736424446106), (17, 95.98796367645264), (18, 94.58374977111816), (19, 95.53660750389099), (20, 96.03811502456665), (21, 95.98796367645264), (22, 95.78736424446106), (23, 95.78736424446106), (24, 95.73721289634705), (25, 95.78736424446106), (26, 94.08224821090698), (27, 95.2858567237854), (28, 95.93781232833862), (29, 95.18555402755737), (30, 96.08826637268066)]}
[2026-01-21 13:55:51,714][flwr][INFO] - Starting Flower simulation, config: ServerConfig(num_rounds=30, round_timeout=None)
[2026-01-21 13:55:58,007][flwr][INFO] - Flower VCE: Ray initialized with resources: {'node:127.0.0.1': 1.0, 'memory': 12242898535.0, 'CPU': 10.0, 'object_store_memory': 2147483648.0}
[2026-01-21 13:55:58,007][flwr][INFO] - Initializing global parameters
[2026-01-21 13:55:58,007][flwr][INFO] - Using initial parameters provided by strategy
[2026-01-21 13:55:58,008][flwr][INFO] - Evaluating initial parameters
[2026-01-21 13:55:58,238][flwr][INFO] - initial parameters (loss, other metrics): 1.4340404903996313, {'rmse': 11782.010694274555, 'mae': 9149.193359375, 'r2': 0.00890437044283554, 'mape': 79.91940307617188, 'accuracy_10': 11.735205352306366, 'accuracy_20': 21.46439254283905}
[2026-01-21 13:55:58,238][flwr][INFO] - FL starting
[2026-01-21 13:55:58,239][flwr][DEBUG] - fit_round 1: strategy sampled 7 clients (out of 12)
[2026-01-21 13:56:08,833][flwr][DEBUG] - fit_round 1 received 7 results and 0 failures
[2026-01-21 13:56:08,838][flwr][WARNING] - No fit_metrics_aggregation_fn provided
[2026-01-21 13:56:09,075][flwr][INFO] - fit progress: (1, 0.18981129170181518, {'rmse': 6843.13758447103, 'mae': 3536.2509765625, 'r2': 0.6656608238909751, 'mape': 18.850526809692383, 'accuracy_10': 33.75125229358673, 'accuracy_20': 72.26679921150208}, 10.837133791996166)
[2026-01-21 13:56:09,076][flwr][DEBUG] - evaluate_round 1: strategy sampled 6 clients (out of 12)
[2026-01-21 13:56:09,254][flwr][DEBUG] - evaluate_round 1 received 6 results and 0 failures
[2026-01-21 13:56:09,255][flwr][WARNING] - No evaluate_metrics_aggregation_fn provided
[2026-01-21 13:56:09,255][flwr][DEBUG] - fit_round 2: strategy sampled 7 clients (out of 12)
[2026-01-21 13:56:14,422][flwr][DEBUG] - fit_round 2 received 7 results and 0 failures
[2026-01-21 13:56:14,667][flwr][INFO] - fit progress: (2, 0.09090452797434395, {'rmse': 5134.227887423775, 'mae': 2204.887939453125, 'r2': 0.8117967949053386, 'mape': 11.683876991271973, 'accuracy_10': 59.17752981185913, 'accuracy_20': 89.16749954223633}, 16.428394166985527)
[2026-01-21 13:56:14,667][flwr][DEBUG] - evaluate_round 2: strategy sampled 6 clients (out of 12)
[2026-01-21 13:56:14,863][flwr][DEBUG] - evaluate_round 2 received 6 results and 0 failures
[2026-01-21 13:56:14,864][flwr][DEBUG] - fit_round 3: strategy sampled 7 clients (out of 12)
[2026-01-21 13:56:20,227][flwr][DEBUG] - fit_round 3 received 7 results and 0 failures
[2026-01-21 13:56:20,476][flwr][INFO] - fit progress: (3, 0.06462859951236183, {'rmse': 4379.13575948497, 'mae': 1800.9210205078125, 'r2': 0.8630842169497126, 'mape': 9.608651161193848, 'accuracy_10': 66.29889607429504, 'accuracy_20': 92.67803430557251}, 22.238288457971066)
[2026-01-21 13:56:20,477][flwr][DEBUG] - evaluate_round 3: strategy sampled 6 clients (out of 12)
[2026-01-21 13:56:20,675][flwr][DEBUG] - evaluate_round 3 received 6 results and 0 failures
[2026-01-21 13:56:20,675][flwr][DEBUG] - fit_round 4: strategy sampled 7 clients (out of 12)
[2026-01-21 13:56:28,263][flwr][DEBUG] - fit_round 4 received 7 results and 0 failures
[2026-01-21 13:56:28,526][flwr][INFO] - fit progress: (4, 0.05071501396297512, {'rmse': 4367.4523466203955, 'mae': 1561.2042236328125, 'r2': 0.8638138061681183, 'mape': 7.651021480560303, 'accuracy_10': 80.69207668304443, 'accuracy_20': 94.38315033912659}, 30.288278457999695)
[2026-01-21 13:56:28,527][flwr][DEBUG] - evaluate_round 4: strategy sampled 6 clients (out of 12)
[2026-01-21 13:56:28,727][flwr][DEBUG] - evaluate_round 4 received 6 results and 0 failures
[2026-01-21 13:56:28,728][flwr][DEBUG] - fit_round 5: strategy sampled 7 clients (out of 12)
[2026-01-21 13:56:36,241][flwr][DEBUG] - fit_round 5 received 7 results and 0 failures
[2026-01-21 13:56:36,489][flwr][INFO] - fit progress: (5, 0.054432454243406966, {'rmse': 4675.958511364274, 'mae': 1532.5931396484375, 'r2': 0.8438945700388051, 'mape': 7.395083427429199, 'accuracy_10': 85.15546917915344, 'accuracy_20': 94.23269629478455}, 38.25096258299891)
[2026-01-21 13:56:36,489][flwr][DEBUG] - evaluate_round 5: strategy sampled 6 clients (out of 12)
[2026-01-21 13:56:36,718][flwr][DEBUG] - evaluate_round 5 received 6 results and 0 failures
[2026-01-21 13:56:36,719][flwr][DEBUG] - fit_round 6: strategy sampled 7 clients (out of 12)
[2026-01-21 13:56:44,311][flwr][DEBUG] - fit_round 6 received 7 results and 0 failures
[2026-01-21 13:56:44,560][flwr][INFO] - fit progress: (6, 0.0418915884866339, {'rmse': 4282.969297111526, 'mae': 1615.1927490234375, 'r2': 0.8690315709579522, 'mape': 7.092646598815918, 'accuracy_10': 79.68906760215759, 'accuracy_20': 95.68706154823303}, 46.32150974997785)
[2026-01-21 13:56:44,560][flwr][DEBUG] - evaluate_round 6: strategy sampled 6 clients (out of 12)
[2026-01-21 13:56:44,746][flwr][DEBUG] - evaluate_round 6 received 6 results and 0 failures
[2026-01-21 13:56:44,747][flwr][DEBUG] - fit_round 7: strategy sampled 7 clients (out of 12)
[2026-01-21 13:56:52,309][flwr][DEBUG] - fit_round 7 received 7 results and 0 failures
[2026-01-21 13:56:52,569][flwr][INFO] - fit progress: (7, 0.03592675622205139, {'rmse': 3931.0011447467173, 'mae': 1394.848876953125, 'r2': 0.8896726819926698, 'mape': 6.301291465759277, 'accuracy_10': 85.20561456680298, 'accuracy_20': 96.33901715278625}, 54.33124495798256)
[2026-01-21 13:56:52,570][flwr][DEBUG] - evaluate_round 7: strategy sampled 6 clients (out of 12)
[2026-01-21 13:56:52,804][flwr][DEBUG] - evaluate_round 7 received 6 results and 0 failures
[2026-01-21 13:56:52,804][flwr][DEBUG] - fit_round 8: strategy sampled 7 clients (out of 12)
[2026-01-21 13:57:00,164][flwr][DEBUG] - fit_round 8 received 7 results and 0 failures
[2026-01-21 13:57:00,424][flwr][INFO] - fit progress: (8, 0.03449353730210748, {'rmse': 3866.054060667026, 'mae': 1383.2899169921875, 'r2': 0.8932881722393143, 'mape': 6.163089275360107, 'accuracy_10': 86.00802421569824, 'accuracy_20': 96.43931984901428}, 62.18633733299794)
[2026-01-21 13:57:00,425][flwr][DEBUG] - evaluate_round 8: strategy sampled 6 clients (out of 12)
[2026-01-21 13:57:00,683][flwr][DEBUG] - evaluate_round 8 received 6 results and 0 failures
[2026-01-21 13:57:00,684][flwr][DEBUG] - fit_round 9: strategy sampled 7 clients (out of 12)
[2026-01-21 13:57:08,599][flwr][DEBUG] - fit_round 9 received 7 results and 0 failures
[2026-01-21 13:57:08,884][flwr][INFO] - fit progress: (9, 0.043227872403979364, {'rmse': 4170.0014388486725, 'mae': 1311.215087890625, 'r2': 0.8758493077298707, 'mape': 6.252361297607422, 'accuracy_10': 87.6629889011383, 'accuracy_20': 94.23269629478455}, 70.64608016697457)
[2026-01-21 13:57:08,884][flwr][DEBUG] - evaluate_round 9: strategy sampled 6 clients (out of 12)
[2026-01-21 13:57:09,236][flwr][DEBUG] - evaluate_round 9 received 6 results and 0 failures
[2026-01-21 13:57:09,237][flwr][DEBUG] - fit_round 10: strategy sampled 7 clients (out of 12)
[2026-01-21 13:57:17,050][flwr][DEBUG] - fit_round 10 received 7 results and 0 failures
[2026-01-21 13:57:17,320][flwr][INFO] - fit progress: (10, 0.034788564434172276, {'rmse': 3879.9826030537815, 'mae': 1319.238037109375, 'r2': 0.8925178702207338, 'mape': 5.860103130340576, 'accuracy_10': 87.41223812103271, 'accuracy_20': 95.68706154823303}, 79.08191499998793)
[2026-01-21 13:57:17,320][flwr][DEBUG] - evaluate_round 10: strategy sampled 6 clients (out of 12)
[2026-01-21 13:57:17,618][flwr][DEBUG] - evaluate_round 10 received 6 results and 0 failures
[2026-01-21 13:57:17,619][flwr][DEBUG] - fit_round 11: strategy sampled 7 clients (out of 12)
[2026-01-21 13:57:25,799][flwr][DEBUG] - fit_round 11 received 7 results and 0 failures
[2026-01-21 13:57:26,092][flwr][INFO] - fit progress: (11, 0.034048752231502846, {'rmse': 3846.892772095422, 'mae': 1299.4527587890625, 'r2': 0.8943433391981667, 'mape': 5.7915358543396, 'accuracy_10': 87.6629889011383, 'accuracy_20': 95.43631076812744}, 87.85419604199706)
[2026-01-21 13:57:26,093][flwr][DEBUG] - evaluate_round 11: strategy sampled 6 clients (out of 12)
[2026-01-21 13:57:26,499][flwr][DEBUG] - evaluate_round 11 received 6 results and 0 failures
[2026-01-21 13:57:26,500][flwr][DEBUG] - fit_round 12: strategy sampled 7 clients (out of 12)
[2026-01-21 13:57:34,573][flwr][DEBUG] - fit_round 12 received 7 results and 0 failures
[2026-01-21 13:57:34,861][flwr][INFO] - fit progress: (12, 0.03262694924882984, {'rmse': 4081.078166367314, 'mae': 1468.3575439453125, 'r2': 0.8810877662376609, 'mape': 5.933838844299316, 'accuracy_10': 84.40321087837219, 'accuracy_20': 95.68706154823303}, 96.62307695799973)
[2026-01-21 13:57:34,861][flwr][DEBUG] - evaluate_round 12: strategy sampled 6 clients (out of 12)
[2026-01-21 13:57:35,034][flwr][DEBUG] - evaluate_round 12 received 6 results and 0 failures
[2026-01-21 13:57:35,034][flwr][DEBUG] - fit_round 13: strategy sampled 7 clients (out of 12)
[2026-01-21 13:57:42,687][flwr][DEBUG] - fit_round 13 received 7 results and 0 failures
[2026-01-21 13:57:42,951][flwr][INFO] - fit progress: (13, 0.03175648914252145, {'rmse': 4046.3961743754157, 'mae': 1454.4833984375, 'r2': 0.8831002633073952, 'mape': 5.8768744468688965, 'accuracy_10': 84.40321087837219, 'accuracy_20': 95.98796367645264}, 104.71291370800463)
[2026-01-21 13:57:42,951][flwr][DEBUG] - evaluate_round 13: strategy sampled 6 clients (out of 12)
[2026-01-21 13:57:43,143][flwr][DEBUG] - evaluate_round 13 received 6 results and 0 failures
[2026-01-21 13:57:43,144][flwr][DEBUG] - fit_round 14: strategy sampled 7 clients (out of 12)
[2026-01-21 13:57:50,859][flwr][DEBUG] - fit_round 14 received 7 results and 0 failures
[2026-01-21 13:57:51,134][flwr][INFO] - fit progress: (14, 0.03167324226794236, {'rmse': 3810.3103548136337, 'mae': 1261.147216796875, 'r2': 0.896343289509778, 'mape': 5.51850700378418, 'accuracy_10': 88.91674876213074, 'accuracy_20': 95.8375096321106}, 112.89643608295592)
[2026-01-21 13:57:51,135][flwr][DEBUG] - evaluate_round 14: strategy sampled 6 clients (out of 12)
[2026-01-21 13:57:51,373][flwr][DEBUG] - evaluate_round 14 received 6 results and 0 failures
[2026-01-21 13:57:51,374][flwr][DEBUG] - fit_round 15: strategy sampled 7 clients (out of 12)
[2026-01-21 13:57:58,775][flwr][DEBUG] - fit_round 15 received 7 results and 0 failures
[2026-01-21 13:57:59,037][flwr][INFO] - fit progress: (15, 0.030772763798564463, {'rmse': 3913.5639767352723, 'mae': 1406.3515625, 'r2': 0.8906492905530582, 'mape': 5.70168399810791, 'accuracy_10': 85.20561456680298, 'accuracy_20': 96.33901715278625}, 120.79904199996963)
[2026-01-21 13:57:59,037][flwr][DEBUG] - evaluate_round 15: strategy sampled 6 clients (out of 12)
[2026-01-21 13:57:59,294][flwr][DEBUG] - evaluate_round 15 received 6 results and 0 failures
[2026-01-21 13:57:59,295][flwr][DEBUG] - fit_round 16: strategy sampled 7 clients (out of 12)
[2026-01-21 13:58:06,757][flwr][DEBUG] - fit_round 16 received 7 results and 0 failures
[2026-01-21 13:58:07,032][flwr][INFO] - fit progress: (16, 0.031009437230489437, {'rmse': 3816.605428911928, 'mae': 1273.8638916015625, 'r2': 0.8960005012250212, 'mape': 5.496062755584717, 'accuracy_10': 88.31494450569153, 'accuracy_20': 95.88766098022461}, 128.79395970801124)
[2026-01-21 13:58:07,032][flwr][DEBUG] - evaluate_round 16: strategy sampled 6 clients (out of 12)
[2026-01-21 13:58:07,228][flwr][DEBUG] - evaluate_round 16 received 6 results and 0 failures
[2026-01-21 13:58:07,228][flwr][DEBUG] - fit_round 17: strategy sampled 7 clients (out of 12)
[2026-01-21 13:58:14,587][flwr][DEBUG] - fit_round 17 received 7 results and 0 failures
[2026-01-21 13:58:14,858][flwr][INFO] - fit progress: (17, 0.03378810465649712, {'rmse': 4274.9734502099545, 'mae': 1543.3192138671875, 'r2': 0.8695201098940553, 'mape': 5.844606876373291, 'accuracy_10': 83.5004985332489, 'accuracy_20': 95.53660750389099}, 136.61992550001014)
[2026-01-21 13:58:14,858][flwr][DEBUG] - evaluate_round 17: strategy sampled 6 clients (out of 12)
[2026-01-21 13:58:15,099][flwr][DEBUG] - evaluate_round 17 received 6 results and 0 failures
[2026-01-21 13:58:15,099][flwr][DEBUG] - fit_round 18: strategy sampled 7 clients (out of 12)
[2026-01-21 13:58:22,779][flwr][DEBUG] - fit_round 18 received 7 results and 0 failures
[2026-01-21 13:58:23,063][flwr][INFO] - fit progress: (18, 0.03133019697623572, {'rmse': 3837.294619911273, 'mae': 1308.83203125, 'r2': 0.8948699143904848, 'mape': 5.740536212921143, 'accuracy_10': 88.46539855003357, 'accuracy_20': 96.13841772079468}, 144.82558537495788)
[2026-01-21 13:58:23,064][flwr][DEBUG] - evaluate_round 18: strategy sampled 6 clients (out of 12)
[2026-01-21 13:58:23,277][flwr][DEBUG] - evaluate_round 18 received 6 results and 0 failures
[2026-01-21 13:58:23,278][flwr][DEBUG] - fit_round 19: strategy sampled 7 clients (out of 12)
[2026-01-21 13:58:30,843][flwr][DEBUG] - fit_round 19 received 7 results and 0 failures
[2026-01-21 13:58:31,114][flwr][INFO] - fit progress: (19, 0.03610840391782425, {'rmse': 4073.7711030444507, 'mae': 1206.11328125, 'r2': 0.8815132047332913, 'mape': 5.536933898925781, 'accuracy_10': 89.11735415458679, 'accuracy_20': 95.13540863990784}, 152.87593412498245)
[2026-01-21 13:58:31,114][flwr][DEBUG] - evaluate_round 19: strategy sampled 6 clients (out of 12)
[2026-01-21 13:58:31,220][flwr][DEBUG] - evaluate_round 19 received 6 results and 0 failures
[2026-01-21 13:58:31,221][flwr][DEBUG] - fit_round 20: strategy sampled 7 clients (out of 12)
[2026-01-21 13:58:38,724][flwr][DEBUG] - fit_round 20 received 7 results and 0 failures
[2026-01-21 13:58:39,019][flwr][INFO] - fit progress: (20, 0.030750101918883346, {'rmse': 3809.577404384901, 'mae': 1260.0848388671875, 'r2': 0.8963831663482777, 'mape': 5.481215953826904, 'accuracy_10': 88.5155439376831, 'accuracy_20': 95.93781232833862}, 160.7817272079992)
[2026-01-21 13:58:39,020][flwr][DEBUG] - evaluate_round 20: strategy sampled 6 clients (out of 12)
[2026-01-21 13:58:39,113][flwr][DEBUG] - evaluate_round 20 received 6 results and 0 failures
[2026-01-21 13:58:39,113][flwr][DEBUG] - fit_round 21: strategy sampled 7 clients (out of 12)
[2026-01-21 13:58:46,724][flwr][DEBUG] - fit_round 21 received 7 results and 0 failures
[2026-01-21 13:58:47,019][flwr][INFO] - fit progress: (21, 0.02980642353437669, {'rmse': 3789.9156982708732, 'mae': 1239.17138671875, 'r2': 0.8974499634406095, 'mape': 5.3427228927612305, 'accuracy_10': 89.01705145835876, 'accuracy_20': 96.18856310844421}, 168.78091779199895)
[2026-01-21 13:58:47,019][flwr][DEBUG] - evaluate_round 21: strategy sampled 6 clients (out of 12)
[2026-01-21 13:58:47,119][flwr][DEBUG] - evaluate_round 21 received 6 results and 0 failures
[2026-01-21 13:58:47,120][flwr][DEBUG] - fit_round 22: strategy sampled 7 clients (out of 12)
[2026-01-21 13:58:55,111][flwr][DEBUG] - fit_round 22 received 7 results and 0 failures
[2026-01-21 13:58:55,378][flwr][INFO] - fit progress: (22, 0.030552482038153448, {'rmse': 3856.251547811683, 'mae': 1254.13671875, 'r2': 0.8938286287952366, 'mape': 5.365854263305664, 'accuracy_10': 89.21765089035034, 'accuracy_20': 95.88766098022461}, 177.14076395798475)
[2026-01-21 13:58:55,379][flwr][DEBUG] - evaluate_round 22: strategy sampled 6 clients (out of 12)
[2026-01-21 13:58:55,645][flwr][DEBUG] - evaluate_round 22 received 6 results and 0 failures
[2026-01-21 13:58:55,646][flwr][DEBUG] - fit_round 23: strategy sampled 7 clients (out of 12)
[2026-01-21 13:59:02,951][flwr][DEBUG] - fit_round 23 received 7 results and 0 failures
[2026-01-21 13:59:03,222][flwr][INFO] - fit progress: (23, 0.02960236556828022, {'rmse': 3956.3002919394276, 'mae': 1396.2528076171875, 'r2': 0.8882480199734416, 'mape': 5.564942359924316, 'accuracy_10': 86.15847826004028, 'accuracy_20': 96.08826637268066}, 184.98400454199873)
[2026-01-21 13:59:03,222][flwr][DEBUG] - evaluate_round 23: strategy sampled 6 clients (out of 12)
[2026-01-21 13:59:03,423][flwr][DEBUG] - evaluate_round 23 received 6 results and 0 failures
[2026-01-21 13:59:03,424][flwr][DEBUG] - fit_round 24: strategy sampled 7 clients (out of 12)
[2026-01-21 13:59:11,171][flwr][DEBUG] - fit_round 24 received 7 results and 0 failures
[2026-01-21 13:59:11,506][flwr][INFO] - fit progress: (24, 0.02854745905872513, {'rmse': 3850.6028099506707, 'mae': 1331.248779296875, 'r2': 0.8941394452124211, 'mape': 5.396107196807861, 'accuracy_10': 86.96088194847107, 'accuracy_20': 96.03811502456665}, 193.26804016699316)
[2026-01-21 13:59:11,506][flwr][DEBUG] - evaluate_round 24: strategy sampled 6 clients (out of 12)
[2026-01-21 13:59:11,652][flwr][DEBUG] - evaluate_round 24 received 6 results and 0 failures
[2026-01-21 13:59:11,652][flwr][DEBUG] - fit_round 25: strategy sampled 7 clients (out of 12)
[2026-01-21 13:59:19,861][flwr][DEBUG] - fit_round 25 received 7 results and 0 failures
[2026-01-21 13:59:20,165][flwr][INFO] - fit progress: (25, 0.029348538833536737, {'rmse': 3766.419121659192, 'mae': 1265.3536376953125, 'r2': 0.8987175966588753, 'mape': 5.456734657287598, 'accuracy_10': 88.76630067825317, 'accuracy_20': 95.98796367645264}, 201.92744233296253)
[2026-01-21 13:59:20,165][flwr][DEBUG] - evaluate_round 25: strategy sampled 6 clients (out of 12)
[2026-01-21 13:59:20,437][flwr][DEBUG] - evaluate_round 25 received 6 results and 0 failures
[2026-01-21 13:59:20,438][flwr][DEBUG] - fit_round 26: strategy sampled 7 clients (out of 12)
[2026-01-21 13:59:28,011][flwr][DEBUG] - fit_round 26 received 7 results and 0 failures
[2026-01-21 13:59:28,275][flwr][INFO] - fit progress: (26, 0.030031939712516522, {'rmse': 3803.3583843755773, 'mae': 1246.11376953125, 'r2': 0.8967211881848873, 'mape': 5.383573055267334, 'accuracy_10': 89.06720280647278, 'accuracy_20': 95.88766098022461}, 210.03723208297743)
[2026-01-21 13:59:28,275][flwr][DEBUG] - evaluate_round 26: strategy sampled 6 clients (out of 12)
[2026-01-21 13:59:28,355][flwr][DEBUG] - evaluate_round 26 received 6 results and 0 failures
[2026-01-21 13:59:28,355][flwr][DEBUG] - fit_round 27: strategy sampled 7 clients (out of 12)
[2026-01-21 13:59:35,516][flwr][DEBUG] - fit_round 27 received 7 results and 0 failures
[2026-01-21 13:59:35,790][flwr][INFO] - fit progress: (27, 0.029881862809539677, {'rmse': 3938.4541383644423, 'mae': 1419.4273681640625, 'r2': 0.889253938523437, 'mape': 5.717756748199463, 'accuracy_10': 85.65697073936462, 'accuracy_20': 96.23871445655823}, 217.55230458296137)
[2026-01-21 13:59:35,790][flwr][DEBUG] - evaluate_round 27: strategy sampled 6 clients (out of 12)
[2026-01-21 13:59:35,900][flwr][DEBUG] - evaluate_round 27 received 6 results and 0 failures
[2026-01-21 13:59:35,901][flwr][DEBUG] - fit_round 28: strategy sampled 7 clients (out of 12)
[2026-01-21 13:59:43,658][flwr][DEBUG] - fit_round 28 received 7 results and 0 failures
[2026-01-21 13:59:43,916][flwr][INFO] - fit progress: (28, 0.03341197507192522, {'rmse': 3927.772396664552, 'mae': 1165.42333984375, 'r2': 0.8898538436872515, 'mape': 5.475123405456543, 'accuracy_10': 89.31795358657837, 'accuracy_20': 95.2858567237854}, 225.6789123750059)
[2026-01-21 13:59:43,917][flwr][DEBUG] - evaluate_round 28: strategy sampled 6 clients (out of 12)
[2026-01-21 13:59:44,139][flwr][DEBUG] - evaluate_round 28 received 6 results and 0 failures
[2026-01-21 13:59:44,139][flwr][DEBUG] - fit_round 29: strategy sampled 7 clients (out of 12)
[2026-01-21 13:59:52,010][flwr][DEBUG] - fit_round 29 received 7 results and 0 failures
[2026-01-21 13:59:52,292][flwr][INFO] - fit progress: (29, 0.02898833340962409, {'rmse': 3862.2102480315593, 'mae': 1385.9708251953125, 'r2': 0.8935002645158732, 'mape': 5.688317775726318, 'accuracy_10': 86.50952577590942, 'accuracy_20': 96.33901715278625}, 234.05433283298044)
[2026-01-21 13:59:52,292][flwr][DEBUG] - evaluate_round 29: strategy sampled 6 clients (out of 12)
[2026-01-21 13:59:52,586][flwr][DEBUG] - evaluate_round 29 received 6 results and 0 failures
[2026-01-21 13:59:52,587][flwr][DEBUG] - fit_round 30: strategy sampled 7 clients (out of 12)
[2026-01-21 13:59:59,811][flwr][DEBUG] - fit_round 30 received 7 results and 0 failures
[2026-01-21 14:00:00,071][flwr][INFO] - fit progress: (30, 0.03011632722278416, {'rmse': 3931.2075752877768, 'mae': 1472.2449951171875, 'r2': 0.8896610958571733, 'mape': 5.925086498260498, 'accuracy_10': 84.65396165847778, 'accuracy_20': 96.18856310844421}, 241.83328991697636)
[2026-01-21 14:00:00,071][flwr][DEBUG] - evaluate_round 30: strategy sampled 6 clients (out of 12)
[2026-01-21 14:00:00,155][flwr][DEBUG] - evaluate_round 30 received 6 results and 0 failures
[2026-01-21 14:00:00,156][flwr][INFO] - FL finished in 241.91832170798443
[2026-01-21 14:00:00,157][flwr][INFO] - app_fit: losses_distributed [(1, 0.23192653610071134), (2, 0.1112964563610206), (3, 0.07140396290978525), (4, 0.0766900961536058), (5, 0.059435682795118384), (6, 0.03865381303406475), (7, 0.029830517641674655), (8, 0.025674696423780966), (9, 0.08291271389254323), (10, 0.0509263681897804), (11, 0.06265633636692691), (12, 0.035636066673620743), (13, 0.029456362062177215), (14, 0.033594229582026916), (15, 0.04572057320385114), (16, 0.025243478597977712), (17, 0.0316885545167311), (18, 0.028702803028710318), (19, 0.009547865229573908), (20, 0.02676142047585625), (21, 0.014818183135890223), (22, 0.030131943723608008), (23, 0.03871113315776542), (24, 0.03421329727480893), (25, 0.03469360237051826), (26, 0.03201873641915795), (27, 0.03916315836476086), (28, 0.04376266876855666), (29, 0.03143966610469713), (30, 0.02833738447448542)]
[2026-01-21 14:00:00,157][flwr][INFO] - app_fit: metrics_distributed_fit {'scaffold_updates': [(1, 7), (2, 7), (3, 7), (4, 7), (5, 7), (6, 7), (7, 7), (8, 7), (9, 7), (10, 7), (11, 7), (12, 7), (13, 7), (14, 7), (15, 7), (16, 7), (17, 7), (18, 7), (19, 7), (20, 7), (21, 7), (22, 7), (23, 7), (24, 7), (25, 7), (26, 7), (27, 7), (28, 7), (29, 7), (30, 7)], 'avg_control_delta_norm': [(1, 0.0018875793761376249), (2, 0.0011758861001465054), (3, 0.0008896050449491007), (4, 0.0008783216573024076), (5, 0.0007996670247965776), (6, 0.0007542715383517615), (7, 0.0006378061381343093), (8, 0.000611568311172963), (9, 0.0006173990693183153), (10, 0.0005809147229851047), (11, 0.0005311217396007917), (12, 0.0005730488301864426), (13, 0.0004824652717551008), (14, 0.000512568468236363), (15, 0.0005349897950412155), (16, 0.00046446557627988515), (17, 0.0005240418703526419), (18, 0.0006056683559935064), (19, 0.0005136976583868756), (20, 0.0004996379487753612), (21, 0.00042936363782462096), (22, 0.00040913119112038744), (23, 0.0004526206670298207), (24, 0.0003747026564334938), (25, 0.0004720028638400664), (26, 0.00041945230452116383), (27, 0.0004320394120291405), (28, 0.00045436982478695844), (29, 0.00042110851589704303), (30, 0.0004481326568889508)]}
[2026-01-21 14:00:00,158][flwr][INFO] - app_fit: metrics_distributed {}
[2026-01-21 14:00:00,158][flwr][INFO] - app_fit: losses_centralized [(0, 1.4340404903996313), (1, 0.18981129170181518), (2, 0.09090452797434395), (3, 0.06462859951236183), (4, 0.05071501396297512), (5, 0.054432454243406966), (6, 0.0418915884866339), (7, 0.03592675622205139), (8, 0.03449353730210748), (9, 0.043227872403979364), (10, 0.034788564434172276), (11, 0.034048752231502846), (12, 0.03262694924882984), (13, 0.03175648914252145), (14, 0.03167324226794236), (15, 0.030772763798564463), (16, 0.031009437230489437), (17, 0.03378810465649712), (18, 0.03133019697623572), (19, 0.03610840391782425), (20, 0.030750101918883346), (21, 0.02980642353437669), (22, 0.030552482038153448), (23, 0.02960236556828022), (24, 0.02854745905872513), (25, 0.029348538833536737), (26, 0.030031939712516522), (27, 0.029881862809539677), (28, 0.03341197507192522), (29, 0.02898833340962409), (30, 0.03011632722278416)]
[2026-01-21 14:00:00,158][flwr][INFO] - app_fit: metrics_centralized {'rmse': [(0, 11782.010694274555), (1, 6843.13758447103), (2, 5134.227887423775), (3, 4379.13575948497), (4, 4367.4523466203955), (5, 4675.958511364274), (6, 4282.969297111526), (7, 3931.0011447467173), (8, 3866.054060667026), (9, 4170.0014388486725), (10, 3879.9826030537815), (11, 3846.892772095422), (12, 4081.078166367314), (13, 4046.3961743754157), (14, 3810.3103548136337), (15, 3913.5639767352723), (16, 3816.605428911928), (17, 4274.9734502099545), (18, 3837.294619911273), (19, 4073.7711030444507), (20, 3809.577404384901), (21, 3789.9156982708732), (22, 3856.251547811683), (23, 3956.3002919394276), (24, 3850.6028099506707), (25, 3766.419121659192), (26, 3803.3583843755773), (27, 3938.4541383644423), (28, 3927.772396664552), (29, 3862.2102480315593), (30, 3931.2075752877768)], 'mae': [(0, 9149.193359375), (1, 3536.2509765625), (2, 2204.887939453125), (3, 1800.9210205078125), (4, 1561.2042236328125), (5, 1532.5931396484375), (6, 1615.1927490234375), (7, 1394.848876953125), (8, 1383.2899169921875), (9, 1311.215087890625), (10, 1319.238037109375), (11, 1299.4527587890625), (12, 1468.3575439453125), (13, 1454.4833984375), (14, 1261.147216796875), (15, 1406.3515625), (16, 1273.8638916015625), (17, 1543.3192138671875), (18, 1308.83203125), (19, 1206.11328125), (20, 1260.0848388671875), (21, 1239.17138671875), (22, 1254.13671875), (23, 1396.2528076171875), (24, 1331.248779296875), (25, 1265.3536376953125), (26, 1246.11376953125), (27, 1419.4273681640625), (28, 1165.42333984375), (29, 1385.9708251953125), (30, 1472.2449951171875)], 'r2': [(0, 0.00890437044283554), (1, 0.6656608238909751), (2, 0.8117967949053386), (3, 0.8630842169497126), (4, 0.8638138061681183), (5, 0.8438945700388051), (6, 0.8690315709579522), (7, 0.8896726819926698), (8, 0.8932881722393143), (9, 0.8758493077298707), (10, 0.8925178702207338), (11, 0.8943433391981667), (12, 0.8810877662376609), (13, 0.8831002633073952), (14, 0.896343289509778), (15, 0.8906492905530582), (16, 0.8960005012250212), (17, 0.8695201098940553), (18, 0.8948699143904848), (19, 0.8815132047332913), (20, 0.8963831663482777), (21, 0.8974499634406095), (22, 0.8938286287952366), (23, 0.8882480199734416), (24, 0.8941394452124211), (25, 0.8987175966588753), (26, 0.8967211881848873), (27, 0.889253938523437), (28, 0.8898538436872515), (29, 0.8935002645158732), (30, 0.8896610958571733)], 'mape': [(0, 79.91940307617188), (1, 18.850526809692383), (2, 11.683876991271973), (3, 9.608651161193848), (4, 7.651021480560303), (5, 7.395083427429199), (6, 7.092646598815918), (7, 6.301291465759277), (8, 6.163089275360107), (9, 6.252361297607422), (10, 5.860103130340576), (11, 5.7915358543396), (12, 5.933838844299316), (13, 5.8768744468688965), (14, 5.51850700378418), (15, 5.70168399810791), (16, 5.496062755584717), (17, 5.844606876373291), (18, 5.740536212921143), (19, 5.536933898925781), (20, 5.481215953826904), (21, 5.3427228927612305), (22, 5.365854263305664), (23, 5.564942359924316), (24, 5.396107196807861), (25, 5.456734657287598), (26, 5.383573055267334), (27, 5.717756748199463), (28, 5.475123405456543), (29, 5.688317775726318), (30, 5.925086498260498)], 'accuracy_10': [(0, 11.735205352306366), (1, 33.75125229358673), (2, 59.17752981185913), (3, 66.29889607429504), (4, 80.69207668304443), (5, 85.15546917915344), (6, 79.68906760215759), (7, 85.20561456680298), (8, 86.00802421569824), (9, 87.6629889011383), (10, 87.41223812103271), (11, 87.6629889011383), (12, 84.40321087837219), (13, 84.40321087837219), (14, 88.91674876213074), (15, 85.20561456680298), (16, 88.31494450569153), (17, 83.5004985332489), (18, 88.46539855003357), (19, 89.11735415458679), (20, 88.5155439376831), (21, 89.01705145835876), (22, 89.21765089035034), (23, 86.15847826004028), (24, 86.96088194847107), (25, 88.76630067825317), (26, 89.06720280647278), (27, 85.65697073936462), (28, 89.31795358657837), (29, 86.50952577590942), (30, 84.65396165847778)], 'accuracy_20': [(0, 21.46439254283905), (1, 72.26679921150208), (2, 89.16749954223633), (3, 92.67803430557251), (4, 94.38315033912659), (5, 94.23269629478455), (6, 95.68706154823303), (7, 96.33901715278625), (8, 96.43931984901428), (9, 94.23269629478455), (10, 95.68706154823303), (11, 95.43631076812744), (12, 95.68706154823303), (13, 95.98796367645264), (14, 95.8375096321106), (15, 96.33901715278625), (16, 95.88766098022461), (17, 95.53660750389099), (18, 96.13841772079468), (19, 95.13540863990784), (20, 95.93781232833862), (21, 96.18856310844421), (22, 95.88766098022461), (23, 96.08826637268066), (24, 96.03811502456665), (25, 95.98796367645264), (26, 95.88766098022461), (27, 96.23871445655823), (28, 95.2858567237854), (29, 96.33901715278625), (30, 96.18856310844421)]}
