[2026-01-11 00:55:11,223][flwr][INFO] - Starting Flower simulation, config: ServerConfig(num_rounds=50, round_timeout=None)
[2026-01-11 00:55:16,105][flwr][INFO] - Flower VCE: Ray initialized with resources: {'memory': 11776089703.0, 'CPU': 10.0, 'object_store_memory': 2147483648.0, 'node:127.0.0.1': 1.0}
[2026-01-11 00:55:16,105][flwr][INFO] - Initializing global parameters
[2026-01-11 00:55:16,105][flwr][INFO] - Requesting initial parameters from one random client
[2026-01-11 00:55:19,206][flwr][INFO] - Received initial parameters from one random client
[2026-01-11 00:55:19,206][flwr][INFO] - Evaluating initial parameters
[2026-01-11 00:55:19,266][flwr][INFO] - initial parameters (loss, other metrics): 72.24541532993317, {'accuracy': 0.286}
[2026-01-11 00:55:19,267][flwr][INFO] - FL starting
[2026-01-11 00:55:19,268][flwr][DEBUG] - fit_round 1: strategy sampled 10 clients (out of 100)
[2026-01-11 00:55:19,360][flwr][ERROR] - [36mray::launch_and_fit()[39m (pid=80987, ip=127.0.0.1)
  File "/Users/dinukaperera/opt/anaconda3/envs/flower_tutorial/lib/python3.10/site-packages/flwr/simulation/ray_transport/ray_client_proxy.py", line 148, in launch_and_fit
    return maybe_call_fit(
  File "/Users/dinukaperera/opt/anaconda3/envs/flower_tutorial/lib/python3.10/site-packages/flwr/client/client.py", line 184, in maybe_call_fit
    return client.fit(fit_ins)
  File "/Users/dinukaperera/opt/anaconda3/envs/flower_tutorial/lib/python3.10/site-packages/flwr/client/app.py", line 297, in _fit
    results = self.numpy_client.fit(parameters, ins.config)  # type: ignore
  File "/Users/dinukaperera/FLwithFlwr/flowertry/cleint.py", line 196, in fit
    return super().fit(parameters, config)
  File "/Users/dinukaperera/FLwithFlwr/flowertry/cleint.py", line 109, in fit
    c_i_new = train_scaffold(
TypeError: train_scaffold() missing 1 required positional argument: 'net'
[2026-01-11 00:55:22,881][flwr][ERROR] - [36mray::launch_and_fit()[39m (pid=80985, ip=127.0.0.1)
  File "/Users/dinukaperera/opt/anaconda3/envs/flower_tutorial/lib/python3.10/site-packages/flwr/simulation/ray_transport/ray_client_proxy.py", line 148, in launch_and_fit
    return maybe_call_fit(
  File "/Users/dinukaperera/opt/anaconda3/envs/flower_tutorial/lib/python3.10/site-packages/flwr/client/client.py", line 184, in maybe_call_fit
    return client.fit(fit_ins)
  File "/Users/dinukaperera/opt/anaconda3/envs/flower_tutorial/lib/python3.10/site-packages/flwr/client/app.py", line 297, in _fit
    results = self.numpy_client.fit(parameters, ins.config)  # type: ignore
  File "/Users/dinukaperera/FLwithFlwr/flowertry/cleint.py", line 196, in fit
    return super().fit(parameters, config)
  File "/Users/dinukaperera/FLwithFlwr/flowertry/cleint.py", line 109, in fit
    c_i_new = train_scaffold(
TypeError: train_scaffold() missing 1 required positional argument: 'net'
[2026-01-11 00:55:22,882][flwr][ERROR] - [36mray::launch_and_fit()[39m (pid=80986, ip=127.0.0.1)
  File "/Users/dinukaperera/opt/anaconda3/envs/flower_tutorial/lib/python3.10/site-packages/flwr/simulation/ray_transport/ray_client_proxy.py", line 148, in launch_and_fit
    return maybe_call_fit(
  File "/Users/dinukaperera/opt/anaconda3/envs/flower_tutorial/lib/python3.10/site-packages/flwr/client/client.py", line 184, in maybe_call_fit
    return client.fit(fit_ins)
  File "/Users/dinukaperera/opt/anaconda3/envs/flower_tutorial/lib/python3.10/site-packages/flwr/client/app.py", line 297, in _fit
    results = self.numpy_client.fit(parameters, ins.config)  # type: ignore
  File "/Users/dinukaperera/FLwithFlwr/flowertry/cleint.py", line 196, in fit
    return super().fit(parameters, config)
  File "/Users/dinukaperera/FLwithFlwr/flowertry/cleint.py", line 109, in fit
    c_i_new = train_scaffold(
TypeError: train_scaffold() missing 1 required positional argument: 'net'
[2026-01-11 00:55:22,922][flwr][ERROR] - [36mray::launch_and_fit()[39m (pid=80983, ip=127.0.0.1)
  File "/Users/dinukaperera/opt/anaconda3/envs/flower_tutorial/lib/python3.10/site-packages/flwr/simulation/ray_transport/ray_client_proxy.py", line 148, in launch_and_fit
    return maybe_call_fit(
  File "/Users/dinukaperera/opt/anaconda3/envs/flower_tutorial/lib/python3.10/site-packages/flwr/client/client.py", line 184, in maybe_call_fit
    return client.fit(fit_ins)
  File "/Users/dinukaperera/opt/anaconda3/envs/flower_tutorial/lib/python3.10/site-packages/flwr/client/app.py", line 297, in _fit
    results = self.numpy_client.fit(parameters, ins.config)  # type: ignore
  File "/Users/dinukaperera/FLwithFlwr/flowertry/cleint.py", line 196, in fit
    return super().fit(parameters, config)
  File "/Users/dinukaperera/FLwithFlwr/flowertry/cleint.py", line 109, in fit
    c_i_new = train_scaffold(
TypeError: train_scaffold() missing 1 required positional argument: 'net'
[2026-01-11 00:55:22,930][flwr][ERROR] - [36mray::launch_and_fit()[39m (pid=80979, ip=127.0.0.1)
  File "/Users/dinukaperera/opt/anaconda3/envs/flower_tutorial/lib/python3.10/site-packages/flwr/simulation/ray_transport/ray_client_proxy.py", line 148, in launch_and_fit
    return maybe_call_fit(
  File "/Users/dinukaperera/opt/anaconda3/envs/flower_tutorial/lib/python3.10/site-packages/flwr/client/client.py", line 184, in maybe_call_fit
    return client.fit(fit_ins)
  File "/Users/dinukaperera/opt/anaconda3/envs/flower_tutorial/lib/python3.10/site-packages/flwr/client/app.py", line 297, in _fit
    results = self.numpy_client.fit(parameters, ins.config)  # type: ignore
  File "/Users/dinukaperera/FLwithFlwr/flowertry/cleint.py", line 196, in fit
    return super().fit(parameters, config)
  File "/Users/dinukaperera/FLwithFlwr/flowertry/cleint.py", line 109, in fit
    c_i_new = train_scaffold(
TypeError: train_scaffold() missing 1 required positional argument: 'net'
[2026-01-11 00:55:22,940][flwr][ERROR] - [36mray::launch_and_fit()[39m (pid=80982, ip=127.0.0.1)
  File "/Users/dinukaperera/opt/anaconda3/envs/flower_tutorial/lib/python3.10/site-packages/flwr/simulation/ray_transport/ray_client_proxy.py", line 148, in launch_and_fit
    return maybe_call_fit(
  File "/Users/dinukaperera/opt/anaconda3/envs/flower_tutorial/lib/python3.10/site-packages/flwr/client/client.py", line 184, in maybe_call_fit
    return client.fit(fit_ins)
  File "/Users/dinukaperera/opt/anaconda3/envs/flower_tutorial/lib/python3.10/site-packages/flwr/client/app.py", line 297, in _fit
    results = self.numpy_client.fit(parameters, ins.config)  # type: ignore
  File "/Users/dinukaperera/FLwithFlwr/flowertry/cleint.py", line 196, in fit
    return super().fit(parameters, config)
  File "/Users/dinukaperera/FLwithFlwr/flowertry/cleint.py", line 109, in fit
    c_i_new = train_scaffold(
TypeError: train_scaffold() missing 1 required positional argument: 'net'
[2026-01-11 00:55:22,950][flwr][ERROR] - [36mray::launch_and_fit()[39m (pid=80981, ip=127.0.0.1)
  File "/Users/dinukaperera/opt/anaconda3/envs/flower_tutorial/lib/python3.10/site-packages/flwr/simulation/ray_transport/ray_client_proxy.py", line 148, in launch_and_fit
    return maybe_call_fit(
  File "/Users/dinukaperera/opt/anaconda3/envs/flower_tutorial/lib/python3.10/site-packages/flwr/client/client.py", line 184, in maybe_call_fit
    return client.fit(fit_ins)
  File "/Users/dinukaperera/opt/anaconda3/envs/flower_tutorial/lib/python3.10/site-packages/flwr/client/app.py", line 297, in _fit
    results = self.numpy_client.fit(parameters, ins.config)  # type: ignore
  File "/Users/dinukaperera/FLwithFlwr/flowertry/cleint.py", line 196, in fit
    return super().fit(parameters, config)
  File "/Users/dinukaperera/FLwithFlwr/flowertry/cleint.py", line 109, in fit
    c_i_new = train_scaffold(
TypeError: train_scaffold() missing 1 required positional argument: 'net'
[2026-01-11 00:55:22,952][flwr][ERROR] - [36mray::launch_and_fit()[39m (pid=80980, ip=127.0.0.1)
  File "/Users/dinukaperera/opt/anaconda3/envs/flower_tutorial/lib/python3.10/site-packages/flwr/simulation/ray_transport/ray_client_proxy.py", line 148, in launch_and_fit
    return maybe_call_fit(
  File "/Users/dinukaperera/opt/anaconda3/envs/flower_tutorial/lib/python3.10/site-packages/flwr/client/client.py", line 184, in maybe_call_fit
    return client.fit(fit_ins)
  File "/Users/dinukaperera/opt/anaconda3/envs/flower_tutorial/lib/python3.10/site-packages/flwr/client/app.py", line 297, in _fit
    results = self.numpy_client.fit(parameters, ins.config)  # type: ignore
  File "/Users/dinukaperera/FLwithFlwr/flowertry/cleint.py", line 196, in fit
    return super().fit(parameters, config)
  File "/Users/dinukaperera/FLwithFlwr/flowertry/cleint.py", line 109, in fit
    c_i_new = train_scaffold(
TypeError: train_scaffold() missing 1 required positional argument: 'net'
[2026-01-11 00:55:22,977][flwr][ERROR] - [36mray::launch_and_fit()[39m (pid=80988, ip=127.0.0.1)
  File "/Users/dinukaperera/opt/anaconda3/envs/flower_tutorial/lib/python3.10/site-packages/flwr/simulation/ray_transport/ray_client_proxy.py", line 148, in launch_and_fit
    return maybe_call_fit(
  File "/Users/dinukaperera/opt/anaconda3/envs/flower_tutorial/lib/python3.10/site-packages/flwr/client/client.py", line 184, in maybe_call_fit
    return client.fit(fit_ins)
  File "/Users/dinukaperera/opt/anaconda3/envs/flower_tutorial/lib/python3.10/site-packages/flwr/client/app.py", line 297, in _fit
    results = self.numpy_client.fit(parameters, ins.config)  # type: ignore
  File "/Users/dinukaperera/FLwithFlwr/flowertry/cleint.py", line 196, in fit
    return super().fit(parameters, config)
  File "/Users/dinukaperera/FLwithFlwr/flowertry/cleint.py", line 109, in fit
    c_i_new = train_scaffold(
TypeError: train_scaffold() missing 1 required positional argument: 'net'
[2026-01-11 00:55:22,977][flwr][ERROR] - [36mray::launch_and_fit()[39m (pid=80984, ip=127.0.0.1)
  File "/Users/dinukaperera/opt/anaconda3/envs/flower_tutorial/lib/python3.10/site-packages/flwr/simulation/ray_transport/ray_client_proxy.py", line 148, in launch_and_fit
    return maybe_call_fit(
  File "/Users/dinukaperera/opt/anaconda3/envs/flower_tutorial/lib/python3.10/site-packages/flwr/client/client.py", line 184, in maybe_call_fit
    return client.fit(fit_ins)
  File "/Users/dinukaperera/opt/anaconda3/envs/flower_tutorial/lib/python3.10/site-packages/flwr/client/app.py", line 297, in _fit
    results = self.numpy_client.fit(parameters, ins.config)  # type: ignore
  File "/Users/dinukaperera/FLwithFlwr/flowertry/cleint.py", line 196, in fit
    return super().fit(parameters, config)
  File "/Users/dinukaperera/FLwithFlwr/flowertry/cleint.py", line 109, in fit
    c_i_new = train_scaffold(
TypeError: train_scaffold() missing 1 required positional argument: 'net'
[2026-01-11 00:55:22,978][flwr][DEBUG] - fit_round 1 received 0 results and 10 failures
[2026-01-11 00:55:23,000][flwr][INFO] - fit progress: (1, 72.24541532993317, {'accuracy': 0.286}, 3.733187000005273)
[2026-01-11 00:55:23,000][flwr][INFO] - evaluate_round 1: no clients selected, cancel
[2026-01-11 00:55:23,001][flwr][DEBUG] - fit_round 2: strategy sampled 10 clients (out of 100)
[2026-01-11 00:55:23,079][flwr][ERROR] - [36mray::launch_and_fit()[39m (pid=80984, ip=127.0.0.1)
  File "/Users/dinukaperera/opt/anaconda3/envs/flower_tutorial/lib/python3.10/site-packages/flwr/simulation/ray_transport/ray_client_proxy.py", line 148, in launch_and_fit
    return maybe_call_fit(
  File "/Users/dinukaperera/opt/anaconda3/envs/flower_tutorial/lib/python3.10/site-packages/flwr/client/client.py", line 184, in maybe_call_fit
    return client.fit(fit_ins)
  File "/Users/dinukaperera/opt/anaconda3/envs/flower_tutorial/lib/python3.10/site-packages/flwr/client/app.py", line 297, in _fit
    results = self.numpy_client.fit(parameters, ins.config)  # type: ignore
  File "/Users/dinukaperera/FLwithFlwr/flowertry/cleint.py", line 196, in fit
    return super().fit(parameters, config)
  File "/Users/dinukaperera/FLwithFlwr/flowertry/cleint.py", line 109, in fit
    c_i_new = train_scaffold(
TypeError: train_scaffold() missing 1 required positional argument: 'net'
[2026-01-11 00:55:23,084][flwr][ERROR] - [36mray::launch_and_fit()[39m (pid=80988, ip=127.0.0.1)
  File "/Users/dinukaperera/opt/anaconda3/envs/flower_tutorial/lib/python3.10/site-packages/flwr/simulation/ray_transport/ray_client_proxy.py", line 148, in launch_and_fit
    return maybe_call_fit(
  File "/Users/dinukaperera/opt/anaconda3/envs/flower_tutorial/lib/python3.10/site-packages/flwr/client/client.py", line 184, in maybe_call_fit
    return client.fit(fit_ins)
  File "/Users/dinukaperera/opt/anaconda3/envs/flower_tutorial/lib/python3.10/site-packages/flwr/client/app.py", line 297, in _fit
    results = self.numpy_client.fit(parameters, ins.config)  # type: ignore
  File "/Users/dinukaperera/FLwithFlwr/flowertry/cleint.py", line 196, in fit
    return super().fit(parameters, config)
  File "/Users/dinukaperera/FLwithFlwr/flowertry/cleint.py", line 109, in fit
    c_i_new = train_scaffold(
TypeError: train_scaffold() missing 1 required positional argument: 'net'
[2026-01-11 00:55:23,087][flwr][ERROR] - [36mray::launch_and_fit()[39m (pid=80980, ip=127.0.0.1)
  File "/Users/dinukaperera/opt/anaconda3/envs/flower_tutorial/lib/python3.10/site-packages/flwr/simulation/ray_transport/ray_client_proxy.py", line 148, in launch_and_fit
    return maybe_call_fit(
  File "/Users/dinukaperera/opt/anaconda3/envs/flower_tutorial/lib/python3.10/site-packages/flwr/client/client.py", line 184, in maybe_call_fit
    return client.fit(fit_ins)
  File "/Users/dinukaperera/opt/anaconda3/envs/flower_tutorial/lib/python3.10/site-packages/flwr/client/app.py", line 297, in _fit
    results = self.numpy_client.fit(parameters, ins.config)  # type: ignore
  File "/Users/dinukaperera/FLwithFlwr/flowertry/cleint.py", line 196, in fit
    return super().fit(parameters, config)
  File "/Users/dinukaperera/FLwithFlwr/flowertry/cleint.py", line 109, in fit
    c_i_new = train_scaffold(
TypeError: train_scaffold() missing 1 required positional argument: 'net'
[2026-01-11 00:55:23,088][flwr][ERROR] - [36mray::launch_and_fit()[39m (pid=80981, ip=127.0.0.1)
  File "/Users/dinukaperera/opt/anaconda3/envs/flower_tutorial/lib/python3.10/site-packages/flwr/simulation/ray_transport/ray_client_proxy.py", line 148, in launch_and_fit
    return maybe_call_fit(
  File "/Users/dinukaperera/opt/anaconda3/envs/flower_tutorial/lib/python3.10/site-packages/flwr/client/client.py", line 184, in maybe_call_fit
    return client.fit(fit_ins)
  File "/Users/dinukaperera/opt/anaconda3/envs/flower_tutorial/lib/python3.10/site-packages/flwr/client/app.py", line 297, in _fit
    results = self.numpy_client.fit(parameters, ins.config)  # type: ignore
  File "/Users/dinukaperera/FLwithFlwr/flowertry/cleint.py", line 196, in fit
    return super().fit(parameters, config)
  File "/Users/dinukaperera/FLwithFlwr/flowertry/cleint.py", line 109, in fit
    c_i_new = train_scaffold(
TypeError: train_scaffold() missing 1 required positional argument: 'net'
[2026-01-11 00:55:23,090][flwr][ERROR] - [36mray::launch_and_fit()[39m (pid=80983, ip=127.0.0.1)
  File "/Users/dinukaperera/opt/anaconda3/envs/flower_tutorial/lib/python3.10/site-packages/flwr/simulation/ray_transport/ray_client_proxy.py", line 148, in launch_and_fit
    return maybe_call_fit(
  File "/Users/dinukaperera/opt/anaconda3/envs/flower_tutorial/lib/python3.10/site-packages/flwr/client/client.py", line 184, in maybe_call_fit
    return client.fit(fit_ins)
  File "/Users/dinukaperera/opt/anaconda3/envs/flower_tutorial/lib/python3.10/site-packages/flwr/client/app.py", line 297, in _fit
    results = self.numpy_client.fit(parameters, ins.config)  # type: ignore
  File "/Users/dinukaperera/FLwithFlwr/flowertry/cleint.py", line 196, in fit
    return super().fit(parameters, config)
  File "/Users/dinukaperera/FLwithFlwr/flowertry/cleint.py", line 109, in fit
    c_i_new = train_scaffold(
TypeError: train_scaffold() missing 1 required positional argument: 'net'
[2026-01-11 00:55:23,091][flwr][ERROR] - [36mray::launch_and_fit()[39m (pid=80985, ip=127.0.0.1)
  File "/Users/dinukaperera/opt/anaconda3/envs/flower_tutorial/lib/python3.10/site-packages/flwr/simulation/ray_transport/ray_client_proxy.py", line 148, in launch_and_fit
    return maybe_call_fit(
  File "/Users/dinukaperera/opt/anaconda3/envs/flower_tutorial/lib/python3.10/site-packages/flwr/client/client.py", line 184, in maybe_call_fit
    return client.fit(fit_ins)
  File "/Users/dinukaperera/opt/anaconda3/envs/flower_tutorial/lib/python3.10/site-packages/flwr/client/app.py", line 297, in _fit
    results = self.numpy_client.fit(parameters, ins.config)  # type: ignore
  File "/Users/dinukaperera/FLwithFlwr/flowertry/cleint.py", line 196, in fit
    return super().fit(parameters, config)
  File "/Users/dinukaperera/FLwithFlwr/flowertry/cleint.py", line 109, in fit
    c_i_new = train_scaffold(
TypeError: train_scaffold() missing 1 required positional argument: 'net'
[2026-01-11 00:55:23,092][flwr][ERROR] - [36mray::launch_and_fit()[39m (pid=80979, ip=127.0.0.1)
  File "/Users/dinukaperera/opt/anaconda3/envs/flower_tutorial/lib/python3.10/site-packages/flwr/simulation/ray_transport/ray_client_proxy.py", line 148, in launch_and_fit
    return maybe_call_fit(
  File "/Users/dinukaperera/opt/anaconda3/envs/flower_tutorial/lib/python3.10/site-packages/flwr/client/client.py", line 184, in maybe_call_fit
    return client.fit(fit_ins)
  File "/Users/dinukaperera/opt/anaconda3/envs/flower_tutorial/lib/python3.10/site-packages/flwr/client/app.py", line 297, in _fit
    results = self.numpy_client.fit(parameters, ins.config)  # type: ignore
  File "/Users/dinukaperera/FLwithFlwr/flowertry/cleint.py", line 196, in fit
    return super().fit(parameters, config)
  File "/Users/dinukaperera/FLwithFlwr/flowertry/cleint.py", line 109, in fit
    c_i_new = train_scaffold(
TypeError: train_scaffold() missing 1 required positional argument: 'net'
[2026-01-11 00:55:23,092][flwr][ERROR] - [36mray::launch_and_fit()[39m (pid=80982, ip=127.0.0.1)
  File "/Users/dinukaperera/opt/anaconda3/envs/flower_tutorial/lib/python3.10/site-packages/flwr/simulation/ray_transport/ray_client_proxy.py", line 148, in launch_and_fit
    return maybe_call_fit(
  File "/Users/dinukaperera/opt/anaconda3/envs/flower_tutorial/lib/python3.10/site-packages/flwr/client/client.py", line 184, in maybe_call_fit
    return client.fit(fit_ins)
  File "/Users/dinukaperera/opt/anaconda3/envs/flower_tutorial/lib/python3.10/site-packages/flwr/client/app.py", line 297, in _fit
    results = self.numpy_client.fit(parameters, ins.config)  # type: ignore
  File "/Users/dinukaperera/FLwithFlwr/flowertry/cleint.py", line 196, in fit
    return super().fit(parameters, config)
  File "/Users/dinukaperera/FLwithFlwr/flowertry/cleint.py", line 109, in fit
    c_i_new = train_scaffold(
TypeError: train_scaffold() missing 1 required positional argument: 'net'
[2026-01-11 00:55:23,093][flwr][ERROR] - [36mray::launch_and_fit()[39m (pid=80986, ip=127.0.0.1)
  File "/Users/dinukaperera/opt/anaconda3/envs/flower_tutorial/lib/python3.10/site-packages/flwr/simulation/ray_transport/ray_client_proxy.py", line 148, in launch_and_fit
    return maybe_call_fit(
  File "/Users/dinukaperera/opt/anaconda3/envs/flower_tutorial/lib/python3.10/site-packages/flwr/client/client.py", line 184, in maybe_call_fit
    return client.fit(fit_ins)
  File "/Users/dinukaperera/opt/anaconda3/envs/flower_tutorial/lib/python3.10/site-packages/flwr/client/app.py", line 297, in _fit
    results = self.numpy_client.fit(parameters, ins.config)  # type: ignore
  File "/Users/dinukaperera/FLwithFlwr/flowertry/cleint.py", line 196, in fit
    return super().fit(parameters, config)
  File "/Users/dinukaperera/FLwithFlwr/flowertry/cleint.py", line 109, in fit
    c_i_new = train_scaffold(
TypeError: train_scaffold() missing 1 required positional argument: 'net'
[2026-01-11 00:55:23,093][flwr][ERROR] - [36mray::launch_and_fit()[39m (pid=80987, ip=127.0.0.1)
  File "/Users/dinukaperera/opt/anaconda3/envs/flower_tutorial/lib/python3.10/site-packages/flwr/simulation/ray_transport/ray_client_proxy.py", line 148, in launch_and_fit
    return maybe_call_fit(
  File "/Users/dinukaperera/opt/anaconda3/envs/flower_tutorial/lib/python3.10/site-packages/flwr/client/client.py", line 184, in maybe_call_fit
    return client.fit(fit_ins)
  File "/Users/dinukaperera/opt/anaconda3/envs/flower_tutorial/lib/python3.10/site-packages/flwr/client/app.py", line 297, in _fit
    results = self.numpy_client.fit(parameters, ins.config)  # type: ignore
  File "/Users/dinukaperera/FLwithFlwr/flowertry/cleint.py", line 196, in fit
    return super().fit(parameters, config)
  File "/Users/dinukaperera/FLwithFlwr/flowertry/cleint.py", line 109, in fit
    c_i_new = train_scaffold(
TypeError: train_scaffold() missing 1 required positional argument: 'net'
[2026-01-11 00:55:23,095][flwr][DEBUG] - fit_round 2 received 0 results and 10 failures
[2026-01-11 00:55:23,116][flwr][INFO] - fit progress: (2, 72.24541532993317, {'accuracy': 0.286}, 3.8495705829991493)
[2026-01-11 00:55:23,116][flwr][INFO] - evaluate_round 2: no clients selected, cancel
[2026-01-11 00:55:23,117][flwr][DEBUG] - fit_round 3: strategy sampled 10 clients (out of 100)
[2026-01-11 00:55:23,203][flwr][ERROR] - [36mray::launch_and_fit()[39m (pid=80986, ip=127.0.0.1)
  File "/Users/dinukaperera/opt/anaconda3/envs/flower_tutorial/lib/python3.10/site-packages/flwr/simulation/ray_transport/ray_client_proxy.py", line 148, in launch_and_fit
    return maybe_call_fit(
  File "/Users/dinukaperera/opt/anaconda3/envs/flower_tutorial/lib/python3.10/site-packages/flwr/client/client.py", line 184, in maybe_call_fit
    return client.fit(fit_ins)
  File "/Users/dinukaperera/opt/anaconda3/envs/flower_tutorial/lib/python3.10/site-packages/flwr/client/app.py", line 297, in _fit
    results = self.numpy_client.fit(parameters, ins.config)  # type: ignore
  File "/Users/dinukaperera/FLwithFlwr/flowertry/cleint.py", line 196, in fit
    return super().fit(parameters, config)
  File "/Users/dinukaperera/FLwithFlwr/flowertry/cleint.py", line 109, in fit
    c_i_new = train_scaffold(
TypeError: train_scaffold() missing 1 required positional argument: 'net'
[2026-01-11 00:55:23,204][flwr][ERROR] - [36mray::launch_and_fit()[39m (pid=80987, ip=127.0.0.1)
  File "/Users/dinukaperera/opt/anaconda3/envs/flower_tutorial/lib/python3.10/site-packages/flwr/simulation/ray_transport/ray_client_proxy.py", line 148, in launch_and_fit
    return maybe_call_fit(
  File "/Users/dinukaperera/opt/anaconda3/envs/flower_tutorial/lib/python3.10/site-packages/flwr/client/client.py", line 184, in maybe_call_fit
    return client.fit(fit_ins)
  File "/Users/dinukaperera/opt/anaconda3/envs/flower_tutorial/lib/python3.10/site-packages/flwr/client/app.py", line 297, in _fit
    results = self.numpy_client.fit(parameters, ins.config)  # type: ignore
  File "/Users/dinukaperera/FLwithFlwr/flowertry/cleint.py", line 196, in fit
    return super().fit(parameters, config)
  File "/Users/dinukaperera/FLwithFlwr/flowertry/cleint.py", line 109, in fit
    c_i_new = train_scaffold(
TypeError: train_scaffold() missing 1 required positional argument: 'net'
[2026-01-11 00:55:23,208][flwr][ERROR] - [36mray::launch_and_fit()[39m (pid=80979, ip=127.0.0.1)
  File "/Users/dinukaperera/opt/anaconda3/envs/flower_tutorial/lib/python3.10/site-packages/flwr/simulation/ray_transport/ray_client_proxy.py", line 148, in launch_and_fit
    return maybe_call_fit(
  File "/Users/dinukaperera/opt/anaconda3/envs/flower_tutorial/lib/python3.10/site-packages/flwr/client/client.py", line 184, in maybe_call_fit
    return client.fit(fit_ins)
  File "/Users/dinukaperera/opt/anaconda3/envs/flower_tutorial/lib/python3.10/site-packages/flwr/client/app.py", line 297, in _fit
    results = self.numpy_client.fit(parameters, ins.config)  # type: ignore
  File "/Users/dinukaperera/FLwithFlwr/flowertry/cleint.py", line 196, in fit
    return super().fit(parameters, config)
  File "/Users/dinukaperera/FLwithFlwr/flowertry/cleint.py", line 109, in fit
    c_i_new = train_scaffold(
TypeError: train_scaffold() missing 1 required positional argument: 'net'
[2026-01-11 00:55:23,208][flwr][ERROR] - [36mray::launch_and_fit()[39m (pid=80982, ip=127.0.0.1)
  File "/Users/dinukaperera/opt/anaconda3/envs/flower_tutorial/lib/python3.10/site-packages/flwr/simulation/ray_transport/ray_client_proxy.py", line 148, in launch_and_fit
    return maybe_call_fit(
  File "/Users/dinukaperera/opt/anaconda3/envs/flower_tutorial/lib/python3.10/site-packages/flwr/client/client.py", line 184, in maybe_call_fit
    return client.fit(fit_ins)
  File "/Users/dinukaperera/opt/anaconda3/envs/flower_tutorial/lib/python3.10/site-packages/flwr/client/app.py", line 297, in _fit
    results = self.numpy_client.fit(parameters, ins.config)  # type: ignore
  File "/Users/dinukaperera/FLwithFlwr/flowertry/cleint.py", line 196, in fit
    return super().fit(parameters, config)
  File "/Users/dinukaperera/FLwithFlwr/flowertry/cleint.py", line 109, in fit
    c_i_new = train_scaffold(
TypeError: train_scaffold() missing 1 required positional argument: 'net'
[2026-01-11 00:55:23,210][flwr][ERROR] - [36mray::launch_and_fit()[39m (pid=80983, ip=127.0.0.1)
  File "/Users/dinukaperera/opt/anaconda3/envs/flower_tutorial/lib/python3.10/site-packages/flwr/simulation/ray_transport/ray_client_proxy.py", line 148, in launch_and_fit
    return maybe_call_fit(
  File "/Users/dinukaperera/opt/anaconda3/envs/flower_tutorial/lib/python3.10/site-packages/flwr/client/client.py", line 184, in maybe_call_fit
    return client.fit(fit_ins)
  File "/Users/dinukaperera/opt/anaconda3/envs/flower_tutorial/lib/python3.10/site-packages/flwr/client/app.py", line 297, in _fit
    results = self.numpy_client.fit(parameters, ins.config)  # type: ignore
  File "/Users/dinukaperera/FLwithFlwr/flowertry/cleint.py", line 196, in fit
    return super().fit(parameters, config)
  File "/Users/dinukaperera/FLwithFlwr/flowertry/cleint.py", line 109, in fit
    c_i_new = train_scaffold(
TypeError: train_scaffold() missing 1 required positional argument: 'net'
[2026-01-11 00:55:23,211][flwr][ERROR] - [36mray::launch_and_fit()[39m (pid=80985, ip=127.0.0.1)
  File "/Users/dinukaperera/opt/anaconda3/envs/flower_tutorial/lib/python3.10/site-packages/flwr/simulation/ray_transport/ray_client_proxy.py", line 148, in launch_and_fit
    return maybe_call_fit(
  File "/Users/dinukaperera/opt/anaconda3/envs/flower_tutorial/lib/python3.10/site-packages/flwr/client/client.py", line 184, in maybe_call_fit
    return client.fit(fit_ins)
  File "/Users/dinukaperera/opt/anaconda3/envs/flower_tutorial/lib/python3.10/site-packages/flwr/client/app.py", line 297, in _fit
    results = self.numpy_client.fit(parameters, ins.config)  # type: ignore
  File "/Users/dinukaperera/FLwithFlwr/flowertry/cleint.py", line 196, in fit
    return super().fit(parameters, config)
  File "/Users/dinukaperera/FLwithFlwr/flowertry/cleint.py", line 109, in fit
    c_i_new = train_scaffold(
TypeError: train_scaffold() missing 1 required positional argument: 'net'
[2026-01-11 00:55:23,212][flwr][ERROR] - [36mray::launch_and_fit()[39m (pid=80981, ip=127.0.0.1)
  File "/Users/dinukaperera/opt/anaconda3/envs/flower_tutorial/lib/python3.10/site-packages/flwr/simulation/ray_transport/ray_client_proxy.py", line 148, in launch_and_fit
    return maybe_call_fit(
  File "/Users/dinukaperera/opt/anaconda3/envs/flower_tutorial/lib/python3.10/site-packages/flwr/client/client.py", line 184, in maybe_call_fit
    return client.fit(fit_ins)
  File "/Users/dinukaperera/opt/anaconda3/envs/flower_tutorial/lib/python3.10/site-packages/flwr/client/app.py", line 297, in _fit
    results = self.numpy_client.fit(parameters, ins.config)  # type: ignore
  File "/Users/dinukaperera/FLwithFlwr/flowertry/cleint.py", line 196, in fit
    return super().fit(parameters, config)
  File "/Users/dinukaperera/FLwithFlwr/flowertry/cleint.py", line 109, in fit
    c_i_new = train_scaffold(
TypeError: train_scaffold() missing 1 required positional argument: 'net'
[2026-01-11 00:55:23,213][flwr][ERROR] - [36mray::launch_and_fit()[39m (pid=80980, ip=127.0.0.1)
  File "/Users/dinukaperera/opt/anaconda3/envs/flower_tutorial/lib/python3.10/site-packages/flwr/simulation/ray_transport/ray_client_proxy.py", line 148, in launch_and_fit
    return maybe_call_fit(
  File "/Users/dinukaperera/opt/anaconda3/envs/flower_tutorial/lib/python3.10/site-packages/flwr/client/client.py", line 184, in maybe_call_fit
    return client.fit(fit_ins)
  File "/Users/dinukaperera/opt/anaconda3/envs/flower_tutorial/lib/python3.10/site-packages/flwr/client/app.py", line 297, in _fit
    results = self.numpy_client.fit(parameters, ins.config)  # type: ignore
  File "/Users/dinukaperera/FLwithFlwr/flowertry/cleint.py", line 196, in fit
    return super().fit(parameters, config)
  File "/Users/dinukaperera/FLwithFlwr/flowertry/cleint.py", line 109, in fit
    c_i_new = train_scaffold(
TypeError: train_scaffold() missing 1 required positional argument: 'net'
[2026-01-11 00:55:23,213][flwr][ERROR] - [36mray::launch_and_fit()[39m (pid=80988, ip=127.0.0.1)
  File "/Users/dinukaperera/opt/anaconda3/envs/flower_tutorial/lib/python3.10/site-packages/flwr/simulation/ray_transport/ray_client_proxy.py", line 148, in launch_and_fit
    return maybe_call_fit(
  File "/Users/dinukaperera/opt/anaconda3/envs/flower_tutorial/lib/python3.10/site-packages/flwr/client/client.py", line 184, in maybe_call_fit
    return client.fit(fit_ins)
  File "/Users/dinukaperera/opt/anaconda3/envs/flower_tutorial/lib/python3.10/site-packages/flwr/client/app.py", line 297, in _fit
    results = self.numpy_client.fit(parameters, ins.config)  # type: ignore
  File "/Users/dinukaperera/FLwithFlwr/flowertry/cleint.py", line 196, in fit
    return super().fit(parameters, config)
  File "/Users/dinukaperera/FLwithFlwr/flowertry/cleint.py", line 109, in fit
    c_i_new = train_scaffold(
TypeError: train_scaffold() missing 1 required positional argument: 'net'
[2026-01-11 00:55:23,215][flwr][ERROR] - [36mray::launch_and_fit()[39m (pid=80984, ip=127.0.0.1)
  File "/Users/dinukaperera/opt/anaconda3/envs/flower_tutorial/lib/python3.10/site-packages/flwr/simulation/ray_transport/ray_client_proxy.py", line 148, in launch_and_fit
    return maybe_call_fit(
  File "/Users/dinukaperera/opt/anaconda3/envs/flower_tutorial/lib/python3.10/site-packages/flwr/client/client.py", line 184, in maybe_call_fit
    return client.fit(fit_ins)
  File "/Users/dinukaperera/opt/anaconda3/envs/flower_tutorial/lib/python3.10/site-packages/flwr/client/app.py", line 297, in _fit
    results = self.numpy_client.fit(parameters, ins.config)  # type: ignore
  File "/Users/dinukaperera/FLwithFlwr/flowertry/cleint.py", line 196, in fit
    return super().fit(parameters, config)
  File "/Users/dinukaperera/FLwithFlwr/flowertry/cleint.py", line 109, in fit
    c_i_new = train_scaffold(
TypeError: train_scaffold() missing 1 required positional argument: 'net'
[2026-01-11 00:55:23,215][flwr][DEBUG] - fit_round 3 received 0 results and 10 failures
[2026-01-11 00:55:23,238][flwr][INFO] - fit progress: (3, 72.24541532993317, {'accuracy': 0.286}, 3.9711690830008592)
[2026-01-11 00:55:23,238][flwr][INFO] - evaluate_round 3: no clients selected, cancel
[2026-01-11 00:55:23,239][flwr][DEBUG] - fit_round 4: strategy sampled 10 clients (out of 100)
[2026-01-11 00:55:23,338][flwr][ERROR] - [36mray::launch_and_fit()[39m (pid=80988, ip=127.0.0.1)
  File "/Users/dinukaperera/opt/anaconda3/envs/flower_tutorial/lib/python3.10/site-packages/flwr/simulation/ray_transport/ray_client_proxy.py", line 148, in launch_and_fit
    return maybe_call_fit(
  File "/Users/dinukaperera/opt/anaconda3/envs/flower_tutorial/lib/python3.10/site-packages/flwr/client/client.py", line 184, in maybe_call_fit
    return client.fit(fit_ins)
  File "/Users/dinukaperera/opt/anaconda3/envs/flower_tutorial/lib/python3.10/site-packages/flwr/client/app.py", line 297, in _fit
    results = self.numpy_client.fit(parameters, ins.config)  # type: ignore
  File "/Users/dinukaperera/FLwithFlwr/flowertry/cleint.py", line 196, in fit
    return super().fit(parameters, config)
  File "/Users/dinukaperera/FLwithFlwr/flowertry/cleint.py", line 109, in fit
    c_i_new = train_scaffold(
TypeError: train_scaffold() missing 1 required positional argument: 'net'
[2026-01-11 00:55:23,342][flwr][ERROR] - [36mray::launch_and_fit()[39m (pid=80984, ip=127.0.0.1)
  File "/Users/dinukaperera/opt/anaconda3/envs/flower_tutorial/lib/python3.10/site-packages/flwr/simulation/ray_transport/ray_client_proxy.py", line 148, in launch_and_fit
    return maybe_call_fit(
  File "/Users/dinukaperera/opt/anaconda3/envs/flower_tutorial/lib/python3.10/site-packages/flwr/client/client.py", line 184, in maybe_call_fit
    return client.fit(fit_ins)
  File "/Users/dinukaperera/opt/anaconda3/envs/flower_tutorial/lib/python3.10/site-packages/flwr/client/app.py", line 297, in _fit
    results = self.numpy_client.fit(parameters, ins.config)  # type: ignore
  File "/Users/dinukaperera/FLwithFlwr/flowertry/cleint.py", line 196, in fit
    return super().fit(parameters, config)
  File "/Users/dinukaperera/FLwithFlwr/flowertry/cleint.py", line 109, in fit
    c_i_new = train_scaffold(
TypeError: train_scaffold() missing 1 required positional argument: 'net'
[2026-01-11 00:55:23,343][flwr][ERROR] - [36mray::launch_and_fit()[39m (pid=80980, ip=127.0.0.1)
  File "/Users/dinukaperera/opt/anaconda3/envs/flower_tutorial/lib/python3.10/site-packages/flwr/simulation/ray_transport/ray_client_proxy.py", line 148, in launch_and_fit
    return maybe_call_fit(
  File "/Users/dinukaperera/opt/anaconda3/envs/flower_tutorial/lib/python3.10/site-packages/flwr/client/client.py", line 184, in maybe_call_fit
    return client.fit(fit_ins)
  File "/Users/dinukaperera/opt/anaconda3/envs/flower_tutorial/lib/python3.10/site-packages/flwr/client/app.py", line 297, in _fit
    results = self.numpy_client.fit(parameters, ins.config)  # type: ignore
  File "/Users/dinukaperera/FLwithFlwr/flowertry/cleint.py", line 196, in fit
    return super().fit(parameters, config)
  File "/Users/dinukaperera/FLwithFlwr/flowertry/cleint.py", line 109, in fit
    c_i_new = train_scaffold(
TypeError: train_scaffold() missing 1 required positional argument: 'net'
[2026-01-11 00:55:23,344][flwr][ERROR] - [36mray::launch_and_fit()[39m (pid=80983, ip=127.0.0.1)
  File "/Users/dinukaperera/opt/anaconda3/envs/flower_tutorial/lib/python3.10/site-packages/flwr/simulation/ray_transport/ray_client_proxy.py", line 148, in launch_and_fit
    return maybe_call_fit(
  File "/Users/dinukaperera/opt/anaconda3/envs/flower_tutorial/lib/python3.10/site-packages/flwr/client/client.py", line 184, in maybe_call_fit
    return client.fit(fit_ins)
  File "/Users/dinukaperera/opt/anaconda3/envs/flower_tutorial/lib/python3.10/site-packages/flwr/client/app.py", line 297, in _fit
    results = self.numpy_client.fit(parameters, ins.config)  # type: ignore
  File "/Users/dinukaperera/FLwithFlwr/flowertry/cleint.py", line 196, in fit
    return super().fit(parameters, config)
  File "/Users/dinukaperera/FLwithFlwr/flowertry/cleint.py", line 109, in fit
    c_i_new = train_scaffold(
TypeError: train_scaffold() missing 1 required positional argument: 'net'
[2026-01-11 00:55:23,344][flwr][ERROR] - [36mray::launch_and_fit()[39m (pid=80985, ip=127.0.0.1)
  File "/Users/dinukaperera/opt/anaconda3/envs/flower_tutorial/lib/python3.10/site-packages/flwr/simulation/ray_transport/ray_client_proxy.py", line 148, in launch_and_fit
    return maybe_call_fit(
  File "/Users/dinukaperera/opt/anaconda3/envs/flower_tutorial/lib/python3.10/site-packages/flwr/client/client.py", line 184, in maybe_call_fit
    return client.fit(fit_ins)
  File "/Users/dinukaperera/opt/anaconda3/envs/flower_tutorial/lib/python3.10/site-packages/flwr/client/app.py", line 297, in _fit
    results = self.numpy_client.fit(parameters, ins.config)  # type: ignore
  File "/Users/dinukaperera/FLwithFlwr/flowertry/cleint.py", line 196, in fit
    return super().fit(parameters, config)
  File "/Users/dinukaperera/FLwithFlwr/flowertry/cleint.py", line 109, in fit
    c_i_new = train_scaffold(
TypeError: train_scaffold() missing 1 required positional argument: 'net'
[2026-01-11 00:55:23,345][flwr][ERROR] - [36mray::launch_and_fit()[39m (pid=80981, ip=127.0.0.1)
  File "/Users/dinukaperera/opt/anaconda3/envs/flower_tutorial/lib/python3.10/site-packages/flwr/simulation/ray_transport/ray_client_proxy.py", line 148, in launch_and_fit
    return maybe_call_fit(
  File "/Users/dinukaperera/opt/anaconda3/envs/flower_tutorial/lib/python3.10/site-packages/flwr/client/client.py", line 184, in maybe_call_fit
    return client.fit(fit_ins)
  File "/Users/dinukaperera/opt/anaconda3/envs/flower_tutorial/lib/python3.10/site-packages/flwr/client/app.py", line 297, in _fit
    results = self.numpy_client.fit(parameters, ins.config)  # type: ignore
  File "/Users/dinukaperera/FLwithFlwr/flowertry/cleint.py", line 196, in fit
    return super().fit(parameters, config)
  File "/Users/dinukaperera/FLwithFlwr/flowertry/cleint.py", line 109, in fit
    c_i_new = train_scaffold(
TypeError: train_scaffold() missing 1 required positional argument: 'net'
[2026-01-11 00:55:23,346][flwr][ERROR] - [36mray::launch_and_fit()[39m (pid=80986, ip=127.0.0.1)
  File "/Users/dinukaperera/opt/anaconda3/envs/flower_tutorial/lib/python3.10/site-packages/flwr/simulation/ray_transport/ray_client_proxy.py", line 148, in launch_and_fit
    return maybe_call_fit(
  File "/Users/dinukaperera/opt/anaconda3/envs/flower_tutorial/lib/python3.10/site-packages/flwr/client/client.py", line 184, in maybe_call_fit
    return client.fit(fit_ins)
  File "/Users/dinukaperera/opt/anaconda3/envs/flower_tutorial/lib/python3.10/site-packages/flwr/client/app.py", line 297, in _fit
    results = self.numpy_client.fit(parameters, ins.config)  # type: ignore
  File "/Users/dinukaperera/FLwithFlwr/flowertry/cleint.py", line 196, in fit
    return super().fit(parameters, config)
  File "/Users/dinukaperera/FLwithFlwr/flowertry/cleint.py", line 109, in fit
    c_i_new = train_scaffold(
TypeError: train_scaffold() missing 1 required positional argument: 'net'
[2026-01-11 00:55:23,349][flwr][ERROR] - [36mray::launch_and_fit()[39m (pid=80987, ip=127.0.0.1)
  File "/Users/dinukaperera/opt/anaconda3/envs/flower_tutorial/lib/python3.10/site-packages/flwr/simulation/ray_transport/ray_client_proxy.py", line 148, in launch_and_fit
    return maybe_call_fit(
  File "/Users/dinukaperera/opt/anaconda3/envs/flower_tutorial/lib/python3.10/site-packages/flwr/client/client.py", line 184, in maybe_call_fit
    return client.fit(fit_ins)
  File "/Users/dinukaperera/opt/anaconda3/envs/flower_tutorial/lib/python3.10/site-packages/flwr/client/app.py", line 297, in _fit
    results = self.numpy_client.fit(parameters, ins.config)  # type: ignore
  File "/Users/dinukaperera/FLwithFlwr/flowertry/cleint.py", line 196, in fit
    return super().fit(parameters, config)
  File "/Users/dinukaperera/FLwithFlwr/flowertry/cleint.py", line 109, in fit
    c_i_new = train_scaffold(
TypeError: train_scaffold() missing 1 required positional argument: 'net'
[2026-01-11 00:55:23,350][flwr][ERROR] - [36mray::launch_and_fit()[39m (pid=80982, ip=127.0.0.1)
  File "/Users/dinukaperera/opt/anaconda3/envs/flower_tutorial/lib/python3.10/site-packages/flwr/simulation/ray_transport/ray_client_proxy.py", line 148, in launch_and_fit
    return maybe_call_fit(
  File "/Users/dinukaperera/opt/anaconda3/envs/flower_tutorial/lib/python3.10/site-packages/flwr/client/client.py", line 184, in maybe_call_fit
    return client.fit(fit_ins)
  File "/Users/dinukaperera/opt/anaconda3/envs/flower_tutorial/lib/python3.10/site-packages/flwr/client/app.py", line 297, in _fit
    results = self.numpy_client.fit(parameters, ins.config)  # type: ignore
  File "/Users/dinukaperera/FLwithFlwr/flowertry/cleint.py", line 196, in fit
    return super().fit(parameters, config)
  File "/Users/dinukaperera/FLwithFlwr/flowertry/cleint.py", line 109, in fit
    c_i_new = train_scaffold(
TypeError: train_scaffold() missing 1 required positional argument: 'net'
[2026-01-11 00:55:23,352][flwr][ERROR] - [36mray::launch_and_fit()[39m (pid=80979, ip=127.0.0.1)
  File "/Users/dinukaperera/opt/anaconda3/envs/flower_tutorial/lib/python3.10/site-packages/flwr/simulation/ray_transport/ray_client_proxy.py", line 148, in launch_and_fit
    return maybe_call_fit(
  File "/Users/dinukaperera/opt/anaconda3/envs/flower_tutorial/lib/python3.10/site-packages/flwr/client/client.py", line 184, in maybe_call_fit
    return client.fit(fit_ins)
  File "/Users/dinukaperera/opt/anaconda3/envs/flower_tutorial/lib/python3.10/site-packages/flwr/client/app.py", line 297, in _fit
    results = self.numpy_client.fit(parameters, ins.config)  # type: ignore
  File "/Users/dinukaperera/FLwithFlwr/flowertry/cleint.py", line 196, in fit
    return super().fit(parameters, config)
  File "/Users/dinukaperera/FLwithFlwr/flowertry/cleint.py", line 109, in fit
    c_i_new = train_scaffold(
TypeError: train_scaffold() missing 1 required positional argument: 'net'
[2026-01-11 00:55:23,352][flwr][DEBUG] - fit_round 4 received 0 results and 10 failures
[2026-01-11 00:55:23,379][flwr][INFO] - fit progress: (4, 72.24541532993317, {'accuracy': 0.286}, 4.112127542000962)
[2026-01-11 00:55:23,379][flwr][INFO] - evaluate_round 4: no clients selected, cancel
[2026-01-11 00:55:23,380][flwr][DEBUG] - fit_round 5: strategy sampled 10 clients (out of 100)
[2026-01-11 00:55:23,465][flwr][ERROR] - [36mray::launch_and_fit()[39m (pid=80979, ip=127.0.0.1)
  File "/Users/dinukaperera/opt/anaconda3/envs/flower_tutorial/lib/python3.10/site-packages/flwr/simulation/ray_transport/ray_client_proxy.py", line 148, in launch_and_fit
    return maybe_call_fit(
  File "/Users/dinukaperera/opt/anaconda3/envs/flower_tutorial/lib/python3.10/site-packages/flwr/client/client.py", line 184, in maybe_call_fit
    return client.fit(fit_ins)
  File "/Users/dinukaperera/opt/anaconda3/envs/flower_tutorial/lib/python3.10/site-packages/flwr/client/app.py", line 297, in _fit
    results = self.numpy_client.fit(parameters, ins.config)  # type: ignore
  File "/Users/dinukaperera/FLwithFlwr/flowertry/cleint.py", line 196, in fit
    return super().fit(parameters, config)
  File "/Users/dinukaperera/FLwithFlwr/flowertry/cleint.py", line 109, in fit
    c_i_new = train_scaffold(
TypeError: train_scaffold() missing 1 required positional argument: 'net'
[2026-01-11 00:55:23,465][flwr][ERROR] - [36mray::launch_and_fit()[39m (pid=80982, ip=127.0.0.1)
  File "/Users/dinukaperera/opt/anaconda3/envs/flower_tutorial/lib/python3.10/site-packages/flwr/simulation/ray_transport/ray_client_proxy.py", line 148, in launch_and_fit
    return maybe_call_fit(
  File "/Users/dinukaperera/opt/anaconda3/envs/flower_tutorial/lib/python3.10/site-packages/flwr/client/client.py", line 184, in maybe_call_fit
    return client.fit(fit_ins)
  File "/Users/dinukaperera/opt/anaconda3/envs/flower_tutorial/lib/python3.10/site-packages/flwr/client/app.py", line 297, in _fit
    results = self.numpy_client.fit(parameters, ins.config)  # type: ignore
  File "/Users/dinukaperera/FLwithFlwr/flowertry/cleint.py", line 196, in fit
    return super().fit(parameters, config)
  File "/Users/dinukaperera/FLwithFlwr/flowertry/cleint.py", line 109, in fit
    c_i_new = train_scaffold(
TypeError: train_scaffold() missing 1 required positional argument: 'net'
[2026-01-11 00:55:23,469][flwr][ERROR] - [36mray::launch_and_fit()[39m (pid=80987, ip=127.0.0.1)
  File "/Users/dinukaperera/opt/anaconda3/envs/flower_tutorial/lib/python3.10/site-packages/flwr/simulation/ray_transport/ray_client_proxy.py", line 148, in launch_and_fit
    return maybe_call_fit(
  File "/Users/dinukaperera/opt/anaconda3/envs/flower_tutorial/lib/python3.10/site-packages/flwr/client/client.py", line 184, in maybe_call_fit
    return client.fit(fit_ins)
  File "/Users/dinukaperera/opt/anaconda3/envs/flower_tutorial/lib/python3.10/site-packages/flwr/client/app.py", line 297, in _fit
    results = self.numpy_client.fit(parameters, ins.config)  # type: ignore
  File "/Users/dinukaperera/FLwithFlwr/flowertry/cleint.py", line 196, in fit
    return super().fit(parameters, config)
  File "/Users/dinukaperera/FLwithFlwr/flowertry/cleint.py", line 109, in fit
    c_i_new = train_scaffold(
TypeError: train_scaffold() missing 1 required positional argument: 'net'
[2026-01-11 00:55:23,472][flwr][ERROR] - [36mray::launch_and_fit()[39m (pid=80981, ip=127.0.0.1)
  File "/Users/dinukaperera/opt/anaconda3/envs/flower_tutorial/lib/python3.10/site-packages/flwr/simulation/ray_transport/ray_client_proxy.py", line 148, in launch_and_fit
    return maybe_call_fit(
  File "/Users/dinukaperera/opt/anaconda3/envs/flower_tutorial/lib/python3.10/site-packages/flwr/client/client.py", line 184, in maybe_call_fit
    return client.fit(fit_ins)
  File "/Users/dinukaperera/opt/anaconda3/envs/flower_tutorial/lib/python3.10/site-packages/flwr/client/app.py", line 297, in _fit
    results = self.numpy_client.fit(parameters, ins.config)  # type: ignore
  File "/Users/dinukaperera/FLwithFlwr/flowertry/cleint.py", line 196, in fit
    return super().fit(parameters, config)
  File "/Users/dinukaperera/FLwithFlwr/flowertry/cleint.py", line 109, in fit
    c_i_new = train_scaffold(
TypeError: train_scaffold() missing 1 required positional argument: 'net'
[2026-01-11 00:55:23,473][flwr][ERROR] - [36mray::launch_and_fit()[39m (pid=80986, ip=127.0.0.1)
  File "/Users/dinukaperera/opt/anaconda3/envs/flower_tutorial/lib/python3.10/site-packages/flwr/simulation/ray_transport/ray_client_proxy.py", line 148, in launch_and_fit
    return maybe_call_fit(
  File "/Users/dinukaperera/opt/anaconda3/envs/flower_tutorial/lib/python3.10/site-packages/flwr/client/client.py", line 184, in maybe_call_fit
    return client.fit(fit_ins)
  File "/Users/dinukaperera/opt/anaconda3/envs/flower_tutorial/lib/python3.10/site-packages/flwr/client/app.py", line 297, in _fit
    results = self.numpy_client.fit(parameters, ins.config)  # type: ignore
  File "/Users/dinukaperera/FLwithFlwr/flowertry/cleint.py", line 196, in fit
    return super().fit(parameters, config)
  File "/Users/dinukaperera/FLwithFlwr/flowertry/cleint.py", line 109, in fit
    c_i_new = train_scaffold(
TypeError: train_scaffold() missing 1 required positional argument: 'net'
[2026-01-11 00:55:23,474][flwr][ERROR] - [36mray::launch_and_fit()[39m (pid=80983, ip=127.0.0.1)
  File "/Users/dinukaperera/opt/anaconda3/envs/flower_tutorial/lib/python3.10/site-packages/flwr/simulation/ray_transport/ray_client_proxy.py", line 148, in launch_and_fit
    return maybe_call_fit(
  File "/Users/dinukaperera/opt/anaconda3/envs/flower_tutorial/lib/python3.10/site-packages/flwr/client/client.py", line 184, in maybe_call_fit
    return client.fit(fit_ins)
  File "/Users/dinukaperera/opt/anaconda3/envs/flower_tutorial/lib/python3.10/site-packages/flwr/client/app.py", line 297, in _fit
    results = self.numpy_client.fit(parameters, ins.config)  # type: ignore
  File "/Users/dinukaperera/FLwithFlwr/flowertry/cleint.py", line 196, in fit
    return super().fit(parameters, config)
  File "/Users/dinukaperera/FLwithFlwr/flowertry/cleint.py", line 109, in fit
    c_i_new = train_scaffold(
TypeError: train_scaffold() missing 1 required positional argument: 'net'
[2026-01-11 00:55:23,476][flwr][ERROR] - [36mray::launch_and_fit()[39m (pid=80985, ip=127.0.0.1)
  File "/Users/dinukaperera/opt/anaconda3/envs/flower_tutorial/lib/python3.10/site-packages/flwr/simulation/ray_transport/ray_client_proxy.py", line 148, in launch_and_fit
    return maybe_call_fit(
  File "/Users/dinukaperera/opt/anaconda3/envs/flower_tutorial/lib/python3.10/site-packages/flwr/client/client.py", line 184, in maybe_call_fit
    return client.fit(fit_ins)
  File "/Users/dinukaperera/opt/anaconda3/envs/flower_tutorial/lib/python3.10/site-packages/flwr/client/app.py", line 297, in _fit
    results = self.numpy_client.fit(parameters, ins.config)  # type: ignore
  File "/Users/dinukaperera/FLwithFlwr/flowertry/cleint.py", line 196, in fit
    return super().fit(parameters, config)
  File "/Users/dinukaperera/FLwithFlwr/flowertry/cleint.py", line 109, in fit
    c_i_new = train_scaffold(
TypeError: train_scaffold() missing 1 required positional argument: 'net'
[2026-01-11 00:55:23,477][flwr][ERROR] - [36mray::launch_and_fit()[39m (pid=80984, ip=127.0.0.1)
  File "/Users/dinukaperera/opt/anaconda3/envs/flower_tutorial/lib/python3.10/site-packages/flwr/simulation/ray_transport/ray_client_proxy.py", line 148, in launch_and_fit
    return maybe_call_fit(
  File "/Users/dinukaperera/opt/anaconda3/envs/flower_tutorial/lib/python3.10/site-packages/flwr/client/client.py", line 184, in maybe_call_fit
    return client.fit(fit_ins)
  File "/Users/dinukaperera/opt/anaconda3/envs/flower_tutorial/lib/python3.10/site-packages/flwr/client/app.py", line 297, in _fit
    results = self.numpy_client.fit(parameters, ins.config)  # type: ignore
  File "/Users/dinukaperera/FLwithFlwr/flowertry/cleint.py", line 196, in fit
    return super().fit(parameters, config)
  File "/Users/dinukaperera/FLwithFlwr/flowertry/cleint.py", line 109, in fit
    c_i_new = train_scaffold(
TypeError: train_scaffold() missing 1 required positional argument: 'net'
[2026-01-11 00:55:23,478][flwr][ERROR] - [36mray::launch_and_fit()[39m (pid=80988, ip=127.0.0.1)
  File "/Users/dinukaperera/opt/anaconda3/envs/flower_tutorial/lib/python3.10/site-packages/flwr/simulation/ray_transport/ray_client_proxy.py", line 148, in launch_and_fit
    return maybe_call_fit(
  File "/Users/dinukaperera/opt/anaconda3/envs/flower_tutorial/lib/python3.10/site-packages/flwr/client/client.py", line 184, in maybe_call_fit
    return client.fit(fit_ins)
  File "/Users/dinukaperera/opt/anaconda3/envs/flower_tutorial/lib/python3.10/site-packages/flwr/client/app.py", line 297, in _fit
    results = self.numpy_client.fit(parameters, ins.config)  # type: ignore
  File "/Users/dinukaperera/FLwithFlwr/flowertry/cleint.py", line 196, in fit
    return super().fit(parameters, config)
  File "/Users/dinukaperera/FLwithFlwr/flowertry/cleint.py", line 109, in fit
    c_i_new = train_scaffold(
TypeError: train_scaffold() missing 1 required positional argument: 'net'
[2026-01-11 00:55:23,481][flwr][ERROR] - [36mray::launch_and_fit()[39m (pid=80980, ip=127.0.0.1)
  File "/Users/dinukaperera/opt/anaconda3/envs/flower_tutorial/lib/python3.10/site-packages/flwr/simulation/ray_transport/ray_client_proxy.py", line 148, in launch_and_fit
    return maybe_call_fit(
  File "/Users/dinukaperera/opt/anaconda3/envs/flower_tutorial/lib/python3.10/site-packages/flwr/client/client.py", line 184, in maybe_call_fit
    return client.fit(fit_ins)
  File "/Users/dinukaperera/opt/anaconda3/envs/flower_tutorial/lib/python3.10/site-packages/flwr/client/app.py", line 297, in _fit
    results = self.numpy_client.fit(parameters, ins.config)  # type: ignore
  File "/Users/dinukaperera/FLwithFlwr/flowertry/cleint.py", line 196, in fit
    return super().fit(parameters, config)
  File "/Users/dinukaperera/FLwithFlwr/flowertry/cleint.py", line 109, in fit
    c_i_new = train_scaffold(
TypeError: train_scaffold() missing 1 required positional argument: 'net'
[2026-01-11 00:55:23,481][flwr][DEBUG] - fit_round 5 received 0 results and 10 failures
[2026-01-11 00:55:23,504][flwr][INFO] - fit progress: (5, 72.24541532993317, {'accuracy': 0.286}, 4.236998042004416)
[2026-01-11 00:55:23,504][flwr][INFO] - evaluate_round 5: no clients selected, cancel
[2026-01-11 00:55:23,505][flwr][DEBUG] - fit_round 6: strategy sampled 10 clients (out of 100)
[2026-01-11 00:55:23,595][flwr][ERROR] - [36mray::launch_and_fit()[39m (pid=80980, ip=127.0.0.1)
  File "/Users/dinukaperera/opt/anaconda3/envs/flower_tutorial/lib/python3.10/site-packages/flwr/simulation/ray_transport/ray_client_proxy.py", line 148, in launch_and_fit
    return maybe_call_fit(
  File "/Users/dinukaperera/opt/anaconda3/envs/flower_tutorial/lib/python3.10/site-packages/flwr/client/client.py", line 184, in maybe_call_fit
    return client.fit(fit_ins)
  File "/Users/dinukaperera/opt/anaconda3/envs/flower_tutorial/lib/python3.10/site-packages/flwr/client/app.py", line 297, in _fit
    results = self.numpy_client.fit(parameters, ins.config)  # type: ignore
  File "/Users/dinukaperera/FLwithFlwr/flowertry/cleint.py", line 196, in fit
    return super().fit(parameters, config)
  File "/Users/dinukaperera/FLwithFlwr/flowertry/cleint.py", line 109, in fit
    c_i_new = train_scaffold(
TypeError: train_scaffold() missing 1 required positional argument: 'net'
[2026-01-11 00:55:23,597][flwr][ERROR] - [36mray::launch_and_fit()[39m (pid=80988, ip=127.0.0.1)
  File "/Users/dinukaperera/opt/anaconda3/envs/flower_tutorial/lib/python3.10/site-packages/flwr/simulation/ray_transport/ray_client_proxy.py", line 148, in launch_and_fit
    return maybe_call_fit(
  File "/Users/dinukaperera/opt/anaconda3/envs/flower_tutorial/lib/python3.10/site-packages/flwr/client/client.py", line 184, in maybe_call_fit
    return client.fit(fit_ins)
  File "/Users/dinukaperera/opt/anaconda3/envs/flower_tutorial/lib/python3.10/site-packages/flwr/client/app.py", line 297, in _fit
    results = self.numpy_client.fit(parameters, ins.config)  # type: ignore
  File "/Users/dinukaperera/FLwithFlwr/flowertry/cleint.py", line 196, in fit
    return super().fit(parameters, config)
  File "/Users/dinukaperera/FLwithFlwr/flowertry/cleint.py", line 109, in fit
    c_i_new = train_scaffold(
TypeError: train_scaffold() missing 1 required positional argument: 'net'
[2026-01-11 00:55:23,598][flwr][ERROR] - [36mray::launch_and_fit()[39m (pid=80984, ip=127.0.0.1)
  File "/Users/dinukaperera/opt/anaconda3/envs/flower_tutorial/lib/python3.10/site-packages/flwr/simulation/ray_transport/ray_client_proxy.py", line 148, in launch_and_fit
    return maybe_call_fit(
  File "/Users/dinukaperera/opt/anaconda3/envs/flower_tutorial/lib/python3.10/site-packages/flwr/client/client.py", line 184, in maybe_call_fit
    return client.fit(fit_ins)
  File "/Users/dinukaperera/opt/anaconda3/envs/flower_tutorial/lib/python3.10/site-packages/flwr/client/app.py", line 297, in _fit
    results = self.numpy_client.fit(parameters, ins.config)  # type: ignore
  File "/Users/dinukaperera/FLwithFlwr/flowertry/cleint.py", line 196, in fit
    return super().fit(parameters, config)
  File "/Users/dinukaperera/FLwithFlwr/flowertry/cleint.py", line 109, in fit
    c_i_new = train_scaffold(
TypeError: train_scaffold() missing 1 required positional argument: 'net'
[2026-01-11 00:55:23,601][flwr][ERROR] - [36mray::launch_and_fit()[39m (pid=80985, ip=127.0.0.1)
  File "/Users/dinukaperera/opt/anaconda3/envs/flower_tutorial/lib/python3.10/site-packages/flwr/simulation/ray_transport/ray_client_proxy.py", line 148, in launch_and_fit
    return maybe_call_fit(
  File "/Users/dinukaperera/opt/anaconda3/envs/flower_tutorial/lib/python3.10/site-packages/flwr/client/client.py", line 184, in maybe_call_fit
    return client.fit(fit_ins)
  File "/Users/dinukaperera/opt/anaconda3/envs/flower_tutorial/lib/python3.10/site-packages/flwr/client/app.py", line 297, in _fit
    results = self.numpy_client.fit(parameters, ins.config)  # type: ignore
  File "/Users/dinukaperera/FLwithFlwr/flowertry/cleint.py", line 196, in fit
    return super().fit(parameters, config)
  File "/Users/dinukaperera/FLwithFlwr/flowertry/cleint.py", line 109, in fit
    c_i_new = train_scaffold(
TypeError: train_scaffold() missing 1 required positional argument: 'net'
[2026-01-11 00:55:23,607][flwr][ERROR] - [36mray::launch_and_fit()[39m (pid=80986, ip=127.0.0.1)
  File "/Users/dinukaperera/opt/anaconda3/envs/flower_tutorial/lib/python3.10/site-packages/flwr/simulation/ray_transport/ray_client_proxy.py", line 148, in launch_and_fit
    return maybe_call_fit(
  File "/Users/dinukaperera/opt/anaconda3/envs/flower_tutorial/lib/python3.10/site-packages/flwr/client/client.py", line 184, in maybe_call_fit
    return client.fit(fit_ins)
  File "/Users/dinukaperera/opt/anaconda3/envs/flower_tutorial/lib/python3.10/site-packages/flwr/client/app.py", line 297, in _fit
    results = self.numpy_client.fit(parameters, ins.config)  # type: ignore
  File "/Users/dinukaperera/FLwithFlwr/flowertry/cleint.py", line 196, in fit
    return super().fit(parameters, config)
  File "/Users/dinukaperera/FLwithFlwr/flowertry/cleint.py", line 109, in fit
    c_i_new = train_scaffold(
TypeError: train_scaffold() missing 1 required positional argument: 'net'
[2026-01-11 00:55:23,607][flwr][ERROR] - [36mray::launch_and_fit()[39m (pid=80981, ip=127.0.0.1)
  File "/Users/dinukaperera/opt/anaconda3/envs/flower_tutorial/lib/python3.10/site-packages/flwr/simulation/ray_transport/ray_client_proxy.py", line 148, in launch_and_fit
    return maybe_call_fit(
  File "/Users/dinukaperera/opt/anaconda3/envs/flower_tutorial/lib/python3.10/site-packages/flwr/client/client.py", line 184, in maybe_call_fit
    return client.fit(fit_ins)
  File "/Users/dinukaperera/opt/anaconda3/envs/flower_tutorial/lib/python3.10/site-packages/flwr/client/app.py", line 297, in _fit
    results = self.numpy_client.fit(parameters, ins.config)  # type: ignore
  File "/Users/dinukaperera/FLwithFlwr/flowertry/cleint.py", line 196, in fit
    return super().fit(parameters, config)
  File "/Users/dinukaperera/FLwithFlwr/flowertry/cleint.py", line 109, in fit
    c_i_new = train_scaffold(
TypeError: train_scaffold() missing 1 required positional argument: 'net'
[2026-01-11 00:55:23,609][flwr][ERROR] - [36mray::launch_and_fit()[39m (pid=80987, ip=127.0.0.1)
  File "/Users/dinukaperera/opt/anaconda3/envs/flower_tutorial/lib/python3.10/site-packages/flwr/simulation/ray_transport/ray_client_proxy.py", line 148, in launch_and_fit
    return maybe_call_fit(
  File "/Users/dinukaperera/opt/anaconda3/envs/flower_tutorial/lib/python3.10/site-packages/flwr/client/client.py", line 184, in maybe_call_fit
    return client.fit(fit_ins)
  File "/Users/dinukaperera/opt/anaconda3/envs/flower_tutorial/lib/python3.10/site-packages/flwr/client/app.py", line 297, in _fit
    results = self.numpy_client.fit(parameters, ins.config)  # type: ignore
  File "/Users/dinukaperera/FLwithFlwr/flowertry/cleint.py", line 196, in fit
    return super().fit(parameters, config)
  File "/Users/dinukaperera/FLwithFlwr/flowertry/cleint.py", line 109, in fit
    c_i_new = train_scaffold(
TypeError: train_scaffold() missing 1 required positional argument: 'net'
[2026-01-11 00:55:23,609][flwr][ERROR] - [36mray::launch_and_fit()[39m (pid=80983, ip=127.0.0.1)
  File "/Users/dinukaperera/opt/anaconda3/envs/flower_tutorial/lib/python3.10/site-packages/flwr/simulation/ray_transport/ray_client_proxy.py", line 148, in launch_and_fit
    return maybe_call_fit(
  File "/Users/dinukaperera/opt/anaconda3/envs/flower_tutorial/lib/python3.10/site-packages/flwr/client/client.py", line 184, in maybe_call_fit
    return client.fit(fit_ins)
  File "/Users/dinukaperera/opt/anaconda3/envs/flower_tutorial/lib/python3.10/site-packages/flwr/client/app.py", line 297, in _fit
    results = self.numpy_client.fit(parameters, ins.config)  # type: ignore
  File "/Users/dinukaperera/FLwithFlwr/flowertry/cleint.py", line 196, in fit
    return super().fit(parameters, config)
  File "/Users/dinukaperera/FLwithFlwr/flowertry/cleint.py", line 109, in fit
    c_i_new = train_scaffold(
TypeError: train_scaffold() missing 1 required positional argument: 'net'
[2026-01-11 00:55:23,611][flwr][ERROR] - [36mray::launch_and_fit()[39m (pid=80980, ip=127.0.0.1)
  File "/Users/dinukaperera/opt/anaconda3/envs/flower_tutorial/lib/python3.10/site-packages/flwr/simulation/ray_transport/ray_client_proxy.py", line 148, in launch_and_fit
    return maybe_call_fit(
  File "/Users/dinukaperera/opt/anaconda3/envs/flower_tutorial/lib/python3.10/site-packages/flwr/client/client.py", line 184, in maybe_call_fit
    return client.fit(fit_ins)
  File "/Users/dinukaperera/opt/anaconda3/envs/flower_tutorial/lib/python3.10/site-packages/flwr/client/app.py", line 297, in _fit
    results = self.numpy_client.fit(parameters, ins.config)  # type: ignore
  File "/Users/dinukaperera/FLwithFlwr/flowertry/cleint.py", line 196, in fit
    return super().fit(parameters, config)
  File "/Users/dinukaperera/FLwithFlwr/flowertry/cleint.py", line 109, in fit
    c_i_new = train_scaffold(
TypeError: train_scaffold() missing 1 required positional argument: 'net'
[2026-01-11 00:55:23,612][flwr][ERROR] - [36mray::launch_and_fit()[39m (pid=80988, ip=127.0.0.1)
  File "/Users/dinukaperera/opt/anaconda3/envs/flower_tutorial/lib/python3.10/site-packages/flwr/simulation/ray_transport/ray_client_proxy.py", line 148, in launch_and_fit
    return maybe_call_fit(
  File "/Users/dinukaperera/opt/anaconda3/envs/flower_tutorial/lib/python3.10/site-packages/flwr/client/client.py", line 184, in maybe_call_fit
    return client.fit(fit_ins)
  File "/Users/dinukaperera/opt/anaconda3/envs/flower_tutorial/lib/python3.10/site-packages/flwr/client/app.py", line 297, in _fit
    results = self.numpy_client.fit(parameters, ins.config)  # type: ignore
  File "/Users/dinukaperera/FLwithFlwr/flowertry/cleint.py", line 196, in fit
    return super().fit(parameters, config)
  File "/Users/dinukaperera/FLwithFlwr/flowertry/cleint.py", line 109, in fit
    c_i_new = train_scaffold(
TypeError: train_scaffold() missing 1 required positional argument: 'net'
[2026-01-11 00:55:23,612][flwr][DEBUG] - fit_round 6 received 0 results and 10 failures
[2026-01-11 00:55:23,634][flwr][INFO] - fit progress: (6, 72.24541532993317, {'accuracy': 0.286}, 4.367129582999041)
[2026-01-11 00:55:23,634][flwr][INFO] - evaluate_round 6: no clients selected, cancel
[2026-01-11 00:55:23,635][flwr][DEBUG] - fit_round 7: strategy sampled 10 clients (out of 100)
[2026-01-11 00:55:23,760][flwr][ERROR] - [36mray::launch_and_fit()[39m (pid=80988, ip=127.0.0.1)
  File "/Users/dinukaperera/opt/anaconda3/envs/flower_tutorial/lib/python3.10/site-packages/flwr/simulation/ray_transport/ray_client_proxy.py", line 148, in launch_and_fit
    return maybe_call_fit(
  File "/Users/dinukaperera/opt/anaconda3/envs/flower_tutorial/lib/python3.10/site-packages/flwr/client/client.py", line 184, in maybe_call_fit
    return client.fit(fit_ins)
  File "/Users/dinukaperera/opt/anaconda3/envs/flower_tutorial/lib/python3.10/site-packages/flwr/client/app.py", line 297, in _fit
    results = self.numpy_client.fit(parameters, ins.config)  # type: ignore
  File "/Users/dinukaperera/FLwithFlwr/flowertry/cleint.py", line 196, in fit
    return super().fit(parameters, config)
  File "/Users/dinukaperera/FLwithFlwr/flowertry/cleint.py", line 109, in fit
    c_i_new = train_scaffold(
TypeError: train_scaffold() missing 1 required positional argument: 'net'
[2026-01-11 00:55:23,760][flwr][ERROR] - [36mray::launch_and_fit()[39m (pid=80983, ip=127.0.0.1)
  File "/Users/dinukaperera/opt/anaconda3/envs/flower_tutorial/lib/python3.10/site-packages/flwr/simulation/ray_transport/ray_client_proxy.py", line 148, in launch_and_fit
    return maybe_call_fit(
  File "/Users/dinukaperera/opt/anaconda3/envs/flower_tutorial/lib/python3.10/site-packages/flwr/client/client.py", line 184, in maybe_call_fit
    return client.fit(fit_ins)
  File "/Users/dinukaperera/opt/anaconda3/envs/flower_tutorial/lib/python3.10/site-packages/flwr/client/app.py", line 297, in _fit
    results = self.numpy_client.fit(parameters, ins.config)  # type: ignore
  File "/Users/dinukaperera/FLwithFlwr/flowertry/cleint.py", line 196, in fit
    return super().fit(parameters, config)
  File "/Users/dinukaperera/FLwithFlwr/flowertry/cleint.py", line 109, in fit
    c_i_new = train_scaffold(
TypeError: train_scaffold() missing 1 required positional argument: 'net'
[2026-01-11 00:55:23,762][flwr][ERROR] - [36mray::launch_and_fit()[39m (pid=80981, ip=127.0.0.1)
  File "/Users/dinukaperera/opt/anaconda3/envs/flower_tutorial/lib/python3.10/site-packages/flwr/simulation/ray_transport/ray_client_proxy.py", line 148, in launch_and_fit
    return maybe_call_fit(
  File "/Users/dinukaperera/opt/anaconda3/envs/flower_tutorial/lib/python3.10/site-packages/flwr/client/client.py", line 184, in maybe_call_fit
    return client.fit(fit_ins)
  File "/Users/dinukaperera/opt/anaconda3/envs/flower_tutorial/lib/python3.10/site-packages/flwr/client/app.py", line 297, in _fit
    results = self.numpy_client.fit(parameters, ins.config)  # type: ignore
  File "/Users/dinukaperera/FLwithFlwr/flowertry/cleint.py", line 196, in fit
    return super().fit(parameters, config)
  File "/Users/dinukaperera/FLwithFlwr/flowertry/cleint.py", line 109, in fit
    c_i_new = train_scaffold(
TypeError: train_scaffold() missing 1 required positional argument: 'net'
[2026-01-11 00:55:23,762][flwr][ERROR] - [36mray::launch_and_fit()[39m (pid=80980, ip=127.0.0.1)
  File "/Users/dinukaperera/opt/anaconda3/envs/flower_tutorial/lib/python3.10/site-packages/flwr/simulation/ray_transport/ray_client_proxy.py", line 148, in launch_and_fit
    return maybe_call_fit(
  File "/Users/dinukaperera/opt/anaconda3/envs/flower_tutorial/lib/python3.10/site-packages/flwr/client/client.py", line 184, in maybe_call_fit
    return client.fit(fit_ins)
  File "/Users/dinukaperera/opt/anaconda3/envs/flower_tutorial/lib/python3.10/site-packages/flwr/client/app.py", line 297, in _fit
    results = self.numpy_client.fit(parameters, ins.config)  # type: ignore
  File "/Users/dinukaperera/FLwithFlwr/flowertry/cleint.py", line 196, in fit
    return super().fit(parameters, config)
  File "/Users/dinukaperera/FLwithFlwr/flowertry/cleint.py", line 109, in fit
    c_i_new = train_scaffold(
TypeError: train_scaffold() missing 1 required positional argument: 'net'
[2026-01-11 00:55:23,764][flwr][ERROR] - [36mray::launch_and_fit()[39m (pid=80987, ip=127.0.0.1)
  File "/Users/dinukaperera/opt/anaconda3/envs/flower_tutorial/lib/python3.10/site-packages/flwr/simulation/ray_transport/ray_client_proxy.py", line 148, in launch_and_fit
    return maybe_call_fit(
  File "/Users/dinukaperera/opt/anaconda3/envs/flower_tutorial/lib/python3.10/site-packages/flwr/client/client.py", line 184, in maybe_call_fit
    return client.fit(fit_ins)
  File "/Users/dinukaperera/opt/anaconda3/envs/flower_tutorial/lib/python3.10/site-packages/flwr/client/app.py", line 297, in _fit
    results = self.numpy_client.fit(parameters, ins.config)  # type: ignore
  File "/Users/dinukaperera/FLwithFlwr/flowertry/cleint.py", line 196, in fit
    return super().fit(parameters, config)
  File "/Users/dinukaperera/FLwithFlwr/flowertry/cleint.py", line 109, in fit
    c_i_new = train_scaffold(
TypeError: train_scaffold() missing 1 required positional argument: 'net'
[2026-01-11 00:55:23,765][flwr][ERROR] - [36mray::launch_and_fit()[39m (pid=80984, ip=127.0.0.1)
  File "/Users/dinukaperera/opt/anaconda3/envs/flower_tutorial/lib/python3.10/site-packages/flwr/simulation/ray_transport/ray_client_proxy.py", line 148, in launch_and_fit
    return maybe_call_fit(
  File "/Users/dinukaperera/opt/anaconda3/envs/flower_tutorial/lib/python3.10/site-packages/flwr/client/client.py", line 184, in maybe_call_fit
    return client.fit(fit_ins)
  File "/Users/dinukaperera/opt/anaconda3/envs/flower_tutorial/lib/python3.10/site-packages/flwr/client/app.py", line 297, in _fit
    results = self.numpy_client.fit(parameters, ins.config)  # type: ignore
  File "/Users/dinukaperera/FLwithFlwr/flowertry/cleint.py", line 196, in fit
    return super().fit(parameters, config)
  File "/Users/dinukaperera/FLwithFlwr/flowertry/cleint.py", line 109, in fit
    c_i_new = train_scaffold(
TypeError: train_scaffold() missing 1 required positional argument: 'net'
[2026-01-11 00:55:23,767][flwr][ERROR] - [36mray::launch_and_fit()[39m (pid=80986, ip=127.0.0.1)
  File "/Users/dinukaperera/opt/anaconda3/envs/flower_tutorial/lib/python3.10/site-packages/flwr/simulation/ray_transport/ray_client_proxy.py", line 148, in launch_and_fit
    return maybe_call_fit(
  File "/Users/dinukaperera/opt/anaconda3/envs/flower_tutorial/lib/python3.10/site-packages/flwr/client/client.py", line 184, in maybe_call_fit
    return client.fit(fit_ins)
  File "/Users/dinukaperera/opt/anaconda3/envs/flower_tutorial/lib/python3.10/site-packages/flwr/client/app.py", line 297, in _fit
    results = self.numpy_client.fit(parameters, ins.config)  # type: ignore
  File "/Users/dinukaperera/FLwithFlwr/flowertry/cleint.py", line 196, in fit
    return super().fit(parameters, config)
  File "/Users/dinukaperera/FLwithFlwr/flowertry/cleint.py", line 109, in fit
    c_i_new = train_scaffold(
TypeError: train_scaffold() missing 1 required positional argument: 'net'
[2026-01-11 00:55:23,767][flwr][ERROR] - [36mray::launch_and_fit()[39m (pid=80985, ip=127.0.0.1)
  File "/Users/dinukaperera/opt/anaconda3/envs/flower_tutorial/lib/python3.10/site-packages/flwr/simulation/ray_transport/ray_client_proxy.py", line 148, in launch_and_fit
    return maybe_call_fit(
  File "/Users/dinukaperera/opt/anaconda3/envs/flower_tutorial/lib/python3.10/site-packages/flwr/client/client.py", line 184, in maybe_call_fit
    return client.fit(fit_ins)
  File "/Users/dinukaperera/opt/anaconda3/envs/flower_tutorial/lib/python3.10/site-packages/flwr/client/app.py", line 297, in _fit
    results = self.numpy_client.fit(parameters, ins.config)  # type: ignore
  File "/Users/dinukaperera/FLwithFlwr/flowertry/cleint.py", line 196, in fit
    return super().fit(parameters, config)
  File "/Users/dinukaperera/FLwithFlwr/flowertry/cleint.py", line 109, in fit
    c_i_new = train_scaffold(
TypeError: train_scaffold() missing 1 required positional argument: 'net'
[2026-01-11 00:55:23,770][flwr][ERROR] - [36mray::launch_and_fit()[39m (pid=80982, ip=127.0.0.1)
  File "/Users/dinukaperera/opt/anaconda3/envs/flower_tutorial/lib/python3.10/site-packages/flwr/simulation/ray_transport/ray_client_proxy.py", line 148, in launch_and_fit
    return maybe_call_fit(
  File "/Users/dinukaperera/opt/anaconda3/envs/flower_tutorial/lib/python3.10/site-packages/flwr/client/client.py", line 184, in maybe_call_fit
    return client.fit(fit_ins)
  File "/Users/dinukaperera/opt/anaconda3/envs/flower_tutorial/lib/python3.10/site-packages/flwr/client/app.py", line 297, in _fit
    results = self.numpy_client.fit(parameters, ins.config)  # type: ignore
  File "/Users/dinukaperera/FLwithFlwr/flowertry/cleint.py", line 196, in fit
    return super().fit(parameters, config)
  File "/Users/dinukaperera/FLwithFlwr/flowertry/cleint.py", line 109, in fit
    c_i_new = train_scaffold(
TypeError: train_scaffold() missing 1 required positional argument: 'net'
[2026-01-11 00:55:23,771][flwr][ERROR] - [36mray::launch_and_fit()[39m (pid=80979, ip=127.0.0.1)
  File "/Users/dinukaperera/opt/anaconda3/envs/flower_tutorial/lib/python3.10/site-packages/flwr/simulation/ray_transport/ray_client_proxy.py", line 148, in launch_and_fit
    return maybe_call_fit(
  File "/Users/dinukaperera/opt/anaconda3/envs/flower_tutorial/lib/python3.10/site-packages/flwr/client/client.py", line 184, in maybe_call_fit
    return client.fit(fit_ins)
  File "/Users/dinukaperera/opt/anaconda3/envs/flower_tutorial/lib/python3.10/site-packages/flwr/client/app.py", line 297, in _fit
    results = self.numpy_client.fit(parameters, ins.config)  # type: ignore
  File "/Users/dinukaperera/FLwithFlwr/flowertry/cleint.py", line 196, in fit
    return super().fit(parameters, config)
  File "/Users/dinukaperera/FLwithFlwr/flowertry/cleint.py", line 109, in fit
    c_i_new = train_scaffold(
TypeError: train_scaffold() missing 1 required positional argument: 'net'
[2026-01-11 00:55:23,771][flwr][DEBUG] - fit_round 7 received 0 results and 10 failures
[2026-01-11 00:55:23,793][flwr][INFO] - fit progress: (7, 72.24541532993317, {'accuracy': 0.286}, 4.526548333000392)
[2026-01-11 00:55:23,793][flwr][INFO] - evaluate_round 7: no clients selected, cancel
[2026-01-11 00:55:23,794][flwr][DEBUG] - fit_round 8: strategy sampled 10 clients (out of 100)
[2026-01-11 00:55:23,918][flwr][ERROR] - [36mray::launch_and_fit()[39m (pid=80979, ip=127.0.0.1)
  File "/Users/dinukaperera/opt/anaconda3/envs/flower_tutorial/lib/python3.10/site-packages/flwr/simulation/ray_transport/ray_client_proxy.py", line 148, in launch_and_fit
    return maybe_call_fit(
  File "/Users/dinukaperera/opt/anaconda3/envs/flower_tutorial/lib/python3.10/site-packages/flwr/client/client.py", line 184, in maybe_call_fit
    return client.fit(fit_ins)
  File "/Users/dinukaperera/opt/anaconda3/envs/flower_tutorial/lib/python3.10/site-packages/flwr/client/app.py", line 297, in _fit
    results = self.numpy_client.fit(parameters, ins.config)  # type: ignore
  File "/Users/dinukaperera/FLwithFlwr/flowertry/cleint.py", line 196, in fit
    return super().fit(parameters, config)
  File "/Users/dinukaperera/FLwithFlwr/flowertry/cleint.py", line 109, in fit
    c_i_new = train_scaffold(
TypeError: train_scaffold() missing 1 required positional argument: 'net'
[2026-01-11 00:55:23,918][flwr][ERROR] - [36mray::launch_and_fit()[39m (pid=80982, ip=127.0.0.1)
  File "/Users/dinukaperera/opt/anaconda3/envs/flower_tutorial/lib/python3.10/site-packages/flwr/simulation/ray_transport/ray_client_proxy.py", line 148, in launch_and_fit
    return maybe_call_fit(
  File "/Users/dinukaperera/opt/anaconda3/envs/flower_tutorial/lib/python3.10/site-packages/flwr/client/client.py", line 184, in maybe_call_fit
    return client.fit(fit_ins)
  File "/Users/dinukaperera/opt/anaconda3/envs/flower_tutorial/lib/python3.10/site-packages/flwr/client/app.py", line 297, in _fit
    results = self.numpy_client.fit(parameters, ins.config)  # type: ignore
  File "/Users/dinukaperera/FLwithFlwr/flowertry/cleint.py", line 196, in fit
    return super().fit(parameters, config)
  File "/Users/dinukaperera/FLwithFlwr/flowertry/cleint.py", line 109, in fit
    c_i_new = train_scaffold(
TypeError: train_scaffold() missing 1 required positional argument: 'net'
[2026-01-11 00:55:23,922][flwr][ERROR] - [36mray::launch_and_fit()[39m (pid=80985, ip=127.0.0.1)
  File "/Users/dinukaperera/opt/anaconda3/envs/flower_tutorial/lib/python3.10/site-packages/flwr/simulation/ray_transport/ray_client_proxy.py", line 148, in launch_and_fit
    return maybe_call_fit(
  File "/Users/dinukaperera/opt/anaconda3/envs/flower_tutorial/lib/python3.10/site-packages/flwr/client/client.py", line 184, in maybe_call_fit
    return client.fit(fit_ins)
  File "/Users/dinukaperera/opt/anaconda3/envs/flower_tutorial/lib/python3.10/site-packages/flwr/client/app.py", line 297, in _fit
    results = self.numpy_client.fit(parameters, ins.config)  # type: ignore
  File "/Users/dinukaperera/FLwithFlwr/flowertry/cleint.py", line 196, in fit
    return super().fit(parameters, config)
  File "/Users/dinukaperera/FLwithFlwr/flowertry/cleint.py", line 109, in fit
    c_i_new = train_scaffold(
TypeError: train_scaffold() missing 1 required positional argument: 'net'
[2026-01-11 00:55:23,923][flwr][ERROR] - [36mray::launch_and_fit()[39m (pid=80986, ip=127.0.0.1)
  File "/Users/dinukaperera/opt/anaconda3/envs/flower_tutorial/lib/python3.10/site-packages/flwr/simulation/ray_transport/ray_client_proxy.py", line 148, in launch_and_fit
    return maybe_call_fit(
  File "/Users/dinukaperera/opt/anaconda3/envs/flower_tutorial/lib/python3.10/site-packages/flwr/client/client.py", line 184, in maybe_call_fit
    return client.fit(fit_ins)
  File "/Users/dinukaperera/opt/anaconda3/envs/flower_tutorial/lib/python3.10/site-packages/flwr/client/app.py", line 297, in _fit
    results = self.numpy_client.fit(parameters, ins.config)  # type: ignore
  File "/Users/dinukaperera/FLwithFlwr/flowertry/cleint.py", line 196, in fit
    return super().fit(parameters, config)
  File "/Users/dinukaperera/FLwithFlwr/flowertry/cleint.py", line 109, in fit
    c_i_new = train_scaffold(
TypeError: train_scaffold() missing 1 required positional argument: 'net'
[2026-01-11 00:55:23,924][flwr][ERROR] - [36mray::launch_and_fit()[39m (pid=80984, ip=127.0.0.1)
  File "/Users/dinukaperera/opt/anaconda3/envs/flower_tutorial/lib/python3.10/site-packages/flwr/simulation/ray_transport/ray_client_proxy.py", line 148, in launch_and_fit
    return maybe_call_fit(
  File "/Users/dinukaperera/opt/anaconda3/envs/flower_tutorial/lib/python3.10/site-packages/flwr/client/client.py", line 184, in maybe_call_fit
    return client.fit(fit_ins)
  File "/Users/dinukaperera/opt/anaconda3/envs/flower_tutorial/lib/python3.10/site-packages/flwr/client/app.py", line 297, in _fit
    results = self.numpy_client.fit(parameters, ins.config)  # type: ignore
  File "/Users/dinukaperera/FLwithFlwr/flowertry/cleint.py", line 196, in fit
    return super().fit(parameters, config)
  File "/Users/dinukaperera/FLwithFlwr/flowertry/cleint.py", line 109, in fit
    c_i_new = train_scaffold(
TypeError: train_scaffold() missing 1 required positional argument: 'net'
[2026-01-11 00:55:23,925][flwr][ERROR] - [36mray::launch_and_fit()[39m (pid=80987, ip=127.0.0.1)
  File "/Users/dinukaperera/opt/anaconda3/envs/flower_tutorial/lib/python3.10/site-packages/flwr/simulation/ray_transport/ray_client_proxy.py", line 148, in launch_and_fit
    return maybe_call_fit(
  File "/Users/dinukaperera/opt/anaconda3/envs/flower_tutorial/lib/python3.10/site-packages/flwr/client/client.py", line 184, in maybe_call_fit
    return client.fit(fit_ins)
  File "/Users/dinukaperera/opt/anaconda3/envs/flower_tutorial/lib/python3.10/site-packages/flwr/client/app.py", line 297, in _fit
    results = self.numpy_client.fit(parameters, ins.config)  # type: ignore
  File "/Users/dinukaperera/FLwithFlwr/flowertry/cleint.py", line 196, in fit
    return super().fit(parameters, config)
  File "/Users/dinukaperera/FLwithFlwr/flowertry/cleint.py", line 109, in fit
    c_i_new = train_scaffold(
TypeError: train_scaffold() missing 1 required positional argument: 'net'
[2026-01-11 00:55:23,928][flwr][ERROR] - [36mray::launch_and_fit()[39m (pid=80980, ip=127.0.0.1)
  File "/Users/dinukaperera/opt/anaconda3/envs/flower_tutorial/lib/python3.10/site-packages/flwr/simulation/ray_transport/ray_client_proxy.py", line 148, in launch_and_fit
    return maybe_call_fit(
  File "/Users/dinukaperera/opt/anaconda3/envs/flower_tutorial/lib/python3.10/site-packages/flwr/client/client.py", line 184, in maybe_call_fit
    return client.fit(fit_ins)
  File "/Users/dinukaperera/opt/anaconda3/envs/flower_tutorial/lib/python3.10/site-packages/flwr/client/app.py", line 297, in _fit
    results = self.numpy_client.fit(parameters, ins.config)  # type: ignore
  File "/Users/dinukaperera/FLwithFlwr/flowertry/cleint.py", line 196, in fit
    return super().fit(parameters, config)
  File "/Users/dinukaperera/FLwithFlwr/flowertry/cleint.py", line 109, in fit
    c_i_new = train_scaffold(
TypeError: train_scaffold() missing 1 required positional argument: 'net'
[2026-01-11 00:55:23,929][flwr][ERROR] - [36mray::launch_and_fit()[39m (pid=80983, ip=127.0.0.1)
  File "/Users/dinukaperera/opt/anaconda3/envs/flower_tutorial/lib/python3.10/site-packages/flwr/simulation/ray_transport/ray_client_proxy.py", line 148, in launch_and_fit
    return maybe_call_fit(
  File "/Users/dinukaperera/opt/anaconda3/envs/flower_tutorial/lib/python3.10/site-packages/flwr/client/client.py", line 184, in maybe_call_fit
    return client.fit(fit_ins)
  File "/Users/dinukaperera/opt/anaconda3/envs/flower_tutorial/lib/python3.10/site-packages/flwr/client/app.py", line 297, in _fit
    results = self.numpy_client.fit(parameters, ins.config)  # type: ignore
  File "/Users/dinukaperera/FLwithFlwr/flowertry/cleint.py", line 196, in fit
    return super().fit(parameters, config)
  File "/Users/dinukaperera/FLwithFlwr/flowertry/cleint.py", line 109, in fit
    c_i_new = train_scaffold(
TypeError: train_scaffold() missing 1 required positional argument: 'net'
[2026-01-11 00:55:23,929][flwr][ERROR] - [36mray::launch_and_fit()[39m (pid=80981, ip=127.0.0.1)
  File "/Users/dinukaperera/opt/anaconda3/envs/flower_tutorial/lib/python3.10/site-packages/flwr/simulation/ray_transport/ray_client_proxy.py", line 148, in launch_and_fit
    return maybe_call_fit(
  File "/Users/dinukaperera/opt/anaconda3/envs/flower_tutorial/lib/python3.10/site-packages/flwr/client/client.py", line 184, in maybe_call_fit
    return client.fit(fit_ins)
  File "/Users/dinukaperera/opt/anaconda3/envs/flower_tutorial/lib/python3.10/site-packages/flwr/client/app.py", line 297, in _fit
    results = self.numpy_client.fit(parameters, ins.config)  # type: ignore
  File "/Users/dinukaperera/FLwithFlwr/flowertry/cleint.py", line 196, in fit
    return super().fit(parameters, config)
  File "/Users/dinukaperera/FLwithFlwr/flowertry/cleint.py", line 109, in fit
    c_i_new = train_scaffold(
TypeError: train_scaffold() missing 1 required positional argument: 'net'
[2026-01-11 00:55:23,930][flwr][ERROR] - [36mray::launch_and_fit()[39m (pid=80988, ip=127.0.0.1)
  File "/Users/dinukaperera/opt/anaconda3/envs/flower_tutorial/lib/python3.10/site-packages/flwr/simulation/ray_transport/ray_client_proxy.py", line 148, in launch_and_fit
    return maybe_call_fit(
  File "/Users/dinukaperera/opt/anaconda3/envs/flower_tutorial/lib/python3.10/site-packages/flwr/client/client.py", line 184, in maybe_call_fit
    return client.fit(fit_ins)
  File "/Users/dinukaperera/opt/anaconda3/envs/flower_tutorial/lib/python3.10/site-packages/flwr/client/app.py", line 297, in _fit
    results = self.numpy_client.fit(parameters, ins.config)  # type: ignore
  File "/Users/dinukaperera/FLwithFlwr/flowertry/cleint.py", line 196, in fit
    return super().fit(parameters, config)
  File "/Users/dinukaperera/FLwithFlwr/flowertry/cleint.py", line 109, in fit
    c_i_new = train_scaffold(
TypeError: train_scaffold() missing 1 required positional argument: 'net'
[2026-01-11 00:55:23,930][flwr][DEBUG] - fit_round 8 received 0 results and 10 failures
[2026-01-11 00:55:23,952][flwr][INFO] - fit progress: (8, 72.24541532993317, {'accuracy': 0.286}, 4.685289125001873)
[2026-01-11 00:55:23,952][flwr][INFO] - evaluate_round 8: no clients selected, cancel
[2026-01-11 00:55:23,953][flwr][DEBUG] - fit_round 9: strategy sampled 10 clients (out of 100)
[2026-01-11 00:55:24,084][flwr][ERROR] - [36mray::launch_and_fit()[39m (pid=80988, ip=127.0.0.1)
  File "/Users/dinukaperera/opt/anaconda3/envs/flower_tutorial/lib/python3.10/site-packages/flwr/simulation/ray_transport/ray_client_proxy.py", line 148, in launch_and_fit
    return maybe_call_fit(
  File "/Users/dinukaperera/opt/anaconda3/envs/flower_tutorial/lib/python3.10/site-packages/flwr/client/client.py", line 184, in maybe_call_fit
    return client.fit(fit_ins)
  File "/Users/dinukaperera/opt/anaconda3/envs/flower_tutorial/lib/python3.10/site-packages/flwr/client/app.py", line 297, in _fit
    results = self.numpy_client.fit(parameters, ins.config)  # type: ignore
  File "/Users/dinukaperera/FLwithFlwr/flowertry/cleint.py", line 196, in fit
    return super().fit(parameters, config)
  File "/Users/dinukaperera/FLwithFlwr/flowertry/cleint.py", line 109, in fit
    c_i_new = train_scaffold(
TypeError: train_scaffold() missing 1 required positional argument: 'net'
[2026-01-11 00:55:24,085][flwr][ERROR] - [36mray::launch_and_fit()[39m (pid=80981, ip=127.0.0.1)
  File "/Users/dinukaperera/opt/anaconda3/envs/flower_tutorial/lib/python3.10/site-packages/flwr/simulation/ray_transport/ray_client_proxy.py", line 148, in launch_and_fit
    return maybe_call_fit(
  File "/Users/dinukaperera/opt/anaconda3/envs/flower_tutorial/lib/python3.10/site-packages/flwr/client/client.py", line 184, in maybe_call_fit
    return client.fit(fit_ins)
  File "/Users/dinukaperera/opt/anaconda3/envs/flower_tutorial/lib/python3.10/site-packages/flwr/client/app.py", line 297, in _fit
    results = self.numpy_client.fit(parameters, ins.config)  # type: ignore
  File "/Users/dinukaperera/FLwithFlwr/flowertry/cleint.py", line 196, in fit
    return super().fit(parameters, config)
  File "/Users/dinukaperera/FLwithFlwr/flowertry/cleint.py", line 109, in fit
    c_i_new = train_scaffold(
TypeError: train_scaffold() missing 1 required positional argument: 'net'
[2026-01-11 00:55:24,085][flwr][ERROR] - [36mray::launch_and_fit()[39m (pid=80983, ip=127.0.0.1)
  File "/Users/dinukaperera/opt/anaconda3/envs/flower_tutorial/lib/python3.10/site-packages/flwr/simulation/ray_transport/ray_client_proxy.py", line 148, in launch_and_fit
    return maybe_call_fit(
  File "/Users/dinukaperera/opt/anaconda3/envs/flower_tutorial/lib/python3.10/site-packages/flwr/client/client.py", line 184, in maybe_call_fit
    return client.fit(fit_ins)
  File "/Users/dinukaperera/opt/anaconda3/envs/flower_tutorial/lib/python3.10/site-packages/flwr/client/app.py", line 297, in _fit
    results = self.numpy_client.fit(parameters, ins.config)  # type: ignore
  File "/Users/dinukaperera/FLwithFlwr/flowertry/cleint.py", line 196, in fit
    return super().fit(parameters, config)
  File "/Users/dinukaperera/FLwithFlwr/flowertry/cleint.py", line 109, in fit
    c_i_new = train_scaffold(
TypeError: train_scaffold() missing 1 required positional argument: 'net'
[2026-01-11 00:55:24,089][flwr][ERROR] - [36mray::launch_and_fit()[39m (pid=80980, ip=127.0.0.1)
  File "/Users/dinukaperera/opt/anaconda3/envs/flower_tutorial/lib/python3.10/site-packages/flwr/simulation/ray_transport/ray_client_proxy.py", line 148, in launch_and_fit
    return maybe_call_fit(
  File "/Users/dinukaperera/opt/anaconda3/envs/flower_tutorial/lib/python3.10/site-packages/flwr/client/client.py", line 184, in maybe_call_fit
    return client.fit(fit_ins)
  File "/Users/dinukaperera/opt/anaconda3/envs/flower_tutorial/lib/python3.10/site-packages/flwr/client/app.py", line 297, in _fit
    results = self.numpy_client.fit(parameters, ins.config)  # type: ignore
  File "/Users/dinukaperera/FLwithFlwr/flowertry/cleint.py", line 196, in fit
    return super().fit(parameters, config)
  File "/Users/dinukaperera/FLwithFlwr/flowertry/cleint.py", line 109, in fit
    c_i_new = train_scaffold(
TypeError: train_scaffold() missing 1 required positional argument: 'net'
[2026-01-11 00:55:24,089][flwr][ERROR] - [36mray::launch_and_fit()[39m (pid=80987, ip=127.0.0.1)
  File "/Users/dinukaperera/opt/anaconda3/envs/flower_tutorial/lib/python3.10/site-packages/flwr/simulation/ray_transport/ray_client_proxy.py", line 148, in launch_and_fit
    return maybe_call_fit(
  File "/Users/dinukaperera/opt/anaconda3/envs/flower_tutorial/lib/python3.10/site-packages/flwr/client/client.py", line 184, in maybe_call_fit
    return client.fit(fit_ins)
  File "/Users/dinukaperera/opt/anaconda3/envs/flower_tutorial/lib/python3.10/site-packages/flwr/client/app.py", line 297, in _fit
    results = self.numpy_client.fit(parameters, ins.config)  # type: ignore
  File "/Users/dinukaperera/FLwithFlwr/flowertry/cleint.py", line 196, in fit
    return super().fit(parameters, config)
  File "/Users/dinukaperera/FLwithFlwr/flowertry/cleint.py", line 109, in fit
    c_i_new = train_scaffold(
TypeError: train_scaffold() missing 1 required positional argument: 'net'
[2026-01-11 00:55:24,090][flwr][ERROR] - [36mray::launch_and_fit()[39m (pid=80986, ip=127.0.0.1)
  File "/Users/dinukaperera/opt/anaconda3/envs/flower_tutorial/lib/python3.10/site-packages/flwr/simulation/ray_transport/ray_client_proxy.py", line 148, in launch_and_fit
    return maybe_call_fit(
  File "/Users/dinukaperera/opt/anaconda3/envs/flower_tutorial/lib/python3.10/site-packages/flwr/client/client.py", line 184, in maybe_call_fit
    return client.fit(fit_ins)
  File "/Users/dinukaperera/opt/anaconda3/envs/flower_tutorial/lib/python3.10/site-packages/flwr/client/app.py", line 297, in _fit
    results = self.numpy_client.fit(parameters, ins.config)  # type: ignore
  File "/Users/dinukaperera/FLwithFlwr/flowertry/cleint.py", line 196, in fit
    return super().fit(parameters, config)
  File "/Users/dinukaperera/FLwithFlwr/flowertry/cleint.py", line 109, in fit
    c_i_new = train_scaffold(
TypeError: train_scaffold() missing 1 required positional argument: 'net'
[2026-01-11 00:55:24,090][flwr][ERROR] - [36mray::launch_and_fit()[39m (pid=80984, ip=127.0.0.1)
  File "/Users/dinukaperera/opt/anaconda3/envs/flower_tutorial/lib/python3.10/site-packages/flwr/simulation/ray_transport/ray_client_proxy.py", line 148, in launch_and_fit
    return maybe_call_fit(
  File "/Users/dinukaperera/opt/anaconda3/envs/flower_tutorial/lib/python3.10/site-packages/flwr/client/client.py", line 184, in maybe_call_fit
    return client.fit(fit_ins)
  File "/Users/dinukaperera/opt/anaconda3/envs/flower_tutorial/lib/python3.10/site-packages/flwr/client/app.py", line 297, in _fit
    results = self.numpy_client.fit(parameters, ins.config)  # type: ignore
  File "/Users/dinukaperera/FLwithFlwr/flowertry/cleint.py", line 196, in fit
    return super().fit(parameters, config)
  File "/Users/dinukaperera/FLwithFlwr/flowertry/cleint.py", line 109, in fit
    c_i_new = train_scaffold(
TypeError: train_scaffold() missing 1 required positional argument: 'net'
[2026-01-11 00:55:24,090][flwr][ERROR] - [36mray::launch_and_fit()[39m (pid=80985, ip=127.0.0.1)
  File "/Users/dinukaperera/opt/anaconda3/envs/flower_tutorial/lib/python3.10/site-packages/flwr/simulation/ray_transport/ray_client_proxy.py", line 148, in launch_and_fit
    return maybe_call_fit(
  File "/Users/dinukaperera/opt/anaconda3/envs/flower_tutorial/lib/python3.10/site-packages/flwr/client/client.py", line 184, in maybe_call_fit
    return client.fit(fit_ins)
  File "/Users/dinukaperera/opt/anaconda3/envs/flower_tutorial/lib/python3.10/site-packages/flwr/client/app.py", line 297, in _fit
    results = self.numpy_client.fit(parameters, ins.config)  # type: ignore
  File "/Users/dinukaperera/FLwithFlwr/flowertry/cleint.py", line 196, in fit
    return super().fit(parameters, config)
  File "/Users/dinukaperera/FLwithFlwr/flowertry/cleint.py", line 109, in fit
    c_i_new = train_scaffold(
TypeError: train_scaffold() missing 1 required positional argument: 'net'
[2026-01-11 00:55:24,095][flwr][ERROR] - [36mray::launch_and_fit()[39m (pid=80979, ip=127.0.0.1)
  File "/Users/dinukaperera/opt/anaconda3/envs/flower_tutorial/lib/python3.10/site-packages/flwr/simulation/ray_transport/ray_client_proxy.py", line 148, in launch_and_fit
    return maybe_call_fit(
  File "/Users/dinukaperera/opt/anaconda3/envs/flower_tutorial/lib/python3.10/site-packages/flwr/client/client.py", line 184, in maybe_call_fit
    return client.fit(fit_ins)
  File "/Users/dinukaperera/opt/anaconda3/envs/flower_tutorial/lib/python3.10/site-packages/flwr/client/app.py", line 297, in _fit
    results = self.numpy_client.fit(parameters, ins.config)  # type: ignore
  File "/Users/dinukaperera/FLwithFlwr/flowertry/cleint.py", line 196, in fit
    return super().fit(parameters, config)
  File "/Users/dinukaperera/FLwithFlwr/flowertry/cleint.py", line 109, in fit
    c_i_new = train_scaffold(
TypeError: train_scaffold() missing 1 required positional argument: 'net'
[2026-01-11 00:55:24,096][flwr][ERROR] - [36mray::launch_and_fit()[39m (pid=80982, ip=127.0.0.1)
  File "/Users/dinukaperera/opt/anaconda3/envs/flower_tutorial/lib/python3.10/site-packages/flwr/simulation/ray_transport/ray_client_proxy.py", line 148, in launch_and_fit
    return maybe_call_fit(
  File "/Users/dinukaperera/opt/anaconda3/envs/flower_tutorial/lib/python3.10/site-packages/flwr/client/client.py", line 184, in maybe_call_fit
    return client.fit(fit_ins)
  File "/Users/dinukaperera/opt/anaconda3/envs/flower_tutorial/lib/python3.10/site-packages/flwr/client/app.py", line 297, in _fit
    results = self.numpy_client.fit(parameters, ins.config)  # type: ignore
  File "/Users/dinukaperera/FLwithFlwr/flowertry/cleint.py", line 196, in fit
    return super().fit(parameters, config)
  File "/Users/dinukaperera/FLwithFlwr/flowertry/cleint.py", line 109, in fit
    c_i_new = train_scaffold(
TypeError: train_scaffold() missing 1 required positional argument: 'net'
[2026-01-11 00:55:24,097][flwr][DEBUG] - fit_round 9 received 0 results and 10 failures
[2026-01-11 00:55:24,119][flwr][INFO] - fit progress: (9, 72.24541532993317, {'accuracy': 0.286}, 4.851984708002419)
[2026-01-11 00:55:24,119][flwr][INFO] - evaluate_round 9: no clients selected, cancel
[2026-01-11 00:55:24,119][flwr][DEBUG] - fit_round 10: strategy sampled 10 clients (out of 100)
[2026-01-11 00:55:24,254][flwr][ERROR] - [36mray::launch_and_fit()[39m (pid=80982, ip=127.0.0.1)
  File "/Users/dinukaperera/opt/anaconda3/envs/flower_tutorial/lib/python3.10/site-packages/flwr/simulation/ray_transport/ray_client_proxy.py", line 148, in launch_and_fit
    return maybe_call_fit(
  File "/Users/dinukaperera/opt/anaconda3/envs/flower_tutorial/lib/python3.10/site-packages/flwr/client/client.py", line 184, in maybe_call_fit
    return client.fit(fit_ins)
  File "/Users/dinukaperera/opt/anaconda3/envs/flower_tutorial/lib/python3.10/site-packages/flwr/client/app.py", line 297, in _fit
    results = self.numpy_client.fit(parameters, ins.config)  # type: ignore
  File "/Users/dinukaperera/FLwithFlwr/flowertry/cleint.py", line 196, in fit
    return super().fit(parameters, config)
  File "/Users/dinukaperera/FLwithFlwr/flowertry/cleint.py", line 109, in fit
    c_i_new = train_scaffold(
TypeError: train_scaffold() missing 1 required positional argument: 'net'
[2026-01-11 00:55:24,258][flwr][ERROR] - [36mray::launch_and_fit()[39m (pid=80979, ip=127.0.0.1)
  File "/Users/dinukaperera/opt/anaconda3/envs/flower_tutorial/lib/python3.10/site-packages/flwr/simulation/ray_transport/ray_client_proxy.py", line 148, in launch_and_fit
    return maybe_call_fit(
  File "/Users/dinukaperera/opt/anaconda3/envs/flower_tutorial/lib/python3.10/site-packages/flwr/client/client.py", line 184, in maybe_call_fit
    return client.fit(fit_ins)
  File "/Users/dinukaperera/opt/anaconda3/envs/flower_tutorial/lib/python3.10/site-packages/flwr/client/app.py", line 297, in _fit
    results = self.numpy_client.fit(parameters, ins.config)  # type: ignore
  File "/Users/dinukaperera/FLwithFlwr/flowertry/cleint.py", line 196, in fit
    return super().fit(parameters, config)
  File "/Users/dinukaperera/FLwithFlwr/flowertry/cleint.py", line 109, in fit
    c_i_new = train_scaffold(
TypeError: train_scaffold() missing 1 required positional argument: 'net'
[2026-01-11 00:55:24,260][flwr][ERROR] - [36mray::launch_and_fit()[39m (pid=80985, ip=127.0.0.1)
  File "/Users/dinukaperera/opt/anaconda3/envs/flower_tutorial/lib/python3.10/site-packages/flwr/simulation/ray_transport/ray_client_proxy.py", line 148, in launch_and_fit
    return maybe_call_fit(
  File "/Users/dinukaperera/opt/anaconda3/envs/flower_tutorial/lib/python3.10/site-packages/flwr/client/client.py", line 184, in maybe_call_fit
    return client.fit(fit_ins)
  File "/Users/dinukaperera/opt/anaconda3/envs/flower_tutorial/lib/python3.10/site-packages/flwr/client/app.py", line 297, in _fit
    results = self.numpy_client.fit(parameters, ins.config)  # type: ignore
  File "/Users/dinukaperera/FLwithFlwr/flowertry/cleint.py", line 196, in fit
    return super().fit(parameters, config)
  File "/Users/dinukaperera/FLwithFlwr/flowertry/cleint.py", line 109, in fit
    c_i_new = train_scaffold(
TypeError: train_scaffold() missing 1 required positional argument: 'net'
[2026-01-11 00:55:24,260][flwr][ERROR] - [36mray::launch_and_fit()[39m (pid=80984, ip=127.0.0.1)
  File "/Users/dinukaperera/opt/anaconda3/envs/flower_tutorial/lib/python3.10/site-packages/flwr/simulation/ray_transport/ray_client_proxy.py", line 148, in launch_and_fit
    return maybe_call_fit(
  File "/Users/dinukaperera/opt/anaconda3/envs/flower_tutorial/lib/python3.10/site-packages/flwr/client/client.py", line 184, in maybe_call_fit
    return client.fit(fit_ins)
  File "/Users/dinukaperera/opt/anaconda3/envs/flower_tutorial/lib/python3.10/site-packages/flwr/client/app.py", line 297, in _fit
    results = self.numpy_client.fit(parameters, ins.config)  # type: ignore
  File "/Users/dinukaperera/FLwithFlwr/flowertry/cleint.py", line 196, in fit
    return super().fit(parameters, config)
  File "/Users/dinukaperera/FLwithFlwr/flowertry/cleint.py", line 109, in fit
    c_i_new = train_scaffold(
TypeError: train_scaffold() missing 1 required positional argument: 'net'
[2026-01-11 00:55:24,260][flwr][ERROR] - [36mray::launch_and_fit()[39m (pid=80987, ip=127.0.0.1)
  File "/Users/dinukaperera/opt/anaconda3/envs/flower_tutorial/lib/python3.10/site-packages/flwr/simulation/ray_transport/ray_client_proxy.py", line 148, in launch_and_fit
    return maybe_call_fit(
  File "/Users/dinukaperera/opt/anaconda3/envs/flower_tutorial/lib/python3.10/site-packages/flwr/client/client.py", line 184, in maybe_call_fit
    return client.fit(fit_ins)
  File "/Users/dinukaperera/opt/anaconda3/envs/flower_tutorial/lib/python3.10/site-packages/flwr/client/app.py", line 297, in _fit
    results = self.numpy_client.fit(parameters, ins.config)  # type: ignore
  File "/Users/dinukaperera/FLwithFlwr/flowertry/cleint.py", line 196, in fit
    return super().fit(parameters, config)
  File "/Users/dinukaperera/FLwithFlwr/flowertry/cleint.py", line 109, in fit
    c_i_new = train_scaffold(
TypeError: train_scaffold() missing 1 required positional argument: 'net'
[2026-01-11 00:55:24,262][flwr][ERROR] - [36mray::launch_and_fit()[39m (pid=80981, ip=127.0.0.1)
  File "/Users/dinukaperera/opt/anaconda3/envs/flower_tutorial/lib/python3.10/site-packages/flwr/simulation/ray_transport/ray_client_proxy.py", line 148, in launch_and_fit
    return maybe_call_fit(
  File "/Users/dinukaperera/opt/anaconda3/envs/flower_tutorial/lib/python3.10/site-packages/flwr/client/client.py", line 184, in maybe_call_fit
    return client.fit(fit_ins)
  File "/Users/dinukaperera/opt/anaconda3/envs/flower_tutorial/lib/python3.10/site-packages/flwr/client/app.py", line 297, in _fit
    results = self.numpy_client.fit(parameters, ins.config)  # type: ignore
  File "/Users/dinukaperera/FLwithFlwr/flowertry/cleint.py", line 196, in fit
    return super().fit(parameters, config)
  File "/Users/dinukaperera/FLwithFlwr/flowertry/cleint.py", line 109, in fit
    c_i_new = train_scaffold(
TypeError: train_scaffold() missing 1 required positional argument: 'net'
[2026-01-11 00:55:24,263][flwr][ERROR] - [36mray::launch_and_fit()[39m (pid=80986, ip=127.0.0.1)
  File "/Users/dinukaperera/opt/anaconda3/envs/flower_tutorial/lib/python3.10/site-packages/flwr/simulation/ray_transport/ray_client_proxy.py", line 148, in launch_and_fit
    return maybe_call_fit(
  File "/Users/dinukaperera/opt/anaconda3/envs/flower_tutorial/lib/python3.10/site-packages/flwr/client/client.py", line 184, in maybe_call_fit
    return client.fit(fit_ins)
  File "/Users/dinukaperera/opt/anaconda3/envs/flower_tutorial/lib/python3.10/site-packages/flwr/client/app.py", line 297, in _fit
    results = self.numpy_client.fit(parameters, ins.config)  # type: ignore
  File "/Users/dinukaperera/FLwithFlwr/flowertry/cleint.py", line 196, in fit
    return super().fit(parameters, config)
  File "/Users/dinukaperera/FLwithFlwr/flowertry/cleint.py", line 109, in fit
    c_i_new = train_scaffold(
TypeError: train_scaffold() missing 1 required positional argument: 'net'
[2026-01-11 00:55:24,263][flwr][ERROR] - [36mray::launch_and_fit()[39m (pid=80988, ip=127.0.0.1)
  File "/Users/dinukaperera/opt/anaconda3/envs/flower_tutorial/lib/python3.10/site-packages/flwr/simulation/ray_transport/ray_client_proxy.py", line 148, in launch_and_fit
    return maybe_call_fit(
  File "/Users/dinukaperera/opt/anaconda3/envs/flower_tutorial/lib/python3.10/site-packages/flwr/client/client.py", line 184, in maybe_call_fit
    return client.fit(fit_ins)
  File "/Users/dinukaperera/opt/anaconda3/envs/flower_tutorial/lib/python3.10/site-packages/flwr/client/app.py", line 297, in _fit
    results = self.numpy_client.fit(parameters, ins.config)  # type: ignore
  File "/Users/dinukaperera/FLwithFlwr/flowertry/cleint.py", line 196, in fit
    return super().fit(parameters, config)
  File "/Users/dinukaperera/FLwithFlwr/flowertry/cleint.py", line 109, in fit
    c_i_new = train_scaffold(
TypeError: train_scaffold() missing 1 required positional argument: 'net'
[2026-01-11 00:55:24,263][flwr][ERROR] - [36mray::launch_and_fit()[39m (pid=80980, ip=127.0.0.1)
  File "/Users/dinukaperera/opt/anaconda3/envs/flower_tutorial/lib/python3.10/site-packages/flwr/simulation/ray_transport/ray_client_proxy.py", line 148, in launch_and_fit
    return maybe_call_fit(
  File "/Users/dinukaperera/opt/anaconda3/envs/flower_tutorial/lib/python3.10/site-packages/flwr/client/client.py", line 184, in maybe_call_fit
    return client.fit(fit_ins)
  File "/Users/dinukaperera/opt/anaconda3/envs/flower_tutorial/lib/python3.10/site-packages/flwr/client/app.py", line 297, in _fit
    results = self.numpy_client.fit(parameters, ins.config)  # type: ignore
  File "/Users/dinukaperera/FLwithFlwr/flowertry/cleint.py", line 196, in fit
    return super().fit(parameters, config)
  File "/Users/dinukaperera/FLwithFlwr/flowertry/cleint.py", line 109, in fit
    c_i_new = train_scaffold(
TypeError: train_scaffold() missing 1 required positional argument: 'net'
[2026-01-11 00:55:24,264][flwr][ERROR] - [36mray::launch_and_fit()[39m (pid=80983, ip=127.0.0.1)
  File "/Users/dinukaperera/opt/anaconda3/envs/flower_tutorial/lib/python3.10/site-packages/flwr/simulation/ray_transport/ray_client_proxy.py", line 148, in launch_and_fit
    return maybe_call_fit(
  File "/Users/dinukaperera/opt/anaconda3/envs/flower_tutorial/lib/python3.10/site-packages/flwr/client/client.py", line 184, in maybe_call_fit
    return client.fit(fit_ins)
  File "/Users/dinukaperera/opt/anaconda3/envs/flower_tutorial/lib/python3.10/site-packages/flwr/client/app.py", line 297, in _fit
    results = self.numpy_client.fit(parameters, ins.config)  # type: ignore
  File "/Users/dinukaperera/FLwithFlwr/flowertry/cleint.py", line 196, in fit
    return super().fit(parameters, config)
  File "/Users/dinukaperera/FLwithFlwr/flowertry/cleint.py", line 109, in fit
    c_i_new = train_scaffold(
TypeError: train_scaffold() missing 1 required positional argument: 'net'
[2026-01-11 00:55:24,265][flwr][DEBUG] - fit_round 10 received 0 results and 10 failures
[2026-01-11 00:55:24,290][flwr][INFO] - fit progress: (10, 72.24541532993317, {'accuracy': 0.286}, 5.022840499994345)
[2026-01-11 00:55:24,290][flwr][INFO] - evaluate_round 10: no clients selected, cancel
[2026-01-11 00:55:24,290][flwr][DEBUG] - fit_round 11: strategy sampled 10 clients (out of 100)
[2026-01-11 00:55:24,432][flwr][ERROR] - [36mray::launch_and_fit()[39m (pid=80983, ip=127.0.0.1)
  File "/Users/dinukaperera/opt/anaconda3/envs/flower_tutorial/lib/python3.10/site-packages/flwr/simulation/ray_transport/ray_client_proxy.py", line 148, in launch_and_fit
    return maybe_call_fit(
  File "/Users/dinukaperera/opt/anaconda3/envs/flower_tutorial/lib/python3.10/site-packages/flwr/client/client.py", line 184, in maybe_call_fit
    return client.fit(fit_ins)
  File "/Users/dinukaperera/opt/anaconda3/envs/flower_tutorial/lib/python3.10/site-packages/flwr/client/app.py", line 297, in _fit
    results = self.numpy_client.fit(parameters, ins.config)  # type: ignore
  File "/Users/dinukaperera/FLwithFlwr/flowertry/cleint.py", line 196, in fit
    return super().fit(parameters, config)
  File "/Users/dinukaperera/FLwithFlwr/flowertry/cleint.py", line 109, in fit
    c_i_new = train_scaffold(
TypeError: train_scaffold() missing 1 required positional argument: 'net'
[2026-01-11 00:55:24,435][flwr][ERROR] - [36mray::launch_and_fit()[39m (pid=80988, ip=127.0.0.1)
  File "/Users/dinukaperera/opt/anaconda3/envs/flower_tutorial/lib/python3.10/site-packages/flwr/simulation/ray_transport/ray_client_proxy.py", line 148, in launch_and_fit
    return maybe_call_fit(
  File "/Users/dinukaperera/opt/anaconda3/envs/flower_tutorial/lib/python3.10/site-packages/flwr/client/client.py", line 184, in maybe_call_fit
    return client.fit(fit_ins)
  File "/Users/dinukaperera/opt/anaconda3/envs/flower_tutorial/lib/python3.10/site-packages/flwr/client/app.py", line 297, in _fit
    results = self.numpy_client.fit(parameters, ins.config)  # type: ignore
  File "/Users/dinukaperera/FLwithFlwr/flowertry/cleint.py", line 196, in fit
    return super().fit(parameters, config)
  File "/Users/dinukaperera/FLwithFlwr/flowertry/cleint.py", line 109, in fit
    c_i_new = train_scaffold(
TypeError: train_scaffold() missing 1 required positional argument: 'net'
[2026-01-11 00:55:24,435][flwr][ERROR] - [36mray::launch_and_fit()[39m (pid=80980, ip=127.0.0.1)
  File "/Users/dinukaperera/opt/anaconda3/envs/flower_tutorial/lib/python3.10/site-packages/flwr/simulation/ray_transport/ray_client_proxy.py", line 148, in launch_and_fit
    return maybe_call_fit(
  File "/Users/dinukaperera/opt/anaconda3/envs/flower_tutorial/lib/python3.10/site-packages/flwr/client/client.py", line 184, in maybe_call_fit
    return client.fit(fit_ins)
  File "/Users/dinukaperera/opt/anaconda3/envs/flower_tutorial/lib/python3.10/site-packages/flwr/client/app.py", line 297, in _fit
    results = self.numpy_client.fit(parameters, ins.config)  # type: ignore
  File "/Users/dinukaperera/FLwithFlwr/flowertry/cleint.py", line 196, in fit
    return super().fit(parameters, config)
  File "/Users/dinukaperera/FLwithFlwr/flowertry/cleint.py", line 109, in fit
    c_i_new = train_scaffold(
TypeError: train_scaffold() missing 1 required positional argument: 'net'
[2026-01-11 00:55:24,436][flwr][ERROR] - [36mray::launch_and_fit()[39m (pid=80981, ip=127.0.0.1)
  File "/Users/dinukaperera/opt/anaconda3/envs/flower_tutorial/lib/python3.10/site-packages/flwr/simulation/ray_transport/ray_client_proxy.py", line 148, in launch_and_fit
    return maybe_call_fit(
  File "/Users/dinukaperera/opt/anaconda3/envs/flower_tutorial/lib/python3.10/site-packages/flwr/client/client.py", line 184, in maybe_call_fit
    return client.fit(fit_ins)
  File "/Users/dinukaperera/opt/anaconda3/envs/flower_tutorial/lib/python3.10/site-packages/flwr/client/app.py", line 297, in _fit
    results = self.numpy_client.fit(parameters, ins.config)  # type: ignore
  File "/Users/dinukaperera/FLwithFlwr/flowertry/cleint.py", line 196, in fit
    return super().fit(parameters, config)
  File "/Users/dinukaperera/FLwithFlwr/flowertry/cleint.py", line 109, in fit
    c_i_new = train_scaffold(
TypeError: train_scaffold() missing 1 required positional argument: 'net'
[2026-01-11 00:55:24,437][flwr][ERROR] - [36mray::launch_and_fit()[39m (pid=80986, ip=127.0.0.1)
  File "/Users/dinukaperera/opt/anaconda3/envs/flower_tutorial/lib/python3.10/site-packages/flwr/simulation/ray_transport/ray_client_proxy.py", line 148, in launch_and_fit
    return maybe_call_fit(
  File "/Users/dinukaperera/opt/anaconda3/envs/flower_tutorial/lib/python3.10/site-packages/flwr/client/client.py", line 184, in maybe_call_fit
    return client.fit(fit_ins)
  File "/Users/dinukaperera/opt/anaconda3/envs/flower_tutorial/lib/python3.10/site-packages/flwr/client/app.py", line 297, in _fit
    results = self.numpy_client.fit(parameters, ins.config)  # type: ignore
  File "/Users/dinukaperera/FLwithFlwr/flowertry/cleint.py", line 196, in fit
    return super().fit(parameters, config)
  File "/Users/dinukaperera/FLwithFlwr/flowertry/cleint.py", line 109, in fit
    c_i_new = train_scaffold(
TypeError: train_scaffold() missing 1 required positional argument: 'net'
[2026-01-11 00:55:24,438][flwr][ERROR] - [36mray::launch_and_fit()[39m (pid=80987, ip=127.0.0.1)
  File "/Users/dinukaperera/opt/anaconda3/envs/flower_tutorial/lib/python3.10/site-packages/flwr/simulation/ray_transport/ray_client_proxy.py", line 148, in launch_and_fit
    return maybe_call_fit(
  File "/Users/dinukaperera/opt/anaconda3/envs/flower_tutorial/lib/python3.10/site-packages/flwr/client/client.py", line 184, in maybe_call_fit
    return client.fit(fit_ins)
  File "/Users/dinukaperera/opt/anaconda3/envs/flower_tutorial/lib/python3.10/site-packages/flwr/client/app.py", line 297, in _fit
    results = self.numpy_client.fit(parameters, ins.config)  # type: ignore
  File "/Users/dinukaperera/FLwithFlwr/flowertry/cleint.py", line 196, in fit
    return super().fit(parameters, config)
  File "/Users/dinukaperera/FLwithFlwr/flowertry/cleint.py", line 109, in fit
    c_i_new = train_scaffold(
TypeError: train_scaffold() missing 1 required positional argument: 'net'
[2026-01-11 00:55:24,441][flwr][ERROR] - [36mray::launch_and_fit()[39m (pid=80982, ip=127.0.0.1)
  File "/Users/dinukaperera/opt/anaconda3/envs/flower_tutorial/lib/python3.10/site-packages/flwr/simulation/ray_transport/ray_client_proxy.py", line 148, in launch_and_fit
    return maybe_call_fit(
  File "/Users/dinukaperera/opt/anaconda3/envs/flower_tutorial/lib/python3.10/site-packages/flwr/client/client.py", line 184, in maybe_call_fit
    return client.fit(fit_ins)
  File "/Users/dinukaperera/opt/anaconda3/envs/flower_tutorial/lib/python3.10/site-packages/flwr/client/app.py", line 297, in _fit
    results = self.numpy_client.fit(parameters, ins.config)  # type: ignore
  File "/Users/dinukaperera/FLwithFlwr/flowertry/cleint.py", line 196, in fit
    return super().fit(parameters, config)
  File "/Users/dinukaperera/FLwithFlwr/flowertry/cleint.py", line 109, in fit
    c_i_new = train_scaffold(
TypeError: train_scaffold() missing 1 required positional argument: 'net'
[2026-01-11 00:55:24,442][flwr][ERROR] - [36mray::launch_and_fit()[39m (pid=80985, ip=127.0.0.1)
  File "/Users/dinukaperera/opt/anaconda3/envs/flower_tutorial/lib/python3.10/site-packages/flwr/simulation/ray_transport/ray_client_proxy.py", line 148, in launch_and_fit
    return maybe_call_fit(
  File "/Users/dinukaperera/opt/anaconda3/envs/flower_tutorial/lib/python3.10/site-packages/flwr/client/client.py", line 184, in maybe_call_fit
    return client.fit(fit_ins)
  File "/Users/dinukaperera/opt/anaconda3/envs/flower_tutorial/lib/python3.10/site-packages/flwr/client/app.py", line 297, in _fit
    results = self.numpy_client.fit(parameters, ins.config)  # type: ignore
  File "/Users/dinukaperera/FLwithFlwr/flowertry/cleint.py", line 196, in fit
    return super().fit(parameters, config)
  File "/Users/dinukaperera/FLwithFlwr/flowertry/cleint.py", line 109, in fit
    c_i_new = train_scaffold(
TypeError: train_scaffold() missing 1 required positional argument: 'net'
[2026-01-11 00:55:24,442][flwr][ERROR] - [36mray::launch_and_fit()[39m (pid=80984, ip=127.0.0.1)
  File "/Users/dinukaperera/opt/anaconda3/envs/flower_tutorial/lib/python3.10/site-packages/flwr/simulation/ray_transport/ray_client_proxy.py", line 148, in launch_and_fit
    return maybe_call_fit(
  File "/Users/dinukaperera/opt/anaconda3/envs/flower_tutorial/lib/python3.10/site-packages/flwr/client/client.py", line 184, in maybe_call_fit
    return client.fit(fit_ins)
  File "/Users/dinukaperera/opt/anaconda3/envs/flower_tutorial/lib/python3.10/site-packages/flwr/client/app.py", line 297, in _fit
    results = self.numpy_client.fit(parameters, ins.config)  # type: ignore
  File "/Users/dinukaperera/FLwithFlwr/flowertry/cleint.py", line 196, in fit
    return super().fit(parameters, config)
  File "/Users/dinukaperera/FLwithFlwr/flowertry/cleint.py", line 109, in fit
    c_i_new = train_scaffold(
TypeError: train_scaffold() missing 1 required positional argument: 'net'
[2026-01-11 00:55:24,442][flwr][ERROR] - [36mray::launch_and_fit()[39m (pid=80979, ip=127.0.0.1)
  File "/Users/dinukaperera/opt/anaconda3/envs/flower_tutorial/lib/python3.10/site-packages/flwr/simulation/ray_transport/ray_client_proxy.py", line 148, in launch_and_fit
    return maybe_call_fit(
  File "/Users/dinukaperera/opt/anaconda3/envs/flower_tutorial/lib/python3.10/site-packages/flwr/client/client.py", line 184, in maybe_call_fit
    return client.fit(fit_ins)
  File "/Users/dinukaperera/opt/anaconda3/envs/flower_tutorial/lib/python3.10/site-packages/flwr/client/app.py", line 297, in _fit
    results = self.numpy_client.fit(parameters, ins.config)  # type: ignore
  File "/Users/dinukaperera/FLwithFlwr/flowertry/cleint.py", line 196, in fit
    return super().fit(parameters, config)
  File "/Users/dinukaperera/FLwithFlwr/flowertry/cleint.py", line 109, in fit
    c_i_new = train_scaffold(
TypeError: train_scaffold() missing 1 required positional argument: 'net'
[2026-01-11 00:55:24,444][flwr][DEBUG] - fit_round 11 received 0 results and 10 failures
[2026-01-11 00:55:24,479][flwr][INFO] - fit progress: (11, 72.24541532993317, {'accuracy': 0.286}, 5.212121792006656)
[2026-01-11 00:55:24,479][flwr][INFO] - evaluate_round 11: no clients selected, cancel
[2026-01-11 00:55:24,479][flwr][DEBUG] - fit_round 12: strategy sampled 10 clients (out of 100)
[2026-01-11 00:55:24,567][flwr][ERROR] - [36mray::launch_and_fit()[39m (pid=80979, ip=127.0.0.1)
  File "/Users/dinukaperera/opt/anaconda3/envs/flower_tutorial/lib/python3.10/site-packages/flwr/simulation/ray_transport/ray_client_proxy.py", line 148, in launch_and_fit
    return maybe_call_fit(
  File "/Users/dinukaperera/opt/anaconda3/envs/flower_tutorial/lib/python3.10/site-packages/flwr/client/client.py", line 184, in maybe_call_fit
    return client.fit(fit_ins)
  File "/Users/dinukaperera/opt/anaconda3/envs/flower_tutorial/lib/python3.10/site-packages/flwr/client/app.py", line 297, in _fit
    results = self.numpy_client.fit(parameters, ins.config)  # type: ignore
  File "/Users/dinukaperera/FLwithFlwr/flowertry/cleint.py", line 196, in fit
    return super().fit(parameters, config)
  File "/Users/dinukaperera/FLwithFlwr/flowertry/cleint.py", line 109, in fit
    c_i_new = train_scaffold(
TypeError: train_scaffold() missing 1 required positional argument: 'net'
[2026-01-11 00:55:24,614][flwr][ERROR] - [36mray::launch_and_fit()[39m (pid=80979, ip=127.0.0.1)
  File "/Users/dinukaperera/opt/anaconda3/envs/flower_tutorial/lib/python3.10/site-packages/flwr/simulation/ray_transport/ray_client_proxy.py", line 148, in launch_and_fit
    return maybe_call_fit(
  File "/Users/dinukaperera/opt/anaconda3/envs/flower_tutorial/lib/python3.10/site-packages/flwr/client/client.py", line 184, in maybe_call_fit
    return client.fit(fit_ins)
  File "/Users/dinukaperera/opt/anaconda3/envs/flower_tutorial/lib/python3.10/site-packages/flwr/client/app.py", line 297, in _fit
    results = self.numpy_client.fit(parameters, ins.config)  # type: ignore
  File "/Users/dinukaperera/FLwithFlwr/flowertry/cleint.py", line 196, in fit
    return super().fit(parameters, config)
  File "/Users/dinukaperera/FLwithFlwr/flowertry/cleint.py", line 109, in fit
    c_i_new = train_scaffold(
TypeError: train_scaffold() missing 1 required positional argument: 'net'
[2026-01-11 00:55:24,617][flwr][ERROR] - [36mray::launch_and_fit()[39m (pid=80985, ip=127.0.0.1)
  File "/Users/dinukaperera/opt/anaconda3/envs/flower_tutorial/lib/python3.10/site-packages/flwr/simulation/ray_transport/ray_client_proxy.py", line 148, in launch_and_fit
    return maybe_call_fit(
  File "/Users/dinukaperera/opt/anaconda3/envs/flower_tutorial/lib/python3.10/site-packages/flwr/client/client.py", line 184, in maybe_call_fit
    return client.fit(fit_ins)
  File "/Users/dinukaperera/opt/anaconda3/envs/flower_tutorial/lib/python3.10/site-packages/flwr/client/app.py", line 297, in _fit
    results = self.numpy_client.fit(parameters, ins.config)  # type: ignore
  File "/Users/dinukaperera/FLwithFlwr/flowertry/cleint.py", line 196, in fit
    return super().fit(parameters, config)
  File "/Users/dinukaperera/FLwithFlwr/flowertry/cleint.py", line 109, in fit
    c_i_new = train_scaffold(
TypeError: train_scaffold() missing 1 required positional argument: 'net'
[2026-01-11 00:55:24,617][flwr][ERROR] - [36mray::launch_and_fit()[39m (pid=80984, ip=127.0.0.1)
  File "/Users/dinukaperera/opt/anaconda3/envs/flower_tutorial/lib/python3.10/site-packages/flwr/simulation/ray_transport/ray_client_proxy.py", line 148, in launch_and_fit
    return maybe_call_fit(
  File "/Users/dinukaperera/opt/anaconda3/envs/flower_tutorial/lib/python3.10/site-packages/flwr/client/client.py", line 184, in maybe_call_fit
    return client.fit(fit_ins)
  File "/Users/dinukaperera/opt/anaconda3/envs/flower_tutorial/lib/python3.10/site-packages/flwr/client/app.py", line 297, in _fit
    results = self.numpy_client.fit(parameters, ins.config)  # type: ignore
  File "/Users/dinukaperera/FLwithFlwr/flowertry/cleint.py", line 196, in fit
    return super().fit(parameters, config)
  File "/Users/dinukaperera/FLwithFlwr/flowertry/cleint.py", line 109, in fit
    c_i_new = train_scaffold(
TypeError: train_scaffold() missing 1 required positional argument: 'net'
[2026-01-11 00:55:24,619][flwr][ERROR] - [36mray::launch_and_fit()[39m (pid=80986, ip=127.0.0.1)
  File "/Users/dinukaperera/opt/anaconda3/envs/flower_tutorial/lib/python3.10/site-packages/flwr/simulation/ray_transport/ray_client_proxy.py", line 148, in launch_and_fit
    return maybe_call_fit(
  File "/Users/dinukaperera/opt/anaconda3/envs/flower_tutorial/lib/python3.10/site-packages/flwr/client/client.py", line 184, in maybe_call_fit
    return client.fit(fit_ins)
  File "/Users/dinukaperera/opt/anaconda3/envs/flower_tutorial/lib/python3.10/site-packages/flwr/client/app.py", line 297, in _fit
    results = self.numpy_client.fit(parameters, ins.config)  # type: ignore
  File "/Users/dinukaperera/FLwithFlwr/flowertry/cleint.py", line 196, in fit
    return super().fit(parameters, config)
  File "/Users/dinukaperera/FLwithFlwr/flowertry/cleint.py", line 109, in fit
    c_i_new = train_scaffold(
TypeError: train_scaffold() missing 1 required positional argument: 'net'
[2026-01-11 00:55:24,619][flwr][ERROR] - [36mray::launch_and_fit()[39m (pid=80982, ip=127.0.0.1)
  File "/Users/dinukaperera/opt/anaconda3/envs/flower_tutorial/lib/python3.10/site-packages/flwr/simulation/ray_transport/ray_client_proxy.py", line 148, in launch_and_fit
    return maybe_call_fit(
  File "/Users/dinukaperera/opt/anaconda3/envs/flower_tutorial/lib/python3.10/site-packages/flwr/client/client.py", line 184, in maybe_call_fit
    return client.fit(fit_ins)
  File "/Users/dinukaperera/opt/anaconda3/envs/flower_tutorial/lib/python3.10/site-packages/flwr/client/app.py", line 297, in _fit
    results = self.numpy_client.fit(parameters, ins.config)  # type: ignore
  File "/Users/dinukaperera/FLwithFlwr/flowertry/cleint.py", line 196, in fit
    return super().fit(parameters, config)
  File "/Users/dinukaperera/FLwithFlwr/flowertry/cleint.py", line 109, in fit
    c_i_new = train_scaffold(
TypeError: train_scaffold() missing 1 required positional argument: 'net'
[2026-01-11 00:55:24,620][flwr][ERROR] - [36mray::launch_and_fit()[39m (pid=80981, ip=127.0.0.1)
  File "/Users/dinukaperera/opt/anaconda3/envs/flower_tutorial/lib/python3.10/site-packages/flwr/simulation/ray_transport/ray_client_proxy.py", line 148, in launch_and_fit
    return maybe_call_fit(
  File "/Users/dinukaperera/opt/anaconda3/envs/flower_tutorial/lib/python3.10/site-packages/flwr/client/client.py", line 184, in maybe_call_fit
    return client.fit(fit_ins)
  File "/Users/dinukaperera/opt/anaconda3/envs/flower_tutorial/lib/python3.10/site-packages/flwr/client/app.py", line 297, in _fit
    results = self.numpy_client.fit(parameters, ins.config)  # type: ignore
  File "/Users/dinukaperera/FLwithFlwr/flowertry/cleint.py", line 196, in fit
    return super().fit(parameters, config)
  File "/Users/dinukaperera/FLwithFlwr/flowertry/cleint.py", line 109, in fit
    c_i_new = train_scaffold(
TypeError: train_scaffold() missing 1 required positional argument: 'net'
[2026-01-11 00:55:24,623][flwr][ERROR] - [36mray::launch_and_fit()[39m (pid=80987, ip=127.0.0.1)
  File "/Users/dinukaperera/opt/anaconda3/envs/flower_tutorial/lib/python3.10/site-packages/flwr/simulation/ray_transport/ray_client_proxy.py", line 148, in launch_and_fit
    return maybe_call_fit(
  File "/Users/dinukaperera/opt/anaconda3/envs/flower_tutorial/lib/python3.10/site-packages/flwr/client/client.py", line 184, in maybe_call_fit
    return client.fit(fit_ins)
  File "/Users/dinukaperera/opt/anaconda3/envs/flower_tutorial/lib/python3.10/site-packages/flwr/client/app.py", line 297, in _fit
    results = self.numpy_client.fit(parameters, ins.config)  # type: ignore
  File "/Users/dinukaperera/FLwithFlwr/flowertry/cleint.py", line 196, in fit
    return super().fit(parameters, config)
  File "/Users/dinukaperera/FLwithFlwr/flowertry/cleint.py", line 109, in fit
    c_i_new = train_scaffold(
TypeError: train_scaffold() missing 1 required positional argument: 'net'
[2026-01-11 00:55:24,623][flwr][ERROR] - [36mray::launch_and_fit()[39m (pid=80980, ip=127.0.0.1)
  File "/Users/dinukaperera/opt/anaconda3/envs/flower_tutorial/lib/python3.10/site-packages/flwr/simulation/ray_transport/ray_client_proxy.py", line 148, in launch_and_fit
    return maybe_call_fit(
  File "/Users/dinukaperera/opt/anaconda3/envs/flower_tutorial/lib/python3.10/site-packages/flwr/client/client.py", line 184, in maybe_call_fit
    return client.fit(fit_ins)
  File "/Users/dinukaperera/opt/anaconda3/envs/flower_tutorial/lib/python3.10/site-packages/flwr/client/app.py", line 297, in _fit
    results = self.numpy_client.fit(parameters, ins.config)  # type: ignore
  File "/Users/dinukaperera/FLwithFlwr/flowertry/cleint.py", line 196, in fit
    return super().fit(parameters, config)
  File "/Users/dinukaperera/FLwithFlwr/flowertry/cleint.py", line 109, in fit
    c_i_new = train_scaffold(
TypeError: train_scaffold() missing 1 required positional argument: 'net'
[2026-01-11 00:55:24,625][flwr][ERROR] - [36mray::launch_and_fit()[39m (pid=80988, ip=127.0.0.1)
  File "/Users/dinukaperera/opt/anaconda3/envs/flower_tutorial/lib/python3.10/site-packages/flwr/simulation/ray_transport/ray_client_proxy.py", line 148, in launch_and_fit
    return maybe_call_fit(
  File "/Users/dinukaperera/opt/anaconda3/envs/flower_tutorial/lib/python3.10/site-packages/flwr/client/client.py", line 184, in maybe_call_fit
    return client.fit(fit_ins)
  File "/Users/dinukaperera/opt/anaconda3/envs/flower_tutorial/lib/python3.10/site-packages/flwr/client/app.py", line 297, in _fit
    results = self.numpy_client.fit(parameters, ins.config)  # type: ignore
  File "/Users/dinukaperera/FLwithFlwr/flowertry/cleint.py", line 196, in fit
    return super().fit(parameters, config)
  File "/Users/dinukaperera/FLwithFlwr/flowertry/cleint.py", line 109, in fit
    c_i_new = train_scaffold(
TypeError: train_scaffold() missing 1 required positional argument: 'net'
[2026-01-11 00:55:24,625][flwr][DEBUG] - fit_round 12 received 0 results and 10 failures
[2026-01-11 00:55:24,647][flwr][INFO] - fit progress: (12, 72.24541532993317, {'accuracy': 0.286}, 5.380678792003891)
[2026-01-11 00:55:24,647][flwr][INFO] - evaluate_round 12: no clients selected, cancel
[2026-01-11 00:55:24,648][flwr][DEBUG] - fit_round 13: strategy sampled 10 clients (out of 100)
[2026-01-11 00:55:24,791][flwr][ERROR] - [36mray::launch_and_fit()[39m (pid=80988, ip=127.0.0.1)
  File "/Users/dinukaperera/opt/anaconda3/envs/flower_tutorial/lib/python3.10/site-packages/flwr/simulation/ray_transport/ray_client_proxy.py", line 148, in launch_and_fit
    return maybe_call_fit(
  File "/Users/dinukaperera/opt/anaconda3/envs/flower_tutorial/lib/python3.10/site-packages/flwr/client/client.py", line 184, in maybe_call_fit
    return client.fit(fit_ins)
  File "/Users/dinukaperera/opt/anaconda3/envs/flower_tutorial/lib/python3.10/site-packages/flwr/client/app.py", line 297, in _fit
    results = self.numpy_client.fit(parameters, ins.config)  # type: ignore
  File "/Users/dinukaperera/FLwithFlwr/flowertry/cleint.py", line 196, in fit
    return super().fit(parameters, config)
  File "/Users/dinukaperera/FLwithFlwr/flowertry/cleint.py", line 109, in fit
    c_i_new = train_scaffold(
TypeError: train_scaffold() missing 1 required positional argument: 'net'
[2026-01-11 00:55:24,793][flwr][ERROR] - [36mray::launch_and_fit()[39m (pid=80980, ip=127.0.0.1)
  File "/Users/dinukaperera/opt/anaconda3/envs/flower_tutorial/lib/python3.10/site-packages/flwr/simulation/ray_transport/ray_client_proxy.py", line 148, in launch_and_fit
    return maybe_call_fit(
  File "/Users/dinukaperera/opt/anaconda3/envs/flower_tutorial/lib/python3.10/site-packages/flwr/client/client.py", line 184, in maybe_call_fit
    return client.fit(fit_ins)
  File "/Users/dinukaperera/opt/anaconda3/envs/flower_tutorial/lib/python3.10/site-packages/flwr/client/app.py", line 297, in _fit
    results = self.numpy_client.fit(parameters, ins.config)  # type: ignore
  File "/Users/dinukaperera/FLwithFlwr/flowertry/cleint.py", line 196, in fit
    return super().fit(parameters, config)
  File "/Users/dinukaperera/FLwithFlwr/flowertry/cleint.py", line 109, in fit
    c_i_new = train_scaffold(
TypeError: train_scaffold() missing 1 required positional argument: 'net'
[2026-01-11 00:55:24,796][flwr][ERROR] - [36mray::launch_and_fit()[39m (pid=80986, ip=127.0.0.1)
  File "/Users/dinukaperera/opt/anaconda3/envs/flower_tutorial/lib/python3.10/site-packages/flwr/simulation/ray_transport/ray_client_proxy.py", line 148, in launch_and_fit
    return maybe_call_fit(
  File "/Users/dinukaperera/opt/anaconda3/envs/flower_tutorial/lib/python3.10/site-packages/flwr/client/client.py", line 184, in maybe_call_fit
    return client.fit(fit_ins)
  File "/Users/dinukaperera/opt/anaconda3/envs/flower_tutorial/lib/python3.10/site-packages/flwr/client/app.py", line 297, in _fit
    results = self.numpy_client.fit(parameters, ins.config)  # type: ignore
  File "/Users/dinukaperera/FLwithFlwr/flowertry/cleint.py", line 196, in fit
    return super().fit(parameters, config)
  File "/Users/dinukaperera/FLwithFlwr/flowertry/cleint.py", line 109, in fit
    c_i_new = train_scaffold(
TypeError: train_scaffold() missing 1 required positional argument: 'net'
[2026-01-11 00:55:24,797][flwr][ERROR] - [36mray::launch_and_fit()[39m (pid=80985, ip=127.0.0.1)
  File "/Users/dinukaperera/opt/anaconda3/envs/flower_tutorial/lib/python3.10/site-packages/flwr/simulation/ray_transport/ray_client_proxy.py", line 148, in launch_and_fit
    return maybe_call_fit(
  File "/Users/dinukaperera/opt/anaconda3/envs/flower_tutorial/lib/python3.10/site-packages/flwr/client/client.py", line 184, in maybe_call_fit
    return client.fit(fit_ins)
  File "/Users/dinukaperera/opt/anaconda3/envs/flower_tutorial/lib/python3.10/site-packages/flwr/client/app.py", line 297, in _fit
    results = self.numpy_client.fit(parameters, ins.config)  # type: ignore
  File "/Users/dinukaperera/FLwithFlwr/flowertry/cleint.py", line 196, in fit
    return super().fit(parameters, config)
  File "/Users/dinukaperera/FLwithFlwr/flowertry/cleint.py", line 109, in fit
    c_i_new = train_scaffold(
TypeError: train_scaffold() missing 1 required positional argument: 'net'
[2026-01-11 00:55:24,798][flwr][ERROR] - [36mray::launch_and_fit()[39m (pid=80987, ip=127.0.0.1)
  File "/Users/dinukaperera/opt/anaconda3/envs/flower_tutorial/lib/python3.10/site-packages/flwr/simulation/ray_transport/ray_client_proxy.py", line 148, in launch_and_fit
    return maybe_call_fit(
  File "/Users/dinukaperera/opt/anaconda3/envs/flower_tutorial/lib/python3.10/site-packages/flwr/client/client.py", line 184, in maybe_call_fit
    return client.fit(fit_ins)
  File "/Users/dinukaperera/opt/anaconda3/envs/flower_tutorial/lib/python3.10/site-packages/flwr/client/app.py", line 297, in _fit
    results = self.numpy_client.fit(parameters, ins.config)  # type: ignore
  File "/Users/dinukaperera/FLwithFlwr/flowertry/cleint.py", line 196, in fit
    return super().fit(parameters, config)
  File "/Users/dinukaperera/FLwithFlwr/flowertry/cleint.py", line 109, in fit
    c_i_new = train_scaffold(
TypeError: train_scaffold() missing 1 required positional argument: 'net'
[2026-01-11 00:55:24,798][flwr][ERROR] - [36mray::launch_and_fit()[39m (pid=80982, ip=127.0.0.1)
  File "/Users/dinukaperera/opt/anaconda3/envs/flower_tutorial/lib/python3.10/site-packages/flwr/simulation/ray_transport/ray_client_proxy.py", line 148, in launch_and_fit
    return maybe_call_fit(
  File "/Users/dinukaperera/opt/anaconda3/envs/flower_tutorial/lib/python3.10/site-packages/flwr/client/client.py", line 184, in maybe_call_fit
    return client.fit(fit_ins)
  File "/Users/dinukaperera/opt/anaconda3/envs/flower_tutorial/lib/python3.10/site-packages/flwr/client/app.py", line 297, in _fit
    results = self.numpy_client.fit(parameters, ins.config)  # type: ignore
  File "/Users/dinukaperera/FLwithFlwr/flowertry/cleint.py", line 196, in fit
    return super().fit(parameters, config)
  File "/Users/dinukaperera/FLwithFlwr/flowertry/cleint.py", line 109, in fit
    c_i_new = train_scaffold(
TypeError: train_scaffold() missing 1 required positional argument: 'net'
[2026-01-11 00:55:24,799][flwr][ERROR] - [36mray::launch_and_fit()[39m (pid=80981, ip=127.0.0.1)
  File "/Users/dinukaperera/opt/anaconda3/envs/flower_tutorial/lib/python3.10/site-packages/flwr/simulation/ray_transport/ray_client_proxy.py", line 148, in launch_and_fit
    return maybe_call_fit(
  File "/Users/dinukaperera/opt/anaconda3/envs/flower_tutorial/lib/python3.10/site-packages/flwr/client/client.py", line 184, in maybe_call_fit
    return client.fit(fit_ins)
  File "/Users/dinukaperera/opt/anaconda3/envs/flower_tutorial/lib/python3.10/site-packages/flwr/client/app.py", line 297, in _fit
    results = self.numpy_client.fit(parameters, ins.config)  # type: ignore
  File "/Users/dinukaperera/FLwithFlwr/flowertry/cleint.py", line 196, in fit
    return super().fit(parameters, config)
  File "/Users/dinukaperera/FLwithFlwr/flowertry/cleint.py", line 109, in fit
    c_i_new = train_scaffold(
TypeError: train_scaffold() missing 1 required positional argument: 'net'
[2026-01-11 00:55:24,801][flwr][ERROR] - [36mray::launch_and_fit()[39m (pid=80979, ip=127.0.0.1)
  File "/Users/dinukaperera/opt/anaconda3/envs/flower_tutorial/lib/python3.10/site-packages/flwr/simulation/ray_transport/ray_client_proxy.py", line 148, in launch_and_fit
    return maybe_call_fit(
  File "/Users/dinukaperera/opt/anaconda3/envs/flower_tutorial/lib/python3.10/site-packages/flwr/client/client.py", line 184, in maybe_call_fit
    return client.fit(fit_ins)
  File "/Users/dinukaperera/opt/anaconda3/envs/flower_tutorial/lib/python3.10/site-packages/flwr/client/app.py", line 297, in _fit
    results = self.numpy_client.fit(parameters, ins.config)  # type: ignore
  File "/Users/dinukaperera/FLwithFlwr/flowertry/cleint.py", line 196, in fit
    return super().fit(parameters, config)
  File "/Users/dinukaperera/FLwithFlwr/flowertry/cleint.py", line 109, in fit
    c_i_new = train_scaffold(
TypeError: train_scaffold() missing 1 required positional argument: 'net'
[2026-01-11 00:55:24,801][flwr][ERROR] - [36mray::launch_and_fit()[39m (pid=80984, ip=127.0.0.1)
  File "/Users/dinukaperera/opt/anaconda3/envs/flower_tutorial/lib/python3.10/site-packages/flwr/simulation/ray_transport/ray_client_proxy.py", line 148, in launch_and_fit
    return maybe_call_fit(
  File "/Users/dinukaperera/opt/anaconda3/envs/flower_tutorial/lib/python3.10/site-packages/flwr/client/client.py", line 184, in maybe_call_fit
    return client.fit(fit_ins)
  File "/Users/dinukaperera/opt/anaconda3/envs/flower_tutorial/lib/python3.10/site-packages/flwr/client/app.py", line 297, in _fit
    results = self.numpy_client.fit(parameters, ins.config)  # type: ignore
  File "/Users/dinukaperera/FLwithFlwr/flowertry/cleint.py", line 196, in fit
    return super().fit(parameters, config)
  File "/Users/dinukaperera/FLwithFlwr/flowertry/cleint.py", line 109, in fit
    c_i_new = train_scaffold(
TypeError: train_scaffold() missing 1 required positional argument: 'net'
[2026-01-11 00:55:24,802][flwr][ERROR] - [36mray::launch_and_fit()[39m (pid=80983, ip=127.0.0.1)
  File "/Users/dinukaperera/opt/anaconda3/envs/flower_tutorial/lib/python3.10/site-packages/flwr/simulation/ray_transport/ray_client_proxy.py", line 148, in launch_and_fit
    return maybe_call_fit(
  File "/Users/dinukaperera/opt/anaconda3/envs/flower_tutorial/lib/python3.10/site-packages/flwr/client/client.py", line 184, in maybe_call_fit
    return client.fit(fit_ins)
  File "/Users/dinukaperera/opt/anaconda3/envs/flower_tutorial/lib/python3.10/site-packages/flwr/client/app.py", line 297, in _fit
    results = self.numpy_client.fit(parameters, ins.config)  # type: ignore
  File "/Users/dinukaperera/FLwithFlwr/flowertry/cleint.py", line 196, in fit
    return super().fit(parameters, config)
  File "/Users/dinukaperera/FLwithFlwr/flowertry/cleint.py", line 109, in fit
    c_i_new = train_scaffold(
TypeError: train_scaffold() missing 1 required positional argument: 'net'
[2026-01-11 00:55:24,803][flwr][DEBUG] - fit_round 13 received 0 results and 10 failures
[2026-01-11 00:55:24,825][flwr][INFO] - fit progress: (13, 72.24541532993317, {'accuracy': 0.286}, 5.5585346250009025)
[2026-01-11 00:55:24,825][flwr][INFO] - evaluate_round 13: no clients selected, cancel
[2026-01-11 00:55:24,826][flwr][DEBUG] - fit_round 14: strategy sampled 10 clients (out of 100)
[2026-01-11 00:55:24,971][flwr][ERROR] - [36mray::launch_and_fit()[39m (pid=80983, ip=127.0.0.1)
  File "/Users/dinukaperera/opt/anaconda3/envs/flower_tutorial/lib/python3.10/site-packages/flwr/simulation/ray_transport/ray_client_proxy.py", line 148, in launch_and_fit
    return maybe_call_fit(
  File "/Users/dinukaperera/opt/anaconda3/envs/flower_tutorial/lib/python3.10/site-packages/flwr/client/client.py", line 184, in maybe_call_fit
    return client.fit(fit_ins)
  File "/Users/dinukaperera/opt/anaconda3/envs/flower_tutorial/lib/python3.10/site-packages/flwr/client/app.py", line 297, in _fit
    results = self.numpy_client.fit(parameters, ins.config)  # type: ignore
  File "/Users/dinukaperera/FLwithFlwr/flowertry/cleint.py", line 196, in fit
    return super().fit(parameters, config)
  File "/Users/dinukaperera/FLwithFlwr/flowertry/cleint.py", line 109, in fit
    c_i_new = train_scaffold(
TypeError: train_scaffold() missing 1 required positional argument: 'net'
[2026-01-11 00:55:24,972][flwr][ERROR] - [36mray::launch_and_fit()[39m (pid=80984, ip=127.0.0.1)
  File "/Users/dinukaperera/opt/anaconda3/envs/flower_tutorial/lib/python3.10/site-packages/flwr/simulation/ray_transport/ray_client_proxy.py", line 148, in launch_and_fit
    return maybe_call_fit(
  File "/Users/dinukaperera/opt/anaconda3/envs/flower_tutorial/lib/python3.10/site-packages/flwr/client/client.py", line 184, in maybe_call_fit
    return client.fit(fit_ins)
  File "/Users/dinukaperera/opt/anaconda3/envs/flower_tutorial/lib/python3.10/site-packages/flwr/client/app.py", line 297, in _fit
    results = self.numpy_client.fit(parameters, ins.config)  # type: ignore
  File "/Users/dinukaperera/FLwithFlwr/flowertry/cleint.py", line 196, in fit
    return super().fit(parameters, config)
  File "/Users/dinukaperera/FLwithFlwr/flowertry/cleint.py", line 109, in fit
    c_i_new = train_scaffold(
TypeError: train_scaffold() missing 1 required positional argument: 'net'
[2026-01-11 00:55:24,973][flwr][ERROR] - [36mray::launch_and_fit()[39m (pid=80981, ip=127.0.0.1)
  File "/Users/dinukaperera/opt/anaconda3/envs/flower_tutorial/lib/python3.10/site-packages/flwr/simulation/ray_transport/ray_client_proxy.py", line 148, in launch_and_fit
    return maybe_call_fit(
  File "/Users/dinukaperera/opt/anaconda3/envs/flower_tutorial/lib/python3.10/site-packages/flwr/client/client.py", line 184, in maybe_call_fit
    return client.fit(fit_ins)
  File "/Users/dinukaperera/opt/anaconda3/envs/flower_tutorial/lib/python3.10/site-packages/flwr/client/app.py", line 297, in _fit
    results = self.numpy_client.fit(parameters, ins.config)  # type: ignore
  File "/Users/dinukaperera/FLwithFlwr/flowertry/cleint.py", line 196, in fit
    return super().fit(parameters, config)
  File "/Users/dinukaperera/FLwithFlwr/flowertry/cleint.py", line 109, in fit
    c_i_new = train_scaffold(
TypeError: train_scaffold() missing 1 required positional argument: 'net'
[2026-01-11 00:55:24,974][flwr][ERROR] - [36mray::launch_and_fit()[39m (pid=80979, ip=127.0.0.1)
  File "/Users/dinukaperera/opt/anaconda3/envs/flower_tutorial/lib/python3.10/site-packages/flwr/simulation/ray_transport/ray_client_proxy.py", line 148, in launch_and_fit
    return maybe_call_fit(
  File "/Users/dinukaperera/opt/anaconda3/envs/flower_tutorial/lib/python3.10/site-packages/flwr/client/client.py", line 184, in maybe_call_fit
    return client.fit(fit_ins)
  File "/Users/dinukaperera/opt/anaconda3/envs/flower_tutorial/lib/python3.10/site-packages/flwr/client/app.py", line 297, in _fit
    results = self.numpy_client.fit(parameters, ins.config)  # type: ignore
  File "/Users/dinukaperera/FLwithFlwr/flowertry/cleint.py", line 196, in fit
    return super().fit(parameters, config)
  File "/Users/dinukaperera/FLwithFlwr/flowertry/cleint.py", line 109, in fit
    c_i_new = train_scaffold(
TypeError: train_scaffold() missing 1 required positional argument: 'net'
[2026-01-11 00:55:24,976][flwr][ERROR] - [36mray::launch_and_fit()[39m (pid=80982, ip=127.0.0.1)
  File "/Users/dinukaperera/opt/anaconda3/envs/flower_tutorial/lib/python3.10/site-packages/flwr/simulation/ray_transport/ray_client_proxy.py", line 148, in launch_and_fit
    return maybe_call_fit(
  File "/Users/dinukaperera/opt/anaconda3/envs/flower_tutorial/lib/python3.10/site-packages/flwr/client/client.py", line 184, in maybe_call_fit
    return client.fit(fit_ins)
  File "/Users/dinukaperera/opt/anaconda3/envs/flower_tutorial/lib/python3.10/site-packages/flwr/client/app.py", line 297, in _fit
    results = self.numpy_client.fit(parameters, ins.config)  # type: ignore
  File "/Users/dinukaperera/FLwithFlwr/flowertry/cleint.py", line 196, in fit
    return super().fit(parameters, config)
  File "/Users/dinukaperera/FLwithFlwr/flowertry/cleint.py", line 109, in fit
    c_i_new = train_scaffold(
TypeError: train_scaffold() missing 1 required positional argument: 'net'
[2026-01-11 00:55:24,977][flwr][ERROR] - [36mray::launch_and_fit()[39m (pid=80985, ip=127.0.0.1)
  File "/Users/dinukaperera/opt/anaconda3/envs/flower_tutorial/lib/python3.10/site-packages/flwr/simulation/ray_transport/ray_client_proxy.py", line 148, in launch_and_fit
    return maybe_call_fit(
  File "/Users/dinukaperera/opt/anaconda3/envs/flower_tutorial/lib/python3.10/site-packages/flwr/client/client.py", line 184, in maybe_call_fit
    return client.fit(fit_ins)
  File "/Users/dinukaperera/opt/anaconda3/envs/flower_tutorial/lib/python3.10/site-packages/flwr/client/app.py", line 297, in _fit
    results = self.numpy_client.fit(parameters, ins.config)  # type: ignore
  File "/Users/dinukaperera/FLwithFlwr/flowertry/cleint.py", line 196, in fit
    return super().fit(parameters, config)
  File "/Users/dinukaperera/FLwithFlwr/flowertry/cleint.py", line 109, in fit
    c_i_new = train_scaffold(
TypeError: train_scaffold() missing 1 required positional argument: 'net'
[2026-01-11 00:55:24,979][flwr][ERROR] - [36mray::launch_and_fit()[39m (pid=80986, ip=127.0.0.1)
  File "/Users/dinukaperera/opt/anaconda3/envs/flower_tutorial/lib/python3.10/site-packages/flwr/simulation/ray_transport/ray_client_proxy.py", line 148, in launch_and_fit
    return maybe_call_fit(
  File "/Users/dinukaperera/opt/anaconda3/envs/flower_tutorial/lib/python3.10/site-packages/flwr/client/client.py", line 184, in maybe_call_fit
    return client.fit(fit_ins)
  File "/Users/dinukaperera/opt/anaconda3/envs/flower_tutorial/lib/python3.10/site-packages/flwr/client/app.py", line 297, in _fit
    results = self.numpy_client.fit(parameters, ins.config)  # type: ignore
  File "/Users/dinukaperera/FLwithFlwr/flowertry/cleint.py", line 196, in fit
    return super().fit(parameters, config)
  File "/Users/dinukaperera/FLwithFlwr/flowertry/cleint.py", line 109, in fit
    c_i_new = train_scaffold(
TypeError: train_scaffold() missing 1 required positional argument: 'net'
[2026-01-11 00:55:24,979][flwr][ERROR] - [36mray::launch_and_fit()[39m (pid=80988, ip=127.0.0.1)
  File "/Users/dinukaperera/opt/anaconda3/envs/flower_tutorial/lib/python3.10/site-packages/flwr/simulation/ray_transport/ray_client_proxy.py", line 148, in launch_and_fit
    return maybe_call_fit(
  File "/Users/dinukaperera/opt/anaconda3/envs/flower_tutorial/lib/python3.10/site-packages/flwr/client/client.py", line 184, in maybe_call_fit
    return client.fit(fit_ins)
  File "/Users/dinukaperera/opt/anaconda3/envs/flower_tutorial/lib/python3.10/site-packages/flwr/client/app.py", line 297, in _fit
    results = self.numpy_client.fit(parameters, ins.config)  # type: ignore
  File "/Users/dinukaperera/FLwithFlwr/flowertry/cleint.py", line 196, in fit
    return super().fit(parameters, config)
  File "/Users/dinukaperera/FLwithFlwr/flowertry/cleint.py", line 109, in fit
    c_i_new = train_scaffold(
TypeError: train_scaffold() missing 1 required positional argument: 'net'
[2026-01-11 00:55:24,979][flwr][ERROR] - [36mray::launch_and_fit()[39m (pid=80987, ip=127.0.0.1)
  File "/Users/dinukaperera/opt/anaconda3/envs/flower_tutorial/lib/python3.10/site-packages/flwr/simulation/ray_transport/ray_client_proxy.py", line 148, in launch_and_fit
    return maybe_call_fit(
  File "/Users/dinukaperera/opt/anaconda3/envs/flower_tutorial/lib/python3.10/site-packages/flwr/client/client.py", line 184, in maybe_call_fit
    return client.fit(fit_ins)
  File "/Users/dinukaperera/opt/anaconda3/envs/flower_tutorial/lib/python3.10/site-packages/flwr/client/app.py", line 297, in _fit
    results = self.numpy_client.fit(parameters, ins.config)  # type: ignore
  File "/Users/dinukaperera/FLwithFlwr/flowertry/cleint.py", line 196, in fit
    return super().fit(parameters, config)
  File "/Users/dinukaperera/FLwithFlwr/flowertry/cleint.py", line 109, in fit
    c_i_new = train_scaffold(
TypeError: train_scaffold() missing 1 required positional argument: 'net'
[2026-01-11 00:55:24,980][flwr][ERROR] - [36mray::launch_and_fit()[39m (pid=80980, ip=127.0.0.1)
  File "/Users/dinukaperera/opt/anaconda3/envs/flower_tutorial/lib/python3.10/site-packages/flwr/simulation/ray_transport/ray_client_proxy.py", line 148, in launch_and_fit
    return maybe_call_fit(
  File "/Users/dinukaperera/opt/anaconda3/envs/flower_tutorial/lib/python3.10/site-packages/flwr/client/client.py", line 184, in maybe_call_fit
    return client.fit(fit_ins)
  File "/Users/dinukaperera/opt/anaconda3/envs/flower_tutorial/lib/python3.10/site-packages/flwr/client/app.py", line 297, in _fit
    results = self.numpy_client.fit(parameters, ins.config)  # type: ignore
  File "/Users/dinukaperera/FLwithFlwr/flowertry/cleint.py", line 196, in fit
    return super().fit(parameters, config)
  File "/Users/dinukaperera/FLwithFlwr/flowertry/cleint.py", line 109, in fit
    c_i_new = train_scaffold(
TypeError: train_scaffold() missing 1 required positional argument: 'net'
[2026-01-11 00:55:24,981][flwr][DEBUG] - fit_round 14 received 0 results and 10 failures
[2026-01-11 00:55:25,064][flwr][INFO] - fit progress: (14, 72.24541532993317, {'accuracy': 0.286}, 5.796900166998967)
[2026-01-11 00:55:25,064][flwr][INFO] - evaluate_round 14: no clients selected, cancel
[2026-01-11 00:55:25,065][flwr][DEBUG] - fit_round 15: strategy sampled 10 clients (out of 100)
[2026-01-11 00:55:25,212][flwr][ERROR] - [36mray::launch_and_fit()[39m (pid=80980, ip=127.0.0.1)
  File "/Users/dinukaperera/opt/anaconda3/envs/flower_tutorial/lib/python3.10/site-packages/flwr/simulation/ray_transport/ray_client_proxy.py", line 148, in launch_and_fit
    return maybe_call_fit(
  File "/Users/dinukaperera/opt/anaconda3/envs/flower_tutorial/lib/python3.10/site-packages/flwr/client/client.py", line 184, in maybe_call_fit
    return client.fit(fit_ins)
  File "/Users/dinukaperera/opt/anaconda3/envs/flower_tutorial/lib/python3.10/site-packages/flwr/client/app.py", line 297, in _fit
    results = self.numpy_client.fit(parameters, ins.config)  # type: ignore
  File "/Users/dinukaperera/FLwithFlwr/flowertry/cleint.py", line 196, in fit
    return super().fit(parameters, config)
  File "/Users/dinukaperera/FLwithFlwr/flowertry/cleint.py", line 109, in fit
    c_i_new = train_scaffold(
TypeError: train_scaffold() missing 1 required positional argument: 'net'
[2026-01-11 00:55:25,214][flwr][ERROR] - [36mray::launch_and_fit()[39m (pid=80988, ip=127.0.0.1)
  File "/Users/dinukaperera/opt/anaconda3/envs/flower_tutorial/lib/python3.10/site-packages/flwr/simulation/ray_transport/ray_client_proxy.py", line 148, in launch_and_fit
    return maybe_call_fit(
  File "/Users/dinukaperera/opt/anaconda3/envs/flower_tutorial/lib/python3.10/site-packages/flwr/client/client.py", line 184, in maybe_call_fit
    return client.fit(fit_ins)
  File "/Users/dinukaperera/opt/anaconda3/envs/flower_tutorial/lib/python3.10/site-packages/flwr/client/app.py", line 297, in _fit
    results = self.numpy_client.fit(parameters, ins.config)  # type: ignore
  File "/Users/dinukaperera/FLwithFlwr/flowertry/cleint.py", line 196, in fit
    return super().fit(parameters, config)
  File "/Users/dinukaperera/FLwithFlwr/flowertry/cleint.py", line 109, in fit
    c_i_new = train_scaffold(
TypeError: train_scaffold() missing 1 required positional argument: 'net'
[2026-01-11 00:55:25,214][flwr][ERROR] - [36mray::launch_and_fit()[39m (pid=80986, ip=127.0.0.1)
  File "/Users/dinukaperera/opt/anaconda3/envs/flower_tutorial/lib/python3.10/site-packages/flwr/simulation/ray_transport/ray_client_proxy.py", line 148, in launch_and_fit
    return maybe_call_fit(
  File "/Users/dinukaperera/opt/anaconda3/envs/flower_tutorial/lib/python3.10/site-packages/flwr/client/client.py", line 184, in maybe_call_fit
    return client.fit(fit_ins)
  File "/Users/dinukaperera/opt/anaconda3/envs/flower_tutorial/lib/python3.10/site-packages/flwr/client/app.py", line 297, in _fit
    results = self.numpy_client.fit(parameters, ins.config)  # type: ignore
  File "/Users/dinukaperera/FLwithFlwr/flowertry/cleint.py", line 196, in fit
    return super().fit(parameters, config)
  File "/Users/dinukaperera/FLwithFlwr/flowertry/cleint.py", line 109, in fit
    c_i_new = train_scaffold(
TypeError: train_scaffold() missing 1 required positional argument: 'net'
[2026-01-11 00:55:25,215][flwr][ERROR] - [36mray::launch_and_fit()[39m (pid=80985, ip=127.0.0.1)
  File "/Users/dinukaperera/opt/anaconda3/envs/flower_tutorial/lib/python3.10/site-packages/flwr/simulation/ray_transport/ray_client_proxy.py", line 148, in launch_and_fit
    return maybe_call_fit(
  File "/Users/dinukaperera/opt/anaconda3/envs/flower_tutorial/lib/python3.10/site-packages/flwr/client/client.py", line 184, in maybe_call_fit
    return client.fit(fit_ins)
  File "/Users/dinukaperera/opt/anaconda3/envs/flower_tutorial/lib/python3.10/site-packages/flwr/client/app.py", line 297, in _fit
    results = self.numpy_client.fit(parameters, ins.config)  # type: ignore
  File "/Users/dinukaperera/FLwithFlwr/flowertry/cleint.py", line 196, in fit
    return super().fit(parameters, config)
  File "/Users/dinukaperera/FLwithFlwr/flowertry/cleint.py", line 109, in fit
    c_i_new = train_scaffold(
TypeError: train_scaffold() missing 1 required positional argument: 'net'
[2026-01-11 00:55:25,216][flwr][ERROR] - [36mray::launch_and_fit()[39m (pid=80987, ip=127.0.0.1)
  File "/Users/dinukaperera/opt/anaconda3/envs/flower_tutorial/lib/python3.10/site-packages/flwr/simulation/ray_transport/ray_client_proxy.py", line 148, in launch_and_fit
    return maybe_call_fit(
  File "/Users/dinukaperera/opt/anaconda3/envs/flower_tutorial/lib/python3.10/site-packages/flwr/client/client.py", line 184, in maybe_call_fit
    return client.fit(fit_ins)
  File "/Users/dinukaperera/opt/anaconda3/envs/flower_tutorial/lib/python3.10/site-packages/flwr/client/app.py", line 297, in _fit
    results = self.numpy_client.fit(parameters, ins.config)  # type: ignore
  File "/Users/dinukaperera/FLwithFlwr/flowertry/cleint.py", line 196, in fit
    return super().fit(parameters, config)
  File "/Users/dinukaperera/FLwithFlwr/flowertry/cleint.py", line 109, in fit
    c_i_new = train_scaffold(
TypeError: train_scaffold() missing 1 required positional argument: 'net'
[2026-01-11 00:55:25,217][flwr][ERROR] - [36mray::launch_and_fit()[39m (pid=80979, ip=127.0.0.1)
  File "/Users/dinukaperera/opt/anaconda3/envs/flower_tutorial/lib/python3.10/site-packages/flwr/simulation/ray_transport/ray_client_proxy.py", line 148, in launch_and_fit
    return maybe_call_fit(
  File "/Users/dinukaperera/opt/anaconda3/envs/flower_tutorial/lib/python3.10/site-packages/flwr/client/client.py", line 184, in maybe_call_fit
    return client.fit(fit_ins)
  File "/Users/dinukaperera/opt/anaconda3/envs/flower_tutorial/lib/python3.10/site-packages/flwr/client/app.py", line 297, in _fit
    results = self.numpy_client.fit(parameters, ins.config)  # type: ignore
  File "/Users/dinukaperera/FLwithFlwr/flowertry/cleint.py", line 196, in fit
    return super().fit(parameters, config)
  File "/Users/dinukaperera/FLwithFlwr/flowertry/cleint.py", line 109, in fit
    c_i_new = train_scaffold(
TypeError: train_scaffold() missing 1 required positional argument: 'net'
[2026-01-11 00:55:25,217][flwr][ERROR] - [36mray::launch_and_fit()[39m (pid=80982, ip=127.0.0.1)
  File "/Users/dinukaperera/opt/anaconda3/envs/flower_tutorial/lib/python3.10/site-packages/flwr/simulation/ray_transport/ray_client_proxy.py", line 148, in launch_and_fit
    return maybe_call_fit(
  File "/Users/dinukaperera/opt/anaconda3/envs/flower_tutorial/lib/python3.10/site-packages/flwr/client/client.py", line 184, in maybe_call_fit
    return client.fit(fit_ins)
  File "/Users/dinukaperera/opt/anaconda3/envs/flower_tutorial/lib/python3.10/site-packages/flwr/client/app.py", line 297, in _fit
    results = self.numpy_client.fit(parameters, ins.config)  # type: ignore
  File "/Users/dinukaperera/FLwithFlwr/flowertry/cleint.py", line 196, in fit
    return super().fit(parameters, config)
  File "/Users/dinukaperera/FLwithFlwr/flowertry/cleint.py", line 109, in fit
    c_i_new = train_scaffold(
TypeError: train_scaffold() missing 1 required positional argument: 'net'
[2026-01-11 00:55:25,218][flwr][ERROR] - [36mray::launch_and_fit()[39m (pid=80981, ip=127.0.0.1)
  File "/Users/dinukaperera/opt/anaconda3/envs/flower_tutorial/lib/python3.10/site-packages/flwr/simulation/ray_transport/ray_client_proxy.py", line 148, in launch_and_fit
    return maybe_call_fit(
  File "/Users/dinukaperera/opt/anaconda3/envs/flower_tutorial/lib/python3.10/site-packages/flwr/client/client.py", line 184, in maybe_call_fit
    return client.fit(fit_ins)
  File "/Users/dinukaperera/opt/anaconda3/envs/flower_tutorial/lib/python3.10/site-packages/flwr/client/app.py", line 297, in _fit
    results = self.numpy_client.fit(parameters, ins.config)  # type: ignore
  File "/Users/dinukaperera/FLwithFlwr/flowertry/cleint.py", line 196, in fit
    return super().fit(parameters, config)
  File "/Users/dinukaperera/FLwithFlwr/flowertry/cleint.py", line 109, in fit
    c_i_new = train_scaffold(
TypeError: train_scaffold() missing 1 required positional argument: 'net'
[2026-01-11 00:55:25,220][flwr][ERROR] - [36mray::launch_and_fit()[39m (pid=80983, ip=127.0.0.1)
  File "/Users/dinukaperera/opt/anaconda3/envs/flower_tutorial/lib/python3.10/site-packages/flwr/simulation/ray_transport/ray_client_proxy.py", line 148, in launch_and_fit
    return maybe_call_fit(
  File "/Users/dinukaperera/opt/anaconda3/envs/flower_tutorial/lib/python3.10/site-packages/flwr/client/client.py", line 184, in maybe_call_fit
    return client.fit(fit_ins)
  File "/Users/dinukaperera/opt/anaconda3/envs/flower_tutorial/lib/python3.10/site-packages/flwr/client/app.py", line 297, in _fit
    results = self.numpy_client.fit(parameters, ins.config)  # type: ignore
  File "/Users/dinukaperera/FLwithFlwr/flowertry/cleint.py", line 196, in fit
    return super().fit(parameters, config)
  File "/Users/dinukaperera/FLwithFlwr/flowertry/cleint.py", line 109, in fit
    c_i_new = train_scaffold(
TypeError: train_scaffold() missing 1 required positional argument: 'net'
[2026-01-11 00:55:25,221][flwr][ERROR] - [36mray::launch_and_fit()[39m (pid=80984, ip=127.0.0.1)
  File "/Users/dinukaperera/opt/anaconda3/envs/flower_tutorial/lib/python3.10/site-packages/flwr/simulation/ray_transport/ray_client_proxy.py", line 148, in launch_and_fit
    return maybe_call_fit(
  File "/Users/dinukaperera/opt/anaconda3/envs/flower_tutorial/lib/python3.10/site-packages/flwr/client/client.py", line 184, in maybe_call_fit
    return client.fit(fit_ins)
  File "/Users/dinukaperera/opt/anaconda3/envs/flower_tutorial/lib/python3.10/site-packages/flwr/client/app.py", line 297, in _fit
    results = self.numpy_client.fit(parameters, ins.config)  # type: ignore
  File "/Users/dinukaperera/FLwithFlwr/flowertry/cleint.py", line 196, in fit
    return super().fit(parameters, config)
  File "/Users/dinukaperera/FLwithFlwr/flowertry/cleint.py", line 109, in fit
    c_i_new = train_scaffold(
TypeError: train_scaffold() missing 1 required positional argument: 'net'
[2026-01-11 00:55:25,221][flwr][DEBUG] - fit_round 15 received 0 results and 10 failures
[2026-01-11 00:55:25,243][flwr][INFO] - fit progress: (15, 72.24541532993317, {'accuracy': 0.286}, 5.976191082998412)
[2026-01-11 00:55:25,243][flwr][INFO] - evaluate_round 15: no clients selected, cancel
[2026-01-11 00:55:25,243][flwr][DEBUG] - fit_round 16: strategy sampled 10 clients (out of 100)
[2026-01-11 00:55:25,392][flwr][ERROR] - [36mray::launch_and_fit()[39m (pid=80984, ip=127.0.0.1)
  File "/Users/dinukaperera/opt/anaconda3/envs/flower_tutorial/lib/python3.10/site-packages/flwr/simulation/ray_transport/ray_client_proxy.py", line 148, in launch_and_fit
    return maybe_call_fit(
  File "/Users/dinukaperera/opt/anaconda3/envs/flower_tutorial/lib/python3.10/site-packages/flwr/client/client.py", line 184, in maybe_call_fit
    return client.fit(fit_ins)
  File "/Users/dinukaperera/opt/anaconda3/envs/flower_tutorial/lib/python3.10/site-packages/flwr/client/app.py", line 297, in _fit
    results = self.numpy_client.fit(parameters, ins.config)  # type: ignore
  File "/Users/dinukaperera/FLwithFlwr/flowertry/cleint.py", line 196, in fit
    return super().fit(parameters, config)
  File "/Users/dinukaperera/FLwithFlwr/flowertry/cleint.py", line 109, in fit
    c_i_new = train_scaffold(
TypeError: train_scaffold() missing 1 required positional argument: 'net'
[2026-01-11 00:55:25,394][flwr][ERROR] - [36mray::launch_and_fit()[39m (pid=80981, ip=127.0.0.1)
  File "/Users/dinukaperera/opt/anaconda3/envs/flower_tutorial/lib/python3.10/site-packages/flwr/simulation/ray_transport/ray_client_proxy.py", line 148, in launch_and_fit
    return maybe_call_fit(
  File "/Users/dinukaperera/opt/anaconda3/envs/flower_tutorial/lib/python3.10/site-packages/flwr/client/client.py", line 184, in maybe_call_fit
    return client.fit(fit_ins)
  File "/Users/dinukaperera/opt/anaconda3/envs/flower_tutorial/lib/python3.10/site-packages/flwr/client/app.py", line 297, in _fit
    results = self.numpy_client.fit(parameters, ins.config)  # type: ignore
  File "/Users/dinukaperera/FLwithFlwr/flowertry/cleint.py", line 196, in fit
    return super().fit(parameters, config)
  File "/Users/dinukaperera/FLwithFlwr/flowertry/cleint.py", line 109, in fit
    c_i_new = train_scaffold(
TypeError: train_scaffold() missing 1 required positional argument: 'net'
[2026-01-11 00:55:25,395][flwr][ERROR] - [36mray::launch_and_fit()[39m (pid=80983, ip=127.0.0.1)
  File "/Users/dinukaperera/opt/anaconda3/envs/flower_tutorial/lib/python3.10/site-packages/flwr/simulation/ray_transport/ray_client_proxy.py", line 148, in launch_and_fit
    return maybe_call_fit(
  File "/Users/dinukaperera/opt/anaconda3/envs/flower_tutorial/lib/python3.10/site-packages/flwr/client/client.py", line 184, in maybe_call_fit
    return client.fit(fit_ins)
  File "/Users/dinukaperera/opt/anaconda3/envs/flower_tutorial/lib/python3.10/site-packages/flwr/client/app.py", line 297, in _fit
    results = self.numpy_client.fit(parameters, ins.config)  # type: ignore
  File "/Users/dinukaperera/FLwithFlwr/flowertry/cleint.py", line 196, in fit
    return super().fit(parameters, config)
  File "/Users/dinukaperera/FLwithFlwr/flowertry/cleint.py", line 109, in fit
    c_i_new = train_scaffold(
TypeError: train_scaffold() missing 1 required positional argument: 'net'
[2026-01-11 00:55:25,396][flwr][ERROR] - [36mray::launch_and_fit()[39m (pid=80979, ip=127.0.0.1)
  File "/Users/dinukaperera/opt/anaconda3/envs/flower_tutorial/lib/python3.10/site-packages/flwr/simulation/ray_transport/ray_client_proxy.py", line 148, in launch_and_fit
    return maybe_call_fit(
  File "/Users/dinukaperera/opt/anaconda3/envs/flower_tutorial/lib/python3.10/site-packages/flwr/client/client.py", line 184, in maybe_call_fit
    return client.fit(fit_ins)
  File "/Users/dinukaperera/opt/anaconda3/envs/flower_tutorial/lib/python3.10/site-packages/flwr/client/app.py", line 297, in _fit
    results = self.numpy_client.fit(parameters, ins.config)  # type: ignore
  File "/Users/dinukaperera/FLwithFlwr/flowertry/cleint.py", line 196, in fit
    return super().fit(parameters, config)
  File "/Users/dinukaperera/FLwithFlwr/flowertry/cleint.py", line 109, in fit
    c_i_new = train_scaffold(
TypeError: train_scaffold() missing 1 required positional argument: 'net'
[2026-01-11 00:55:25,396][flwr][ERROR] - [36mray::launch_and_fit()[39m (pid=80982, ip=127.0.0.1)
  File "/Users/dinukaperera/opt/anaconda3/envs/flower_tutorial/lib/python3.10/site-packages/flwr/simulation/ray_transport/ray_client_proxy.py", line 148, in launch_and_fit
    return maybe_call_fit(
  File "/Users/dinukaperera/opt/anaconda3/envs/flower_tutorial/lib/python3.10/site-packages/flwr/client/client.py", line 184, in maybe_call_fit
    return client.fit(fit_ins)
  File "/Users/dinukaperera/opt/anaconda3/envs/flower_tutorial/lib/python3.10/site-packages/flwr/client/app.py", line 297, in _fit
    results = self.numpy_client.fit(parameters, ins.config)  # type: ignore
  File "/Users/dinukaperera/FLwithFlwr/flowertry/cleint.py", line 196, in fit
    return super().fit(parameters, config)
  File "/Users/dinukaperera/FLwithFlwr/flowertry/cleint.py", line 109, in fit
    c_i_new = train_scaffold(
TypeError: train_scaffold() missing 1 required positional argument: 'net'
[2026-01-11 00:55:25,398][flwr][ERROR] - [36mray::launch_and_fit()[39m (pid=80987, ip=127.0.0.1)
  File "/Users/dinukaperera/opt/anaconda3/envs/flower_tutorial/lib/python3.10/site-packages/flwr/simulation/ray_transport/ray_client_proxy.py", line 148, in launch_and_fit
    return maybe_call_fit(
  File "/Users/dinukaperera/opt/anaconda3/envs/flower_tutorial/lib/python3.10/site-packages/flwr/client/client.py", line 184, in maybe_call_fit
    return client.fit(fit_ins)
  File "/Users/dinukaperera/opt/anaconda3/envs/flower_tutorial/lib/python3.10/site-packages/flwr/client/app.py", line 297, in _fit
    results = self.numpy_client.fit(parameters, ins.config)  # type: ignore
  File "/Users/dinukaperera/FLwithFlwr/flowertry/cleint.py", line 196, in fit
    return super().fit(parameters, config)
  File "/Users/dinukaperera/FLwithFlwr/flowertry/cleint.py", line 109, in fit
    c_i_new = train_scaffold(
TypeError: train_scaffold() missing 1 required positional argument: 'net'
[2026-01-11 00:55:25,398][flwr][ERROR] - [36mray::launch_and_fit()[39m (pid=80985, ip=127.0.0.1)
  File "/Users/dinukaperera/opt/anaconda3/envs/flower_tutorial/lib/python3.10/site-packages/flwr/simulation/ray_transport/ray_client_proxy.py", line 148, in launch_and_fit
    return maybe_call_fit(
  File "/Users/dinukaperera/opt/anaconda3/envs/flower_tutorial/lib/python3.10/site-packages/flwr/client/client.py", line 184, in maybe_call_fit
    return client.fit(fit_ins)
  File "/Users/dinukaperera/opt/anaconda3/envs/flower_tutorial/lib/python3.10/site-packages/flwr/client/app.py", line 297, in _fit
    results = self.numpy_client.fit(parameters, ins.config)  # type: ignore
  File "/Users/dinukaperera/FLwithFlwr/flowertry/cleint.py", line 196, in fit
    return super().fit(parameters, config)
  File "/Users/dinukaperera/FLwithFlwr/flowertry/cleint.py", line 109, in fit
    c_i_new = train_scaffold(
TypeError: train_scaffold() missing 1 required positional argument: 'net'
[2026-01-11 00:55:25,401][flwr][ERROR] - [36mray::launch_and_fit()[39m (pid=80986, ip=127.0.0.1)
  File "/Users/dinukaperera/opt/anaconda3/envs/flower_tutorial/lib/python3.10/site-packages/flwr/simulation/ray_transport/ray_client_proxy.py", line 148, in launch_and_fit
    return maybe_call_fit(
  File "/Users/dinukaperera/opt/anaconda3/envs/flower_tutorial/lib/python3.10/site-packages/flwr/client/client.py", line 184, in maybe_call_fit
    return client.fit(fit_ins)
  File "/Users/dinukaperera/opt/anaconda3/envs/flower_tutorial/lib/python3.10/site-packages/flwr/client/app.py", line 297, in _fit
    results = self.numpy_client.fit(parameters, ins.config)  # type: ignore
  File "/Users/dinukaperera/FLwithFlwr/flowertry/cleint.py", line 196, in fit
    return super().fit(parameters, config)
  File "/Users/dinukaperera/FLwithFlwr/flowertry/cleint.py", line 109, in fit
    c_i_new = train_scaffold(
TypeError: train_scaffold() missing 1 required positional argument: 'net'
[2026-01-11 00:55:25,402][flwr][ERROR] - [36mray::launch_and_fit()[39m (pid=80988, ip=127.0.0.1)
  File "/Users/dinukaperera/opt/anaconda3/envs/flower_tutorial/lib/python3.10/site-packages/flwr/simulation/ray_transport/ray_client_proxy.py", line 148, in launch_and_fit
    return maybe_call_fit(
  File "/Users/dinukaperera/opt/anaconda3/envs/flower_tutorial/lib/python3.10/site-packages/flwr/client/client.py", line 184, in maybe_call_fit
    return client.fit(fit_ins)
  File "/Users/dinukaperera/opt/anaconda3/envs/flower_tutorial/lib/python3.10/site-packages/flwr/client/app.py", line 297, in _fit
    results = self.numpy_client.fit(parameters, ins.config)  # type: ignore
  File "/Users/dinukaperera/FLwithFlwr/flowertry/cleint.py", line 196, in fit
    return super().fit(parameters, config)
  File "/Users/dinukaperera/FLwithFlwr/flowertry/cleint.py", line 109, in fit
    c_i_new = train_scaffold(
TypeError: train_scaffold() missing 1 required positional argument: 'net'
[2026-01-11 00:55:25,402][flwr][ERROR] - [36mray::launch_and_fit()[39m (pid=80980, ip=127.0.0.1)
  File "/Users/dinukaperera/opt/anaconda3/envs/flower_tutorial/lib/python3.10/site-packages/flwr/simulation/ray_transport/ray_client_proxy.py", line 148, in launch_and_fit
    return maybe_call_fit(
  File "/Users/dinukaperera/opt/anaconda3/envs/flower_tutorial/lib/python3.10/site-packages/flwr/client/client.py", line 184, in maybe_call_fit
    return client.fit(fit_ins)
  File "/Users/dinukaperera/opt/anaconda3/envs/flower_tutorial/lib/python3.10/site-packages/flwr/client/app.py", line 297, in _fit
    results = self.numpy_client.fit(parameters, ins.config)  # type: ignore
  File "/Users/dinukaperera/FLwithFlwr/flowertry/cleint.py", line 196, in fit
    return super().fit(parameters, config)
  File "/Users/dinukaperera/FLwithFlwr/flowertry/cleint.py", line 109, in fit
    c_i_new = train_scaffold(
TypeError: train_scaffold() missing 1 required positional argument: 'net'
[2026-01-11 00:55:25,403][flwr][DEBUG] - fit_round 16 received 0 results and 10 failures
[2026-01-11 00:55:25,424][flwr][INFO] - fit progress: (16, 72.24541532993317, {'accuracy': 0.286}, 6.157246332993964)
[2026-01-11 00:55:25,424][flwr][INFO] - evaluate_round 16: no clients selected, cancel
[2026-01-11 00:55:25,425][flwr][DEBUG] - fit_round 17: strategy sampled 10 clients (out of 100)
[2026-01-11 00:55:25,569][flwr][ERROR] - [36mray::launch_and_fit()[39m (pid=80988, ip=127.0.0.1)
  File "/Users/dinukaperera/opt/anaconda3/envs/flower_tutorial/lib/python3.10/site-packages/flwr/simulation/ray_transport/ray_client_proxy.py", line 148, in launch_and_fit
    return maybe_call_fit(
  File "/Users/dinukaperera/opt/anaconda3/envs/flower_tutorial/lib/python3.10/site-packages/flwr/client/client.py", line 184, in maybe_call_fit
    return client.fit(fit_ins)
  File "/Users/dinukaperera/opt/anaconda3/envs/flower_tutorial/lib/python3.10/site-packages/flwr/client/app.py", line 297, in _fit
    results = self.numpy_client.fit(parameters, ins.config)  # type: ignore
  File "/Users/dinukaperera/FLwithFlwr/flowertry/cleint.py", line 196, in fit
    return super().fit(parameters, config)
  File "/Users/dinukaperera/FLwithFlwr/flowertry/cleint.py", line 109, in fit
    c_i_new = train_scaffold(
TypeError: train_scaffold() missing 1 required positional argument: 'net'
[2026-01-11 00:55:25,570][flwr][ERROR] - [36mray::launch_and_fit()[39m (pid=80980, ip=127.0.0.1)
  File "/Users/dinukaperera/opt/anaconda3/envs/flower_tutorial/lib/python3.10/site-packages/flwr/simulation/ray_transport/ray_client_proxy.py", line 148, in launch_and_fit
    return maybe_call_fit(
  File "/Users/dinukaperera/opt/anaconda3/envs/flower_tutorial/lib/python3.10/site-packages/flwr/client/client.py", line 184, in maybe_call_fit
    return client.fit(fit_ins)
  File "/Users/dinukaperera/opt/anaconda3/envs/flower_tutorial/lib/python3.10/site-packages/flwr/client/app.py", line 297, in _fit
    results = self.numpy_client.fit(parameters, ins.config)  # type: ignore
  File "/Users/dinukaperera/FLwithFlwr/flowertry/cleint.py", line 196, in fit
    return super().fit(parameters, config)
  File "/Users/dinukaperera/FLwithFlwr/flowertry/cleint.py", line 109, in fit
    c_i_new = train_scaffold(
TypeError: train_scaffold() missing 1 required positional argument: 'net'
[2026-01-11 00:55:25,571][flwr][ERROR] - [36mray::launch_and_fit()[39m (pid=80986, ip=127.0.0.1)
  File "/Users/dinukaperera/opt/anaconda3/envs/flower_tutorial/lib/python3.10/site-packages/flwr/simulation/ray_transport/ray_client_proxy.py", line 148, in launch_and_fit
    return maybe_call_fit(
  File "/Users/dinukaperera/opt/anaconda3/envs/flower_tutorial/lib/python3.10/site-packages/flwr/client/client.py", line 184, in maybe_call_fit
    return client.fit(fit_ins)
  File "/Users/dinukaperera/opt/anaconda3/envs/flower_tutorial/lib/python3.10/site-packages/flwr/client/app.py", line 297, in _fit
    results = self.numpy_client.fit(parameters, ins.config)  # type: ignore
  File "/Users/dinukaperera/FLwithFlwr/flowertry/cleint.py", line 196, in fit
    return super().fit(parameters, config)
  File "/Users/dinukaperera/FLwithFlwr/flowertry/cleint.py", line 109, in fit
    c_i_new = train_scaffold(
TypeError: train_scaffold() missing 1 required positional argument: 'net'
[2026-01-11 00:55:25,574][flwr][ERROR] - [36mray::launch_and_fit()[39m (pid=80982, ip=127.0.0.1)
  File "/Users/dinukaperera/opt/anaconda3/envs/flower_tutorial/lib/python3.10/site-packages/flwr/simulation/ray_transport/ray_client_proxy.py", line 148, in launch_and_fit
    return maybe_call_fit(
  File "/Users/dinukaperera/opt/anaconda3/envs/flower_tutorial/lib/python3.10/site-packages/flwr/client/client.py", line 184, in maybe_call_fit
    return client.fit(fit_ins)
  File "/Users/dinukaperera/opt/anaconda3/envs/flower_tutorial/lib/python3.10/site-packages/flwr/client/app.py", line 297, in _fit
    results = self.numpy_client.fit(parameters, ins.config)  # type: ignore
  File "/Users/dinukaperera/FLwithFlwr/flowertry/cleint.py", line 196, in fit
    return super().fit(parameters, config)
  File "/Users/dinukaperera/FLwithFlwr/flowertry/cleint.py", line 109, in fit
    c_i_new = train_scaffold(
TypeError: train_scaffold() missing 1 required positional argument: 'net'
[2026-01-11 00:55:25,575][flwr][ERROR] - [36mray::launch_and_fit()[39m (pid=80985, ip=127.0.0.1)
  File "/Users/dinukaperera/opt/anaconda3/envs/flower_tutorial/lib/python3.10/site-packages/flwr/simulation/ray_transport/ray_client_proxy.py", line 148, in launch_and_fit
    return maybe_call_fit(
  File "/Users/dinukaperera/opt/anaconda3/envs/flower_tutorial/lib/python3.10/site-packages/flwr/client/client.py", line 184, in maybe_call_fit
    return client.fit(fit_ins)
  File "/Users/dinukaperera/opt/anaconda3/envs/flower_tutorial/lib/python3.10/site-packages/flwr/client/app.py", line 297, in _fit
    results = self.numpy_client.fit(parameters, ins.config)  # type: ignore
  File "/Users/dinukaperera/FLwithFlwr/flowertry/cleint.py", line 196, in fit
    return super().fit(parameters, config)
  File "/Users/dinukaperera/FLwithFlwr/flowertry/cleint.py", line 109, in fit
    c_i_new = train_scaffold(
TypeError: train_scaffold() missing 1 required positional argument: 'net'
[2026-01-11 00:55:25,576][flwr][ERROR] - [36mray::launch_and_fit()[39m (pid=80987, ip=127.0.0.1)
  File "/Users/dinukaperera/opt/anaconda3/envs/flower_tutorial/lib/python3.10/site-packages/flwr/simulation/ray_transport/ray_client_proxy.py", line 148, in launch_and_fit
    return maybe_call_fit(
  File "/Users/dinukaperera/opt/anaconda3/envs/flower_tutorial/lib/python3.10/site-packages/flwr/client/client.py", line 184, in maybe_call_fit
    return client.fit(fit_ins)
  File "/Users/dinukaperera/opt/anaconda3/envs/flower_tutorial/lib/python3.10/site-packages/flwr/client/app.py", line 297, in _fit
    results = self.numpy_client.fit(parameters, ins.config)  # type: ignore
  File "/Users/dinukaperera/FLwithFlwr/flowertry/cleint.py", line 196, in fit
    return super().fit(parameters, config)
  File "/Users/dinukaperera/FLwithFlwr/flowertry/cleint.py", line 109, in fit
    c_i_new = train_scaffold(
TypeError: train_scaffold() missing 1 required positional argument: 'net'
[2026-01-11 00:55:25,576][flwr][ERROR] - [36mray::launch_and_fit()[39m (pid=80979, ip=127.0.0.1)
  File "/Users/dinukaperera/opt/anaconda3/envs/flower_tutorial/lib/python3.10/site-packages/flwr/simulation/ray_transport/ray_client_proxy.py", line 148, in launch_and_fit
    return maybe_call_fit(
  File "/Users/dinukaperera/opt/anaconda3/envs/flower_tutorial/lib/python3.10/site-packages/flwr/client/client.py", line 184, in maybe_call_fit
    return client.fit(fit_ins)
  File "/Users/dinukaperera/opt/anaconda3/envs/flower_tutorial/lib/python3.10/site-packages/flwr/client/app.py", line 297, in _fit
    results = self.numpy_client.fit(parameters, ins.config)  # type: ignore
  File "/Users/dinukaperera/FLwithFlwr/flowertry/cleint.py", line 196, in fit
    return super().fit(parameters, config)
  File "/Users/dinukaperera/FLwithFlwr/flowertry/cleint.py", line 109, in fit
    c_i_new = train_scaffold(
TypeError: train_scaffold() missing 1 required positional argument: 'net'
[2026-01-11 00:55:25,577][flwr][ERROR] - [36mray::launch_and_fit()[39m (pid=80983, ip=127.0.0.1)
  File "/Users/dinukaperera/opt/anaconda3/envs/flower_tutorial/lib/python3.10/site-packages/flwr/simulation/ray_transport/ray_client_proxy.py", line 148, in launch_and_fit
    return maybe_call_fit(
  File "/Users/dinukaperera/opt/anaconda3/envs/flower_tutorial/lib/python3.10/site-packages/flwr/client/client.py", line 184, in maybe_call_fit
    return client.fit(fit_ins)
  File "/Users/dinukaperera/opt/anaconda3/envs/flower_tutorial/lib/python3.10/site-packages/flwr/client/app.py", line 297, in _fit
    results = self.numpy_client.fit(parameters, ins.config)  # type: ignore
  File "/Users/dinukaperera/FLwithFlwr/flowertry/cleint.py", line 196, in fit
    return super().fit(parameters, config)
  File "/Users/dinukaperera/FLwithFlwr/flowertry/cleint.py", line 109, in fit
    c_i_new = train_scaffold(
TypeError: train_scaffold() missing 1 required positional argument: 'net'
[2026-01-11 00:55:25,577][flwr][ERROR] - [36mray::launch_and_fit()[39m (pid=80981, ip=127.0.0.1)
  File "/Users/dinukaperera/opt/anaconda3/envs/flower_tutorial/lib/python3.10/site-packages/flwr/simulation/ray_transport/ray_client_proxy.py", line 148, in launch_and_fit
    return maybe_call_fit(
  File "/Users/dinukaperera/opt/anaconda3/envs/flower_tutorial/lib/python3.10/site-packages/flwr/client/client.py", line 184, in maybe_call_fit
    return client.fit(fit_ins)
  File "/Users/dinukaperera/opt/anaconda3/envs/flower_tutorial/lib/python3.10/site-packages/flwr/client/app.py", line 297, in _fit
    results = self.numpy_client.fit(parameters, ins.config)  # type: ignore
  File "/Users/dinukaperera/FLwithFlwr/flowertry/cleint.py", line 196, in fit
    return super().fit(parameters, config)
  File "/Users/dinukaperera/FLwithFlwr/flowertry/cleint.py", line 109, in fit
    c_i_new = train_scaffold(
TypeError: train_scaffold() missing 1 required positional argument: 'net'
[2026-01-11 00:55:25,581][flwr][ERROR] - [36mray::launch_and_fit()[39m (pid=80984, ip=127.0.0.1)
  File "/Users/dinukaperera/opt/anaconda3/envs/flower_tutorial/lib/python3.10/site-packages/flwr/simulation/ray_transport/ray_client_proxy.py", line 148, in launch_and_fit
    return maybe_call_fit(
  File "/Users/dinukaperera/opt/anaconda3/envs/flower_tutorial/lib/python3.10/site-packages/flwr/client/client.py", line 184, in maybe_call_fit
    return client.fit(fit_ins)
  File "/Users/dinukaperera/opt/anaconda3/envs/flower_tutorial/lib/python3.10/site-packages/flwr/client/app.py", line 297, in _fit
    results = self.numpy_client.fit(parameters, ins.config)  # type: ignore
  File "/Users/dinukaperera/FLwithFlwr/flowertry/cleint.py", line 196, in fit
    return super().fit(parameters, config)
  File "/Users/dinukaperera/FLwithFlwr/flowertry/cleint.py", line 109, in fit
    c_i_new = train_scaffold(
TypeError: train_scaffold() missing 1 required positional argument: 'net'
[2026-01-11 00:55:25,581][flwr][DEBUG] - fit_round 17 received 0 results and 10 failures
[2026-01-11 00:55:25,618][flwr][INFO] - fit progress: (17, 72.24541532993317, {'accuracy': 0.286}, 6.351218708005035)
[2026-01-11 00:55:25,618][flwr][INFO] - evaluate_round 17: no clients selected, cancel
[2026-01-11 00:55:25,619][flwr][DEBUG] - fit_round 18: strategy sampled 10 clients (out of 100)
[2026-01-11 00:55:25,768][flwr][ERROR] - [36mray::launch_and_fit()[39m (pid=80984, ip=127.0.0.1)
  File "/Users/dinukaperera/opt/anaconda3/envs/flower_tutorial/lib/python3.10/site-packages/flwr/simulation/ray_transport/ray_client_proxy.py", line 148, in launch_and_fit
    return maybe_call_fit(
  File "/Users/dinukaperera/opt/anaconda3/envs/flower_tutorial/lib/python3.10/site-packages/flwr/client/client.py", line 184, in maybe_call_fit
    return client.fit(fit_ins)
  File "/Users/dinukaperera/opt/anaconda3/envs/flower_tutorial/lib/python3.10/site-packages/flwr/client/app.py", line 297, in _fit
    results = self.numpy_client.fit(parameters, ins.config)  # type: ignore
  File "/Users/dinukaperera/FLwithFlwr/flowertry/cleint.py", line 196, in fit
    return super().fit(parameters, config)
  File "/Users/dinukaperera/FLwithFlwr/flowertry/cleint.py", line 109, in fit
    c_i_new = train_scaffold(
TypeError: train_scaffold() missing 1 required positional argument: 'net'
[2026-01-11 00:55:25,769][flwr][ERROR] - [36mray::launch_and_fit()[39m (pid=80981, ip=127.0.0.1)
  File "/Users/dinukaperera/opt/anaconda3/envs/flower_tutorial/lib/python3.10/site-packages/flwr/simulation/ray_transport/ray_client_proxy.py", line 148, in launch_and_fit
    return maybe_call_fit(
  File "/Users/dinukaperera/opt/anaconda3/envs/flower_tutorial/lib/python3.10/site-packages/flwr/client/client.py", line 184, in maybe_call_fit
    return client.fit(fit_ins)
  File "/Users/dinukaperera/opt/anaconda3/envs/flower_tutorial/lib/python3.10/site-packages/flwr/client/app.py", line 297, in _fit
    results = self.numpy_client.fit(parameters, ins.config)  # type: ignore
  File "/Users/dinukaperera/FLwithFlwr/flowertry/cleint.py", line 196, in fit
    return super().fit(parameters, config)
  File "/Users/dinukaperera/FLwithFlwr/flowertry/cleint.py", line 109, in fit
    c_i_new = train_scaffold(
TypeError: train_scaffold() missing 1 required positional argument: 'net'
[2026-01-11 00:55:25,770][flwr][ERROR] - [36mray::launch_and_fit()[39m (pid=80985, ip=127.0.0.1)
  File "/Users/dinukaperera/opt/anaconda3/envs/flower_tutorial/lib/python3.10/site-packages/flwr/simulation/ray_transport/ray_client_proxy.py", line 148, in launch_and_fit
    return maybe_call_fit(
  File "/Users/dinukaperera/opt/anaconda3/envs/flower_tutorial/lib/python3.10/site-packages/flwr/client/client.py", line 184, in maybe_call_fit
    return client.fit(fit_ins)
  File "/Users/dinukaperera/opt/anaconda3/envs/flower_tutorial/lib/python3.10/site-packages/flwr/client/app.py", line 297, in _fit
    results = self.numpy_client.fit(parameters, ins.config)  # type: ignore
  File "/Users/dinukaperera/FLwithFlwr/flowertry/cleint.py", line 196, in fit
    return super().fit(parameters, config)
  File "/Users/dinukaperera/FLwithFlwr/flowertry/cleint.py", line 109, in fit
    c_i_new = train_scaffold(
TypeError: train_scaffold() missing 1 required positional argument: 'net'
[2026-01-11 00:55:25,771][flwr][ERROR] - [36mray::launch_and_fit()[39m (pid=80979, ip=127.0.0.1)
  File "/Users/dinukaperera/opt/anaconda3/envs/flower_tutorial/lib/python3.10/site-packages/flwr/simulation/ray_transport/ray_client_proxy.py", line 148, in launch_and_fit
    return maybe_call_fit(
  File "/Users/dinukaperera/opt/anaconda3/envs/flower_tutorial/lib/python3.10/site-packages/flwr/client/client.py", line 184, in maybe_call_fit
    return client.fit(fit_ins)
  File "/Users/dinukaperera/opt/anaconda3/envs/flower_tutorial/lib/python3.10/site-packages/flwr/client/app.py", line 297, in _fit
    results = self.numpy_client.fit(parameters, ins.config)  # type: ignore
  File "/Users/dinukaperera/FLwithFlwr/flowertry/cleint.py", line 196, in fit
    return super().fit(parameters, config)
  File "/Users/dinukaperera/FLwithFlwr/flowertry/cleint.py", line 109, in fit
    c_i_new = train_scaffold(
TypeError: train_scaffold() missing 1 required positional argument: 'net'
[2026-01-11 00:55:25,771][flwr][ERROR] - [36mray::launch_and_fit()[39m (pid=80983, ip=127.0.0.1)
  File "/Users/dinukaperera/opt/anaconda3/envs/flower_tutorial/lib/python3.10/site-packages/flwr/simulation/ray_transport/ray_client_proxy.py", line 148, in launch_and_fit
    return maybe_call_fit(
  File "/Users/dinukaperera/opt/anaconda3/envs/flower_tutorial/lib/python3.10/site-packages/flwr/client/client.py", line 184, in maybe_call_fit
    return client.fit(fit_ins)
  File "/Users/dinukaperera/opt/anaconda3/envs/flower_tutorial/lib/python3.10/site-packages/flwr/client/app.py", line 297, in _fit
    results = self.numpy_client.fit(parameters, ins.config)  # type: ignore
  File "/Users/dinukaperera/FLwithFlwr/flowertry/cleint.py", line 196, in fit
    return super().fit(parameters, config)
  File "/Users/dinukaperera/FLwithFlwr/flowertry/cleint.py", line 109, in fit
    c_i_new = train_scaffold(
TypeError: train_scaffold() missing 1 required positional argument: 'net'
[2026-01-11 00:55:25,773][flwr][ERROR] - [36mray::launch_and_fit()[39m (pid=80982, ip=127.0.0.1)
  File "/Users/dinukaperera/opt/anaconda3/envs/flower_tutorial/lib/python3.10/site-packages/flwr/simulation/ray_transport/ray_client_proxy.py", line 148, in launch_and_fit
    return maybe_call_fit(
  File "/Users/dinukaperera/opt/anaconda3/envs/flower_tutorial/lib/python3.10/site-packages/flwr/client/client.py", line 184, in maybe_call_fit
    return client.fit(fit_ins)
  File "/Users/dinukaperera/opt/anaconda3/envs/flower_tutorial/lib/python3.10/site-packages/flwr/client/app.py", line 297, in _fit
    results = self.numpy_client.fit(parameters, ins.config)  # type: ignore
  File "/Users/dinukaperera/FLwithFlwr/flowertry/cleint.py", line 196, in fit
    return super().fit(parameters, config)
  File "/Users/dinukaperera/FLwithFlwr/flowertry/cleint.py", line 109, in fit
    c_i_new = train_scaffold(
TypeError: train_scaffold() missing 1 required positional argument: 'net'
[2026-01-11 00:55:25,774][flwr][ERROR] - [36mray::launch_and_fit()[39m (pid=80986, ip=127.0.0.1)
  File "/Users/dinukaperera/opt/anaconda3/envs/flower_tutorial/lib/python3.10/site-packages/flwr/simulation/ray_transport/ray_client_proxy.py", line 148, in launch_and_fit
    return maybe_call_fit(
  File "/Users/dinukaperera/opt/anaconda3/envs/flower_tutorial/lib/python3.10/site-packages/flwr/client/client.py", line 184, in maybe_call_fit
    return client.fit(fit_ins)
  File "/Users/dinukaperera/opt/anaconda3/envs/flower_tutorial/lib/python3.10/site-packages/flwr/client/app.py", line 297, in _fit
    results = self.numpy_client.fit(parameters, ins.config)  # type: ignore
  File "/Users/dinukaperera/FLwithFlwr/flowertry/cleint.py", line 196, in fit
    return super().fit(parameters, config)
  File "/Users/dinukaperera/FLwithFlwr/flowertry/cleint.py", line 109, in fit
    c_i_new = train_scaffold(
TypeError: train_scaffold() missing 1 required positional argument: 'net'
[2026-01-11 00:55:25,775][flwr][ERROR] - [36mray::launch_and_fit()[39m (pid=80988, ip=127.0.0.1)
  File "/Users/dinukaperera/opt/anaconda3/envs/flower_tutorial/lib/python3.10/site-packages/flwr/simulation/ray_transport/ray_client_proxy.py", line 148, in launch_and_fit
    return maybe_call_fit(
  File "/Users/dinukaperera/opt/anaconda3/envs/flower_tutorial/lib/python3.10/site-packages/flwr/client/client.py", line 184, in maybe_call_fit
    return client.fit(fit_ins)
  File "/Users/dinukaperera/opt/anaconda3/envs/flower_tutorial/lib/python3.10/site-packages/flwr/client/app.py", line 297, in _fit
    results = self.numpy_client.fit(parameters, ins.config)  # type: ignore
  File "/Users/dinukaperera/FLwithFlwr/flowertry/cleint.py", line 196, in fit
    return super().fit(parameters, config)
  File "/Users/dinukaperera/FLwithFlwr/flowertry/cleint.py", line 109, in fit
    c_i_new = train_scaffold(
TypeError: train_scaffold() missing 1 required positional argument: 'net'
[2026-01-11 00:55:25,776][flwr][ERROR] - [36mray::launch_and_fit()[39m (pid=80980, ip=127.0.0.1)
  File "/Users/dinukaperera/opt/anaconda3/envs/flower_tutorial/lib/python3.10/site-packages/flwr/simulation/ray_transport/ray_client_proxy.py", line 148, in launch_and_fit
    return maybe_call_fit(
  File "/Users/dinukaperera/opt/anaconda3/envs/flower_tutorial/lib/python3.10/site-packages/flwr/client/client.py", line 184, in maybe_call_fit
    return client.fit(fit_ins)
  File "/Users/dinukaperera/opt/anaconda3/envs/flower_tutorial/lib/python3.10/site-packages/flwr/client/app.py", line 297, in _fit
    results = self.numpy_client.fit(parameters, ins.config)  # type: ignore
  File "/Users/dinukaperera/FLwithFlwr/flowertry/cleint.py", line 196, in fit
    return super().fit(parameters, config)
  File "/Users/dinukaperera/FLwithFlwr/flowertry/cleint.py", line 109, in fit
    c_i_new = train_scaffold(
TypeError: train_scaffold() missing 1 required positional argument: 'net'
[2026-01-11 00:55:25,833][flwr][ERROR] - [36mray::launch_and_fit()[39m (pid=80987, ip=127.0.0.1)
  File "/Users/dinukaperera/opt/anaconda3/envs/flower_tutorial/lib/python3.10/site-packages/flwr/simulation/ray_transport/ray_client_proxy.py", line 148, in launch_and_fit
    return maybe_call_fit(
  File "/Users/dinukaperera/opt/anaconda3/envs/flower_tutorial/lib/python3.10/site-packages/flwr/client/client.py", line 184, in maybe_call_fit
    return client.fit(fit_ins)
  File "/Users/dinukaperera/opt/anaconda3/envs/flower_tutorial/lib/python3.10/site-packages/flwr/client/app.py", line 297, in _fit
    results = self.numpy_client.fit(parameters, ins.config)  # type: ignore
  File "/Users/dinukaperera/FLwithFlwr/flowertry/cleint.py", line 196, in fit
    return super().fit(parameters, config)
  File "/Users/dinukaperera/FLwithFlwr/flowertry/cleint.py", line 109, in fit
    c_i_new = train_scaffold(
TypeError: train_scaffold() missing 1 required positional argument: 'net'
[2026-01-11 00:55:25,834][flwr][DEBUG] - fit_round 18 received 0 results and 10 failures
[2026-01-11 00:55:25,855][flwr][INFO] - fit progress: (18, 72.24541532993317, {'accuracy': 0.286}, 6.588437500002328)
[2026-01-11 00:55:25,855][flwr][INFO] - evaluate_round 18: no clients selected, cancel
[2026-01-11 00:55:25,856][flwr][DEBUG] - fit_round 19: strategy sampled 10 clients (out of 100)
[2026-01-11 00:55:26,007][flwr][ERROR] - [36mray::launch_and_fit()[39m (pid=80987, ip=127.0.0.1)
  File "/Users/dinukaperera/opt/anaconda3/envs/flower_tutorial/lib/python3.10/site-packages/flwr/simulation/ray_transport/ray_client_proxy.py", line 148, in launch_and_fit
    return maybe_call_fit(
  File "/Users/dinukaperera/opt/anaconda3/envs/flower_tutorial/lib/python3.10/site-packages/flwr/client/client.py", line 184, in maybe_call_fit
    return client.fit(fit_ins)
  File "/Users/dinukaperera/opt/anaconda3/envs/flower_tutorial/lib/python3.10/site-packages/flwr/client/app.py", line 297, in _fit
    results = self.numpy_client.fit(parameters, ins.config)  # type: ignore
  File "/Users/dinukaperera/FLwithFlwr/flowertry/cleint.py", line 196, in fit
    return super().fit(parameters, config)
  File "/Users/dinukaperera/FLwithFlwr/flowertry/cleint.py", line 109, in fit
    c_i_new = train_scaffold(
TypeError: train_scaffold() missing 1 required positional argument: 'net'
[2026-01-11 00:55:26,008][flwr][ERROR] - [36mray::launch_and_fit()[39m (pid=80980, ip=127.0.0.1)
  File "/Users/dinukaperera/opt/anaconda3/envs/flower_tutorial/lib/python3.10/site-packages/flwr/simulation/ray_transport/ray_client_proxy.py", line 148, in launch_and_fit
    return maybe_call_fit(
  File "/Users/dinukaperera/opt/anaconda3/envs/flower_tutorial/lib/python3.10/site-packages/flwr/client/client.py", line 184, in maybe_call_fit
    return client.fit(fit_ins)
  File "/Users/dinukaperera/opt/anaconda3/envs/flower_tutorial/lib/python3.10/site-packages/flwr/client/app.py", line 297, in _fit
    results = self.numpy_client.fit(parameters, ins.config)  # type: ignore
  File "/Users/dinukaperera/FLwithFlwr/flowertry/cleint.py", line 196, in fit
    return super().fit(parameters, config)
  File "/Users/dinukaperera/FLwithFlwr/flowertry/cleint.py", line 109, in fit
    c_i_new = train_scaffold(
TypeError: train_scaffold() missing 1 required positional argument: 'net'
[2026-01-11 00:55:26,009][flwr][ERROR] - [36mray::launch_and_fit()[39m (pid=80988, ip=127.0.0.1)
  File "/Users/dinukaperera/opt/anaconda3/envs/flower_tutorial/lib/python3.10/site-packages/flwr/simulation/ray_transport/ray_client_proxy.py", line 148, in launch_and_fit
    return maybe_call_fit(
  File "/Users/dinukaperera/opt/anaconda3/envs/flower_tutorial/lib/python3.10/site-packages/flwr/client/client.py", line 184, in maybe_call_fit
    return client.fit(fit_ins)
  File "/Users/dinukaperera/opt/anaconda3/envs/flower_tutorial/lib/python3.10/site-packages/flwr/client/app.py", line 297, in _fit
    results = self.numpy_client.fit(parameters, ins.config)  # type: ignore
  File "/Users/dinukaperera/FLwithFlwr/flowertry/cleint.py", line 196, in fit
    return super().fit(parameters, config)
  File "/Users/dinukaperera/FLwithFlwr/flowertry/cleint.py", line 109, in fit
    c_i_new = train_scaffold(
TypeError: train_scaffold() missing 1 required positional argument: 'net'
[2026-01-11 00:55:26,009][flwr][ERROR] - [36mray::launch_and_fit()[39m (pid=80982, ip=127.0.0.1)
  File "/Users/dinukaperera/opt/anaconda3/envs/flower_tutorial/lib/python3.10/site-packages/flwr/simulation/ray_transport/ray_client_proxy.py", line 148, in launch_and_fit
    return maybe_call_fit(
  File "/Users/dinukaperera/opt/anaconda3/envs/flower_tutorial/lib/python3.10/site-packages/flwr/client/client.py", line 184, in maybe_call_fit
    return client.fit(fit_ins)
  File "/Users/dinukaperera/opt/anaconda3/envs/flower_tutorial/lib/python3.10/site-packages/flwr/client/app.py", line 297, in _fit
    results = self.numpy_client.fit(parameters, ins.config)  # type: ignore
  File "/Users/dinukaperera/FLwithFlwr/flowertry/cleint.py", line 196, in fit
    return super().fit(parameters, config)
  File "/Users/dinukaperera/FLwithFlwr/flowertry/cleint.py", line 109, in fit
    c_i_new = train_scaffold(
TypeError: train_scaffold() missing 1 required positional argument: 'net'
[2026-01-11 00:55:26,011][flwr][ERROR] - [36mray::launch_and_fit()[39m (pid=80986, ip=127.0.0.1)
  File "/Users/dinukaperera/opt/anaconda3/envs/flower_tutorial/lib/python3.10/site-packages/flwr/simulation/ray_transport/ray_client_proxy.py", line 148, in launch_and_fit
    return maybe_call_fit(
  File "/Users/dinukaperera/opt/anaconda3/envs/flower_tutorial/lib/python3.10/site-packages/flwr/client/client.py", line 184, in maybe_call_fit
    return client.fit(fit_ins)
  File "/Users/dinukaperera/opt/anaconda3/envs/flower_tutorial/lib/python3.10/site-packages/flwr/client/app.py", line 297, in _fit
    results = self.numpy_client.fit(parameters, ins.config)  # type: ignore
  File "/Users/dinukaperera/FLwithFlwr/flowertry/cleint.py", line 196, in fit
    return super().fit(parameters, config)
  File "/Users/dinukaperera/FLwithFlwr/flowertry/cleint.py", line 109, in fit
    c_i_new = train_scaffold(
TypeError: train_scaffold() missing 1 required positional argument: 'net'
[2026-01-11 00:55:26,011][flwr][ERROR] - [36mray::launch_and_fit()[39m (pid=80983, ip=127.0.0.1)
  File "/Users/dinukaperera/opt/anaconda3/envs/flower_tutorial/lib/python3.10/site-packages/flwr/simulation/ray_transport/ray_client_proxy.py", line 148, in launch_and_fit
    return maybe_call_fit(
  File "/Users/dinukaperera/opt/anaconda3/envs/flower_tutorial/lib/python3.10/site-packages/flwr/client/client.py", line 184, in maybe_call_fit
    return client.fit(fit_ins)
  File "/Users/dinukaperera/opt/anaconda3/envs/flower_tutorial/lib/python3.10/site-packages/flwr/client/app.py", line 297, in _fit
    results = self.numpy_client.fit(parameters, ins.config)  # type: ignore
  File "/Users/dinukaperera/FLwithFlwr/flowertry/cleint.py", line 196, in fit
    return super().fit(parameters, config)
  File "/Users/dinukaperera/FLwithFlwr/flowertry/cleint.py", line 109, in fit
    c_i_new = train_scaffold(
TypeError: train_scaffold() missing 1 required positional argument: 'net'
[2026-01-11 00:55:26,011][flwr][ERROR] - [36mray::launch_and_fit()[39m (pid=80979, ip=127.0.0.1)
  File "/Users/dinukaperera/opt/anaconda3/envs/flower_tutorial/lib/python3.10/site-packages/flwr/simulation/ray_transport/ray_client_proxy.py", line 148, in launch_and_fit
    return maybe_call_fit(
  File "/Users/dinukaperera/opt/anaconda3/envs/flower_tutorial/lib/python3.10/site-packages/flwr/client/client.py", line 184, in maybe_call_fit
    return client.fit(fit_ins)
  File "/Users/dinukaperera/opt/anaconda3/envs/flower_tutorial/lib/python3.10/site-packages/flwr/client/app.py", line 297, in _fit
    results = self.numpy_client.fit(parameters, ins.config)  # type: ignore
  File "/Users/dinukaperera/FLwithFlwr/flowertry/cleint.py", line 196, in fit
    return super().fit(parameters, config)
  File "/Users/dinukaperera/FLwithFlwr/flowertry/cleint.py", line 109, in fit
    c_i_new = train_scaffold(
TypeError: train_scaffold() missing 1 required positional argument: 'net'
[2026-01-11 00:55:26,013][flwr][ERROR] - [36mray::launch_and_fit()[39m (pid=80981, ip=127.0.0.1)
  File "/Users/dinukaperera/opt/anaconda3/envs/flower_tutorial/lib/python3.10/site-packages/flwr/simulation/ray_transport/ray_client_proxy.py", line 148, in launch_and_fit
    return maybe_call_fit(
  File "/Users/dinukaperera/opt/anaconda3/envs/flower_tutorial/lib/python3.10/site-packages/flwr/client/client.py", line 184, in maybe_call_fit
    return client.fit(fit_ins)
  File "/Users/dinukaperera/opt/anaconda3/envs/flower_tutorial/lib/python3.10/site-packages/flwr/client/app.py", line 297, in _fit
    results = self.numpy_client.fit(parameters, ins.config)  # type: ignore
  File "/Users/dinukaperera/FLwithFlwr/flowertry/cleint.py", line 196, in fit
    return super().fit(parameters, config)
  File "/Users/dinukaperera/FLwithFlwr/flowertry/cleint.py", line 109, in fit
    c_i_new = train_scaffold(
TypeError: train_scaffold() missing 1 required positional argument: 'net'
[2026-01-11 00:55:26,015][flwr][ERROR] - [36mray::launch_and_fit()[39m (pid=80984, ip=127.0.0.1)
  File "/Users/dinukaperera/opt/anaconda3/envs/flower_tutorial/lib/python3.10/site-packages/flwr/simulation/ray_transport/ray_client_proxy.py", line 148, in launch_and_fit
    return maybe_call_fit(
  File "/Users/dinukaperera/opt/anaconda3/envs/flower_tutorial/lib/python3.10/site-packages/flwr/client/client.py", line 184, in maybe_call_fit
    return client.fit(fit_ins)
  File "/Users/dinukaperera/opt/anaconda3/envs/flower_tutorial/lib/python3.10/site-packages/flwr/client/app.py", line 297, in _fit
    results = self.numpy_client.fit(parameters, ins.config)  # type: ignore
  File "/Users/dinukaperera/FLwithFlwr/flowertry/cleint.py", line 196, in fit
    return super().fit(parameters, config)
  File "/Users/dinukaperera/FLwithFlwr/flowertry/cleint.py", line 109, in fit
    c_i_new = train_scaffold(
TypeError: train_scaffold() missing 1 required positional argument: 'net'
[2026-01-11 00:55:26,015][flwr][ERROR] - [36mray::launch_and_fit()[39m (pid=80985, ip=127.0.0.1)
  File "/Users/dinukaperera/opt/anaconda3/envs/flower_tutorial/lib/python3.10/site-packages/flwr/simulation/ray_transport/ray_client_proxy.py", line 148, in launch_and_fit
    return maybe_call_fit(
  File "/Users/dinukaperera/opt/anaconda3/envs/flower_tutorial/lib/python3.10/site-packages/flwr/client/client.py", line 184, in maybe_call_fit
    return client.fit(fit_ins)
  File "/Users/dinukaperera/opt/anaconda3/envs/flower_tutorial/lib/python3.10/site-packages/flwr/client/app.py", line 297, in _fit
    results = self.numpy_client.fit(parameters, ins.config)  # type: ignore
  File "/Users/dinukaperera/FLwithFlwr/flowertry/cleint.py", line 196, in fit
    return super().fit(parameters, config)
  File "/Users/dinukaperera/FLwithFlwr/flowertry/cleint.py", line 109, in fit
    c_i_new = train_scaffold(
TypeError: train_scaffold() missing 1 required positional argument: 'net'
[2026-01-11 00:55:26,016][flwr][DEBUG] - fit_round 19 received 0 results and 10 failures
[2026-01-11 00:55:26,037][flwr][INFO] - fit progress: (19, 72.24541532993317, {'accuracy': 0.286}, 6.770750583003974)
[2026-01-11 00:55:26,038][flwr][INFO] - evaluate_round 19: no clients selected, cancel
[2026-01-11 00:55:26,038][flwr][DEBUG] - fit_round 20: strategy sampled 10 clients (out of 100)
[2026-01-11 00:55:26,183][flwr][ERROR] - [36mray::launch_and_fit()[39m (pid=80985, ip=127.0.0.1)
  File "/Users/dinukaperera/opt/anaconda3/envs/flower_tutorial/lib/python3.10/site-packages/flwr/simulation/ray_transport/ray_client_proxy.py", line 148, in launch_and_fit
    return maybe_call_fit(
  File "/Users/dinukaperera/opt/anaconda3/envs/flower_tutorial/lib/python3.10/site-packages/flwr/client/client.py", line 184, in maybe_call_fit
    return client.fit(fit_ins)
  File "/Users/dinukaperera/opt/anaconda3/envs/flower_tutorial/lib/python3.10/site-packages/flwr/client/app.py", line 297, in _fit
    results = self.numpy_client.fit(parameters, ins.config)  # type: ignore
  File "/Users/dinukaperera/FLwithFlwr/flowertry/cleint.py", line 196, in fit
    return super().fit(parameters, config)
  File "/Users/dinukaperera/FLwithFlwr/flowertry/cleint.py", line 109, in fit
    c_i_new = train_scaffold(
TypeError: train_scaffold() missing 1 required positional argument: 'net'
[2026-01-11 00:55:26,184][flwr][ERROR] - [36mray::launch_and_fit()[39m (pid=80984, ip=127.0.0.1)
  File "/Users/dinukaperera/opt/anaconda3/envs/flower_tutorial/lib/python3.10/site-packages/flwr/simulation/ray_transport/ray_client_proxy.py", line 148, in launch_and_fit
    return maybe_call_fit(
  File "/Users/dinukaperera/opt/anaconda3/envs/flower_tutorial/lib/python3.10/site-packages/flwr/client/client.py", line 184, in maybe_call_fit
    return client.fit(fit_ins)
  File "/Users/dinukaperera/opt/anaconda3/envs/flower_tutorial/lib/python3.10/site-packages/flwr/client/app.py", line 297, in _fit
    results = self.numpy_client.fit(parameters, ins.config)  # type: ignore
  File "/Users/dinukaperera/FLwithFlwr/flowertry/cleint.py", line 196, in fit
    return super().fit(parameters, config)
  File "/Users/dinukaperera/FLwithFlwr/flowertry/cleint.py", line 109, in fit
    c_i_new = train_scaffold(
TypeError: train_scaffold() missing 1 required positional argument: 'net'
[2026-01-11 00:55:26,185][flwr][ERROR] - [36mray::launch_and_fit()[39m (pid=80981, ip=127.0.0.1)
  File "/Users/dinukaperera/opt/anaconda3/envs/flower_tutorial/lib/python3.10/site-packages/flwr/simulation/ray_transport/ray_client_proxy.py", line 148, in launch_and_fit
    return maybe_call_fit(
  File "/Users/dinukaperera/opt/anaconda3/envs/flower_tutorial/lib/python3.10/site-packages/flwr/client/client.py", line 184, in maybe_call_fit
    return client.fit(fit_ins)
  File "/Users/dinukaperera/opt/anaconda3/envs/flower_tutorial/lib/python3.10/site-packages/flwr/client/app.py", line 297, in _fit
    results = self.numpy_client.fit(parameters, ins.config)  # type: ignore
  File "/Users/dinukaperera/FLwithFlwr/flowertry/cleint.py", line 196, in fit
    return super().fit(parameters, config)
  File "/Users/dinukaperera/FLwithFlwr/flowertry/cleint.py", line 109, in fit
    c_i_new = train_scaffold(
TypeError: train_scaffold() missing 1 required positional argument: 'net'
[2026-01-11 00:55:26,186][flwr][ERROR] - [36mray::launch_and_fit()[39m (pid=80979, ip=127.0.0.1)
  File "/Users/dinukaperera/opt/anaconda3/envs/flower_tutorial/lib/python3.10/site-packages/flwr/simulation/ray_transport/ray_client_proxy.py", line 148, in launch_and_fit
    return maybe_call_fit(
  File "/Users/dinukaperera/opt/anaconda3/envs/flower_tutorial/lib/python3.10/site-packages/flwr/client/client.py", line 184, in maybe_call_fit
    return client.fit(fit_ins)
  File "/Users/dinukaperera/opt/anaconda3/envs/flower_tutorial/lib/python3.10/site-packages/flwr/client/app.py", line 297, in _fit
    results = self.numpy_client.fit(parameters, ins.config)  # type: ignore
  File "/Users/dinukaperera/FLwithFlwr/flowertry/cleint.py", line 196, in fit
    return super().fit(parameters, config)
  File "/Users/dinukaperera/FLwithFlwr/flowertry/cleint.py", line 109, in fit
    c_i_new = train_scaffold(
TypeError: train_scaffold() missing 1 required positional argument: 'net'
[2026-01-11 00:55:26,188][flwr][ERROR] - [36mray::launch_and_fit()[39m (pid=80983, ip=127.0.0.1)
  File "/Users/dinukaperera/opt/anaconda3/envs/flower_tutorial/lib/python3.10/site-packages/flwr/simulation/ray_transport/ray_client_proxy.py", line 148, in launch_and_fit
    return maybe_call_fit(
  File "/Users/dinukaperera/opt/anaconda3/envs/flower_tutorial/lib/python3.10/site-packages/flwr/client/client.py", line 184, in maybe_call_fit
    return client.fit(fit_ins)
  File "/Users/dinukaperera/opt/anaconda3/envs/flower_tutorial/lib/python3.10/site-packages/flwr/client/app.py", line 297, in _fit
    results = self.numpy_client.fit(parameters, ins.config)  # type: ignore
  File "/Users/dinukaperera/FLwithFlwr/flowertry/cleint.py", line 196, in fit
    return super().fit(parameters, config)
  File "/Users/dinukaperera/FLwithFlwr/flowertry/cleint.py", line 109, in fit
    c_i_new = train_scaffold(
TypeError: train_scaffold() missing 1 required positional argument: 'net'
[2026-01-11 00:55:26,190][flwr][ERROR] - [36mray::launch_and_fit()[39m (pid=80980, ip=127.0.0.1)
  File "/Users/dinukaperera/opt/anaconda3/envs/flower_tutorial/lib/python3.10/site-packages/flwr/simulation/ray_transport/ray_client_proxy.py", line 148, in launch_and_fit
    return maybe_call_fit(
  File "/Users/dinukaperera/opt/anaconda3/envs/flower_tutorial/lib/python3.10/site-packages/flwr/client/client.py", line 184, in maybe_call_fit
    return client.fit(fit_ins)
  File "/Users/dinukaperera/opt/anaconda3/envs/flower_tutorial/lib/python3.10/site-packages/flwr/client/app.py", line 297, in _fit
    results = self.numpy_client.fit(parameters, ins.config)  # type: ignore
  File "/Users/dinukaperera/FLwithFlwr/flowertry/cleint.py", line 196, in fit
    return super().fit(parameters, config)
  File "/Users/dinukaperera/FLwithFlwr/flowertry/cleint.py", line 109, in fit
    c_i_new = train_scaffold(
TypeError: train_scaffold() missing 1 required positional argument: 'net'
[2026-01-11 00:55:26,191][flwr][ERROR] - [36mray::launch_and_fit()[39m (pid=80986, ip=127.0.0.1)
  File "/Users/dinukaperera/opt/anaconda3/envs/flower_tutorial/lib/python3.10/site-packages/flwr/simulation/ray_transport/ray_client_proxy.py", line 148, in launch_and_fit
    return maybe_call_fit(
  File "/Users/dinukaperera/opt/anaconda3/envs/flower_tutorial/lib/python3.10/site-packages/flwr/client/client.py", line 184, in maybe_call_fit
    return client.fit(fit_ins)
  File "/Users/dinukaperera/opt/anaconda3/envs/flower_tutorial/lib/python3.10/site-packages/flwr/client/app.py", line 297, in _fit
    results = self.numpy_client.fit(parameters, ins.config)  # type: ignore
  File "/Users/dinukaperera/FLwithFlwr/flowertry/cleint.py", line 196, in fit
    return super().fit(parameters, config)
  File "/Users/dinukaperera/FLwithFlwr/flowertry/cleint.py", line 109, in fit
    c_i_new = train_scaffold(
TypeError: train_scaffold() missing 1 required positional argument: 'net'
[2026-01-11 00:55:26,191][flwr][ERROR] - [36mray::launch_and_fit()[39m (pid=80988, ip=127.0.0.1)
  File "/Users/dinukaperera/opt/anaconda3/envs/flower_tutorial/lib/python3.10/site-packages/flwr/simulation/ray_transport/ray_client_proxy.py", line 148, in launch_and_fit
    return maybe_call_fit(
  File "/Users/dinukaperera/opt/anaconda3/envs/flower_tutorial/lib/python3.10/site-packages/flwr/client/client.py", line 184, in maybe_call_fit
    return client.fit(fit_ins)
  File "/Users/dinukaperera/opt/anaconda3/envs/flower_tutorial/lib/python3.10/site-packages/flwr/client/app.py", line 297, in _fit
    results = self.numpy_client.fit(parameters, ins.config)  # type: ignore
  File "/Users/dinukaperera/FLwithFlwr/flowertry/cleint.py", line 196, in fit
    return super().fit(parameters, config)
  File "/Users/dinukaperera/FLwithFlwr/flowertry/cleint.py", line 109, in fit
    c_i_new = train_scaffold(
TypeError: train_scaffold() missing 1 required positional argument: 'net'
[2026-01-11 00:55:26,191][flwr][ERROR] - [36mray::launch_and_fit()[39m (pid=80982, ip=127.0.0.1)
  File "/Users/dinukaperera/opt/anaconda3/envs/flower_tutorial/lib/python3.10/site-packages/flwr/simulation/ray_transport/ray_client_proxy.py", line 148, in launch_and_fit
    return maybe_call_fit(
  File "/Users/dinukaperera/opt/anaconda3/envs/flower_tutorial/lib/python3.10/site-packages/flwr/client/client.py", line 184, in maybe_call_fit
    return client.fit(fit_ins)
  File "/Users/dinukaperera/opt/anaconda3/envs/flower_tutorial/lib/python3.10/site-packages/flwr/client/app.py", line 297, in _fit
    results = self.numpy_client.fit(parameters, ins.config)  # type: ignore
  File "/Users/dinukaperera/FLwithFlwr/flowertry/cleint.py", line 196, in fit
    return super().fit(parameters, config)
  File "/Users/dinukaperera/FLwithFlwr/flowertry/cleint.py", line 109, in fit
    c_i_new = train_scaffold(
TypeError: train_scaffold() missing 1 required positional argument: 'net'
[2026-01-11 00:55:26,193][flwr][ERROR] - [36mray::launch_and_fit()[39m (pid=80987, ip=127.0.0.1)
  File "/Users/dinukaperera/opt/anaconda3/envs/flower_tutorial/lib/python3.10/site-packages/flwr/simulation/ray_transport/ray_client_proxy.py", line 148, in launch_and_fit
    return maybe_call_fit(
  File "/Users/dinukaperera/opt/anaconda3/envs/flower_tutorial/lib/python3.10/site-packages/flwr/client/client.py", line 184, in maybe_call_fit
    return client.fit(fit_ins)
  File "/Users/dinukaperera/opt/anaconda3/envs/flower_tutorial/lib/python3.10/site-packages/flwr/client/app.py", line 297, in _fit
    results = self.numpy_client.fit(parameters, ins.config)  # type: ignore
  File "/Users/dinukaperera/FLwithFlwr/flowertry/cleint.py", line 196, in fit
    return super().fit(parameters, config)
  File "/Users/dinukaperera/FLwithFlwr/flowertry/cleint.py", line 109, in fit
    c_i_new = train_scaffold(
TypeError: train_scaffold() missing 1 required positional argument: 'net'
[2026-01-11 00:55:26,193][flwr][DEBUG] - fit_round 20 received 0 results and 10 failures
[2026-01-11 00:55:26,214][flwr][INFO] - fit progress: (20, 72.24541532993317, {'accuracy': 0.286}, 6.947012667005765)
[2026-01-11 00:55:26,214][flwr][INFO] - evaluate_round 20: no clients selected, cancel
[2026-01-11 00:55:26,214][flwr][DEBUG] - fit_round 21: strategy sampled 10 clients (out of 100)
[2026-01-11 00:55:26,365][flwr][ERROR] - [36mray::launch_and_fit()[39m (pid=80987, ip=127.0.0.1)
  File "/Users/dinukaperera/opt/anaconda3/envs/flower_tutorial/lib/python3.10/site-packages/flwr/simulation/ray_transport/ray_client_proxy.py", line 148, in launch_and_fit
    return maybe_call_fit(
  File "/Users/dinukaperera/opt/anaconda3/envs/flower_tutorial/lib/python3.10/site-packages/flwr/client/client.py", line 184, in maybe_call_fit
    return client.fit(fit_ins)
  File "/Users/dinukaperera/opt/anaconda3/envs/flower_tutorial/lib/python3.10/site-packages/flwr/client/app.py", line 297, in _fit
    results = self.numpy_client.fit(parameters, ins.config)  # type: ignore
  File "/Users/dinukaperera/FLwithFlwr/flowertry/cleint.py", line 196, in fit
    return super().fit(parameters, config)
  File "/Users/dinukaperera/FLwithFlwr/flowertry/cleint.py", line 109, in fit
    c_i_new = train_scaffold(
TypeError: train_scaffold() missing 1 required positional argument: 'net'
[2026-01-11 00:55:26,367][flwr][ERROR] - [36mray::launch_and_fit()[39m (pid=80982, ip=127.0.0.1)
  File "/Users/dinukaperera/opt/anaconda3/envs/flower_tutorial/lib/python3.10/site-packages/flwr/simulation/ray_transport/ray_client_proxy.py", line 148, in launch_and_fit
    return maybe_call_fit(
  File "/Users/dinukaperera/opt/anaconda3/envs/flower_tutorial/lib/python3.10/site-packages/flwr/client/client.py", line 184, in maybe_call_fit
    return client.fit(fit_ins)
  File "/Users/dinukaperera/opt/anaconda3/envs/flower_tutorial/lib/python3.10/site-packages/flwr/client/app.py", line 297, in _fit
    results = self.numpy_client.fit(parameters, ins.config)  # type: ignore
  File "/Users/dinukaperera/FLwithFlwr/flowertry/cleint.py", line 196, in fit
    return super().fit(parameters, config)
  File "/Users/dinukaperera/FLwithFlwr/flowertry/cleint.py", line 109, in fit
    c_i_new = train_scaffold(
TypeError: train_scaffold() missing 1 required positional argument: 'net'
[2026-01-11 00:55:26,368][flwr][ERROR] - [36mray::launch_and_fit()[39m (pid=80980, ip=127.0.0.1)
  File "/Users/dinukaperera/opt/anaconda3/envs/flower_tutorial/lib/python3.10/site-packages/flwr/simulation/ray_transport/ray_client_proxy.py", line 148, in launch_and_fit
    return maybe_call_fit(
  File "/Users/dinukaperera/opt/anaconda3/envs/flower_tutorial/lib/python3.10/site-packages/flwr/client/client.py", line 184, in maybe_call_fit
    return client.fit(fit_ins)
  File "/Users/dinukaperera/opt/anaconda3/envs/flower_tutorial/lib/python3.10/site-packages/flwr/client/app.py", line 297, in _fit
    results = self.numpy_client.fit(parameters, ins.config)  # type: ignore
  File "/Users/dinukaperera/FLwithFlwr/flowertry/cleint.py", line 196, in fit
    return super().fit(parameters, config)
  File "/Users/dinukaperera/FLwithFlwr/flowertry/cleint.py", line 109, in fit
    c_i_new = train_scaffold(
TypeError: train_scaffold() missing 1 required positional argument: 'net'
[2026-01-11 00:55:26,369][flwr][ERROR] - [36mray::launch_and_fit()[39m (pid=80988, ip=127.0.0.1)
  File "/Users/dinukaperera/opt/anaconda3/envs/flower_tutorial/lib/python3.10/site-packages/flwr/simulation/ray_transport/ray_client_proxy.py", line 148, in launch_and_fit
    return maybe_call_fit(
  File "/Users/dinukaperera/opt/anaconda3/envs/flower_tutorial/lib/python3.10/site-packages/flwr/client/client.py", line 184, in maybe_call_fit
    return client.fit(fit_ins)
  File "/Users/dinukaperera/opt/anaconda3/envs/flower_tutorial/lib/python3.10/site-packages/flwr/client/app.py", line 297, in _fit
    results = self.numpy_client.fit(parameters, ins.config)  # type: ignore
  File "/Users/dinukaperera/FLwithFlwr/flowertry/cleint.py", line 196, in fit
    return super().fit(parameters, config)
  File "/Users/dinukaperera/FLwithFlwr/flowertry/cleint.py", line 109, in fit
    c_i_new = train_scaffold(
TypeError: train_scaffold() missing 1 required positional argument: 'net'
[2026-01-11 00:55:26,369][flwr][ERROR] - [36mray::launch_and_fit()[39m (pid=80986, ip=127.0.0.1)
  File "/Users/dinukaperera/opt/anaconda3/envs/flower_tutorial/lib/python3.10/site-packages/flwr/simulation/ray_transport/ray_client_proxy.py", line 148, in launch_and_fit
    return maybe_call_fit(
  File "/Users/dinukaperera/opt/anaconda3/envs/flower_tutorial/lib/python3.10/site-packages/flwr/client/client.py", line 184, in maybe_call_fit
    return client.fit(fit_ins)
  File "/Users/dinukaperera/opt/anaconda3/envs/flower_tutorial/lib/python3.10/site-packages/flwr/client/app.py", line 297, in _fit
    results = self.numpy_client.fit(parameters, ins.config)  # type: ignore
  File "/Users/dinukaperera/FLwithFlwr/flowertry/cleint.py", line 196, in fit
    return super().fit(parameters, config)
  File "/Users/dinukaperera/FLwithFlwr/flowertry/cleint.py", line 109, in fit
    c_i_new = train_scaffold(
TypeError: train_scaffold() missing 1 required positional argument: 'net'
[2026-01-11 00:55:26,370][flwr][ERROR] - [36mray::launch_and_fit()[39m (pid=80981, ip=127.0.0.1)
  File "/Users/dinukaperera/opt/anaconda3/envs/flower_tutorial/lib/python3.10/site-packages/flwr/simulation/ray_transport/ray_client_proxy.py", line 148, in launch_and_fit
    return maybe_call_fit(
  File "/Users/dinukaperera/opt/anaconda3/envs/flower_tutorial/lib/python3.10/site-packages/flwr/client/client.py", line 184, in maybe_call_fit
    return client.fit(fit_ins)
  File "/Users/dinukaperera/opt/anaconda3/envs/flower_tutorial/lib/python3.10/site-packages/flwr/client/app.py", line 297, in _fit
    results = self.numpy_client.fit(parameters, ins.config)  # type: ignore
  File "/Users/dinukaperera/FLwithFlwr/flowertry/cleint.py", line 196, in fit
    return super().fit(parameters, config)
  File "/Users/dinukaperera/FLwithFlwr/flowertry/cleint.py", line 109, in fit
    c_i_new = train_scaffold(
TypeError: train_scaffold() missing 1 required positional argument: 'net'
[2026-01-11 00:55:26,372][flwr][ERROR] - [36mray::launch_and_fit()[39m (pid=80983, ip=127.0.0.1)
  File "/Users/dinukaperera/opt/anaconda3/envs/flower_tutorial/lib/python3.10/site-packages/flwr/simulation/ray_transport/ray_client_proxy.py", line 148, in launch_and_fit
    return maybe_call_fit(
  File "/Users/dinukaperera/opt/anaconda3/envs/flower_tutorial/lib/python3.10/site-packages/flwr/client/client.py", line 184, in maybe_call_fit
    return client.fit(fit_ins)
  File "/Users/dinukaperera/opt/anaconda3/envs/flower_tutorial/lib/python3.10/site-packages/flwr/client/app.py", line 297, in _fit
    results = self.numpy_client.fit(parameters, ins.config)  # type: ignore
  File "/Users/dinukaperera/FLwithFlwr/flowertry/cleint.py", line 196, in fit
    return super().fit(parameters, config)
  File "/Users/dinukaperera/FLwithFlwr/flowertry/cleint.py", line 109, in fit
    c_i_new = train_scaffold(
TypeError: train_scaffold() missing 1 required positional argument: 'net'
[2026-01-11 00:55:26,372][flwr][ERROR] - [36mray::launch_and_fit()[39m (pid=80984, ip=127.0.0.1)
  File "/Users/dinukaperera/opt/anaconda3/envs/flower_tutorial/lib/python3.10/site-packages/flwr/simulation/ray_transport/ray_client_proxy.py", line 148, in launch_and_fit
    return maybe_call_fit(
  File "/Users/dinukaperera/opt/anaconda3/envs/flower_tutorial/lib/python3.10/site-packages/flwr/client/client.py", line 184, in maybe_call_fit
    return client.fit(fit_ins)
  File "/Users/dinukaperera/opt/anaconda3/envs/flower_tutorial/lib/python3.10/site-packages/flwr/client/app.py", line 297, in _fit
    results = self.numpy_client.fit(parameters, ins.config)  # type: ignore
  File "/Users/dinukaperera/FLwithFlwr/flowertry/cleint.py", line 196, in fit
    return super().fit(parameters, config)
  File "/Users/dinukaperera/FLwithFlwr/flowertry/cleint.py", line 109, in fit
    c_i_new = train_scaffold(
TypeError: train_scaffold() missing 1 required positional argument: 'net'
[2026-01-11 00:55:26,373][flwr][ERROR] - [36mray::launch_and_fit()[39m (pid=80979, ip=127.0.0.1)
  File "/Users/dinukaperera/opt/anaconda3/envs/flower_tutorial/lib/python3.10/site-packages/flwr/simulation/ray_transport/ray_client_proxy.py", line 148, in launch_and_fit
    return maybe_call_fit(
  File "/Users/dinukaperera/opt/anaconda3/envs/flower_tutorial/lib/python3.10/site-packages/flwr/client/client.py", line 184, in maybe_call_fit
    return client.fit(fit_ins)
  File "/Users/dinukaperera/opt/anaconda3/envs/flower_tutorial/lib/python3.10/site-packages/flwr/client/app.py", line 297, in _fit
    results = self.numpy_client.fit(parameters, ins.config)  # type: ignore
  File "/Users/dinukaperera/FLwithFlwr/flowertry/cleint.py", line 196, in fit
    return super().fit(parameters, config)
  File "/Users/dinukaperera/FLwithFlwr/flowertry/cleint.py", line 109, in fit
    c_i_new = train_scaffold(
TypeError: train_scaffold() missing 1 required positional argument: 'net'
[2026-01-11 00:55:26,373][flwr][ERROR] - [36mray::launch_and_fit()[39m (pid=80985, ip=127.0.0.1)
  File "/Users/dinukaperera/opt/anaconda3/envs/flower_tutorial/lib/python3.10/site-packages/flwr/simulation/ray_transport/ray_client_proxy.py", line 148, in launch_and_fit
    return maybe_call_fit(
  File "/Users/dinukaperera/opt/anaconda3/envs/flower_tutorial/lib/python3.10/site-packages/flwr/client/client.py", line 184, in maybe_call_fit
    return client.fit(fit_ins)
  File "/Users/dinukaperera/opt/anaconda3/envs/flower_tutorial/lib/python3.10/site-packages/flwr/client/app.py", line 297, in _fit
    results = self.numpy_client.fit(parameters, ins.config)  # type: ignore
  File "/Users/dinukaperera/FLwithFlwr/flowertry/cleint.py", line 196, in fit
    return super().fit(parameters, config)
  File "/Users/dinukaperera/FLwithFlwr/flowertry/cleint.py", line 109, in fit
    c_i_new = train_scaffold(
TypeError: train_scaffold() missing 1 required positional argument: 'net'
[2026-01-11 00:55:26,375][flwr][DEBUG] - fit_round 21 received 0 results and 10 failures
[2026-01-11 00:55:26,406][flwr][INFO] - fit progress: (21, 72.24541532993317, {'accuracy': 0.286}, 7.13948770800198)
[2026-01-11 00:55:26,406][flwr][INFO] - evaluate_round 21: no clients selected, cancel
[2026-01-11 00:55:26,407][flwr][DEBUG] - fit_round 22: strategy sampled 10 clients (out of 100)
[2026-01-11 00:55:26,553][flwr][ERROR] - [36mray::launch_and_fit()[39m (pid=80985, ip=127.0.0.1)
  File "/Users/dinukaperera/opt/anaconda3/envs/flower_tutorial/lib/python3.10/site-packages/flwr/simulation/ray_transport/ray_client_proxy.py", line 148, in launch_and_fit
    return maybe_call_fit(
  File "/Users/dinukaperera/opt/anaconda3/envs/flower_tutorial/lib/python3.10/site-packages/flwr/client/client.py", line 184, in maybe_call_fit
    return client.fit(fit_ins)
  File "/Users/dinukaperera/opt/anaconda3/envs/flower_tutorial/lib/python3.10/site-packages/flwr/client/app.py", line 297, in _fit
    results = self.numpy_client.fit(parameters, ins.config)  # type: ignore
  File "/Users/dinukaperera/FLwithFlwr/flowertry/cleint.py", line 196, in fit
    return super().fit(parameters, config)
  File "/Users/dinukaperera/FLwithFlwr/flowertry/cleint.py", line 109, in fit
    c_i_new = train_scaffold(
TypeError: train_scaffold() missing 1 required positional argument: 'net'
[2026-01-11 00:55:26,556][flwr][ERROR] - [36mray::launch_and_fit()[39m (pid=80979, ip=127.0.0.1)
  File "/Users/dinukaperera/opt/anaconda3/envs/flower_tutorial/lib/python3.10/site-packages/flwr/simulation/ray_transport/ray_client_proxy.py", line 148, in launch_and_fit
    return maybe_call_fit(
  File "/Users/dinukaperera/opt/anaconda3/envs/flower_tutorial/lib/python3.10/site-packages/flwr/client/client.py", line 184, in maybe_call_fit
    return client.fit(fit_ins)
  File "/Users/dinukaperera/opt/anaconda3/envs/flower_tutorial/lib/python3.10/site-packages/flwr/client/app.py", line 297, in _fit
    results = self.numpy_client.fit(parameters, ins.config)  # type: ignore
  File "/Users/dinukaperera/FLwithFlwr/flowertry/cleint.py", line 196, in fit
    return super().fit(parameters, config)
  File "/Users/dinukaperera/FLwithFlwr/flowertry/cleint.py", line 109, in fit
    c_i_new = train_scaffold(
TypeError: train_scaffold() missing 1 required positional argument: 'net'
[2026-01-11 00:55:26,556][flwr][ERROR] - [36mray::launch_and_fit()[39m (pid=80984, ip=127.0.0.1)
  File "/Users/dinukaperera/opt/anaconda3/envs/flower_tutorial/lib/python3.10/site-packages/flwr/simulation/ray_transport/ray_client_proxy.py", line 148, in launch_and_fit
    return maybe_call_fit(
  File "/Users/dinukaperera/opt/anaconda3/envs/flower_tutorial/lib/python3.10/site-packages/flwr/client/client.py", line 184, in maybe_call_fit
    return client.fit(fit_ins)
  File "/Users/dinukaperera/opt/anaconda3/envs/flower_tutorial/lib/python3.10/site-packages/flwr/client/app.py", line 297, in _fit
    results = self.numpy_client.fit(parameters, ins.config)  # type: ignore
  File "/Users/dinukaperera/FLwithFlwr/flowertry/cleint.py", line 196, in fit
    return super().fit(parameters, config)
  File "/Users/dinukaperera/FLwithFlwr/flowertry/cleint.py", line 109, in fit
    c_i_new = train_scaffold(
TypeError: train_scaffold() missing 1 required positional argument: 'net'
[2026-01-11 00:55:26,557][flwr][ERROR] - [36mray::launch_and_fit()[39m (pid=80981, ip=127.0.0.1)
  File "/Users/dinukaperera/opt/anaconda3/envs/flower_tutorial/lib/python3.10/site-packages/flwr/simulation/ray_transport/ray_client_proxy.py", line 148, in launch_and_fit
    return maybe_call_fit(
  File "/Users/dinukaperera/opt/anaconda3/envs/flower_tutorial/lib/python3.10/site-packages/flwr/client/client.py", line 184, in maybe_call_fit
    return client.fit(fit_ins)
  File "/Users/dinukaperera/opt/anaconda3/envs/flower_tutorial/lib/python3.10/site-packages/flwr/client/app.py", line 297, in _fit
    results = self.numpy_client.fit(parameters, ins.config)  # type: ignore
  File "/Users/dinukaperera/FLwithFlwr/flowertry/cleint.py", line 196, in fit
    return super().fit(parameters, config)
  File "/Users/dinukaperera/FLwithFlwr/flowertry/cleint.py", line 109, in fit
    c_i_new = train_scaffold(
TypeError: train_scaffold() missing 1 required positional argument: 'net'
[2026-01-11 00:55:26,559][flwr][ERROR] - [36mray::launch_and_fit()[39m (pid=80983, ip=127.0.0.1)
  File "/Users/dinukaperera/opt/anaconda3/envs/flower_tutorial/lib/python3.10/site-packages/flwr/simulation/ray_transport/ray_client_proxy.py", line 148, in launch_and_fit
    return maybe_call_fit(
  File "/Users/dinukaperera/opt/anaconda3/envs/flower_tutorial/lib/python3.10/site-packages/flwr/client/client.py", line 184, in maybe_call_fit
    return client.fit(fit_ins)
  File "/Users/dinukaperera/opt/anaconda3/envs/flower_tutorial/lib/python3.10/site-packages/flwr/client/app.py", line 297, in _fit
    results = self.numpy_client.fit(parameters, ins.config)  # type: ignore
  File "/Users/dinukaperera/FLwithFlwr/flowertry/cleint.py", line 196, in fit
    return super().fit(parameters, config)
  File "/Users/dinukaperera/FLwithFlwr/flowertry/cleint.py", line 109, in fit
    c_i_new = train_scaffold(
TypeError: train_scaffold() missing 1 required positional argument: 'net'
[2026-01-11 00:55:26,559][flwr][ERROR] - [36mray::launch_and_fit()[39m (pid=80986, ip=127.0.0.1)
  File "/Users/dinukaperera/opt/anaconda3/envs/flower_tutorial/lib/python3.10/site-packages/flwr/simulation/ray_transport/ray_client_proxy.py", line 148, in launch_and_fit
    return maybe_call_fit(
  File "/Users/dinukaperera/opt/anaconda3/envs/flower_tutorial/lib/python3.10/site-packages/flwr/client/client.py", line 184, in maybe_call_fit
    return client.fit(fit_ins)
  File "/Users/dinukaperera/opt/anaconda3/envs/flower_tutorial/lib/python3.10/site-packages/flwr/client/app.py", line 297, in _fit
    results = self.numpy_client.fit(parameters, ins.config)  # type: ignore
  File "/Users/dinukaperera/FLwithFlwr/flowertry/cleint.py", line 196, in fit
    return super().fit(parameters, config)
  File "/Users/dinukaperera/FLwithFlwr/flowertry/cleint.py", line 109, in fit
    c_i_new = train_scaffold(
TypeError: train_scaffold() missing 1 required positional argument: 'net'
[2026-01-11 00:55:26,562][flwr][ERROR] - [36mray::launch_and_fit()[39m (pid=80987, ip=127.0.0.1)
  File "/Users/dinukaperera/opt/anaconda3/envs/flower_tutorial/lib/python3.10/site-packages/flwr/simulation/ray_transport/ray_client_proxy.py", line 148, in launch_and_fit
    return maybe_call_fit(
  File "/Users/dinukaperera/opt/anaconda3/envs/flower_tutorial/lib/python3.10/site-packages/flwr/client/client.py", line 184, in maybe_call_fit
    return client.fit(fit_ins)
  File "/Users/dinukaperera/opt/anaconda3/envs/flower_tutorial/lib/python3.10/site-packages/flwr/client/app.py", line 297, in _fit
    results = self.numpy_client.fit(parameters, ins.config)  # type: ignore
  File "/Users/dinukaperera/FLwithFlwr/flowertry/cleint.py", line 196, in fit
    return super().fit(parameters, config)
  File "/Users/dinukaperera/FLwithFlwr/flowertry/cleint.py", line 109, in fit
    c_i_new = train_scaffold(
TypeError: train_scaffold() missing 1 required positional argument: 'net'
[2026-01-11 00:55:26,562][flwr][ERROR] - [36mray::launch_and_fit()[39m (pid=80982, ip=127.0.0.1)
  File "/Users/dinukaperera/opt/anaconda3/envs/flower_tutorial/lib/python3.10/site-packages/flwr/simulation/ray_transport/ray_client_proxy.py", line 148, in launch_and_fit
    return maybe_call_fit(
  File "/Users/dinukaperera/opt/anaconda3/envs/flower_tutorial/lib/python3.10/site-packages/flwr/client/client.py", line 184, in maybe_call_fit
    return client.fit(fit_ins)
  File "/Users/dinukaperera/opt/anaconda3/envs/flower_tutorial/lib/python3.10/site-packages/flwr/client/app.py", line 297, in _fit
    results = self.numpy_client.fit(parameters, ins.config)  # type: ignore
  File "/Users/dinukaperera/FLwithFlwr/flowertry/cleint.py", line 196, in fit
    return super().fit(parameters, config)
  File "/Users/dinukaperera/FLwithFlwr/flowertry/cleint.py", line 109, in fit
    c_i_new = train_scaffold(
TypeError: train_scaffold() missing 1 required positional argument: 'net'
[2026-01-11 00:55:26,563][flwr][ERROR] - [36mray::launch_and_fit()[39m (pid=80980, ip=127.0.0.1)
  File "/Users/dinukaperera/opt/anaconda3/envs/flower_tutorial/lib/python3.10/site-packages/flwr/simulation/ray_transport/ray_client_proxy.py", line 148, in launch_and_fit
    return maybe_call_fit(
  File "/Users/dinukaperera/opt/anaconda3/envs/flower_tutorial/lib/python3.10/site-packages/flwr/client/client.py", line 184, in maybe_call_fit
    return client.fit(fit_ins)
  File "/Users/dinukaperera/opt/anaconda3/envs/flower_tutorial/lib/python3.10/site-packages/flwr/client/app.py", line 297, in _fit
    results = self.numpy_client.fit(parameters, ins.config)  # type: ignore
  File "/Users/dinukaperera/FLwithFlwr/flowertry/cleint.py", line 196, in fit
    return super().fit(parameters, config)
  File "/Users/dinukaperera/FLwithFlwr/flowertry/cleint.py", line 109, in fit
    c_i_new = train_scaffold(
TypeError: train_scaffold() missing 1 required positional argument: 'net'
[2026-01-11 00:55:26,563][flwr][ERROR] - [36mray::launch_and_fit()[39m (pid=80988, ip=127.0.0.1)
  File "/Users/dinukaperera/opt/anaconda3/envs/flower_tutorial/lib/python3.10/site-packages/flwr/simulation/ray_transport/ray_client_proxy.py", line 148, in launch_and_fit
    return maybe_call_fit(
  File "/Users/dinukaperera/opt/anaconda3/envs/flower_tutorial/lib/python3.10/site-packages/flwr/client/client.py", line 184, in maybe_call_fit
    return client.fit(fit_ins)
  File "/Users/dinukaperera/opt/anaconda3/envs/flower_tutorial/lib/python3.10/site-packages/flwr/client/app.py", line 297, in _fit
    results = self.numpy_client.fit(parameters, ins.config)  # type: ignore
  File "/Users/dinukaperera/FLwithFlwr/flowertry/cleint.py", line 196, in fit
    return super().fit(parameters, config)
  File "/Users/dinukaperera/FLwithFlwr/flowertry/cleint.py", line 109, in fit
    c_i_new = train_scaffold(
TypeError: train_scaffold() missing 1 required positional argument: 'net'
[2026-01-11 00:55:26,564][flwr][DEBUG] - fit_round 22 received 0 results and 10 failures
[2026-01-11 00:55:26,586][flwr][INFO] - fit progress: (22, 72.24541532993317, {'accuracy': 0.286}, 7.318941833000281)
[2026-01-11 00:55:26,586][flwr][INFO] - evaluate_round 22: no clients selected, cancel
[2026-01-11 00:55:26,586][flwr][DEBUG] - fit_round 23: strategy sampled 10 clients (out of 100)
[2026-01-11 00:55:26,732][flwr][ERROR] - [36mray::launch_and_fit()[39m (pid=80988, ip=127.0.0.1)
  File "/Users/dinukaperera/opt/anaconda3/envs/flower_tutorial/lib/python3.10/site-packages/flwr/simulation/ray_transport/ray_client_proxy.py", line 148, in launch_and_fit
    return maybe_call_fit(
  File "/Users/dinukaperera/opt/anaconda3/envs/flower_tutorial/lib/python3.10/site-packages/flwr/client/client.py", line 184, in maybe_call_fit
    return client.fit(fit_ins)
  File "/Users/dinukaperera/opt/anaconda3/envs/flower_tutorial/lib/python3.10/site-packages/flwr/client/app.py", line 297, in _fit
    results = self.numpy_client.fit(parameters, ins.config)  # type: ignore
  File "/Users/dinukaperera/FLwithFlwr/flowertry/cleint.py", line 196, in fit
    return super().fit(parameters, config)
  File "/Users/dinukaperera/FLwithFlwr/flowertry/cleint.py", line 109, in fit
    c_i_new = train_scaffold(
TypeError: train_scaffold() missing 1 required positional argument: 'net'
[2026-01-11 00:55:26,735][flwr][ERROR] - [36mray::launch_and_fit()[39m (pid=80982, ip=127.0.0.1)
  File "/Users/dinukaperera/opt/anaconda3/envs/flower_tutorial/lib/python3.10/site-packages/flwr/simulation/ray_transport/ray_client_proxy.py", line 148, in launch_and_fit
    return maybe_call_fit(
  File "/Users/dinukaperera/opt/anaconda3/envs/flower_tutorial/lib/python3.10/site-packages/flwr/client/client.py", line 184, in maybe_call_fit
    return client.fit(fit_ins)
  File "/Users/dinukaperera/opt/anaconda3/envs/flower_tutorial/lib/python3.10/site-packages/flwr/client/app.py", line 297, in _fit
    results = self.numpy_client.fit(parameters, ins.config)  # type: ignore
  File "/Users/dinukaperera/FLwithFlwr/flowertry/cleint.py", line 196, in fit
    return super().fit(parameters, config)
  File "/Users/dinukaperera/FLwithFlwr/flowertry/cleint.py", line 109, in fit
    c_i_new = train_scaffold(
TypeError: train_scaffold() missing 1 required positional argument: 'net'
[2026-01-11 00:55:26,736][flwr][ERROR] - [36mray::launch_and_fit()[39m (pid=80980, ip=127.0.0.1)
  File "/Users/dinukaperera/opt/anaconda3/envs/flower_tutorial/lib/python3.10/site-packages/flwr/simulation/ray_transport/ray_client_proxy.py", line 148, in launch_and_fit
    return maybe_call_fit(
  File "/Users/dinukaperera/opt/anaconda3/envs/flower_tutorial/lib/python3.10/site-packages/flwr/client/client.py", line 184, in maybe_call_fit
    return client.fit(fit_ins)
  File "/Users/dinukaperera/opt/anaconda3/envs/flower_tutorial/lib/python3.10/site-packages/flwr/client/app.py", line 297, in _fit
    results = self.numpy_client.fit(parameters, ins.config)  # type: ignore
  File "/Users/dinukaperera/FLwithFlwr/flowertry/cleint.py", line 196, in fit
    return super().fit(parameters, config)
  File "/Users/dinukaperera/FLwithFlwr/flowertry/cleint.py", line 109, in fit
    c_i_new = train_scaffold(
TypeError: train_scaffold() missing 1 required positional argument: 'net'
[2026-01-11 00:55:26,743][flwr][ERROR] - [36mray::launch_and_fit()[39m (pid=80987, ip=127.0.0.1)
  File "/Users/dinukaperera/opt/anaconda3/envs/flower_tutorial/lib/python3.10/site-packages/flwr/simulation/ray_transport/ray_client_proxy.py", line 148, in launch_and_fit
    return maybe_call_fit(
  File "/Users/dinukaperera/opt/anaconda3/envs/flower_tutorial/lib/python3.10/site-packages/flwr/client/client.py", line 184, in maybe_call_fit
    return client.fit(fit_ins)
  File "/Users/dinukaperera/opt/anaconda3/envs/flower_tutorial/lib/python3.10/site-packages/flwr/client/app.py", line 297, in _fit
    results = self.numpy_client.fit(parameters, ins.config)  # type: ignore
  File "/Users/dinukaperera/FLwithFlwr/flowertry/cleint.py", line 196, in fit
    return super().fit(parameters, config)
  File "/Users/dinukaperera/FLwithFlwr/flowertry/cleint.py", line 109, in fit
    c_i_new = train_scaffold(
TypeError: train_scaffold() missing 1 required positional argument: 'net'
[2026-01-11 00:55:26,744][flwr][ERROR] - [36mray::launch_and_fit()[39m (pid=80986, ip=127.0.0.1)
  File "/Users/dinukaperera/opt/anaconda3/envs/flower_tutorial/lib/python3.10/site-packages/flwr/simulation/ray_transport/ray_client_proxy.py", line 148, in launch_and_fit
    return maybe_call_fit(
  File "/Users/dinukaperera/opt/anaconda3/envs/flower_tutorial/lib/python3.10/site-packages/flwr/client/client.py", line 184, in maybe_call_fit
    return client.fit(fit_ins)
  File "/Users/dinukaperera/opt/anaconda3/envs/flower_tutorial/lib/python3.10/site-packages/flwr/client/app.py", line 297, in _fit
    results = self.numpy_client.fit(parameters, ins.config)  # type: ignore
  File "/Users/dinukaperera/FLwithFlwr/flowertry/cleint.py", line 196, in fit
    return super().fit(parameters, config)
  File "/Users/dinukaperera/FLwithFlwr/flowertry/cleint.py", line 109, in fit
    c_i_new = train_scaffold(
TypeError: train_scaffold() missing 1 required positional argument: 'net'
[2026-01-11 00:55:26,746][flwr][ERROR] - [36mray::launch_and_fit()[39m (pid=80983, ip=127.0.0.1)
  File "/Users/dinukaperera/opt/anaconda3/envs/flower_tutorial/lib/python3.10/site-packages/flwr/simulation/ray_transport/ray_client_proxy.py", line 148, in launch_and_fit
    return maybe_call_fit(
  File "/Users/dinukaperera/opt/anaconda3/envs/flower_tutorial/lib/python3.10/site-packages/flwr/client/client.py", line 184, in maybe_call_fit
    return client.fit(fit_ins)
  File "/Users/dinukaperera/opt/anaconda3/envs/flower_tutorial/lib/python3.10/site-packages/flwr/client/app.py", line 297, in _fit
    results = self.numpy_client.fit(parameters, ins.config)  # type: ignore
  File "/Users/dinukaperera/FLwithFlwr/flowertry/cleint.py", line 196, in fit
    return super().fit(parameters, config)
  File "/Users/dinukaperera/FLwithFlwr/flowertry/cleint.py", line 109, in fit
    c_i_new = train_scaffold(
TypeError: train_scaffold() missing 1 required positional argument: 'net'
[2026-01-11 00:55:26,751][flwr][ERROR] - [36mray::launch_and_fit()[39m (pid=80982, ip=127.0.0.1)
  File "/Users/dinukaperera/opt/anaconda3/envs/flower_tutorial/lib/python3.10/site-packages/flwr/simulation/ray_transport/ray_client_proxy.py", line 148, in launch_and_fit
    return maybe_call_fit(
  File "/Users/dinukaperera/opt/anaconda3/envs/flower_tutorial/lib/python3.10/site-packages/flwr/client/client.py", line 184, in maybe_call_fit
    return client.fit(fit_ins)
  File "/Users/dinukaperera/opt/anaconda3/envs/flower_tutorial/lib/python3.10/site-packages/flwr/client/app.py", line 297, in _fit
    results = self.numpy_client.fit(parameters, ins.config)  # type: ignore
  File "/Users/dinukaperera/FLwithFlwr/flowertry/cleint.py", line 196, in fit
    return super().fit(parameters, config)
  File "/Users/dinukaperera/FLwithFlwr/flowertry/cleint.py", line 109, in fit
    c_i_new = train_scaffold(
TypeError: train_scaffold() missing 1 required positional argument: 'net'
[2026-01-11 00:55:26,754][flwr][ERROR] - [36mray::launch_and_fit()[39m (pid=80981, ip=127.0.0.1)
  File "/Users/dinukaperera/opt/anaconda3/envs/flower_tutorial/lib/python3.10/site-packages/flwr/simulation/ray_transport/ray_client_proxy.py", line 148, in launch_and_fit
    return maybe_call_fit(
  File "/Users/dinukaperera/opt/anaconda3/envs/flower_tutorial/lib/python3.10/site-packages/flwr/client/client.py", line 184, in maybe_call_fit
    return client.fit(fit_ins)
  File "/Users/dinukaperera/opt/anaconda3/envs/flower_tutorial/lib/python3.10/site-packages/flwr/client/app.py", line 297, in _fit
    results = self.numpy_client.fit(parameters, ins.config)  # type: ignore
  File "/Users/dinukaperera/FLwithFlwr/flowertry/cleint.py", line 196, in fit
    return super().fit(parameters, config)
  File "/Users/dinukaperera/FLwithFlwr/flowertry/cleint.py", line 109, in fit
    c_i_new = train_scaffold(
TypeError: train_scaffold() missing 1 required positional argument: 'net'
[2026-01-11 00:55:26,811][flwr][ERROR] - [36mray::launch_and_fit()[39m (pid=80988, ip=127.0.0.1)
  File "/Users/dinukaperera/opt/anaconda3/envs/flower_tutorial/lib/python3.10/site-packages/flwr/simulation/ray_transport/ray_client_proxy.py", line 148, in launch_and_fit
    return maybe_call_fit(
  File "/Users/dinukaperera/opt/anaconda3/envs/flower_tutorial/lib/python3.10/site-packages/flwr/client/client.py", line 184, in maybe_call_fit
    return client.fit(fit_ins)
  File "/Users/dinukaperera/opt/anaconda3/envs/flower_tutorial/lib/python3.10/site-packages/flwr/client/app.py", line 297, in _fit
    results = self.numpy_client.fit(parameters, ins.config)  # type: ignore
  File "/Users/dinukaperera/FLwithFlwr/flowertry/cleint.py", line 196, in fit
    return super().fit(parameters, config)
  File "/Users/dinukaperera/FLwithFlwr/flowertry/cleint.py", line 109, in fit
    c_i_new = train_scaffold(
TypeError: train_scaffold() missing 1 required positional argument: 'net'
[2026-01-11 00:55:26,813][flwr][ERROR] - [36mray::launch_and_fit()[39m (pid=80980, ip=127.0.0.1)
  File "/Users/dinukaperera/opt/anaconda3/envs/flower_tutorial/lib/python3.10/site-packages/flwr/simulation/ray_transport/ray_client_proxy.py", line 148, in launch_and_fit
    return maybe_call_fit(
  File "/Users/dinukaperera/opt/anaconda3/envs/flower_tutorial/lib/python3.10/site-packages/flwr/client/client.py", line 184, in maybe_call_fit
    return client.fit(fit_ins)
  File "/Users/dinukaperera/opt/anaconda3/envs/flower_tutorial/lib/python3.10/site-packages/flwr/client/app.py", line 297, in _fit
    results = self.numpy_client.fit(parameters, ins.config)  # type: ignore
  File "/Users/dinukaperera/FLwithFlwr/flowertry/cleint.py", line 196, in fit
    return super().fit(parameters, config)
  File "/Users/dinukaperera/FLwithFlwr/flowertry/cleint.py", line 109, in fit
    c_i_new = train_scaffold(
TypeError: train_scaffold() missing 1 required positional argument: 'net'
[2026-01-11 00:55:26,813][flwr][DEBUG] - fit_round 23 received 0 results and 10 failures
[2026-01-11 00:55:26,834][flwr][INFO] - fit progress: (23, 72.24541532993317, {'accuracy': 0.286}, 7.567524166996009)
[2026-01-11 00:55:26,834][flwr][INFO] - evaluate_round 23: no clients selected, cancel
[2026-01-11 00:55:26,835][flwr][DEBUG] - fit_round 24: strategy sampled 10 clients (out of 100)
[2026-01-11 00:55:26,982][flwr][ERROR] - [36mray::launch_and_fit()[39m (pid=80980, ip=127.0.0.1)
  File "/Users/dinukaperera/opt/anaconda3/envs/flower_tutorial/lib/python3.10/site-packages/flwr/simulation/ray_transport/ray_client_proxy.py", line 148, in launch_and_fit
    return maybe_call_fit(
  File "/Users/dinukaperera/opt/anaconda3/envs/flower_tutorial/lib/python3.10/site-packages/flwr/client/client.py", line 184, in maybe_call_fit
    return client.fit(fit_ins)
  File "/Users/dinukaperera/opt/anaconda3/envs/flower_tutorial/lib/python3.10/site-packages/flwr/client/app.py", line 297, in _fit
    results = self.numpy_client.fit(parameters, ins.config)  # type: ignore
  File "/Users/dinukaperera/FLwithFlwr/flowertry/cleint.py", line 196, in fit
    return super().fit(parameters, config)
  File "/Users/dinukaperera/FLwithFlwr/flowertry/cleint.py", line 109, in fit
    c_i_new = train_scaffold(
TypeError: train_scaffold() missing 1 required positional argument: 'net'
[2026-01-11 00:55:26,988][flwr][ERROR] - [36mray::launch_and_fit()[39m (pid=80981, ip=127.0.0.1)
  File "/Users/dinukaperera/opt/anaconda3/envs/flower_tutorial/lib/python3.10/site-packages/flwr/simulation/ray_transport/ray_client_proxy.py", line 148, in launch_and_fit
    return maybe_call_fit(
  File "/Users/dinukaperera/opt/anaconda3/envs/flower_tutorial/lib/python3.10/site-packages/flwr/client/client.py", line 184, in maybe_call_fit
    return client.fit(fit_ins)
  File "/Users/dinukaperera/opt/anaconda3/envs/flower_tutorial/lib/python3.10/site-packages/flwr/client/app.py", line 297, in _fit
    results = self.numpy_client.fit(parameters, ins.config)  # type: ignore
  File "/Users/dinukaperera/FLwithFlwr/flowertry/cleint.py", line 196, in fit
    return super().fit(parameters, config)
  File "/Users/dinukaperera/FLwithFlwr/flowertry/cleint.py", line 109, in fit
    c_i_new = train_scaffold(
TypeError: train_scaffold() missing 1 required positional argument: 'net'
[2026-01-11 00:55:26,988][flwr][ERROR] - [36mray::launch_and_fit()[39m (pid=80988, ip=127.0.0.1)
  File "/Users/dinukaperera/opt/anaconda3/envs/flower_tutorial/lib/python3.10/site-packages/flwr/simulation/ray_transport/ray_client_proxy.py", line 148, in launch_and_fit
    return maybe_call_fit(
  File "/Users/dinukaperera/opt/anaconda3/envs/flower_tutorial/lib/python3.10/site-packages/flwr/client/client.py", line 184, in maybe_call_fit
    return client.fit(fit_ins)
  File "/Users/dinukaperera/opt/anaconda3/envs/flower_tutorial/lib/python3.10/site-packages/flwr/client/app.py", line 297, in _fit
    results = self.numpy_client.fit(parameters, ins.config)  # type: ignore
  File "/Users/dinukaperera/FLwithFlwr/flowertry/cleint.py", line 196, in fit
    return super().fit(parameters, config)
  File "/Users/dinukaperera/FLwithFlwr/flowertry/cleint.py", line 109, in fit
    c_i_new = train_scaffold(
TypeError: train_scaffold() missing 1 required positional argument: 'net'
[2026-01-11 00:55:26,990][flwr][ERROR] - [36mray::launch_and_fit()[39m (pid=80983, ip=127.0.0.1)
  File "/Users/dinukaperera/opt/anaconda3/envs/flower_tutorial/lib/python3.10/site-packages/flwr/simulation/ray_transport/ray_client_proxy.py", line 148, in launch_and_fit
    return maybe_call_fit(
  File "/Users/dinukaperera/opt/anaconda3/envs/flower_tutorial/lib/python3.10/site-packages/flwr/client/client.py", line 184, in maybe_call_fit
    return client.fit(fit_ins)
  File "/Users/dinukaperera/opt/anaconda3/envs/flower_tutorial/lib/python3.10/site-packages/flwr/client/app.py", line 297, in _fit
    results = self.numpy_client.fit(parameters, ins.config)  # type: ignore
  File "/Users/dinukaperera/FLwithFlwr/flowertry/cleint.py", line 196, in fit
    return super().fit(parameters, config)
  File "/Users/dinukaperera/FLwithFlwr/flowertry/cleint.py", line 109, in fit
    c_i_new = train_scaffold(
TypeError: train_scaffold() missing 1 required positional argument: 'net'
[2026-01-11 00:55:26,991][flwr][ERROR] - [36mray::launch_and_fit()[39m (pid=80987, ip=127.0.0.1)
  File "/Users/dinukaperera/opt/anaconda3/envs/flower_tutorial/lib/python3.10/site-packages/flwr/simulation/ray_transport/ray_client_proxy.py", line 148, in launch_and_fit
    return maybe_call_fit(
  File "/Users/dinukaperera/opt/anaconda3/envs/flower_tutorial/lib/python3.10/site-packages/flwr/client/client.py", line 184, in maybe_call_fit
    return client.fit(fit_ins)
  File "/Users/dinukaperera/opt/anaconda3/envs/flower_tutorial/lib/python3.10/site-packages/flwr/client/app.py", line 297, in _fit
    results = self.numpy_client.fit(parameters, ins.config)  # type: ignore
  File "/Users/dinukaperera/FLwithFlwr/flowertry/cleint.py", line 196, in fit
    return super().fit(parameters, config)
  File "/Users/dinukaperera/FLwithFlwr/flowertry/cleint.py", line 109, in fit
    c_i_new = train_scaffold(
TypeError: train_scaffold() missing 1 required positional argument: 'net'
[2026-01-11 00:55:26,991][flwr][ERROR] - [36mray::launch_and_fit()[39m (pid=80986, ip=127.0.0.1)
  File "/Users/dinukaperera/opt/anaconda3/envs/flower_tutorial/lib/python3.10/site-packages/flwr/simulation/ray_transport/ray_client_proxy.py", line 148, in launch_and_fit
    return maybe_call_fit(
  File "/Users/dinukaperera/opt/anaconda3/envs/flower_tutorial/lib/python3.10/site-packages/flwr/client/client.py", line 184, in maybe_call_fit
    return client.fit(fit_ins)
  File "/Users/dinukaperera/opt/anaconda3/envs/flower_tutorial/lib/python3.10/site-packages/flwr/client/app.py", line 297, in _fit
    results = self.numpy_client.fit(parameters, ins.config)  # type: ignore
  File "/Users/dinukaperera/FLwithFlwr/flowertry/cleint.py", line 196, in fit
    return super().fit(parameters, config)
  File "/Users/dinukaperera/FLwithFlwr/flowertry/cleint.py", line 109, in fit
    c_i_new = train_scaffold(
TypeError: train_scaffold() missing 1 required positional argument: 'net'
[2026-01-11 00:55:26,995][flwr][ERROR] - [36mray::launch_and_fit()[39m (pid=80985, ip=127.0.0.1)
  File "/Users/dinukaperera/opt/anaconda3/envs/flower_tutorial/lib/python3.10/site-packages/flwr/simulation/ray_transport/ray_client_proxy.py", line 148, in launch_and_fit
    return maybe_call_fit(
  File "/Users/dinukaperera/opt/anaconda3/envs/flower_tutorial/lib/python3.10/site-packages/flwr/client/client.py", line 184, in maybe_call_fit
    return client.fit(fit_ins)
  File "/Users/dinukaperera/opt/anaconda3/envs/flower_tutorial/lib/python3.10/site-packages/flwr/client/app.py", line 297, in _fit
    results = self.numpy_client.fit(parameters, ins.config)  # type: ignore
  File "/Users/dinukaperera/FLwithFlwr/flowertry/cleint.py", line 196, in fit
    return super().fit(parameters, config)
  File "/Users/dinukaperera/FLwithFlwr/flowertry/cleint.py", line 109, in fit
    c_i_new = train_scaffold(
TypeError: train_scaffold() missing 1 required positional argument: 'net'
[2026-01-11 00:55:26,995][flwr][ERROR] - [36mray::launch_and_fit()[39m (pid=80984, ip=127.0.0.1)
  File "/Users/dinukaperera/opt/anaconda3/envs/flower_tutorial/lib/python3.10/site-packages/flwr/simulation/ray_transport/ray_client_proxy.py", line 148, in launch_and_fit
    return maybe_call_fit(
  File "/Users/dinukaperera/opt/anaconda3/envs/flower_tutorial/lib/python3.10/site-packages/flwr/client/client.py", line 184, in maybe_call_fit
    return client.fit(fit_ins)
  File "/Users/dinukaperera/opt/anaconda3/envs/flower_tutorial/lib/python3.10/site-packages/flwr/client/app.py", line 297, in _fit
    results = self.numpy_client.fit(parameters, ins.config)  # type: ignore
  File "/Users/dinukaperera/FLwithFlwr/flowertry/cleint.py", line 196, in fit
    return super().fit(parameters, config)
  File "/Users/dinukaperera/FLwithFlwr/flowertry/cleint.py", line 109, in fit
    c_i_new = train_scaffold(
TypeError: train_scaffold() missing 1 required positional argument: 'net'
[2026-01-11 00:55:26,996][flwr][ERROR] - [36mray::launch_and_fit()[39m (pid=80979, ip=127.0.0.1)
  File "/Users/dinukaperera/opt/anaconda3/envs/flower_tutorial/lib/python3.10/site-packages/flwr/simulation/ray_transport/ray_client_proxy.py", line 148, in launch_and_fit
    return maybe_call_fit(
  File "/Users/dinukaperera/opt/anaconda3/envs/flower_tutorial/lib/python3.10/site-packages/flwr/client/client.py", line 184, in maybe_call_fit
    return client.fit(fit_ins)
  File "/Users/dinukaperera/opt/anaconda3/envs/flower_tutorial/lib/python3.10/site-packages/flwr/client/app.py", line 297, in _fit
    results = self.numpy_client.fit(parameters, ins.config)  # type: ignore
  File "/Users/dinukaperera/FLwithFlwr/flowertry/cleint.py", line 196, in fit
    return super().fit(parameters, config)
  File "/Users/dinukaperera/FLwithFlwr/flowertry/cleint.py", line 109, in fit
    c_i_new = train_scaffold(
TypeError: train_scaffold() missing 1 required positional argument: 'net'
[2026-01-11 00:55:27,062][flwr][ERROR] - [36mray::launch_and_fit()[39m (pid=80982, ip=127.0.0.1)
  File "/Users/dinukaperera/opt/anaconda3/envs/flower_tutorial/lib/python3.10/site-packages/flwr/simulation/ray_transport/ray_client_proxy.py", line 148, in launch_and_fit
    return maybe_call_fit(
  File "/Users/dinukaperera/opt/anaconda3/envs/flower_tutorial/lib/python3.10/site-packages/flwr/client/client.py", line 184, in maybe_call_fit
    return client.fit(fit_ins)
  File "/Users/dinukaperera/opt/anaconda3/envs/flower_tutorial/lib/python3.10/site-packages/flwr/client/app.py", line 297, in _fit
    results = self.numpy_client.fit(parameters, ins.config)  # type: ignore
  File "/Users/dinukaperera/FLwithFlwr/flowertry/cleint.py", line 196, in fit
    return super().fit(parameters, config)
  File "/Users/dinukaperera/FLwithFlwr/flowertry/cleint.py", line 109, in fit
    c_i_new = train_scaffold(
TypeError: train_scaffold() missing 1 required positional argument: 'net'
[2026-01-11 00:55:27,063][flwr][DEBUG] - fit_round 24 received 0 results and 10 failures
[2026-01-11 00:55:27,085][flwr][INFO] - fit progress: (24, 72.24541532993317, {'accuracy': 0.286}, 7.81786949999514)
[2026-01-11 00:55:27,085][flwr][INFO] - evaluate_round 24: no clients selected, cancel
[2026-01-11 00:55:27,085][flwr][DEBUG] - fit_round 25: strategy sampled 10 clients (out of 100)
[2026-01-11 00:55:27,239][flwr][ERROR] - [36mray::launch_and_fit()[39m (pid=80982, ip=127.0.0.1)
  File "/Users/dinukaperera/opt/anaconda3/envs/flower_tutorial/lib/python3.10/site-packages/flwr/simulation/ray_transport/ray_client_proxy.py", line 148, in launch_and_fit
    return maybe_call_fit(
  File "/Users/dinukaperera/opt/anaconda3/envs/flower_tutorial/lib/python3.10/site-packages/flwr/client/client.py", line 184, in maybe_call_fit
    return client.fit(fit_ins)
  File "/Users/dinukaperera/opt/anaconda3/envs/flower_tutorial/lib/python3.10/site-packages/flwr/client/app.py", line 297, in _fit
    results = self.numpy_client.fit(parameters, ins.config)  # type: ignore
  File "/Users/dinukaperera/FLwithFlwr/flowertry/cleint.py", line 196, in fit
    return super().fit(parameters, config)
  File "/Users/dinukaperera/FLwithFlwr/flowertry/cleint.py", line 109, in fit
    c_i_new = train_scaffold(
TypeError: train_scaffold() missing 1 required positional argument: 'net'
[2026-01-11 00:55:27,241][flwr][ERROR] - [36mray::launch_and_fit()[39m (pid=80979, ip=127.0.0.1)
  File "/Users/dinukaperera/opt/anaconda3/envs/flower_tutorial/lib/python3.10/site-packages/flwr/simulation/ray_transport/ray_client_proxy.py", line 148, in launch_and_fit
    return maybe_call_fit(
  File "/Users/dinukaperera/opt/anaconda3/envs/flower_tutorial/lib/python3.10/site-packages/flwr/client/client.py", line 184, in maybe_call_fit
    return client.fit(fit_ins)
  File "/Users/dinukaperera/opt/anaconda3/envs/flower_tutorial/lib/python3.10/site-packages/flwr/client/app.py", line 297, in _fit
    results = self.numpy_client.fit(parameters, ins.config)  # type: ignore
  File "/Users/dinukaperera/FLwithFlwr/flowertry/cleint.py", line 196, in fit
    return super().fit(parameters, config)
  File "/Users/dinukaperera/FLwithFlwr/flowertry/cleint.py", line 109, in fit
    c_i_new = train_scaffold(
TypeError: train_scaffold() missing 1 required positional argument: 'net'
[2026-01-11 00:55:27,243][flwr][ERROR] - [36mray::launch_and_fit()[39m (pid=80984, ip=127.0.0.1)
  File "/Users/dinukaperera/opt/anaconda3/envs/flower_tutorial/lib/python3.10/site-packages/flwr/simulation/ray_transport/ray_client_proxy.py", line 148, in launch_and_fit
    return maybe_call_fit(
  File "/Users/dinukaperera/opt/anaconda3/envs/flower_tutorial/lib/python3.10/site-packages/flwr/client/client.py", line 184, in maybe_call_fit
    return client.fit(fit_ins)
  File "/Users/dinukaperera/opt/anaconda3/envs/flower_tutorial/lib/python3.10/site-packages/flwr/client/app.py", line 297, in _fit
    results = self.numpy_client.fit(parameters, ins.config)  # type: ignore
  File "/Users/dinukaperera/FLwithFlwr/flowertry/cleint.py", line 196, in fit
    return super().fit(parameters, config)
  File "/Users/dinukaperera/FLwithFlwr/flowertry/cleint.py", line 109, in fit
    c_i_new = train_scaffold(
TypeError: train_scaffold() missing 1 required positional argument: 'net'
[2026-01-11 00:55:27,247][flwr][ERROR] - [36mray::launch_and_fit()[39m (pid=80985, ip=127.0.0.1)
  File "/Users/dinukaperera/opt/anaconda3/envs/flower_tutorial/lib/python3.10/site-packages/flwr/simulation/ray_transport/ray_client_proxy.py", line 148, in launch_and_fit
    return maybe_call_fit(
  File "/Users/dinukaperera/opt/anaconda3/envs/flower_tutorial/lib/python3.10/site-packages/flwr/client/client.py", line 184, in maybe_call_fit
    return client.fit(fit_ins)
  File "/Users/dinukaperera/opt/anaconda3/envs/flower_tutorial/lib/python3.10/site-packages/flwr/client/app.py", line 297, in _fit
    results = self.numpy_client.fit(parameters, ins.config)  # type: ignore
  File "/Users/dinukaperera/FLwithFlwr/flowertry/cleint.py", line 196, in fit
    return super().fit(parameters, config)
  File "/Users/dinukaperera/FLwithFlwr/flowertry/cleint.py", line 109, in fit
    c_i_new = train_scaffold(
TypeError: train_scaffold() missing 1 required positional argument: 'net'
[2026-01-11 00:55:27,248][flwr][ERROR] - [36mray::launch_and_fit()[39m (pid=80986, ip=127.0.0.1)
  File "/Users/dinukaperera/opt/anaconda3/envs/flower_tutorial/lib/python3.10/site-packages/flwr/simulation/ray_transport/ray_client_proxy.py", line 148, in launch_and_fit
    return maybe_call_fit(
  File "/Users/dinukaperera/opt/anaconda3/envs/flower_tutorial/lib/python3.10/site-packages/flwr/client/client.py", line 184, in maybe_call_fit
    return client.fit(fit_ins)
  File "/Users/dinukaperera/opt/anaconda3/envs/flower_tutorial/lib/python3.10/site-packages/flwr/client/app.py", line 297, in _fit
    results = self.numpy_client.fit(parameters, ins.config)  # type: ignore
  File "/Users/dinukaperera/FLwithFlwr/flowertry/cleint.py", line 196, in fit
    return super().fit(parameters, config)
  File "/Users/dinukaperera/FLwithFlwr/flowertry/cleint.py", line 109, in fit
    c_i_new = train_scaffold(
TypeError: train_scaffold() missing 1 required positional argument: 'net'
[2026-01-11 00:55:27,252][flwr][ERROR] - [36mray::launch_and_fit()[39m (pid=80987, ip=127.0.0.1)
  File "/Users/dinukaperera/opt/anaconda3/envs/flower_tutorial/lib/python3.10/site-packages/flwr/simulation/ray_transport/ray_client_proxy.py", line 148, in launch_and_fit
    return maybe_call_fit(
  File "/Users/dinukaperera/opt/anaconda3/envs/flower_tutorial/lib/python3.10/site-packages/flwr/client/client.py", line 184, in maybe_call_fit
    return client.fit(fit_ins)
  File "/Users/dinukaperera/opt/anaconda3/envs/flower_tutorial/lib/python3.10/site-packages/flwr/client/app.py", line 297, in _fit
    results = self.numpy_client.fit(parameters, ins.config)  # type: ignore
  File "/Users/dinukaperera/FLwithFlwr/flowertry/cleint.py", line 196, in fit
    return super().fit(parameters, config)
  File "/Users/dinukaperera/FLwithFlwr/flowertry/cleint.py", line 109, in fit
    c_i_new = train_scaffold(
TypeError: train_scaffold() missing 1 required positional argument: 'net'
[2026-01-11 00:55:27,252][flwr][ERROR] - [36mray::launch_and_fit()[39m (pid=80982, ip=127.0.0.1)
  File "/Users/dinukaperera/opt/anaconda3/envs/flower_tutorial/lib/python3.10/site-packages/flwr/simulation/ray_transport/ray_client_proxy.py", line 148, in launch_and_fit
    return maybe_call_fit(
  File "/Users/dinukaperera/opt/anaconda3/envs/flower_tutorial/lib/python3.10/site-packages/flwr/client/client.py", line 184, in maybe_call_fit
    return client.fit(fit_ins)
  File "/Users/dinukaperera/opt/anaconda3/envs/flower_tutorial/lib/python3.10/site-packages/flwr/client/app.py", line 297, in _fit
    results = self.numpy_client.fit(parameters, ins.config)  # type: ignore
  File "/Users/dinukaperera/FLwithFlwr/flowertry/cleint.py", line 196, in fit
    return super().fit(parameters, config)
  File "/Users/dinukaperera/FLwithFlwr/flowertry/cleint.py", line 109, in fit
    c_i_new = train_scaffold(
TypeError: train_scaffold() missing 1 required positional argument: 'net'
[2026-01-11 00:55:27,252][flwr][ERROR] - [36mray::launch_and_fit()[39m (pid=80981, ip=127.0.0.1)
  File "/Users/dinukaperera/opt/anaconda3/envs/flower_tutorial/lib/python3.10/site-packages/flwr/simulation/ray_transport/ray_client_proxy.py", line 148, in launch_and_fit
    return maybe_call_fit(
  File "/Users/dinukaperera/opt/anaconda3/envs/flower_tutorial/lib/python3.10/site-packages/flwr/client/client.py", line 184, in maybe_call_fit
    return client.fit(fit_ins)
  File "/Users/dinukaperera/opt/anaconda3/envs/flower_tutorial/lib/python3.10/site-packages/flwr/client/app.py", line 297, in _fit
    results = self.numpy_client.fit(parameters, ins.config)  # type: ignore
  File "/Users/dinukaperera/FLwithFlwr/flowertry/cleint.py", line 196, in fit
    return super().fit(parameters, config)
  File "/Users/dinukaperera/FLwithFlwr/flowertry/cleint.py", line 109, in fit
    c_i_new = train_scaffold(
TypeError: train_scaffold() missing 1 required positional argument: 'net'
[2026-01-11 00:55:27,253][flwr][ERROR] - [36mray::launch_and_fit()[39m (pid=80988, ip=127.0.0.1)
  File "/Users/dinukaperera/opt/anaconda3/envs/flower_tutorial/lib/python3.10/site-packages/flwr/simulation/ray_transport/ray_client_proxy.py", line 148, in launch_and_fit
    return maybe_call_fit(
  File "/Users/dinukaperera/opt/anaconda3/envs/flower_tutorial/lib/python3.10/site-packages/flwr/client/client.py", line 184, in maybe_call_fit
    return client.fit(fit_ins)
  File "/Users/dinukaperera/opt/anaconda3/envs/flower_tutorial/lib/python3.10/site-packages/flwr/client/app.py", line 297, in _fit
    results = self.numpy_client.fit(parameters, ins.config)  # type: ignore
  File "/Users/dinukaperera/FLwithFlwr/flowertry/cleint.py", line 196, in fit
    return super().fit(parameters, config)
  File "/Users/dinukaperera/FLwithFlwr/flowertry/cleint.py", line 109, in fit
    c_i_new = train_scaffold(
TypeError: train_scaffold() missing 1 required positional argument: 'net'
[2026-01-11 00:55:27,317][flwr][ERROR] - [36mray::launch_and_fit()[39m (pid=80983, ip=127.0.0.1)
  File "/Users/dinukaperera/opt/anaconda3/envs/flower_tutorial/lib/python3.10/site-packages/flwr/simulation/ray_transport/ray_client_proxy.py", line 148, in launch_and_fit
    return maybe_call_fit(
  File "/Users/dinukaperera/opt/anaconda3/envs/flower_tutorial/lib/python3.10/site-packages/flwr/client/client.py", line 184, in maybe_call_fit
    return client.fit(fit_ins)
  File "/Users/dinukaperera/opt/anaconda3/envs/flower_tutorial/lib/python3.10/site-packages/flwr/client/app.py", line 297, in _fit
    results = self.numpy_client.fit(parameters, ins.config)  # type: ignore
  File "/Users/dinukaperera/FLwithFlwr/flowertry/cleint.py", line 196, in fit
    return super().fit(parameters, config)
  File "/Users/dinukaperera/FLwithFlwr/flowertry/cleint.py", line 109, in fit
    c_i_new = train_scaffold(
TypeError: train_scaffold() missing 1 required positional argument: 'net'
[2026-01-11 00:55:27,318][flwr][DEBUG] - fit_round 25 received 0 results and 10 failures
[2026-01-11 00:55:27,343][flwr][INFO] - fit progress: (25, 72.24541532993317, {'accuracy': 0.286}, 8.07603924999421)
[2026-01-11 00:55:27,343][flwr][INFO] - evaluate_round 25: no clients selected, cancel
[2026-01-11 00:55:27,343][flwr][DEBUG] - fit_round 26: strategy sampled 10 clients (out of 100)
[2026-01-11 00:55:27,500][flwr][ERROR] - [36mray::launch_and_fit()[39m (pid=80983, ip=127.0.0.1)
  File "/Users/dinukaperera/opt/anaconda3/envs/flower_tutorial/lib/python3.10/site-packages/flwr/simulation/ray_transport/ray_client_proxy.py", line 148, in launch_and_fit
    return maybe_call_fit(
  File "/Users/dinukaperera/opt/anaconda3/envs/flower_tutorial/lib/python3.10/site-packages/flwr/client/client.py", line 184, in maybe_call_fit
    return client.fit(fit_ins)
  File "/Users/dinukaperera/opt/anaconda3/envs/flower_tutorial/lib/python3.10/site-packages/flwr/client/app.py", line 297, in _fit
    results = self.numpy_client.fit(parameters, ins.config)  # type: ignore
  File "/Users/dinukaperera/FLwithFlwr/flowertry/cleint.py", line 196, in fit
    return super().fit(parameters, config)
  File "/Users/dinukaperera/FLwithFlwr/flowertry/cleint.py", line 109, in fit
    c_i_new = train_scaffold(
TypeError: train_scaffold() missing 1 required positional argument: 'net'
[2026-01-11 00:55:27,501][flwr][ERROR] - [36mray::launch_and_fit()[39m (pid=80988, ip=127.0.0.1)
  File "/Users/dinukaperera/opt/anaconda3/envs/flower_tutorial/lib/python3.10/site-packages/flwr/simulation/ray_transport/ray_client_proxy.py", line 148, in launch_and_fit
    return maybe_call_fit(
  File "/Users/dinukaperera/opt/anaconda3/envs/flower_tutorial/lib/python3.10/site-packages/flwr/client/client.py", line 184, in maybe_call_fit
    return client.fit(fit_ins)
  File "/Users/dinukaperera/opt/anaconda3/envs/flower_tutorial/lib/python3.10/site-packages/flwr/client/app.py", line 297, in _fit
    results = self.numpy_client.fit(parameters, ins.config)  # type: ignore
  File "/Users/dinukaperera/FLwithFlwr/flowertry/cleint.py", line 196, in fit
    return super().fit(parameters, config)
  File "/Users/dinukaperera/FLwithFlwr/flowertry/cleint.py", line 109, in fit
    c_i_new = train_scaffold(
TypeError: train_scaffold() missing 1 required positional argument: 'net'
[2026-01-11 00:55:27,502][flwr][ERROR] - [36mray::launch_and_fit()[39m (pid=80982, ip=127.0.0.1)
  File "/Users/dinukaperera/opt/anaconda3/envs/flower_tutorial/lib/python3.10/site-packages/flwr/simulation/ray_transport/ray_client_proxy.py", line 148, in launch_and_fit
    return maybe_call_fit(
  File "/Users/dinukaperera/opt/anaconda3/envs/flower_tutorial/lib/python3.10/site-packages/flwr/client/client.py", line 184, in maybe_call_fit
    return client.fit(fit_ins)
  File "/Users/dinukaperera/opt/anaconda3/envs/flower_tutorial/lib/python3.10/site-packages/flwr/client/app.py", line 297, in _fit
    results = self.numpy_client.fit(parameters, ins.config)  # type: ignore
  File "/Users/dinukaperera/FLwithFlwr/flowertry/cleint.py", line 196, in fit
    return super().fit(parameters, config)
  File "/Users/dinukaperera/FLwithFlwr/flowertry/cleint.py", line 109, in fit
    c_i_new = train_scaffold(
TypeError: train_scaffold() missing 1 required positional argument: 'net'
[2026-01-11 00:55:27,504][flwr][ERROR] - [36mray::launch_and_fit()[39m (pid=80987, ip=127.0.0.1)
  File "/Users/dinukaperera/opt/anaconda3/envs/flower_tutorial/lib/python3.10/site-packages/flwr/simulation/ray_transport/ray_client_proxy.py", line 148, in launch_and_fit
    return maybe_call_fit(
  File "/Users/dinukaperera/opt/anaconda3/envs/flower_tutorial/lib/python3.10/site-packages/flwr/client/client.py", line 184, in maybe_call_fit
    return client.fit(fit_ins)
  File "/Users/dinukaperera/opt/anaconda3/envs/flower_tutorial/lib/python3.10/site-packages/flwr/client/app.py", line 297, in _fit
    results = self.numpy_client.fit(parameters, ins.config)  # type: ignore
  File "/Users/dinukaperera/FLwithFlwr/flowertry/cleint.py", line 196, in fit
    return super().fit(parameters, config)
  File "/Users/dinukaperera/FLwithFlwr/flowertry/cleint.py", line 109, in fit
    c_i_new = train_scaffold(
TypeError: train_scaffold() missing 1 required positional argument: 'net'
[2026-01-11 00:55:27,507][flwr][ERROR] - [36mray::launch_and_fit()[39m (pid=80984, ip=127.0.0.1)
  File "/Users/dinukaperera/opt/anaconda3/envs/flower_tutorial/lib/python3.10/site-packages/flwr/simulation/ray_transport/ray_client_proxy.py", line 148, in launch_and_fit
    return maybe_call_fit(
  File "/Users/dinukaperera/opt/anaconda3/envs/flower_tutorial/lib/python3.10/site-packages/flwr/client/client.py", line 184, in maybe_call_fit
    return client.fit(fit_ins)
  File "/Users/dinukaperera/opt/anaconda3/envs/flower_tutorial/lib/python3.10/site-packages/flwr/client/app.py", line 297, in _fit
    results = self.numpy_client.fit(parameters, ins.config)  # type: ignore
  File "/Users/dinukaperera/FLwithFlwr/flowertry/cleint.py", line 196, in fit
    return super().fit(parameters, config)
  File "/Users/dinukaperera/FLwithFlwr/flowertry/cleint.py", line 109, in fit
    c_i_new = train_scaffold(
TypeError: train_scaffold() missing 1 required positional argument: 'net'
[2026-01-11 00:55:27,508][flwr][ERROR] - [36mray::launch_and_fit()[39m (pid=80985, ip=127.0.0.1)
  File "/Users/dinukaperera/opt/anaconda3/envs/flower_tutorial/lib/python3.10/site-packages/flwr/simulation/ray_transport/ray_client_proxy.py", line 148, in launch_and_fit
    return maybe_call_fit(
  File "/Users/dinukaperera/opt/anaconda3/envs/flower_tutorial/lib/python3.10/site-packages/flwr/client/client.py", line 184, in maybe_call_fit
    return client.fit(fit_ins)
  File "/Users/dinukaperera/opt/anaconda3/envs/flower_tutorial/lib/python3.10/site-packages/flwr/client/app.py", line 297, in _fit
    results = self.numpy_client.fit(parameters, ins.config)  # type: ignore
  File "/Users/dinukaperera/FLwithFlwr/flowertry/cleint.py", line 196, in fit
    return super().fit(parameters, config)
  File "/Users/dinukaperera/FLwithFlwr/flowertry/cleint.py", line 109, in fit
    c_i_new = train_scaffold(
TypeError: train_scaffold() missing 1 required positional argument: 'net'
[2026-01-11 00:55:27,509][flwr][ERROR] - [36mray::launch_and_fit()[39m (pid=80979, ip=127.0.0.1)
  File "/Users/dinukaperera/opt/anaconda3/envs/flower_tutorial/lib/python3.10/site-packages/flwr/simulation/ray_transport/ray_client_proxy.py", line 148, in launch_and_fit
    return maybe_call_fit(
  File "/Users/dinukaperera/opt/anaconda3/envs/flower_tutorial/lib/python3.10/site-packages/flwr/client/client.py", line 184, in maybe_call_fit
    return client.fit(fit_ins)
  File "/Users/dinukaperera/opt/anaconda3/envs/flower_tutorial/lib/python3.10/site-packages/flwr/client/app.py", line 297, in _fit
    results = self.numpy_client.fit(parameters, ins.config)  # type: ignore
  File "/Users/dinukaperera/FLwithFlwr/flowertry/cleint.py", line 196, in fit
    return super().fit(parameters, config)
  File "/Users/dinukaperera/FLwithFlwr/flowertry/cleint.py", line 109, in fit
    c_i_new = train_scaffold(
TypeError: train_scaffold() missing 1 required positional argument: 'net'
[2026-01-11 00:55:27,512][flwr][ERROR] - [36mray::launch_and_fit()[39m (pid=80980, ip=127.0.0.1)
  File "/Users/dinukaperera/opt/anaconda3/envs/flower_tutorial/lib/python3.10/site-packages/flwr/simulation/ray_transport/ray_client_proxy.py", line 148, in launch_and_fit
    return maybe_call_fit(
  File "/Users/dinukaperera/opt/anaconda3/envs/flower_tutorial/lib/python3.10/site-packages/flwr/client/client.py", line 184, in maybe_call_fit
    return client.fit(fit_ins)
  File "/Users/dinukaperera/opt/anaconda3/envs/flower_tutorial/lib/python3.10/site-packages/flwr/client/app.py", line 297, in _fit
    results = self.numpy_client.fit(parameters, ins.config)  # type: ignore
  File "/Users/dinukaperera/FLwithFlwr/flowertry/cleint.py", line 196, in fit
    return super().fit(parameters, config)
  File "/Users/dinukaperera/FLwithFlwr/flowertry/cleint.py", line 109, in fit
    c_i_new = train_scaffold(
TypeError: train_scaffold() missing 1 required positional argument: 'net'
[2026-01-11 00:55:27,588][flwr][ERROR] - [36mray::launch_and_fit()[39m (pid=80981, ip=127.0.0.1)
  File "/Users/dinukaperera/opt/anaconda3/envs/flower_tutorial/lib/python3.10/site-packages/flwr/simulation/ray_transport/ray_client_proxy.py", line 148, in launch_and_fit
    return maybe_call_fit(
  File "/Users/dinukaperera/opt/anaconda3/envs/flower_tutorial/lib/python3.10/site-packages/flwr/client/client.py", line 184, in maybe_call_fit
    return client.fit(fit_ins)
  File "/Users/dinukaperera/opt/anaconda3/envs/flower_tutorial/lib/python3.10/site-packages/flwr/client/app.py", line 297, in _fit
    results = self.numpy_client.fit(parameters, ins.config)  # type: ignore
  File "/Users/dinukaperera/FLwithFlwr/flowertry/cleint.py", line 196, in fit
    return super().fit(parameters, config)
  File "/Users/dinukaperera/FLwithFlwr/flowertry/cleint.py", line 109, in fit
    c_i_new = train_scaffold(
TypeError: train_scaffold() missing 1 required positional argument: 'net'
[2026-01-11 00:55:27,589][flwr][ERROR] - [36mray::launch_and_fit()[39m (pid=80986, ip=127.0.0.1)
  File "/Users/dinukaperera/opt/anaconda3/envs/flower_tutorial/lib/python3.10/site-packages/flwr/simulation/ray_transport/ray_client_proxy.py", line 148, in launch_and_fit
    return maybe_call_fit(
  File "/Users/dinukaperera/opt/anaconda3/envs/flower_tutorial/lib/python3.10/site-packages/flwr/client/client.py", line 184, in maybe_call_fit
    return client.fit(fit_ins)
  File "/Users/dinukaperera/opt/anaconda3/envs/flower_tutorial/lib/python3.10/site-packages/flwr/client/app.py", line 297, in _fit
    results = self.numpy_client.fit(parameters, ins.config)  # type: ignore
  File "/Users/dinukaperera/FLwithFlwr/flowertry/cleint.py", line 196, in fit
    return super().fit(parameters, config)
  File "/Users/dinukaperera/FLwithFlwr/flowertry/cleint.py", line 109, in fit
    c_i_new = train_scaffold(
TypeError: train_scaffold() missing 1 required positional argument: 'net'
[2026-01-11 00:55:27,590][flwr][DEBUG] - fit_round 26 received 0 results and 10 failures
[2026-01-11 00:55:27,611][flwr][INFO] - fit progress: (26, 72.24541532993317, {'accuracy': 0.286}, 8.34459604199219)
[2026-01-11 00:55:27,611][flwr][INFO] - evaluate_round 26: no clients selected, cancel
[2026-01-11 00:55:27,612][flwr][DEBUG] - fit_round 27: strategy sampled 10 clients (out of 100)
[2026-01-11 00:55:27,763][flwr][ERROR] - [36mray::launch_and_fit()[39m (pid=80981, ip=127.0.0.1)
  File "/Users/dinukaperera/opt/anaconda3/envs/flower_tutorial/lib/python3.10/site-packages/flwr/simulation/ray_transport/ray_client_proxy.py", line 148, in launch_and_fit
    return maybe_call_fit(
  File "/Users/dinukaperera/opt/anaconda3/envs/flower_tutorial/lib/python3.10/site-packages/flwr/client/client.py", line 184, in maybe_call_fit
    return client.fit(fit_ins)
  File "/Users/dinukaperera/opt/anaconda3/envs/flower_tutorial/lib/python3.10/site-packages/flwr/client/app.py", line 297, in _fit
    results = self.numpy_client.fit(parameters, ins.config)  # type: ignore
  File "/Users/dinukaperera/FLwithFlwr/flowertry/cleint.py", line 196, in fit
    return super().fit(parameters, config)
  File "/Users/dinukaperera/FLwithFlwr/flowertry/cleint.py", line 109, in fit
    c_i_new = train_scaffold(
TypeError: train_scaffold() missing 1 required positional argument: 'net'
[2026-01-11 00:55:27,764][flwr][ERROR] - [36mray::launch_and_fit()[39m (pid=80986, ip=127.0.0.1)
  File "/Users/dinukaperera/opt/anaconda3/envs/flower_tutorial/lib/python3.10/site-packages/flwr/simulation/ray_transport/ray_client_proxy.py", line 148, in launch_and_fit
    return maybe_call_fit(
  File "/Users/dinukaperera/opt/anaconda3/envs/flower_tutorial/lib/python3.10/site-packages/flwr/client/client.py", line 184, in maybe_call_fit
    return client.fit(fit_ins)
  File "/Users/dinukaperera/opt/anaconda3/envs/flower_tutorial/lib/python3.10/site-packages/flwr/client/app.py", line 297, in _fit
    results = self.numpy_client.fit(parameters, ins.config)  # type: ignore
  File "/Users/dinukaperera/FLwithFlwr/flowertry/cleint.py", line 196, in fit
    return super().fit(parameters, config)
  File "/Users/dinukaperera/FLwithFlwr/flowertry/cleint.py", line 109, in fit
    c_i_new = train_scaffold(
TypeError: train_scaffold() missing 1 required positional argument: 'net'
[2026-01-11 00:55:27,766][flwr][ERROR] - [36mray::launch_and_fit()[39m (pid=80980, ip=127.0.0.1)
  File "/Users/dinukaperera/opt/anaconda3/envs/flower_tutorial/lib/python3.10/site-packages/flwr/simulation/ray_transport/ray_client_proxy.py", line 148, in launch_and_fit
    return maybe_call_fit(
  File "/Users/dinukaperera/opt/anaconda3/envs/flower_tutorial/lib/python3.10/site-packages/flwr/client/client.py", line 184, in maybe_call_fit
    return client.fit(fit_ins)
  File "/Users/dinukaperera/opt/anaconda3/envs/flower_tutorial/lib/python3.10/site-packages/flwr/client/app.py", line 297, in _fit
    results = self.numpy_client.fit(parameters, ins.config)  # type: ignore
  File "/Users/dinukaperera/FLwithFlwr/flowertry/cleint.py", line 196, in fit
    return super().fit(parameters, config)
  File "/Users/dinukaperera/FLwithFlwr/flowertry/cleint.py", line 109, in fit
    c_i_new = train_scaffold(
TypeError: train_scaffold() missing 1 required positional argument: 'net'
[2026-01-11 00:55:27,771][flwr][ERROR] - [36mray::launch_and_fit()[39m (pid=80987, ip=127.0.0.1)
  File "/Users/dinukaperera/opt/anaconda3/envs/flower_tutorial/lib/python3.10/site-packages/flwr/simulation/ray_transport/ray_client_proxy.py", line 148, in launch_and_fit
    return maybe_call_fit(
  File "/Users/dinukaperera/opt/anaconda3/envs/flower_tutorial/lib/python3.10/site-packages/flwr/client/client.py", line 184, in maybe_call_fit
    return client.fit(fit_ins)
  File "/Users/dinukaperera/opt/anaconda3/envs/flower_tutorial/lib/python3.10/site-packages/flwr/client/app.py", line 297, in _fit
    results = self.numpy_client.fit(parameters, ins.config)  # type: ignore
  File "/Users/dinukaperera/FLwithFlwr/flowertry/cleint.py", line 196, in fit
    return super().fit(parameters, config)
  File "/Users/dinukaperera/FLwithFlwr/flowertry/cleint.py", line 109, in fit
    c_i_new = train_scaffold(
TypeError: train_scaffold() missing 1 required positional argument: 'net'
[2026-01-11 00:55:27,772][flwr][ERROR] - [36mray::launch_and_fit()[39m (pid=80983, ip=127.0.0.1)
  File "/Users/dinukaperera/opt/anaconda3/envs/flower_tutorial/lib/python3.10/site-packages/flwr/simulation/ray_transport/ray_client_proxy.py", line 148, in launch_and_fit
    return maybe_call_fit(
  File "/Users/dinukaperera/opt/anaconda3/envs/flower_tutorial/lib/python3.10/site-packages/flwr/client/client.py", line 184, in maybe_call_fit
    return client.fit(fit_ins)
  File "/Users/dinukaperera/opt/anaconda3/envs/flower_tutorial/lib/python3.10/site-packages/flwr/client/app.py", line 297, in _fit
    results = self.numpy_client.fit(parameters, ins.config)  # type: ignore
  File "/Users/dinukaperera/FLwithFlwr/flowertry/cleint.py", line 196, in fit
    return super().fit(parameters, config)
  File "/Users/dinukaperera/FLwithFlwr/flowertry/cleint.py", line 109, in fit
    c_i_new = train_scaffold(
TypeError: train_scaffold() missing 1 required positional argument: 'net'
[2026-01-11 00:55:27,773][flwr][ERROR] - [36mray::launch_and_fit()[39m (pid=80982, ip=127.0.0.1)
  File "/Users/dinukaperera/opt/anaconda3/envs/flower_tutorial/lib/python3.10/site-packages/flwr/simulation/ray_transport/ray_client_proxy.py", line 148, in launch_and_fit
    return maybe_call_fit(
  File "/Users/dinukaperera/opt/anaconda3/envs/flower_tutorial/lib/python3.10/site-packages/flwr/client/client.py", line 184, in maybe_call_fit
    return client.fit(fit_ins)
  File "/Users/dinukaperera/opt/anaconda3/envs/flower_tutorial/lib/python3.10/site-packages/flwr/client/app.py", line 297, in _fit
    results = self.numpy_client.fit(parameters, ins.config)  # type: ignore
  File "/Users/dinukaperera/FLwithFlwr/flowertry/cleint.py", line 196, in fit
    return super().fit(parameters, config)
  File "/Users/dinukaperera/FLwithFlwr/flowertry/cleint.py", line 109, in fit
    c_i_new = train_scaffold(
TypeError: train_scaffold() missing 1 required positional argument: 'net'
[2026-01-11 00:55:27,777][flwr][ERROR] - [36mray::launch_and_fit()[39m (pid=80988, ip=127.0.0.1)
  File "/Users/dinukaperera/opt/anaconda3/envs/flower_tutorial/lib/python3.10/site-packages/flwr/simulation/ray_transport/ray_client_proxy.py", line 148, in launch_and_fit
    return maybe_call_fit(
  File "/Users/dinukaperera/opt/anaconda3/envs/flower_tutorial/lib/python3.10/site-packages/flwr/client/client.py", line 184, in maybe_call_fit
    return client.fit(fit_ins)
  File "/Users/dinukaperera/opt/anaconda3/envs/flower_tutorial/lib/python3.10/site-packages/flwr/client/app.py", line 297, in _fit
    results = self.numpy_client.fit(parameters, ins.config)  # type: ignore
  File "/Users/dinukaperera/FLwithFlwr/flowertry/cleint.py", line 196, in fit
    return super().fit(parameters, config)
  File "/Users/dinukaperera/FLwithFlwr/flowertry/cleint.py", line 109, in fit
    c_i_new = train_scaffold(
TypeError: train_scaffold() missing 1 required positional argument: 'net'
[2026-01-11 00:55:27,864][flwr][ERROR] - [36mray::launch_and_fit()[39m (pid=80979, ip=127.0.0.1)
  File "/Users/dinukaperera/opt/anaconda3/envs/flower_tutorial/lib/python3.10/site-packages/flwr/simulation/ray_transport/ray_client_proxy.py", line 148, in launch_and_fit
    return maybe_call_fit(
  File "/Users/dinukaperera/opt/anaconda3/envs/flower_tutorial/lib/python3.10/site-packages/flwr/client/client.py", line 184, in maybe_call_fit
    return client.fit(fit_ins)
  File "/Users/dinukaperera/opt/anaconda3/envs/flower_tutorial/lib/python3.10/site-packages/flwr/client/app.py", line 297, in _fit
    results = self.numpy_client.fit(parameters, ins.config)  # type: ignore
  File "/Users/dinukaperera/FLwithFlwr/flowertry/cleint.py", line 196, in fit
    return super().fit(parameters, config)
  File "/Users/dinukaperera/FLwithFlwr/flowertry/cleint.py", line 109, in fit
    c_i_new = train_scaffold(
TypeError: train_scaffold() missing 1 required positional argument: 'net'
[2026-01-11 00:55:27,867][flwr][ERROR] - [36mray::launch_and_fit()[39m (pid=80985, ip=127.0.0.1)
  File "/Users/dinukaperera/opt/anaconda3/envs/flower_tutorial/lib/python3.10/site-packages/flwr/simulation/ray_transport/ray_client_proxy.py", line 148, in launch_and_fit
    return maybe_call_fit(
  File "/Users/dinukaperera/opt/anaconda3/envs/flower_tutorial/lib/python3.10/site-packages/flwr/client/client.py", line 184, in maybe_call_fit
    return client.fit(fit_ins)
  File "/Users/dinukaperera/opt/anaconda3/envs/flower_tutorial/lib/python3.10/site-packages/flwr/client/app.py", line 297, in _fit
    results = self.numpy_client.fit(parameters, ins.config)  # type: ignore
  File "/Users/dinukaperera/FLwithFlwr/flowertry/cleint.py", line 196, in fit
    return super().fit(parameters, config)
  File "/Users/dinukaperera/FLwithFlwr/flowertry/cleint.py", line 109, in fit
    c_i_new = train_scaffold(
TypeError: train_scaffold() missing 1 required positional argument: 'net'
[2026-01-11 00:55:27,868][flwr][ERROR] - [36mray::launch_and_fit()[39m (pid=80984, ip=127.0.0.1)
  File "/Users/dinukaperera/opt/anaconda3/envs/flower_tutorial/lib/python3.10/site-packages/flwr/simulation/ray_transport/ray_client_proxy.py", line 148, in launch_and_fit
    return maybe_call_fit(
  File "/Users/dinukaperera/opt/anaconda3/envs/flower_tutorial/lib/python3.10/site-packages/flwr/client/client.py", line 184, in maybe_call_fit
    return client.fit(fit_ins)
  File "/Users/dinukaperera/opt/anaconda3/envs/flower_tutorial/lib/python3.10/site-packages/flwr/client/app.py", line 297, in _fit
    results = self.numpy_client.fit(parameters, ins.config)  # type: ignore
  File "/Users/dinukaperera/FLwithFlwr/flowertry/cleint.py", line 196, in fit
    return super().fit(parameters, config)
  File "/Users/dinukaperera/FLwithFlwr/flowertry/cleint.py", line 109, in fit
    c_i_new = train_scaffold(
TypeError: train_scaffold() missing 1 required positional argument: 'net'
[2026-01-11 00:55:27,868][flwr][DEBUG] - fit_round 27 received 0 results and 10 failures
[2026-01-11 00:55:27,890][flwr][INFO] - fit progress: (27, 72.24541532993317, {'accuracy': 0.286}, 8.623447624995606)
[2026-01-11 00:55:27,890][flwr][INFO] - evaluate_round 27: no clients selected, cancel
[2026-01-11 00:55:27,891][flwr][DEBUG] - fit_round 28: strategy sampled 10 clients (out of 100)
[2026-01-11 00:55:28,042][flwr][ERROR] - [36mray::launch_and_fit()[39m (pid=80984, ip=127.0.0.1)
  File "/Users/dinukaperera/opt/anaconda3/envs/flower_tutorial/lib/python3.10/site-packages/flwr/simulation/ray_transport/ray_client_proxy.py", line 148, in launch_and_fit
    return maybe_call_fit(
  File "/Users/dinukaperera/opt/anaconda3/envs/flower_tutorial/lib/python3.10/site-packages/flwr/client/client.py", line 184, in maybe_call_fit
    return client.fit(fit_ins)
  File "/Users/dinukaperera/opt/anaconda3/envs/flower_tutorial/lib/python3.10/site-packages/flwr/client/app.py", line 297, in _fit
    results = self.numpy_client.fit(parameters, ins.config)  # type: ignore
  File "/Users/dinukaperera/FLwithFlwr/flowertry/cleint.py", line 196, in fit
    return super().fit(parameters, config)
  File "/Users/dinukaperera/FLwithFlwr/flowertry/cleint.py", line 109, in fit
    c_i_new = train_scaffold(
TypeError: train_scaffold() missing 1 required positional argument: 'net'
[2026-01-11 00:55:28,043][flwr][ERROR] - [36mray::launch_and_fit()[39m (pid=80985, ip=127.0.0.1)
  File "/Users/dinukaperera/opt/anaconda3/envs/flower_tutorial/lib/python3.10/site-packages/flwr/simulation/ray_transport/ray_client_proxy.py", line 148, in launch_and_fit
    return maybe_call_fit(
  File "/Users/dinukaperera/opt/anaconda3/envs/flower_tutorial/lib/python3.10/site-packages/flwr/client/client.py", line 184, in maybe_call_fit
    return client.fit(fit_ins)
  File "/Users/dinukaperera/opt/anaconda3/envs/flower_tutorial/lib/python3.10/site-packages/flwr/client/app.py", line 297, in _fit
    results = self.numpy_client.fit(parameters, ins.config)  # type: ignore
  File "/Users/dinukaperera/FLwithFlwr/flowertry/cleint.py", line 196, in fit
    return super().fit(parameters, config)
  File "/Users/dinukaperera/FLwithFlwr/flowertry/cleint.py", line 109, in fit
    c_i_new = train_scaffold(
TypeError: train_scaffold() missing 1 required positional argument: 'net'
[2026-01-11 00:55:28,043][flwr][ERROR] - [36mray::launch_and_fit()[39m (pid=80979, ip=127.0.0.1)
  File "/Users/dinukaperera/opt/anaconda3/envs/flower_tutorial/lib/python3.10/site-packages/flwr/simulation/ray_transport/ray_client_proxy.py", line 148, in launch_and_fit
    return maybe_call_fit(
  File "/Users/dinukaperera/opt/anaconda3/envs/flower_tutorial/lib/python3.10/site-packages/flwr/client/client.py", line 184, in maybe_call_fit
    return client.fit(fit_ins)
  File "/Users/dinukaperera/opt/anaconda3/envs/flower_tutorial/lib/python3.10/site-packages/flwr/client/app.py", line 297, in _fit
    results = self.numpy_client.fit(parameters, ins.config)  # type: ignore
  File "/Users/dinukaperera/FLwithFlwr/flowertry/cleint.py", line 196, in fit
    return super().fit(parameters, config)
  File "/Users/dinukaperera/FLwithFlwr/flowertry/cleint.py", line 109, in fit
    c_i_new = train_scaffold(
TypeError: train_scaffold() missing 1 required positional argument: 'net'
[2026-01-11 00:55:28,045][flwr][ERROR] - [36mray::launch_and_fit()[39m (pid=80988, ip=127.0.0.1)
  File "/Users/dinukaperera/opt/anaconda3/envs/flower_tutorial/lib/python3.10/site-packages/flwr/simulation/ray_transport/ray_client_proxy.py", line 148, in launch_and_fit
    return maybe_call_fit(
  File "/Users/dinukaperera/opt/anaconda3/envs/flower_tutorial/lib/python3.10/site-packages/flwr/client/client.py", line 184, in maybe_call_fit
    return client.fit(fit_ins)
  File "/Users/dinukaperera/opt/anaconda3/envs/flower_tutorial/lib/python3.10/site-packages/flwr/client/app.py", line 297, in _fit
    results = self.numpy_client.fit(parameters, ins.config)  # type: ignore
  File "/Users/dinukaperera/FLwithFlwr/flowertry/cleint.py", line 196, in fit
    return super().fit(parameters, config)
  File "/Users/dinukaperera/FLwithFlwr/flowertry/cleint.py", line 109, in fit
    c_i_new = train_scaffold(
TypeError: train_scaffold() missing 1 required positional argument: 'net'
[2026-01-11 00:55:28,045][flwr][ERROR] - [36mray::launch_and_fit()[39m (pid=80983, ip=127.0.0.1)
  File "/Users/dinukaperera/opt/anaconda3/envs/flower_tutorial/lib/python3.10/site-packages/flwr/simulation/ray_transport/ray_client_proxy.py", line 148, in launch_and_fit
    return maybe_call_fit(
  File "/Users/dinukaperera/opt/anaconda3/envs/flower_tutorial/lib/python3.10/site-packages/flwr/client/client.py", line 184, in maybe_call_fit
    return client.fit(fit_ins)
  File "/Users/dinukaperera/opt/anaconda3/envs/flower_tutorial/lib/python3.10/site-packages/flwr/client/app.py", line 297, in _fit
    results = self.numpy_client.fit(parameters, ins.config)  # type: ignore
  File "/Users/dinukaperera/FLwithFlwr/flowertry/cleint.py", line 196, in fit
    return super().fit(parameters, config)
  File "/Users/dinukaperera/FLwithFlwr/flowertry/cleint.py", line 109, in fit
    c_i_new = train_scaffold(
TypeError: train_scaffold() missing 1 required positional argument: 'net'
[2026-01-11 00:55:28,047][flwr][ERROR] - [36mray::launch_and_fit()[39m (pid=80982, ip=127.0.0.1)
  File "/Users/dinukaperera/opt/anaconda3/envs/flower_tutorial/lib/python3.10/site-packages/flwr/simulation/ray_transport/ray_client_proxy.py", line 148, in launch_and_fit
    return maybe_call_fit(
  File "/Users/dinukaperera/opt/anaconda3/envs/flower_tutorial/lib/python3.10/site-packages/flwr/client/client.py", line 184, in maybe_call_fit
    return client.fit(fit_ins)
  File "/Users/dinukaperera/opt/anaconda3/envs/flower_tutorial/lib/python3.10/site-packages/flwr/client/app.py", line 297, in _fit
    results = self.numpy_client.fit(parameters, ins.config)  # type: ignore
  File "/Users/dinukaperera/FLwithFlwr/flowertry/cleint.py", line 196, in fit
    return super().fit(parameters, config)
  File "/Users/dinukaperera/FLwithFlwr/flowertry/cleint.py", line 109, in fit
    c_i_new = train_scaffold(
TypeError: train_scaffold() missing 1 required positional argument: 'net'
[2026-01-11 00:55:28,048][flwr][ERROR] - [36mray::launch_and_fit()[39m (pid=80980, ip=127.0.0.1)
  File "/Users/dinukaperera/opt/anaconda3/envs/flower_tutorial/lib/python3.10/site-packages/flwr/simulation/ray_transport/ray_client_proxy.py", line 148, in launch_and_fit
    return maybe_call_fit(
  File "/Users/dinukaperera/opt/anaconda3/envs/flower_tutorial/lib/python3.10/site-packages/flwr/client/client.py", line 184, in maybe_call_fit
    return client.fit(fit_ins)
  File "/Users/dinukaperera/opt/anaconda3/envs/flower_tutorial/lib/python3.10/site-packages/flwr/client/app.py", line 297, in _fit
    results = self.numpy_client.fit(parameters, ins.config)  # type: ignore
  File "/Users/dinukaperera/FLwithFlwr/flowertry/cleint.py", line 196, in fit
    return super().fit(parameters, config)
  File "/Users/dinukaperera/FLwithFlwr/flowertry/cleint.py", line 109, in fit
    c_i_new = train_scaffold(
TypeError: train_scaffold() missing 1 required positional argument: 'net'
[2026-01-11 00:55:28,048][flwr][ERROR] - [36mray::launch_and_fit()[39m (pid=80987, ip=127.0.0.1)
  File "/Users/dinukaperera/opt/anaconda3/envs/flower_tutorial/lib/python3.10/site-packages/flwr/simulation/ray_transport/ray_client_proxy.py", line 148, in launch_and_fit
    return maybe_call_fit(
  File "/Users/dinukaperera/opt/anaconda3/envs/flower_tutorial/lib/python3.10/site-packages/flwr/client/client.py", line 184, in maybe_call_fit
    return client.fit(fit_ins)
  File "/Users/dinukaperera/opt/anaconda3/envs/flower_tutorial/lib/python3.10/site-packages/flwr/client/app.py", line 297, in _fit
    results = self.numpy_client.fit(parameters, ins.config)  # type: ignore
  File "/Users/dinukaperera/FLwithFlwr/flowertry/cleint.py", line 196, in fit
    return super().fit(parameters, config)
  File "/Users/dinukaperera/FLwithFlwr/flowertry/cleint.py", line 109, in fit
    c_i_new = train_scaffold(
TypeError: train_scaffold() missing 1 required positional argument: 'net'
[2026-01-11 00:55:28,049][flwr][ERROR] - [36mray::launch_and_fit()[39m (pid=80986, ip=127.0.0.1)
  File "/Users/dinukaperera/opt/anaconda3/envs/flower_tutorial/lib/python3.10/site-packages/flwr/simulation/ray_transport/ray_client_proxy.py", line 148, in launch_and_fit
    return maybe_call_fit(
  File "/Users/dinukaperera/opt/anaconda3/envs/flower_tutorial/lib/python3.10/site-packages/flwr/client/client.py", line 184, in maybe_call_fit
    return client.fit(fit_ins)
  File "/Users/dinukaperera/opt/anaconda3/envs/flower_tutorial/lib/python3.10/site-packages/flwr/client/app.py", line 297, in _fit
    results = self.numpy_client.fit(parameters, ins.config)  # type: ignore
  File "/Users/dinukaperera/FLwithFlwr/flowertry/cleint.py", line 196, in fit
    return super().fit(parameters, config)
  File "/Users/dinukaperera/FLwithFlwr/flowertry/cleint.py", line 109, in fit
    c_i_new = train_scaffold(
TypeError: train_scaffold() missing 1 required positional argument: 'net'
[2026-01-11 00:55:28,052][flwr][ERROR] - [36mray::launch_and_fit()[39m (pid=80981, ip=127.0.0.1)
  File "/Users/dinukaperera/opt/anaconda3/envs/flower_tutorial/lib/python3.10/site-packages/flwr/simulation/ray_transport/ray_client_proxy.py", line 148, in launch_and_fit
    return maybe_call_fit(
  File "/Users/dinukaperera/opt/anaconda3/envs/flower_tutorial/lib/python3.10/site-packages/flwr/client/client.py", line 184, in maybe_call_fit
    return client.fit(fit_ins)
  File "/Users/dinukaperera/opt/anaconda3/envs/flower_tutorial/lib/python3.10/site-packages/flwr/client/app.py", line 297, in _fit
    results = self.numpy_client.fit(parameters, ins.config)  # type: ignore
  File "/Users/dinukaperera/FLwithFlwr/flowertry/cleint.py", line 196, in fit
    return super().fit(parameters, config)
  File "/Users/dinukaperera/FLwithFlwr/flowertry/cleint.py", line 109, in fit
    c_i_new = train_scaffold(
TypeError: train_scaffold() missing 1 required positional argument: 'net'
[2026-01-11 00:55:28,053][flwr][DEBUG] - fit_round 28 received 0 results and 10 failures
[2026-01-11 00:55:28,075][flwr][INFO] - fit progress: (28, 72.24541532993317, {'accuracy': 0.286}, 8.808146958006546)
[2026-01-11 00:55:28,075][flwr][INFO] - evaluate_round 28: no clients selected, cancel
[2026-01-11 00:55:28,076][flwr][DEBUG] - fit_round 29: strategy sampled 10 clients (out of 100)
[2026-01-11 00:55:28,230][flwr][ERROR] - [36mray::launch_and_fit()[39m (pid=80986, ip=127.0.0.1)
  File "/Users/dinukaperera/opt/anaconda3/envs/flower_tutorial/lib/python3.10/site-packages/flwr/simulation/ray_transport/ray_client_proxy.py", line 148, in launch_and_fit
    return maybe_call_fit(
  File "/Users/dinukaperera/opt/anaconda3/envs/flower_tutorial/lib/python3.10/site-packages/flwr/client/client.py", line 184, in maybe_call_fit
    return client.fit(fit_ins)
  File "/Users/dinukaperera/opt/anaconda3/envs/flower_tutorial/lib/python3.10/site-packages/flwr/client/app.py", line 297, in _fit
    results = self.numpy_client.fit(parameters, ins.config)  # type: ignore
  File "/Users/dinukaperera/FLwithFlwr/flowertry/cleint.py", line 196, in fit
    return super().fit(parameters, config)
  File "/Users/dinukaperera/FLwithFlwr/flowertry/cleint.py", line 109, in fit
    c_i_new = train_scaffold(
TypeError: train_scaffold() missing 1 required positional argument: 'net'
[2026-01-11 00:55:28,231][flwr][ERROR] - [36mray::launch_and_fit()[39m (pid=80987, ip=127.0.0.1)
  File "/Users/dinukaperera/opt/anaconda3/envs/flower_tutorial/lib/python3.10/site-packages/flwr/simulation/ray_transport/ray_client_proxy.py", line 148, in launch_and_fit
    return maybe_call_fit(
  File "/Users/dinukaperera/opt/anaconda3/envs/flower_tutorial/lib/python3.10/site-packages/flwr/client/client.py", line 184, in maybe_call_fit
    return client.fit(fit_ins)
  File "/Users/dinukaperera/opt/anaconda3/envs/flower_tutorial/lib/python3.10/site-packages/flwr/client/app.py", line 297, in _fit
    results = self.numpy_client.fit(parameters, ins.config)  # type: ignore
  File "/Users/dinukaperera/FLwithFlwr/flowertry/cleint.py", line 196, in fit
    return super().fit(parameters, config)
  File "/Users/dinukaperera/FLwithFlwr/flowertry/cleint.py", line 109, in fit
    c_i_new = train_scaffold(
TypeError: train_scaffold() missing 1 required positional argument: 'net'
[2026-01-11 00:55:28,232][flwr][ERROR] - [36mray::launch_and_fit()[39m (pid=80980, ip=127.0.0.1)
  File "/Users/dinukaperera/opt/anaconda3/envs/flower_tutorial/lib/python3.10/site-packages/flwr/simulation/ray_transport/ray_client_proxy.py", line 148, in launch_and_fit
    return maybe_call_fit(
  File "/Users/dinukaperera/opt/anaconda3/envs/flower_tutorial/lib/python3.10/site-packages/flwr/client/client.py", line 184, in maybe_call_fit
    return client.fit(fit_ins)
  File "/Users/dinukaperera/opt/anaconda3/envs/flower_tutorial/lib/python3.10/site-packages/flwr/client/app.py", line 297, in _fit
    results = self.numpy_client.fit(parameters, ins.config)  # type: ignore
  File "/Users/dinukaperera/FLwithFlwr/flowertry/cleint.py", line 196, in fit
    return super().fit(parameters, config)
  File "/Users/dinukaperera/FLwithFlwr/flowertry/cleint.py", line 109, in fit
    c_i_new = train_scaffold(
TypeError: train_scaffold() missing 1 required positional argument: 'net'
[2026-01-11 00:55:28,232][flwr][ERROR] - [36mray::launch_and_fit()[39m (pid=80981, ip=127.0.0.1)
  File "/Users/dinukaperera/opt/anaconda3/envs/flower_tutorial/lib/python3.10/site-packages/flwr/simulation/ray_transport/ray_client_proxy.py", line 148, in launch_and_fit
    return maybe_call_fit(
  File "/Users/dinukaperera/opt/anaconda3/envs/flower_tutorial/lib/python3.10/site-packages/flwr/client/client.py", line 184, in maybe_call_fit
    return client.fit(fit_ins)
  File "/Users/dinukaperera/opt/anaconda3/envs/flower_tutorial/lib/python3.10/site-packages/flwr/client/app.py", line 297, in _fit
    results = self.numpy_client.fit(parameters, ins.config)  # type: ignore
  File "/Users/dinukaperera/FLwithFlwr/flowertry/cleint.py", line 196, in fit
    return super().fit(parameters, config)
  File "/Users/dinukaperera/FLwithFlwr/flowertry/cleint.py", line 109, in fit
    c_i_new = train_scaffold(
TypeError: train_scaffold() missing 1 required positional argument: 'net'
[2026-01-11 00:55:28,233][flwr][ERROR] - [36mray::launch_and_fit()[39m (pid=80982, ip=127.0.0.1)
  File "/Users/dinukaperera/opt/anaconda3/envs/flower_tutorial/lib/python3.10/site-packages/flwr/simulation/ray_transport/ray_client_proxy.py", line 148, in launch_and_fit
    return maybe_call_fit(
  File "/Users/dinukaperera/opt/anaconda3/envs/flower_tutorial/lib/python3.10/site-packages/flwr/client/client.py", line 184, in maybe_call_fit
    return client.fit(fit_ins)
  File "/Users/dinukaperera/opt/anaconda3/envs/flower_tutorial/lib/python3.10/site-packages/flwr/client/app.py", line 297, in _fit
    results = self.numpy_client.fit(parameters, ins.config)  # type: ignore
  File "/Users/dinukaperera/FLwithFlwr/flowertry/cleint.py", line 196, in fit
    return super().fit(parameters, config)
  File "/Users/dinukaperera/FLwithFlwr/flowertry/cleint.py", line 109, in fit
    c_i_new = train_scaffold(
TypeError: train_scaffold() missing 1 required positional argument: 'net'
[2026-01-11 00:55:28,234][flwr][ERROR] - [36mray::launch_and_fit()[39m (pid=80984, ip=127.0.0.1)
  File "/Users/dinukaperera/opt/anaconda3/envs/flower_tutorial/lib/python3.10/site-packages/flwr/simulation/ray_transport/ray_client_proxy.py", line 148, in launch_and_fit
    return maybe_call_fit(
  File "/Users/dinukaperera/opt/anaconda3/envs/flower_tutorial/lib/python3.10/site-packages/flwr/client/client.py", line 184, in maybe_call_fit
    return client.fit(fit_ins)
  File "/Users/dinukaperera/opt/anaconda3/envs/flower_tutorial/lib/python3.10/site-packages/flwr/client/app.py", line 297, in _fit
    results = self.numpy_client.fit(parameters, ins.config)  # type: ignore
  File "/Users/dinukaperera/FLwithFlwr/flowertry/cleint.py", line 196, in fit
    return super().fit(parameters, config)
  File "/Users/dinukaperera/FLwithFlwr/flowertry/cleint.py", line 109, in fit
    c_i_new = train_scaffold(
TypeError: train_scaffold() missing 1 required positional argument: 'net'
[2026-01-11 00:55:28,235][flwr][ERROR] - [36mray::launch_and_fit()[39m (pid=80983, ip=127.0.0.1)
  File "/Users/dinukaperera/opt/anaconda3/envs/flower_tutorial/lib/python3.10/site-packages/flwr/simulation/ray_transport/ray_client_proxy.py", line 148, in launch_and_fit
    return maybe_call_fit(
  File "/Users/dinukaperera/opt/anaconda3/envs/flower_tutorial/lib/python3.10/site-packages/flwr/client/client.py", line 184, in maybe_call_fit
    return client.fit(fit_ins)
  File "/Users/dinukaperera/opt/anaconda3/envs/flower_tutorial/lib/python3.10/site-packages/flwr/client/app.py", line 297, in _fit
    results = self.numpy_client.fit(parameters, ins.config)  # type: ignore
  File "/Users/dinukaperera/FLwithFlwr/flowertry/cleint.py", line 196, in fit
    return super().fit(parameters, config)
  File "/Users/dinukaperera/FLwithFlwr/flowertry/cleint.py", line 109, in fit
    c_i_new = train_scaffold(
TypeError: train_scaffold() missing 1 required positional argument: 'net'
[2026-01-11 00:55:28,235][flwr][ERROR] - [36mray::launch_and_fit()[39m (pid=80979, ip=127.0.0.1)
  File "/Users/dinukaperera/opt/anaconda3/envs/flower_tutorial/lib/python3.10/site-packages/flwr/simulation/ray_transport/ray_client_proxy.py", line 148, in launch_and_fit
    return maybe_call_fit(
  File "/Users/dinukaperera/opt/anaconda3/envs/flower_tutorial/lib/python3.10/site-packages/flwr/client/client.py", line 184, in maybe_call_fit
    return client.fit(fit_ins)
  File "/Users/dinukaperera/opt/anaconda3/envs/flower_tutorial/lib/python3.10/site-packages/flwr/client/app.py", line 297, in _fit
    results = self.numpy_client.fit(parameters, ins.config)  # type: ignore
  File "/Users/dinukaperera/FLwithFlwr/flowertry/cleint.py", line 196, in fit
    return super().fit(parameters, config)
  File "/Users/dinukaperera/FLwithFlwr/flowertry/cleint.py", line 109, in fit
    c_i_new = train_scaffold(
TypeError: train_scaffold() missing 1 required positional argument: 'net'
[2026-01-11 00:55:28,236][flwr][ERROR] - [36mray::launch_and_fit()[39m (pid=80988, ip=127.0.0.1)
  File "/Users/dinukaperera/opt/anaconda3/envs/flower_tutorial/lib/python3.10/site-packages/flwr/simulation/ray_transport/ray_client_proxy.py", line 148, in launch_and_fit
    return maybe_call_fit(
  File "/Users/dinukaperera/opt/anaconda3/envs/flower_tutorial/lib/python3.10/site-packages/flwr/client/client.py", line 184, in maybe_call_fit
    return client.fit(fit_ins)
  File "/Users/dinukaperera/opt/anaconda3/envs/flower_tutorial/lib/python3.10/site-packages/flwr/client/app.py", line 297, in _fit
    results = self.numpy_client.fit(parameters, ins.config)  # type: ignore
  File "/Users/dinukaperera/FLwithFlwr/flowertry/cleint.py", line 196, in fit
    return super().fit(parameters, config)
  File "/Users/dinukaperera/FLwithFlwr/flowertry/cleint.py", line 109, in fit
    c_i_new = train_scaffold(
TypeError: train_scaffold() missing 1 required positional argument: 'net'
[2026-01-11 00:55:28,239][flwr][ERROR] - [36mray::launch_and_fit()[39m (pid=80985, ip=127.0.0.1)
  File "/Users/dinukaperera/opt/anaconda3/envs/flower_tutorial/lib/python3.10/site-packages/flwr/simulation/ray_transport/ray_client_proxy.py", line 148, in launch_and_fit
    return maybe_call_fit(
  File "/Users/dinukaperera/opt/anaconda3/envs/flower_tutorial/lib/python3.10/site-packages/flwr/client/client.py", line 184, in maybe_call_fit
    return client.fit(fit_ins)
  File "/Users/dinukaperera/opt/anaconda3/envs/flower_tutorial/lib/python3.10/site-packages/flwr/client/app.py", line 297, in _fit
    results = self.numpy_client.fit(parameters, ins.config)  # type: ignore
  File "/Users/dinukaperera/FLwithFlwr/flowertry/cleint.py", line 196, in fit
    return super().fit(parameters, config)
  File "/Users/dinukaperera/FLwithFlwr/flowertry/cleint.py", line 109, in fit
    c_i_new = train_scaffold(
TypeError: train_scaffold() missing 1 required positional argument: 'net'
[2026-01-11 00:55:28,239][flwr][DEBUG] - fit_round 29 received 0 results and 10 failures
[2026-01-11 00:55:28,266][flwr][INFO] - fit progress: (29, 72.24541532993317, {'accuracy': 0.286}, 8.999039332993561)
[2026-01-11 00:55:28,266][flwr][INFO] - evaluate_round 29: no clients selected, cancel
[2026-01-11 00:55:28,266][flwr][DEBUG] - fit_round 30: strategy sampled 10 clients (out of 100)
[2026-01-11 00:55:28,423][flwr][ERROR] - [36mray::launch_and_fit()[39m (pid=80988, ip=127.0.0.1)
  File "/Users/dinukaperera/opt/anaconda3/envs/flower_tutorial/lib/python3.10/site-packages/flwr/simulation/ray_transport/ray_client_proxy.py", line 148, in launch_and_fit
    return maybe_call_fit(
  File "/Users/dinukaperera/opt/anaconda3/envs/flower_tutorial/lib/python3.10/site-packages/flwr/client/client.py", line 184, in maybe_call_fit
    return client.fit(fit_ins)
  File "/Users/dinukaperera/opt/anaconda3/envs/flower_tutorial/lib/python3.10/site-packages/flwr/client/app.py", line 297, in _fit
    results = self.numpy_client.fit(parameters, ins.config)  # type: ignore
  File "/Users/dinukaperera/FLwithFlwr/flowertry/cleint.py", line 196, in fit
    return super().fit(parameters, config)
  File "/Users/dinukaperera/FLwithFlwr/flowertry/cleint.py", line 109, in fit
    c_i_new = train_scaffold(
TypeError: train_scaffold() missing 1 required positional argument: 'net'
[2026-01-11 00:55:28,423][flwr][ERROR] - [36mray::launch_and_fit()[39m (pid=80985, ip=127.0.0.1)
  File "/Users/dinukaperera/opt/anaconda3/envs/flower_tutorial/lib/python3.10/site-packages/flwr/simulation/ray_transport/ray_client_proxy.py", line 148, in launch_and_fit
    return maybe_call_fit(
  File "/Users/dinukaperera/opt/anaconda3/envs/flower_tutorial/lib/python3.10/site-packages/flwr/client/client.py", line 184, in maybe_call_fit
    return client.fit(fit_ins)
  File "/Users/dinukaperera/opt/anaconda3/envs/flower_tutorial/lib/python3.10/site-packages/flwr/client/app.py", line 297, in _fit
    results = self.numpy_client.fit(parameters, ins.config)  # type: ignore
  File "/Users/dinukaperera/FLwithFlwr/flowertry/cleint.py", line 196, in fit
    return super().fit(parameters, config)
  File "/Users/dinukaperera/FLwithFlwr/flowertry/cleint.py", line 109, in fit
    c_i_new = train_scaffold(
TypeError: train_scaffold() missing 1 required positional argument: 'net'
[2026-01-11 00:55:28,424][flwr][ERROR] - [36mray::launch_and_fit()[39m (pid=80979, ip=127.0.0.1)
  File "/Users/dinukaperera/opt/anaconda3/envs/flower_tutorial/lib/python3.10/site-packages/flwr/simulation/ray_transport/ray_client_proxy.py", line 148, in launch_and_fit
    return maybe_call_fit(
  File "/Users/dinukaperera/opt/anaconda3/envs/flower_tutorial/lib/python3.10/site-packages/flwr/client/client.py", line 184, in maybe_call_fit
    return client.fit(fit_ins)
  File "/Users/dinukaperera/opt/anaconda3/envs/flower_tutorial/lib/python3.10/site-packages/flwr/client/app.py", line 297, in _fit
    results = self.numpy_client.fit(parameters, ins.config)  # type: ignore
  File "/Users/dinukaperera/FLwithFlwr/flowertry/cleint.py", line 196, in fit
    return super().fit(parameters, config)
  File "/Users/dinukaperera/FLwithFlwr/flowertry/cleint.py", line 109, in fit
    c_i_new = train_scaffold(
TypeError: train_scaffold() missing 1 required positional argument: 'net'
[2026-01-11 00:55:28,425][flwr][ERROR] - [36mray::launch_and_fit()[39m (pid=80983, ip=127.0.0.1)
  File "/Users/dinukaperera/opt/anaconda3/envs/flower_tutorial/lib/python3.10/site-packages/flwr/simulation/ray_transport/ray_client_proxy.py", line 148, in launch_and_fit
    return maybe_call_fit(
  File "/Users/dinukaperera/opt/anaconda3/envs/flower_tutorial/lib/python3.10/site-packages/flwr/client/client.py", line 184, in maybe_call_fit
    return client.fit(fit_ins)
  File "/Users/dinukaperera/opt/anaconda3/envs/flower_tutorial/lib/python3.10/site-packages/flwr/client/app.py", line 297, in _fit
    results = self.numpy_client.fit(parameters, ins.config)  # type: ignore
  File "/Users/dinukaperera/FLwithFlwr/flowertry/cleint.py", line 196, in fit
    return super().fit(parameters, config)
  File "/Users/dinukaperera/FLwithFlwr/flowertry/cleint.py", line 109, in fit
    c_i_new = train_scaffold(
TypeError: train_scaffold() missing 1 required positional argument: 'net'
[2026-01-11 00:55:28,427][flwr][ERROR] - [36mray::launch_and_fit()[39m (pid=80984, ip=127.0.0.1)
  File "/Users/dinukaperera/opt/anaconda3/envs/flower_tutorial/lib/python3.10/site-packages/flwr/simulation/ray_transport/ray_client_proxy.py", line 148, in launch_and_fit
    return maybe_call_fit(
  File "/Users/dinukaperera/opt/anaconda3/envs/flower_tutorial/lib/python3.10/site-packages/flwr/client/client.py", line 184, in maybe_call_fit
    return client.fit(fit_ins)
  File "/Users/dinukaperera/opt/anaconda3/envs/flower_tutorial/lib/python3.10/site-packages/flwr/client/app.py", line 297, in _fit
    results = self.numpy_client.fit(parameters, ins.config)  # type: ignore
  File "/Users/dinukaperera/FLwithFlwr/flowertry/cleint.py", line 196, in fit
    return super().fit(parameters, config)
  File "/Users/dinukaperera/FLwithFlwr/flowertry/cleint.py", line 109, in fit
    c_i_new = train_scaffold(
TypeError: train_scaffold() missing 1 required positional argument: 'net'
[2026-01-11 00:55:28,427][flwr][ERROR] - [36mray::launch_and_fit()[39m (pid=80982, ip=127.0.0.1)
  File "/Users/dinukaperera/opt/anaconda3/envs/flower_tutorial/lib/python3.10/site-packages/flwr/simulation/ray_transport/ray_client_proxy.py", line 148, in launch_and_fit
    return maybe_call_fit(
  File "/Users/dinukaperera/opt/anaconda3/envs/flower_tutorial/lib/python3.10/site-packages/flwr/client/client.py", line 184, in maybe_call_fit
    return client.fit(fit_ins)
  File "/Users/dinukaperera/opt/anaconda3/envs/flower_tutorial/lib/python3.10/site-packages/flwr/client/app.py", line 297, in _fit
    results = self.numpy_client.fit(parameters, ins.config)  # type: ignore
  File "/Users/dinukaperera/FLwithFlwr/flowertry/cleint.py", line 196, in fit
    return super().fit(parameters, config)
  File "/Users/dinukaperera/FLwithFlwr/flowertry/cleint.py", line 109, in fit
    c_i_new = train_scaffold(
TypeError: train_scaffold() missing 1 required positional argument: 'net'
[2026-01-11 00:55:28,430][flwr][ERROR] - [36mray::launch_and_fit()[39m (pid=80980, ip=127.0.0.1)
  File "/Users/dinukaperera/opt/anaconda3/envs/flower_tutorial/lib/python3.10/site-packages/flwr/simulation/ray_transport/ray_client_proxy.py", line 148, in launch_and_fit
    return maybe_call_fit(
  File "/Users/dinukaperera/opt/anaconda3/envs/flower_tutorial/lib/python3.10/site-packages/flwr/client/client.py", line 184, in maybe_call_fit
    return client.fit(fit_ins)
  File "/Users/dinukaperera/opt/anaconda3/envs/flower_tutorial/lib/python3.10/site-packages/flwr/client/app.py", line 297, in _fit
    results = self.numpy_client.fit(parameters, ins.config)  # type: ignore
  File "/Users/dinukaperera/FLwithFlwr/flowertry/cleint.py", line 196, in fit
    return super().fit(parameters, config)
  File "/Users/dinukaperera/FLwithFlwr/flowertry/cleint.py", line 109, in fit
    c_i_new = train_scaffold(
TypeError: train_scaffold() missing 1 required positional argument: 'net'
[2026-01-11 00:55:28,430][flwr][ERROR] - [36mray::launch_and_fit()[39m (pid=80987, ip=127.0.0.1)
  File "/Users/dinukaperera/opt/anaconda3/envs/flower_tutorial/lib/python3.10/site-packages/flwr/simulation/ray_transport/ray_client_proxy.py", line 148, in launch_and_fit
    return maybe_call_fit(
  File "/Users/dinukaperera/opt/anaconda3/envs/flower_tutorial/lib/python3.10/site-packages/flwr/client/client.py", line 184, in maybe_call_fit
    return client.fit(fit_ins)
  File "/Users/dinukaperera/opt/anaconda3/envs/flower_tutorial/lib/python3.10/site-packages/flwr/client/app.py", line 297, in _fit
    results = self.numpy_client.fit(parameters, ins.config)  # type: ignore
  File "/Users/dinukaperera/FLwithFlwr/flowertry/cleint.py", line 196, in fit
    return super().fit(parameters, config)
  File "/Users/dinukaperera/FLwithFlwr/flowertry/cleint.py", line 109, in fit
    c_i_new = train_scaffold(
TypeError: train_scaffold() missing 1 required positional argument: 'net'
[2026-01-11 00:55:28,431][flwr][ERROR] - [36mray::launch_and_fit()[39m (pid=80981, ip=127.0.0.1)
  File "/Users/dinukaperera/opt/anaconda3/envs/flower_tutorial/lib/python3.10/site-packages/flwr/simulation/ray_transport/ray_client_proxy.py", line 148, in launch_and_fit
    return maybe_call_fit(
  File "/Users/dinukaperera/opt/anaconda3/envs/flower_tutorial/lib/python3.10/site-packages/flwr/client/client.py", line 184, in maybe_call_fit
    return client.fit(fit_ins)
  File "/Users/dinukaperera/opt/anaconda3/envs/flower_tutorial/lib/python3.10/site-packages/flwr/client/app.py", line 297, in _fit
    results = self.numpy_client.fit(parameters, ins.config)  # type: ignore
  File "/Users/dinukaperera/FLwithFlwr/flowertry/cleint.py", line 196, in fit
    return super().fit(parameters, config)
  File "/Users/dinukaperera/FLwithFlwr/flowertry/cleint.py", line 109, in fit
    c_i_new = train_scaffold(
TypeError: train_scaffold() missing 1 required positional argument: 'net'
[2026-01-11 00:55:28,435][flwr][ERROR] - [36mray::launch_and_fit()[39m (pid=80986, ip=127.0.0.1)
  File "/Users/dinukaperera/opt/anaconda3/envs/flower_tutorial/lib/python3.10/site-packages/flwr/simulation/ray_transport/ray_client_proxy.py", line 148, in launch_and_fit
    return maybe_call_fit(
  File "/Users/dinukaperera/opt/anaconda3/envs/flower_tutorial/lib/python3.10/site-packages/flwr/client/client.py", line 184, in maybe_call_fit
    return client.fit(fit_ins)
  File "/Users/dinukaperera/opt/anaconda3/envs/flower_tutorial/lib/python3.10/site-packages/flwr/client/app.py", line 297, in _fit
    results = self.numpy_client.fit(parameters, ins.config)  # type: ignore
  File "/Users/dinukaperera/FLwithFlwr/flowertry/cleint.py", line 196, in fit
    return super().fit(parameters, config)
  File "/Users/dinukaperera/FLwithFlwr/flowertry/cleint.py", line 109, in fit
    c_i_new = train_scaffold(
TypeError: train_scaffold() missing 1 required positional argument: 'net'
[2026-01-11 00:55:28,435][flwr][DEBUG] - fit_round 30 received 0 results and 10 failures
[2026-01-11 00:55:28,458][flwr][INFO] - fit progress: (30, 72.24541532993317, {'accuracy': 0.286}, 9.190819750001538)
[2026-01-11 00:55:28,458][flwr][INFO] - evaluate_round 30: no clients selected, cancel
[2026-01-11 00:55:28,458][flwr][DEBUG] - fit_round 31: strategy sampled 10 clients (out of 100)
[2026-01-11 00:55:28,609][flwr][ERROR] - [36mray::launch_and_fit()[39m (pid=80986, ip=127.0.0.1)
  File "/Users/dinukaperera/opt/anaconda3/envs/flower_tutorial/lib/python3.10/site-packages/flwr/simulation/ray_transport/ray_client_proxy.py", line 148, in launch_and_fit
    return maybe_call_fit(
  File "/Users/dinukaperera/opt/anaconda3/envs/flower_tutorial/lib/python3.10/site-packages/flwr/client/client.py", line 184, in maybe_call_fit
    return client.fit(fit_ins)
  File "/Users/dinukaperera/opt/anaconda3/envs/flower_tutorial/lib/python3.10/site-packages/flwr/client/app.py", line 297, in _fit
    results = self.numpy_client.fit(parameters, ins.config)  # type: ignore
  File "/Users/dinukaperera/FLwithFlwr/flowertry/cleint.py", line 196, in fit
    return super().fit(parameters, config)
  File "/Users/dinukaperera/FLwithFlwr/flowertry/cleint.py", line 109, in fit
    c_i_new = train_scaffold(
TypeError: train_scaffold() missing 1 required positional argument: 'net'
[2026-01-11 00:55:28,612][flwr][ERROR] - [36mray::launch_and_fit()[39m (pid=80981, ip=127.0.0.1)
  File "/Users/dinukaperera/opt/anaconda3/envs/flower_tutorial/lib/python3.10/site-packages/flwr/simulation/ray_transport/ray_client_proxy.py", line 148, in launch_and_fit
    return maybe_call_fit(
  File "/Users/dinukaperera/opt/anaconda3/envs/flower_tutorial/lib/python3.10/site-packages/flwr/client/client.py", line 184, in maybe_call_fit
    return client.fit(fit_ins)
  File "/Users/dinukaperera/opt/anaconda3/envs/flower_tutorial/lib/python3.10/site-packages/flwr/client/app.py", line 297, in _fit
    results = self.numpy_client.fit(parameters, ins.config)  # type: ignore
  File "/Users/dinukaperera/FLwithFlwr/flowertry/cleint.py", line 196, in fit
    return super().fit(parameters, config)
  File "/Users/dinukaperera/FLwithFlwr/flowertry/cleint.py", line 109, in fit
    c_i_new = train_scaffold(
TypeError: train_scaffold() missing 1 required positional argument: 'net'
[2026-01-11 00:55:28,614][flwr][ERROR] - [36mray::launch_and_fit()[39m (pid=80987, ip=127.0.0.1)
  File "/Users/dinukaperera/opt/anaconda3/envs/flower_tutorial/lib/python3.10/site-packages/flwr/simulation/ray_transport/ray_client_proxy.py", line 148, in launch_and_fit
    return maybe_call_fit(
  File "/Users/dinukaperera/opt/anaconda3/envs/flower_tutorial/lib/python3.10/site-packages/flwr/client/client.py", line 184, in maybe_call_fit
    return client.fit(fit_ins)
  File "/Users/dinukaperera/opt/anaconda3/envs/flower_tutorial/lib/python3.10/site-packages/flwr/client/app.py", line 297, in _fit
    results = self.numpy_client.fit(parameters, ins.config)  # type: ignore
  File "/Users/dinukaperera/FLwithFlwr/flowertry/cleint.py", line 196, in fit
    return super().fit(parameters, config)
  File "/Users/dinukaperera/FLwithFlwr/flowertry/cleint.py", line 109, in fit
    c_i_new = train_scaffold(
TypeError: train_scaffold() missing 1 required positional argument: 'net'
[2026-01-11 00:55:28,616][flwr][ERROR] - [36mray::launch_and_fit()[39m (pid=80980, ip=127.0.0.1)
  File "/Users/dinukaperera/opt/anaconda3/envs/flower_tutorial/lib/python3.10/site-packages/flwr/simulation/ray_transport/ray_client_proxy.py", line 148, in launch_and_fit
    return maybe_call_fit(
  File "/Users/dinukaperera/opt/anaconda3/envs/flower_tutorial/lib/python3.10/site-packages/flwr/client/client.py", line 184, in maybe_call_fit
    return client.fit(fit_ins)
  File "/Users/dinukaperera/opt/anaconda3/envs/flower_tutorial/lib/python3.10/site-packages/flwr/client/app.py", line 297, in _fit
    results = self.numpy_client.fit(parameters, ins.config)  # type: ignore
  File "/Users/dinukaperera/FLwithFlwr/flowertry/cleint.py", line 196, in fit
    return super().fit(parameters, config)
  File "/Users/dinukaperera/FLwithFlwr/flowertry/cleint.py", line 109, in fit
    c_i_new = train_scaffold(
TypeError: train_scaffold() missing 1 required positional argument: 'net'
[2026-01-11 00:55:28,617][flwr][ERROR] - [36mray::launch_and_fit()[39m (pid=80982, ip=127.0.0.1)
  File "/Users/dinukaperera/opt/anaconda3/envs/flower_tutorial/lib/python3.10/site-packages/flwr/simulation/ray_transport/ray_client_proxy.py", line 148, in launch_and_fit
    return maybe_call_fit(
  File "/Users/dinukaperera/opt/anaconda3/envs/flower_tutorial/lib/python3.10/site-packages/flwr/client/client.py", line 184, in maybe_call_fit
    return client.fit(fit_ins)
  File "/Users/dinukaperera/opt/anaconda3/envs/flower_tutorial/lib/python3.10/site-packages/flwr/client/app.py", line 297, in _fit
    results = self.numpy_client.fit(parameters, ins.config)  # type: ignore
  File "/Users/dinukaperera/FLwithFlwr/flowertry/cleint.py", line 196, in fit
    return super().fit(parameters, config)
  File "/Users/dinukaperera/FLwithFlwr/flowertry/cleint.py", line 109, in fit
    c_i_new = train_scaffold(
TypeError: train_scaffold() missing 1 required positional argument: 'net'
[2026-01-11 00:55:28,619][flwr][ERROR] - [36mray::launch_and_fit()[39m (pid=80984, ip=127.0.0.1)
  File "/Users/dinukaperera/opt/anaconda3/envs/flower_tutorial/lib/python3.10/site-packages/flwr/simulation/ray_transport/ray_client_proxy.py", line 148, in launch_and_fit
    return maybe_call_fit(
  File "/Users/dinukaperera/opt/anaconda3/envs/flower_tutorial/lib/python3.10/site-packages/flwr/client/client.py", line 184, in maybe_call_fit
    return client.fit(fit_ins)
  File "/Users/dinukaperera/opt/anaconda3/envs/flower_tutorial/lib/python3.10/site-packages/flwr/client/app.py", line 297, in _fit
    results = self.numpy_client.fit(parameters, ins.config)  # type: ignore
  File "/Users/dinukaperera/FLwithFlwr/flowertry/cleint.py", line 196, in fit
    return super().fit(parameters, config)
  File "/Users/dinukaperera/FLwithFlwr/flowertry/cleint.py", line 109, in fit
    c_i_new = train_scaffold(
TypeError: train_scaffold() missing 1 required positional argument: 'net'
[2026-01-11 00:55:28,620][flwr][ERROR] - [36mray::launch_and_fit()[39m (pid=80983, ip=127.0.0.1)
  File "/Users/dinukaperera/opt/anaconda3/envs/flower_tutorial/lib/python3.10/site-packages/flwr/simulation/ray_transport/ray_client_proxy.py", line 148, in launch_and_fit
    return maybe_call_fit(
  File "/Users/dinukaperera/opt/anaconda3/envs/flower_tutorial/lib/python3.10/site-packages/flwr/client/client.py", line 184, in maybe_call_fit
    return client.fit(fit_ins)
  File "/Users/dinukaperera/opt/anaconda3/envs/flower_tutorial/lib/python3.10/site-packages/flwr/client/app.py", line 297, in _fit
    results = self.numpy_client.fit(parameters, ins.config)  # type: ignore
  File "/Users/dinukaperera/FLwithFlwr/flowertry/cleint.py", line 196, in fit
    return super().fit(parameters, config)
  File "/Users/dinukaperera/FLwithFlwr/flowertry/cleint.py", line 109, in fit
    c_i_new = train_scaffold(
TypeError: train_scaffold() missing 1 required positional argument: 'net'
[2026-01-11 00:55:28,620][flwr][ERROR] - [36mray::launch_and_fit()[39m (pid=80986, ip=127.0.0.1)
  File "/Users/dinukaperera/opt/anaconda3/envs/flower_tutorial/lib/python3.10/site-packages/flwr/simulation/ray_transport/ray_client_proxy.py", line 148, in launch_and_fit
    return maybe_call_fit(
  File "/Users/dinukaperera/opt/anaconda3/envs/flower_tutorial/lib/python3.10/site-packages/flwr/client/client.py", line 184, in maybe_call_fit
    return client.fit(fit_ins)
  File "/Users/dinukaperera/opt/anaconda3/envs/flower_tutorial/lib/python3.10/site-packages/flwr/client/app.py", line 297, in _fit
    results = self.numpy_client.fit(parameters, ins.config)  # type: ignore
  File "/Users/dinukaperera/FLwithFlwr/flowertry/cleint.py", line 196, in fit
    return super().fit(parameters, config)
  File "/Users/dinukaperera/FLwithFlwr/flowertry/cleint.py", line 109, in fit
    c_i_new = train_scaffold(
TypeError: train_scaffold() missing 1 required positional argument: 'net'
[2026-01-11 00:55:28,623][flwr][ERROR] - [36mray::launch_and_fit()[39m (pid=80985, ip=127.0.0.1)
  File "/Users/dinukaperera/opt/anaconda3/envs/flower_tutorial/lib/python3.10/site-packages/flwr/simulation/ray_transport/ray_client_proxy.py", line 148, in launch_and_fit
    return maybe_call_fit(
  File "/Users/dinukaperera/opt/anaconda3/envs/flower_tutorial/lib/python3.10/site-packages/flwr/client/client.py", line 184, in maybe_call_fit
    return client.fit(fit_ins)
  File "/Users/dinukaperera/opt/anaconda3/envs/flower_tutorial/lib/python3.10/site-packages/flwr/client/app.py", line 297, in _fit
    results = self.numpy_client.fit(parameters, ins.config)  # type: ignore
  File "/Users/dinukaperera/FLwithFlwr/flowertry/cleint.py", line 196, in fit
    return super().fit(parameters, config)
  File "/Users/dinukaperera/FLwithFlwr/flowertry/cleint.py", line 109, in fit
    c_i_new = train_scaffold(
TypeError: train_scaffold() missing 1 required positional argument: 'net'
[2026-01-11 00:55:28,624][flwr][ERROR] - [36mray::launch_and_fit()[39m (pid=80979, ip=127.0.0.1)
  File "/Users/dinukaperera/opt/anaconda3/envs/flower_tutorial/lib/python3.10/site-packages/flwr/simulation/ray_transport/ray_client_proxy.py", line 148, in launch_and_fit
    return maybe_call_fit(
  File "/Users/dinukaperera/opt/anaconda3/envs/flower_tutorial/lib/python3.10/site-packages/flwr/client/client.py", line 184, in maybe_call_fit
    return client.fit(fit_ins)
  File "/Users/dinukaperera/opt/anaconda3/envs/flower_tutorial/lib/python3.10/site-packages/flwr/client/app.py", line 297, in _fit
    results = self.numpy_client.fit(parameters, ins.config)  # type: ignore
  File "/Users/dinukaperera/FLwithFlwr/flowertry/cleint.py", line 196, in fit
    return super().fit(parameters, config)
  File "/Users/dinukaperera/FLwithFlwr/flowertry/cleint.py", line 109, in fit
    c_i_new = train_scaffold(
TypeError: train_scaffold() missing 1 required positional argument: 'net'
[2026-01-11 00:55:28,624][flwr][DEBUG] - fit_round 31 received 0 results and 10 failures
[2026-01-11 00:55:28,645][flwr][INFO] - fit progress: (31, 72.24541532993317, {'accuracy': 0.286}, 9.378409541997826)
[2026-01-11 00:55:28,645][flwr][INFO] - evaluate_round 31: no clients selected, cancel
[2026-01-11 00:55:28,646][flwr][DEBUG] - fit_round 32: strategy sampled 10 clients (out of 100)
[2026-01-11 00:55:28,799][flwr][ERROR] - [36mray::launch_and_fit()[39m (pid=80985, ip=127.0.0.1)
  File "/Users/dinukaperera/opt/anaconda3/envs/flower_tutorial/lib/python3.10/site-packages/flwr/simulation/ray_transport/ray_client_proxy.py", line 148, in launch_and_fit
    return maybe_call_fit(
  File "/Users/dinukaperera/opt/anaconda3/envs/flower_tutorial/lib/python3.10/site-packages/flwr/client/client.py", line 184, in maybe_call_fit
    return client.fit(fit_ins)
  File "/Users/dinukaperera/opt/anaconda3/envs/flower_tutorial/lib/python3.10/site-packages/flwr/client/app.py", line 297, in _fit
    results = self.numpy_client.fit(parameters, ins.config)  # type: ignore
  File "/Users/dinukaperera/FLwithFlwr/flowertry/cleint.py", line 196, in fit
    return super().fit(parameters, config)
  File "/Users/dinukaperera/FLwithFlwr/flowertry/cleint.py", line 109, in fit
    c_i_new = train_scaffold(
TypeError: train_scaffold() missing 1 required positional argument: 'net'
[2026-01-11 00:55:28,799][flwr][ERROR] - [36mray::launch_and_fit()[39m (pid=80979, ip=127.0.0.1)
  File "/Users/dinukaperera/opt/anaconda3/envs/flower_tutorial/lib/python3.10/site-packages/flwr/simulation/ray_transport/ray_client_proxy.py", line 148, in launch_and_fit
    return maybe_call_fit(
  File "/Users/dinukaperera/opt/anaconda3/envs/flower_tutorial/lib/python3.10/site-packages/flwr/client/client.py", line 184, in maybe_call_fit
    return client.fit(fit_ins)
  File "/Users/dinukaperera/opt/anaconda3/envs/flower_tutorial/lib/python3.10/site-packages/flwr/client/app.py", line 297, in _fit
    results = self.numpy_client.fit(parameters, ins.config)  # type: ignore
  File "/Users/dinukaperera/FLwithFlwr/flowertry/cleint.py", line 196, in fit
    return super().fit(parameters, config)
  File "/Users/dinukaperera/FLwithFlwr/flowertry/cleint.py", line 109, in fit
    c_i_new = train_scaffold(
TypeError: train_scaffold() missing 1 required positional argument: 'net'
[2026-01-11 00:55:28,800][flwr][ERROR] - [36mray::launch_and_fit()[39m (pid=80986, ip=127.0.0.1)
  File "/Users/dinukaperera/opt/anaconda3/envs/flower_tutorial/lib/python3.10/site-packages/flwr/simulation/ray_transport/ray_client_proxy.py", line 148, in launch_and_fit
    return maybe_call_fit(
  File "/Users/dinukaperera/opt/anaconda3/envs/flower_tutorial/lib/python3.10/site-packages/flwr/client/client.py", line 184, in maybe_call_fit
    return client.fit(fit_ins)
  File "/Users/dinukaperera/opt/anaconda3/envs/flower_tutorial/lib/python3.10/site-packages/flwr/client/app.py", line 297, in _fit
    results = self.numpy_client.fit(parameters, ins.config)  # type: ignore
  File "/Users/dinukaperera/FLwithFlwr/flowertry/cleint.py", line 196, in fit
    return super().fit(parameters, config)
  File "/Users/dinukaperera/FLwithFlwr/flowertry/cleint.py", line 109, in fit
    c_i_new = train_scaffold(
TypeError: train_scaffold() missing 1 required positional argument: 'net'
[2026-01-11 00:55:28,800][flwr][ERROR] - [36mray::launch_and_fit()[39m (pid=80984, ip=127.0.0.1)
  File "/Users/dinukaperera/opt/anaconda3/envs/flower_tutorial/lib/python3.10/site-packages/flwr/simulation/ray_transport/ray_client_proxy.py", line 148, in launch_and_fit
    return maybe_call_fit(
  File "/Users/dinukaperera/opt/anaconda3/envs/flower_tutorial/lib/python3.10/site-packages/flwr/client/client.py", line 184, in maybe_call_fit
    return client.fit(fit_ins)
  File "/Users/dinukaperera/opt/anaconda3/envs/flower_tutorial/lib/python3.10/site-packages/flwr/client/app.py", line 297, in _fit
    results = self.numpy_client.fit(parameters, ins.config)  # type: ignore
  File "/Users/dinukaperera/FLwithFlwr/flowertry/cleint.py", line 196, in fit
    return super().fit(parameters, config)
  File "/Users/dinukaperera/FLwithFlwr/flowertry/cleint.py", line 109, in fit
    c_i_new = train_scaffold(
TypeError: train_scaffold() missing 1 required positional argument: 'net'
[2026-01-11 00:55:28,801][flwr][ERROR] - [36mray::launch_and_fit()[39m (pid=80983, ip=127.0.0.1)
  File "/Users/dinukaperera/opt/anaconda3/envs/flower_tutorial/lib/python3.10/site-packages/flwr/simulation/ray_transport/ray_client_proxy.py", line 148, in launch_and_fit
    return maybe_call_fit(
  File "/Users/dinukaperera/opt/anaconda3/envs/flower_tutorial/lib/python3.10/site-packages/flwr/client/client.py", line 184, in maybe_call_fit
    return client.fit(fit_ins)
  File "/Users/dinukaperera/opt/anaconda3/envs/flower_tutorial/lib/python3.10/site-packages/flwr/client/app.py", line 297, in _fit
    results = self.numpy_client.fit(parameters, ins.config)  # type: ignore
  File "/Users/dinukaperera/FLwithFlwr/flowertry/cleint.py", line 196, in fit
    return super().fit(parameters, config)
  File "/Users/dinukaperera/FLwithFlwr/flowertry/cleint.py", line 109, in fit
    c_i_new = train_scaffold(
TypeError: train_scaffold() missing 1 required positional argument: 'net'
[2026-01-11 00:55:28,802][flwr][ERROR] - [36mray::launch_and_fit()[39m (pid=80982, ip=127.0.0.1)
  File "/Users/dinukaperera/opt/anaconda3/envs/flower_tutorial/lib/python3.10/site-packages/flwr/simulation/ray_transport/ray_client_proxy.py", line 148, in launch_and_fit
    return maybe_call_fit(
  File "/Users/dinukaperera/opt/anaconda3/envs/flower_tutorial/lib/python3.10/site-packages/flwr/client/client.py", line 184, in maybe_call_fit
    return client.fit(fit_ins)
  File "/Users/dinukaperera/opt/anaconda3/envs/flower_tutorial/lib/python3.10/site-packages/flwr/client/app.py", line 297, in _fit
    results = self.numpy_client.fit(parameters, ins.config)  # type: ignore
  File "/Users/dinukaperera/FLwithFlwr/flowertry/cleint.py", line 196, in fit
    return super().fit(parameters, config)
  File "/Users/dinukaperera/FLwithFlwr/flowertry/cleint.py", line 109, in fit
    c_i_new = train_scaffold(
TypeError: train_scaffold() missing 1 required positional argument: 'net'
[2026-01-11 00:55:28,803][flwr][ERROR] - [36mray::launch_and_fit()[39m (pid=80981, ip=127.0.0.1)
  File "/Users/dinukaperera/opt/anaconda3/envs/flower_tutorial/lib/python3.10/site-packages/flwr/simulation/ray_transport/ray_client_proxy.py", line 148, in launch_and_fit
    return maybe_call_fit(
  File "/Users/dinukaperera/opt/anaconda3/envs/flower_tutorial/lib/python3.10/site-packages/flwr/client/client.py", line 184, in maybe_call_fit
    return client.fit(fit_ins)
  File "/Users/dinukaperera/opt/anaconda3/envs/flower_tutorial/lib/python3.10/site-packages/flwr/client/app.py", line 297, in _fit
    results = self.numpy_client.fit(parameters, ins.config)  # type: ignore
  File "/Users/dinukaperera/FLwithFlwr/flowertry/cleint.py", line 196, in fit
    return super().fit(parameters, config)
  File "/Users/dinukaperera/FLwithFlwr/flowertry/cleint.py", line 109, in fit
    c_i_new = train_scaffold(
TypeError: train_scaffold() missing 1 required positional argument: 'net'
[2026-01-11 00:55:28,804][flwr][ERROR] - [36mray::launch_and_fit()[39m (pid=80987, ip=127.0.0.1)
  File "/Users/dinukaperera/opt/anaconda3/envs/flower_tutorial/lib/python3.10/site-packages/flwr/simulation/ray_transport/ray_client_proxy.py", line 148, in launch_and_fit
    return maybe_call_fit(
  File "/Users/dinukaperera/opt/anaconda3/envs/flower_tutorial/lib/python3.10/site-packages/flwr/client/client.py", line 184, in maybe_call_fit
    return client.fit(fit_ins)
  File "/Users/dinukaperera/opt/anaconda3/envs/flower_tutorial/lib/python3.10/site-packages/flwr/client/app.py", line 297, in _fit
    results = self.numpy_client.fit(parameters, ins.config)  # type: ignore
  File "/Users/dinukaperera/FLwithFlwr/flowertry/cleint.py", line 196, in fit
    return super().fit(parameters, config)
  File "/Users/dinukaperera/FLwithFlwr/flowertry/cleint.py", line 109, in fit
    c_i_new = train_scaffold(
TypeError: train_scaffold() missing 1 required positional argument: 'net'
[2026-01-11 00:55:28,804][flwr][ERROR] - [36mray::launch_and_fit()[39m (pid=80988, ip=127.0.0.1)
  File "/Users/dinukaperera/opt/anaconda3/envs/flower_tutorial/lib/python3.10/site-packages/flwr/simulation/ray_transport/ray_client_proxy.py", line 148, in launch_and_fit
    return maybe_call_fit(
  File "/Users/dinukaperera/opt/anaconda3/envs/flower_tutorial/lib/python3.10/site-packages/flwr/client/client.py", line 184, in maybe_call_fit
    return client.fit(fit_ins)
  File "/Users/dinukaperera/opt/anaconda3/envs/flower_tutorial/lib/python3.10/site-packages/flwr/client/app.py", line 297, in _fit
    results = self.numpy_client.fit(parameters, ins.config)  # type: ignore
  File "/Users/dinukaperera/FLwithFlwr/flowertry/cleint.py", line 196, in fit
    return super().fit(parameters, config)
  File "/Users/dinukaperera/FLwithFlwr/flowertry/cleint.py", line 109, in fit
    c_i_new = train_scaffold(
TypeError: train_scaffold() missing 1 required positional argument: 'net'
[2026-01-11 00:55:28,806][flwr][ERROR] - [36mray::launch_and_fit()[39m (pid=80980, ip=127.0.0.1)
  File "/Users/dinukaperera/opt/anaconda3/envs/flower_tutorial/lib/python3.10/site-packages/flwr/simulation/ray_transport/ray_client_proxy.py", line 148, in launch_and_fit
    return maybe_call_fit(
  File "/Users/dinukaperera/opt/anaconda3/envs/flower_tutorial/lib/python3.10/site-packages/flwr/client/client.py", line 184, in maybe_call_fit
    return client.fit(fit_ins)
  File "/Users/dinukaperera/opt/anaconda3/envs/flower_tutorial/lib/python3.10/site-packages/flwr/client/app.py", line 297, in _fit
    results = self.numpy_client.fit(parameters, ins.config)  # type: ignore
  File "/Users/dinukaperera/FLwithFlwr/flowertry/cleint.py", line 196, in fit
    return super().fit(parameters, config)
  File "/Users/dinukaperera/FLwithFlwr/flowertry/cleint.py", line 109, in fit
    c_i_new = train_scaffold(
TypeError: train_scaffold() missing 1 required positional argument: 'net'
[2026-01-11 00:55:28,807][flwr][DEBUG] - fit_round 32 received 0 results and 10 failures
[2026-01-11 00:55:28,831][flwr][INFO] - fit progress: (32, 72.24541532993317, {'accuracy': 0.286}, 9.56394295800419)
[2026-01-11 00:55:28,831][flwr][INFO] - evaluate_round 32: no clients selected, cancel
[2026-01-11 00:55:28,831][flwr][DEBUG] - fit_round 33: strategy sampled 10 clients (out of 100)
[2026-01-11 00:55:28,979][flwr][ERROR] - [36mray::launch_and_fit()[39m (pid=80980, ip=127.0.0.1)
  File "/Users/dinukaperera/opt/anaconda3/envs/flower_tutorial/lib/python3.10/site-packages/flwr/simulation/ray_transport/ray_client_proxy.py", line 148, in launch_and_fit
    return maybe_call_fit(
  File "/Users/dinukaperera/opt/anaconda3/envs/flower_tutorial/lib/python3.10/site-packages/flwr/client/client.py", line 184, in maybe_call_fit
    return client.fit(fit_ins)
  File "/Users/dinukaperera/opt/anaconda3/envs/flower_tutorial/lib/python3.10/site-packages/flwr/client/app.py", line 297, in _fit
    results = self.numpy_client.fit(parameters, ins.config)  # type: ignore
  File "/Users/dinukaperera/FLwithFlwr/flowertry/cleint.py", line 196, in fit
    return super().fit(parameters, config)
  File "/Users/dinukaperera/FLwithFlwr/flowertry/cleint.py", line 109, in fit
    c_i_new = train_scaffold(
TypeError: train_scaffold() missing 1 required positional argument: 'net'
[2026-01-11 00:55:28,984][flwr][ERROR] - [36mray::launch_and_fit()[39m (pid=80988, ip=127.0.0.1)
  File "/Users/dinukaperera/opt/anaconda3/envs/flower_tutorial/lib/python3.10/site-packages/flwr/simulation/ray_transport/ray_client_proxy.py", line 148, in launch_and_fit
    return maybe_call_fit(
  File "/Users/dinukaperera/opt/anaconda3/envs/flower_tutorial/lib/python3.10/site-packages/flwr/client/client.py", line 184, in maybe_call_fit
    return client.fit(fit_ins)
  File "/Users/dinukaperera/opt/anaconda3/envs/flower_tutorial/lib/python3.10/site-packages/flwr/client/app.py", line 297, in _fit
    results = self.numpy_client.fit(parameters, ins.config)  # type: ignore
  File "/Users/dinukaperera/FLwithFlwr/flowertry/cleint.py", line 196, in fit
    return super().fit(parameters, config)
  File "/Users/dinukaperera/FLwithFlwr/flowertry/cleint.py", line 109, in fit
    c_i_new = train_scaffold(
TypeError: train_scaffold() missing 1 required positional argument: 'net'
[2026-01-11 00:55:28,985][flwr][ERROR] - [36mray::launch_and_fit()[39m (pid=80987, ip=127.0.0.1)
  File "/Users/dinukaperera/opt/anaconda3/envs/flower_tutorial/lib/python3.10/site-packages/flwr/simulation/ray_transport/ray_client_proxy.py", line 148, in launch_and_fit
    return maybe_call_fit(
  File "/Users/dinukaperera/opt/anaconda3/envs/flower_tutorial/lib/python3.10/site-packages/flwr/client/client.py", line 184, in maybe_call_fit
    return client.fit(fit_ins)
  File "/Users/dinukaperera/opt/anaconda3/envs/flower_tutorial/lib/python3.10/site-packages/flwr/client/app.py", line 297, in _fit
    results = self.numpy_client.fit(parameters, ins.config)  # type: ignore
  File "/Users/dinukaperera/FLwithFlwr/flowertry/cleint.py", line 196, in fit
    return super().fit(parameters, config)
  File "/Users/dinukaperera/FLwithFlwr/flowertry/cleint.py", line 109, in fit
    c_i_new = train_scaffold(
TypeError: train_scaffold() missing 1 required positional argument: 'net'
[2026-01-11 00:55:28,987][flwr][ERROR] - [36mray::launch_and_fit()[39m (pid=80982, ip=127.0.0.1)
  File "/Users/dinukaperera/opt/anaconda3/envs/flower_tutorial/lib/python3.10/site-packages/flwr/simulation/ray_transport/ray_client_proxy.py", line 148, in launch_and_fit
    return maybe_call_fit(
  File "/Users/dinukaperera/opt/anaconda3/envs/flower_tutorial/lib/python3.10/site-packages/flwr/client/client.py", line 184, in maybe_call_fit
    return client.fit(fit_ins)
  File "/Users/dinukaperera/opt/anaconda3/envs/flower_tutorial/lib/python3.10/site-packages/flwr/client/app.py", line 297, in _fit
    results = self.numpy_client.fit(parameters, ins.config)  # type: ignore
  File "/Users/dinukaperera/FLwithFlwr/flowertry/cleint.py", line 196, in fit
    return super().fit(parameters, config)
  File "/Users/dinukaperera/FLwithFlwr/flowertry/cleint.py", line 109, in fit
    c_i_new = train_scaffold(
TypeError: train_scaffold() missing 1 required positional argument: 'net'
[2026-01-11 00:55:28,988][flwr][ERROR] - [36mray::launch_and_fit()[39m (pid=80981, ip=127.0.0.1)
  File "/Users/dinukaperera/opt/anaconda3/envs/flower_tutorial/lib/python3.10/site-packages/flwr/simulation/ray_transport/ray_client_proxy.py", line 148, in launch_and_fit
    return maybe_call_fit(
  File "/Users/dinukaperera/opt/anaconda3/envs/flower_tutorial/lib/python3.10/site-packages/flwr/client/client.py", line 184, in maybe_call_fit
    return client.fit(fit_ins)
  File "/Users/dinukaperera/opt/anaconda3/envs/flower_tutorial/lib/python3.10/site-packages/flwr/client/app.py", line 297, in _fit
    results = self.numpy_client.fit(parameters, ins.config)  # type: ignore
  File "/Users/dinukaperera/FLwithFlwr/flowertry/cleint.py", line 196, in fit
    return super().fit(parameters, config)
  File "/Users/dinukaperera/FLwithFlwr/flowertry/cleint.py", line 109, in fit
    c_i_new = train_scaffold(
TypeError: train_scaffold() missing 1 required positional argument: 'net'
[2026-01-11 00:55:28,989][flwr][ERROR] - [36mray::launch_and_fit()[39m (pid=80985, ip=127.0.0.1)
  File "/Users/dinukaperera/opt/anaconda3/envs/flower_tutorial/lib/python3.10/site-packages/flwr/simulation/ray_transport/ray_client_proxy.py", line 148, in launch_and_fit
    return maybe_call_fit(
  File "/Users/dinukaperera/opt/anaconda3/envs/flower_tutorial/lib/python3.10/site-packages/flwr/client/client.py", line 184, in maybe_call_fit
    return client.fit(fit_ins)
  File "/Users/dinukaperera/opt/anaconda3/envs/flower_tutorial/lib/python3.10/site-packages/flwr/client/app.py", line 297, in _fit
    results = self.numpy_client.fit(parameters, ins.config)  # type: ignore
  File "/Users/dinukaperera/FLwithFlwr/flowertry/cleint.py", line 196, in fit
    return super().fit(parameters, config)
  File "/Users/dinukaperera/FLwithFlwr/flowertry/cleint.py", line 109, in fit
    c_i_new = train_scaffold(
TypeError: train_scaffold() missing 1 required positional argument: 'net'
[2026-01-11 00:55:28,989][flwr][ERROR] - [36mray::launch_and_fit()[39m (pid=80979, ip=127.0.0.1)
  File "/Users/dinukaperera/opt/anaconda3/envs/flower_tutorial/lib/python3.10/site-packages/flwr/simulation/ray_transport/ray_client_proxy.py", line 148, in launch_and_fit
    return maybe_call_fit(
  File "/Users/dinukaperera/opt/anaconda3/envs/flower_tutorial/lib/python3.10/site-packages/flwr/client/client.py", line 184, in maybe_call_fit
    return client.fit(fit_ins)
  File "/Users/dinukaperera/opt/anaconda3/envs/flower_tutorial/lib/python3.10/site-packages/flwr/client/app.py", line 297, in _fit
    results = self.numpy_client.fit(parameters, ins.config)  # type: ignore
  File "/Users/dinukaperera/FLwithFlwr/flowertry/cleint.py", line 196, in fit
    return super().fit(parameters, config)
  File "/Users/dinukaperera/FLwithFlwr/flowertry/cleint.py", line 109, in fit
    c_i_new = train_scaffold(
TypeError: train_scaffold() missing 1 required positional argument: 'net'
[2026-01-11 00:55:28,990][flwr][ERROR] - [36mray::launch_and_fit()[39m (pid=80984, ip=127.0.0.1)
  File "/Users/dinukaperera/opt/anaconda3/envs/flower_tutorial/lib/python3.10/site-packages/flwr/simulation/ray_transport/ray_client_proxy.py", line 148, in launch_and_fit
    return maybe_call_fit(
  File "/Users/dinukaperera/opt/anaconda3/envs/flower_tutorial/lib/python3.10/site-packages/flwr/client/client.py", line 184, in maybe_call_fit
    return client.fit(fit_ins)
  File "/Users/dinukaperera/opt/anaconda3/envs/flower_tutorial/lib/python3.10/site-packages/flwr/client/app.py", line 297, in _fit
    results = self.numpy_client.fit(parameters, ins.config)  # type: ignore
  File "/Users/dinukaperera/FLwithFlwr/flowertry/cleint.py", line 196, in fit
    return super().fit(parameters, config)
  File "/Users/dinukaperera/FLwithFlwr/flowertry/cleint.py", line 109, in fit
    c_i_new = train_scaffold(
TypeError: train_scaffold() missing 1 required positional argument: 'net'
[2026-01-11 00:55:28,990][flwr][ERROR] - [36mray::launch_and_fit()[39m (pid=80983, ip=127.0.0.1)
  File "/Users/dinukaperera/opt/anaconda3/envs/flower_tutorial/lib/python3.10/site-packages/flwr/simulation/ray_transport/ray_client_proxy.py", line 148, in launch_and_fit
    return maybe_call_fit(
  File "/Users/dinukaperera/opt/anaconda3/envs/flower_tutorial/lib/python3.10/site-packages/flwr/client/client.py", line 184, in maybe_call_fit
    return client.fit(fit_ins)
  File "/Users/dinukaperera/opt/anaconda3/envs/flower_tutorial/lib/python3.10/site-packages/flwr/client/app.py", line 297, in _fit
    results = self.numpy_client.fit(parameters, ins.config)  # type: ignore
  File "/Users/dinukaperera/FLwithFlwr/flowertry/cleint.py", line 196, in fit
    return super().fit(parameters, config)
  File "/Users/dinukaperera/FLwithFlwr/flowertry/cleint.py", line 109, in fit
    c_i_new = train_scaffold(
TypeError: train_scaffold() missing 1 required positional argument: 'net'
[2026-01-11 00:55:28,990][flwr][ERROR] - [36mray::launch_and_fit()[39m (pid=80986, ip=127.0.0.1)
  File "/Users/dinukaperera/opt/anaconda3/envs/flower_tutorial/lib/python3.10/site-packages/flwr/simulation/ray_transport/ray_client_proxy.py", line 148, in launch_and_fit
    return maybe_call_fit(
  File "/Users/dinukaperera/opt/anaconda3/envs/flower_tutorial/lib/python3.10/site-packages/flwr/client/client.py", line 184, in maybe_call_fit
    return client.fit(fit_ins)
  File "/Users/dinukaperera/opt/anaconda3/envs/flower_tutorial/lib/python3.10/site-packages/flwr/client/app.py", line 297, in _fit
    results = self.numpy_client.fit(parameters, ins.config)  # type: ignore
  File "/Users/dinukaperera/FLwithFlwr/flowertry/cleint.py", line 196, in fit
    return super().fit(parameters, config)
  File "/Users/dinukaperera/FLwithFlwr/flowertry/cleint.py", line 109, in fit
    c_i_new = train_scaffold(
TypeError: train_scaffold() missing 1 required positional argument: 'net'
[2026-01-11 00:55:28,991][flwr][DEBUG] - fit_round 33 received 0 results and 10 failures
[2026-01-11 00:55:29,014][flwr][INFO] - fit progress: (33, 72.24541532993317, {'accuracy': 0.286}, 9.74756270799844)
[2026-01-11 00:55:29,014][flwr][INFO] - evaluate_round 33: no clients selected, cancel
[2026-01-11 00:55:29,015][flwr][DEBUG] - fit_round 34: strategy sampled 10 clients (out of 100)
[2026-01-11 00:55:29,236][flwr][ERROR] - [36mray::launch_and_fit()[39m (pid=80984, ip=127.0.0.1)
  File "/Users/dinukaperera/opt/anaconda3/envs/flower_tutorial/lib/python3.10/site-packages/flwr/simulation/ray_transport/ray_client_proxy.py", line 148, in launch_and_fit
    return maybe_call_fit(
  File "/Users/dinukaperera/opt/anaconda3/envs/flower_tutorial/lib/python3.10/site-packages/flwr/client/client.py", line 184, in maybe_call_fit
    return client.fit(fit_ins)
  File "/Users/dinukaperera/opt/anaconda3/envs/flower_tutorial/lib/python3.10/site-packages/flwr/client/app.py", line 297, in _fit
    results = self.numpy_client.fit(parameters, ins.config)  # type: ignore
  File "/Users/dinukaperera/FLwithFlwr/flowertry/cleint.py", line 196, in fit
    return super().fit(parameters, config)
  File "/Users/dinukaperera/FLwithFlwr/flowertry/cleint.py", line 109, in fit
    c_i_new = train_scaffold(
TypeError: train_scaffold() missing 1 required positional argument: 'net'
[2026-01-11 00:55:29,237][flwr][ERROR] - [36mray::launch_and_fit()[39m (pid=80983, ip=127.0.0.1)
  File "/Users/dinukaperera/opt/anaconda3/envs/flower_tutorial/lib/python3.10/site-packages/flwr/simulation/ray_transport/ray_client_proxy.py", line 148, in launch_and_fit
    return maybe_call_fit(
  File "/Users/dinukaperera/opt/anaconda3/envs/flower_tutorial/lib/python3.10/site-packages/flwr/client/client.py", line 184, in maybe_call_fit
    return client.fit(fit_ins)
  File "/Users/dinukaperera/opt/anaconda3/envs/flower_tutorial/lib/python3.10/site-packages/flwr/client/app.py", line 297, in _fit
    results = self.numpy_client.fit(parameters, ins.config)  # type: ignore
  File "/Users/dinukaperera/FLwithFlwr/flowertry/cleint.py", line 196, in fit
    return super().fit(parameters, config)
  File "/Users/dinukaperera/FLwithFlwr/flowertry/cleint.py", line 109, in fit
    c_i_new = train_scaffold(
TypeError: train_scaffold() missing 1 required positional argument: 'net'
[2026-01-11 00:55:29,239][flwr][ERROR] - [36mray::launch_and_fit()[39m (pid=80986, ip=127.0.0.1)
  File "/Users/dinukaperera/opt/anaconda3/envs/flower_tutorial/lib/python3.10/site-packages/flwr/simulation/ray_transport/ray_client_proxy.py", line 148, in launch_and_fit
    return maybe_call_fit(
  File "/Users/dinukaperera/opt/anaconda3/envs/flower_tutorial/lib/python3.10/site-packages/flwr/client/client.py", line 184, in maybe_call_fit
    return client.fit(fit_ins)
  File "/Users/dinukaperera/opt/anaconda3/envs/flower_tutorial/lib/python3.10/site-packages/flwr/client/app.py", line 297, in _fit
    results = self.numpy_client.fit(parameters, ins.config)  # type: ignore
  File "/Users/dinukaperera/FLwithFlwr/flowertry/cleint.py", line 196, in fit
    return super().fit(parameters, config)
  File "/Users/dinukaperera/FLwithFlwr/flowertry/cleint.py", line 109, in fit
    c_i_new = train_scaffold(
TypeError: train_scaffold() missing 1 required positional argument: 'net'
[2026-01-11 00:55:29,243][flwr][ERROR] - [36mray::launch_and_fit()[39m (pid=80979, ip=127.0.0.1)
  File "/Users/dinukaperera/opt/anaconda3/envs/flower_tutorial/lib/python3.10/site-packages/flwr/simulation/ray_transport/ray_client_proxy.py", line 148, in launch_and_fit
    return maybe_call_fit(
  File "/Users/dinukaperera/opt/anaconda3/envs/flower_tutorial/lib/python3.10/site-packages/flwr/client/client.py", line 184, in maybe_call_fit
    return client.fit(fit_ins)
  File "/Users/dinukaperera/opt/anaconda3/envs/flower_tutorial/lib/python3.10/site-packages/flwr/client/app.py", line 297, in _fit
    results = self.numpy_client.fit(parameters, ins.config)  # type: ignore
  File "/Users/dinukaperera/FLwithFlwr/flowertry/cleint.py", line 196, in fit
    return super().fit(parameters, config)
  File "/Users/dinukaperera/FLwithFlwr/flowertry/cleint.py", line 109, in fit
    c_i_new = train_scaffold(
TypeError: train_scaffold() missing 1 required positional argument: 'net'
[2026-01-11 00:55:29,244][flwr][ERROR] - [36mray::launch_and_fit()[39m (pid=80985, ip=127.0.0.1)
  File "/Users/dinukaperera/opt/anaconda3/envs/flower_tutorial/lib/python3.10/site-packages/flwr/simulation/ray_transport/ray_client_proxy.py", line 148, in launch_and_fit
    return maybe_call_fit(
  File "/Users/dinukaperera/opt/anaconda3/envs/flower_tutorial/lib/python3.10/site-packages/flwr/client/client.py", line 184, in maybe_call_fit
    return client.fit(fit_ins)
  File "/Users/dinukaperera/opt/anaconda3/envs/flower_tutorial/lib/python3.10/site-packages/flwr/client/app.py", line 297, in _fit
    results = self.numpy_client.fit(parameters, ins.config)  # type: ignore
  File "/Users/dinukaperera/FLwithFlwr/flowertry/cleint.py", line 196, in fit
    return super().fit(parameters, config)
  File "/Users/dinukaperera/FLwithFlwr/flowertry/cleint.py", line 109, in fit
    c_i_new = train_scaffold(
TypeError: train_scaffold() missing 1 required positional argument: 'net'
[2026-01-11 00:55:29,245][flwr][ERROR] - [36mray::launch_and_fit()[39m (pid=80981, ip=127.0.0.1)
  File "/Users/dinukaperera/opt/anaconda3/envs/flower_tutorial/lib/python3.10/site-packages/flwr/simulation/ray_transport/ray_client_proxy.py", line 148, in launch_and_fit
    return maybe_call_fit(
  File "/Users/dinukaperera/opt/anaconda3/envs/flower_tutorial/lib/python3.10/site-packages/flwr/client/client.py", line 184, in maybe_call_fit
    return client.fit(fit_ins)
  File "/Users/dinukaperera/opt/anaconda3/envs/flower_tutorial/lib/python3.10/site-packages/flwr/client/app.py", line 297, in _fit
    results = self.numpy_client.fit(parameters, ins.config)  # type: ignore
  File "/Users/dinukaperera/FLwithFlwr/flowertry/cleint.py", line 196, in fit
    return super().fit(parameters, config)
  File "/Users/dinukaperera/FLwithFlwr/flowertry/cleint.py", line 109, in fit
    c_i_new = train_scaffold(
TypeError: train_scaffold() missing 1 required positional argument: 'net'
[2026-01-11 00:55:29,245][flwr][ERROR] - [36mray::launch_and_fit()[39m (pid=80982, ip=127.0.0.1)
  File "/Users/dinukaperera/opt/anaconda3/envs/flower_tutorial/lib/python3.10/site-packages/flwr/simulation/ray_transport/ray_client_proxy.py", line 148, in launch_and_fit
    return maybe_call_fit(
  File "/Users/dinukaperera/opt/anaconda3/envs/flower_tutorial/lib/python3.10/site-packages/flwr/client/client.py", line 184, in maybe_call_fit
    return client.fit(fit_ins)
  File "/Users/dinukaperera/opt/anaconda3/envs/flower_tutorial/lib/python3.10/site-packages/flwr/client/app.py", line 297, in _fit
    results = self.numpy_client.fit(parameters, ins.config)  # type: ignore
  File "/Users/dinukaperera/FLwithFlwr/flowertry/cleint.py", line 196, in fit
    return super().fit(parameters, config)
  File "/Users/dinukaperera/FLwithFlwr/flowertry/cleint.py", line 109, in fit
    c_i_new = train_scaffold(
TypeError: train_scaffold() missing 1 required positional argument: 'net'
[2026-01-11 00:55:29,247][flwr][ERROR] - [36mray::launch_and_fit()[39m (pid=80980, ip=127.0.0.1)
  File "/Users/dinukaperera/opt/anaconda3/envs/flower_tutorial/lib/python3.10/site-packages/flwr/simulation/ray_transport/ray_client_proxy.py", line 148, in launch_and_fit
    return maybe_call_fit(
  File "/Users/dinukaperera/opt/anaconda3/envs/flower_tutorial/lib/python3.10/site-packages/flwr/client/client.py", line 184, in maybe_call_fit
    return client.fit(fit_ins)
  File "/Users/dinukaperera/opt/anaconda3/envs/flower_tutorial/lib/python3.10/site-packages/flwr/client/app.py", line 297, in _fit
    results = self.numpy_client.fit(parameters, ins.config)  # type: ignore
  File "/Users/dinukaperera/FLwithFlwr/flowertry/cleint.py", line 196, in fit
    return super().fit(parameters, config)
  File "/Users/dinukaperera/FLwithFlwr/flowertry/cleint.py", line 109, in fit
    c_i_new = train_scaffold(
TypeError: train_scaffold() missing 1 required positional argument: 'net'
[2026-01-11 00:55:29,247][flwr][ERROR] - [36mray::launch_and_fit()[39m (pid=80988, ip=127.0.0.1)
  File "/Users/dinukaperera/opt/anaconda3/envs/flower_tutorial/lib/python3.10/site-packages/flwr/simulation/ray_transport/ray_client_proxy.py", line 148, in launch_and_fit
    return maybe_call_fit(
  File "/Users/dinukaperera/opt/anaconda3/envs/flower_tutorial/lib/python3.10/site-packages/flwr/client/client.py", line 184, in maybe_call_fit
    return client.fit(fit_ins)
  File "/Users/dinukaperera/opt/anaconda3/envs/flower_tutorial/lib/python3.10/site-packages/flwr/client/app.py", line 297, in _fit
    results = self.numpy_client.fit(parameters, ins.config)  # type: ignore
  File "/Users/dinukaperera/FLwithFlwr/flowertry/cleint.py", line 196, in fit
    return super().fit(parameters, config)
  File "/Users/dinukaperera/FLwithFlwr/flowertry/cleint.py", line 109, in fit
    c_i_new = train_scaffold(
TypeError: train_scaffold() missing 1 required positional argument: 'net'
[2026-01-11 00:55:29,247][flwr][ERROR] - [36mray::launch_and_fit()[39m (pid=80987, ip=127.0.0.1)
  File "/Users/dinukaperera/opt/anaconda3/envs/flower_tutorial/lib/python3.10/site-packages/flwr/simulation/ray_transport/ray_client_proxy.py", line 148, in launch_and_fit
    return maybe_call_fit(
  File "/Users/dinukaperera/opt/anaconda3/envs/flower_tutorial/lib/python3.10/site-packages/flwr/client/client.py", line 184, in maybe_call_fit
    return client.fit(fit_ins)
  File "/Users/dinukaperera/opt/anaconda3/envs/flower_tutorial/lib/python3.10/site-packages/flwr/client/app.py", line 297, in _fit
    results = self.numpy_client.fit(parameters, ins.config)  # type: ignore
  File "/Users/dinukaperera/FLwithFlwr/flowertry/cleint.py", line 196, in fit
    return super().fit(parameters, config)
  File "/Users/dinukaperera/FLwithFlwr/flowertry/cleint.py", line 109, in fit
    c_i_new = train_scaffold(
TypeError: train_scaffold() missing 1 required positional argument: 'net'
[2026-01-11 00:55:29,248][flwr][DEBUG] - fit_round 34 received 0 results and 10 failures
[2026-01-11 00:55:29,272][flwr][INFO] - fit progress: (34, 72.24541532993317, {'accuracy': 0.286}, 10.005369082995458)
[2026-01-11 00:55:29,272][flwr][INFO] - evaluate_round 34: no clients selected, cancel
[2026-01-11 00:55:29,273][flwr][DEBUG] - fit_round 35: strategy sampled 10 clients (out of 100)
[2026-01-11 00:55:29,426][flwr][ERROR] - [36mray::launch_and_fit()[39m (pid=80987, ip=127.0.0.1)
  File "/Users/dinukaperera/opt/anaconda3/envs/flower_tutorial/lib/python3.10/site-packages/flwr/simulation/ray_transport/ray_client_proxy.py", line 148, in launch_and_fit
    return maybe_call_fit(
  File "/Users/dinukaperera/opt/anaconda3/envs/flower_tutorial/lib/python3.10/site-packages/flwr/client/client.py", line 184, in maybe_call_fit
    return client.fit(fit_ins)
  File "/Users/dinukaperera/opt/anaconda3/envs/flower_tutorial/lib/python3.10/site-packages/flwr/client/app.py", line 297, in _fit
    results = self.numpy_client.fit(parameters, ins.config)  # type: ignore
  File "/Users/dinukaperera/FLwithFlwr/flowertry/cleint.py", line 196, in fit
    return super().fit(parameters, config)
  File "/Users/dinukaperera/FLwithFlwr/flowertry/cleint.py", line 109, in fit
    c_i_new = train_scaffold(
TypeError: train_scaffold() missing 1 required positional argument: 'net'
[2026-01-11 00:55:29,427][flwr][ERROR] - [36mray::launch_and_fit()[39m (pid=80988, ip=127.0.0.1)
  File "/Users/dinukaperera/opt/anaconda3/envs/flower_tutorial/lib/python3.10/site-packages/flwr/simulation/ray_transport/ray_client_proxy.py", line 148, in launch_and_fit
    return maybe_call_fit(
  File "/Users/dinukaperera/opt/anaconda3/envs/flower_tutorial/lib/python3.10/site-packages/flwr/client/client.py", line 184, in maybe_call_fit
    return client.fit(fit_ins)
  File "/Users/dinukaperera/opt/anaconda3/envs/flower_tutorial/lib/python3.10/site-packages/flwr/client/app.py", line 297, in _fit
    results = self.numpy_client.fit(parameters, ins.config)  # type: ignore
  File "/Users/dinukaperera/FLwithFlwr/flowertry/cleint.py", line 196, in fit
    return super().fit(parameters, config)
  File "/Users/dinukaperera/FLwithFlwr/flowertry/cleint.py", line 109, in fit
    c_i_new = train_scaffold(
TypeError: train_scaffold() missing 1 required positional argument: 'net'
[2026-01-11 00:55:29,427][flwr][ERROR] - [36mray::launch_and_fit()[39m (pid=80980, ip=127.0.0.1)
  File "/Users/dinukaperera/opt/anaconda3/envs/flower_tutorial/lib/python3.10/site-packages/flwr/simulation/ray_transport/ray_client_proxy.py", line 148, in launch_and_fit
    return maybe_call_fit(
  File "/Users/dinukaperera/opt/anaconda3/envs/flower_tutorial/lib/python3.10/site-packages/flwr/client/client.py", line 184, in maybe_call_fit
    return client.fit(fit_ins)
  File "/Users/dinukaperera/opt/anaconda3/envs/flower_tutorial/lib/python3.10/site-packages/flwr/client/app.py", line 297, in _fit
    results = self.numpy_client.fit(parameters, ins.config)  # type: ignore
  File "/Users/dinukaperera/FLwithFlwr/flowertry/cleint.py", line 196, in fit
    return super().fit(parameters, config)
  File "/Users/dinukaperera/FLwithFlwr/flowertry/cleint.py", line 109, in fit
    c_i_new = train_scaffold(
TypeError: train_scaffold() missing 1 required positional argument: 'net'
[2026-01-11 00:55:29,429][flwr][ERROR] - [36mray::launch_and_fit()[39m (pid=80982, ip=127.0.0.1)
  File "/Users/dinukaperera/opt/anaconda3/envs/flower_tutorial/lib/python3.10/site-packages/flwr/simulation/ray_transport/ray_client_proxy.py", line 148, in launch_and_fit
    return maybe_call_fit(
  File "/Users/dinukaperera/opt/anaconda3/envs/flower_tutorial/lib/python3.10/site-packages/flwr/client/client.py", line 184, in maybe_call_fit
    return client.fit(fit_ins)
  File "/Users/dinukaperera/opt/anaconda3/envs/flower_tutorial/lib/python3.10/site-packages/flwr/client/app.py", line 297, in _fit
    results = self.numpy_client.fit(parameters, ins.config)  # type: ignore
  File "/Users/dinukaperera/FLwithFlwr/flowertry/cleint.py", line 196, in fit
    return super().fit(parameters, config)
  File "/Users/dinukaperera/FLwithFlwr/flowertry/cleint.py", line 109, in fit
    c_i_new = train_scaffold(
TypeError: train_scaffold() missing 1 required positional argument: 'net'
[2026-01-11 00:55:29,431][flwr][ERROR] - [36mray::launch_and_fit()[39m (pid=80981, ip=127.0.0.1)
  File "/Users/dinukaperera/opt/anaconda3/envs/flower_tutorial/lib/python3.10/site-packages/flwr/simulation/ray_transport/ray_client_proxy.py", line 148, in launch_and_fit
    return maybe_call_fit(
  File "/Users/dinukaperera/opt/anaconda3/envs/flower_tutorial/lib/python3.10/site-packages/flwr/client/client.py", line 184, in maybe_call_fit
    return client.fit(fit_ins)
  File "/Users/dinukaperera/opt/anaconda3/envs/flower_tutorial/lib/python3.10/site-packages/flwr/client/app.py", line 297, in _fit
    results = self.numpy_client.fit(parameters, ins.config)  # type: ignore
  File "/Users/dinukaperera/FLwithFlwr/flowertry/cleint.py", line 196, in fit
    return super().fit(parameters, config)
  File "/Users/dinukaperera/FLwithFlwr/flowertry/cleint.py", line 109, in fit
    c_i_new = train_scaffold(
TypeError: train_scaffold() missing 1 required positional argument: 'net'
[2026-01-11 00:55:29,433][flwr][ERROR] - [36mray::launch_and_fit()[39m (pid=80979, ip=127.0.0.1)
  File "/Users/dinukaperera/opt/anaconda3/envs/flower_tutorial/lib/python3.10/site-packages/flwr/simulation/ray_transport/ray_client_proxy.py", line 148, in launch_and_fit
    return maybe_call_fit(
  File "/Users/dinukaperera/opt/anaconda3/envs/flower_tutorial/lib/python3.10/site-packages/flwr/client/client.py", line 184, in maybe_call_fit
    return client.fit(fit_ins)
  File "/Users/dinukaperera/opt/anaconda3/envs/flower_tutorial/lib/python3.10/site-packages/flwr/client/app.py", line 297, in _fit
    results = self.numpy_client.fit(parameters, ins.config)  # type: ignore
  File "/Users/dinukaperera/FLwithFlwr/flowertry/cleint.py", line 196, in fit
    return super().fit(parameters, config)
  File "/Users/dinukaperera/FLwithFlwr/flowertry/cleint.py", line 109, in fit
    c_i_new = train_scaffold(
TypeError: train_scaffold() missing 1 required positional argument: 'net'
[2026-01-11 00:55:29,434][flwr][ERROR] - [36mray::launch_and_fit()[39m (pid=80983, ip=127.0.0.1)
  File "/Users/dinukaperera/opt/anaconda3/envs/flower_tutorial/lib/python3.10/site-packages/flwr/simulation/ray_transport/ray_client_proxy.py", line 148, in launch_and_fit
    return maybe_call_fit(
  File "/Users/dinukaperera/opt/anaconda3/envs/flower_tutorial/lib/python3.10/site-packages/flwr/client/client.py", line 184, in maybe_call_fit
    return client.fit(fit_ins)
  File "/Users/dinukaperera/opt/anaconda3/envs/flower_tutorial/lib/python3.10/site-packages/flwr/client/app.py", line 297, in _fit
    results = self.numpy_client.fit(parameters, ins.config)  # type: ignore
  File "/Users/dinukaperera/FLwithFlwr/flowertry/cleint.py", line 196, in fit
    return super().fit(parameters, config)
  File "/Users/dinukaperera/FLwithFlwr/flowertry/cleint.py", line 109, in fit
    c_i_new = train_scaffold(
TypeError: train_scaffold() missing 1 required positional argument: 'net'
[2026-01-11 00:55:29,434][flwr][ERROR] - [36mray::launch_and_fit()[39m (pid=80985, ip=127.0.0.1)
  File "/Users/dinukaperera/opt/anaconda3/envs/flower_tutorial/lib/python3.10/site-packages/flwr/simulation/ray_transport/ray_client_proxy.py", line 148, in launch_and_fit
    return maybe_call_fit(
  File "/Users/dinukaperera/opt/anaconda3/envs/flower_tutorial/lib/python3.10/site-packages/flwr/client/client.py", line 184, in maybe_call_fit
    return client.fit(fit_ins)
  File "/Users/dinukaperera/opt/anaconda3/envs/flower_tutorial/lib/python3.10/site-packages/flwr/client/app.py", line 297, in _fit
    results = self.numpy_client.fit(parameters, ins.config)  # type: ignore
  File "/Users/dinukaperera/FLwithFlwr/flowertry/cleint.py", line 196, in fit
    return super().fit(parameters, config)
  File "/Users/dinukaperera/FLwithFlwr/flowertry/cleint.py", line 109, in fit
    c_i_new = train_scaffold(
TypeError: train_scaffold() missing 1 required positional argument: 'net'
[2026-01-11 00:55:29,435][flwr][ERROR] - [36mray::launch_and_fit()[39m (pid=80984, ip=127.0.0.1)
  File "/Users/dinukaperera/opt/anaconda3/envs/flower_tutorial/lib/python3.10/site-packages/flwr/simulation/ray_transport/ray_client_proxy.py", line 148, in launch_and_fit
    return maybe_call_fit(
  File "/Users/dinukaperera/opt/anaconda3/envs/flower_tutorial/lib/python3.10/site-packages/flwr/client/client.py", line 184, in maybe_call_fit
    return client.fit(fit_ins)
  File "/Users/dinukaperera/opt/anaconda3/envs/flower_tutorial/lib/python3.10/site-packages/flwr/client/app.py", line 297, in _fit
    results = self.numpy_client.fit(parameters, ins.config)  # type: ignore
  File "/Users/dinukaperera/FLwithFlwr/flowertry/cleint.py", line 196, in fit
    return super().fit(parameters, config)
  File "/Users/dinukaperera/FLwithFlwr/flowertry/cleint.py", line 109, in fit
    c_i_new = train_scaffold(
TypeError: train_scaffold() missing 1 required positional argument: 'net'
[2026-01-11 00:55:29,435][flwr][ERROR] - [36mray::launch_and_fit()[39m (pid=80986, ip=127.0.0.1)
  File "/Users/dinukaperera/opt/anaconda3/envs/flower_tutorial/lib/python3.10/site-packages/flwr/simulation/ray_transport/ray_client_proxy.py", line 148, in launch_and_fit
    return maybe_call_fit(
  File "/Users/dinukaperera/opt/anaconda3/envs/flower_tutorial/lib/python3.10/site-packages/flwr/client/client.py", line 184, in maybe_call_fit
    return client.fit(fit_ins)
  File "/Users/dinukaperera/opt/anaconda3/envs/flower_tutorial/lib/python3.10/site-packages/flwr/client/app.py", line 297, in _fit
    results = self.numpy_client.fit(parameters, ins.config)  # type: ignore
  File "/Users/dinukaperera/FLwithFlwr/flowertry/cleint.py", line 196, in fit
    return super().fit(parameters, config)
  File "/Users/dinukaperera/FLwithFlwr/flowertry/cleint.py", line 109, in fit
    c_i_new = train_scaffold(
TypeError: train_scaffold() missing 1 required positional argument: 'net'
[2026-01-11 00:55:29,436][flwr][DEBUG] - fit_round 35 received 0 results and 10 failures
[2026-01-11 00:55:29,459][flwr][INFO] - fit progress: (35, 72.24541532993317, {'accuracy': 0.286}, 10.19245120800042)
[2026-01-11 00:55:29,459][flwr][INFO] - evaluate_round 35: no clients selected, cancel
[2026-01-11 00:55:29,460][flwr][DEBUG] - fit_round 36: strategy sampled 10 clients (out of 100)
[2026-01-11 00:55:29,612][flwr][ERROR] - [36mray::launch_and_fit()[39m (pid=80986, ip=127.0.0.1)
  File "/Users/dinukaperera/opt/anaconda3/envs/flower_tutorial/lib/python3.10/site-packages/flwr/simulation/ray_transport/ray_client_proxy.py", line 148, in launch_and_fit
    return maybe_call_fit(
  File "/Users/dinukaperera/opt/anaconda3/envs/flower_tutorial/lib/python3.10/site-packages/flwr/client/client.py", line 184, in maybe_call_fit
    return client.fit(fit_ins)
  File "/Users/dinukaperera/opt/anaconda3/envs/flower_tutorial/lib/python3.10/site-packages/flwr/client/app.py", line 297, in _fit
    results = self.numpy_client.fit(parameters, ins.config)  # type: ignore
  File "/Users/dinukaperera/FLwithFlwr/flowertry/cleint.py", line 196, in fit
    return super().fit(parameters, config)
  File "/Users/dinukaperera/FLwithFlwr/flowertry/cleint.py", line 109, in fit
    c_i_new = train_scaffold(
TypeError: train_scaffold() missing 1 required positional argument: 'net'
[2026-01-11 00:55:29,613][flwr][ERROR] - [36mray::launch_and_fit()[39m (pid=80984, ip=127.0.0.1)
  File "/Users/dinukaperera/opt/anaconda3/envs/flower_tutorial/lib/python3.10/site-packages/flwr/simulation/ray_transport/ray_client_proxy.py", line 148, in launch_and_fit
    return maybe_call_fit(
  File "/Users/dinukaperera/opt/anaconda3/envs/flower_tutorial/lib/python3.10/site-packages/flwr/client/client.py", line 184, in maybe_call_fit
    return client.fit(fit_ins)
  File "/Users/dinukaperera/opt/anaconda3/envs/flower_tutorial/lib/python3.10/site-packages/flwr/client/app.py", line 297, in _fit
    results = self.numpy_client.fit(parameters, ins.config)  # type: ignore
  File "/Users/dinukaperera/FLwithFlwr/flowertry/cleint.py", line 196, in fit
    return super().fit(parameters, config)
  File "/Users/dinukaperera/FLwithFlwr/flowertry/cleint.py", line 109, in fit
    c_i_new = train_scaffold(
TypeError: train_scaffold() missing 1 required positional argument: 'net'
[2026-01-11 00:55:29,616][flwr][ERROR] - [36mray::launch_and_fit()[39m (pid=80985, ip=127.0.0.1)
  File "/Users/dinukaperera/opt/anaconda3/envs/flower_tutorial/lib/python3.10/site-packages/flwr/simulation/ray_transport/ray_client_proxy.py", line 148, in launch_and_fit
    return maybe_call_fit(
  File "/Users/dinukaperera/opt/anaconda3/envs/flower_tutorial/lib/python3.10/site-packages/flwr/client/client.py", line 184, in maybe_call_fit
    return client.fit(fit_ins)
  File "/Users/dinukaperera/opt/anaconda3/envs/flower_tutorial/lib/python3.10/site-packages/flwr/client/app.py", line 297, in _fit
    results = self.numpy_client.fit(parameters, ins.config)  # type: ignore
  File "/Users/dinukaperera/FLwithFlwr/flowertry/cleint.py", line 196, in fit
    return super().fit(parameters, config)
  File "/Users/dinukaperera/FLwithFlwr/flowertry/cleint.py", line 109, in fit
    c_i_new = train_scaffold(
TypeError: train_scaffold() missing 1 required positional argument: 'net'
[2026-01-11 00:55:29,616][flwr][ERROR] - [36mray::launch_and_fit()[39m (pid=80979, ip=127.0.0.1)
  File "/Users/dinukaperera/opt/anaconda3/envs/flower_tutorial/lib/python3.10/site-packages/flwr/simulation/ray_transport/ray_client_proxy.py", line 148, in launch_and_fit
    return maybe_call_fit(
  File "/Users/dinukaperera/opt/anaconda3/envs/flower_tutorial/lib/python3.10/site-packages/flwr/client/client.py", line 184, in maybe_call_fit
    return client.fit(fit_ins)
  File "/Users/dinukaperera/opt/anaconda3/envs/flower_tutorial/lib/python3.10/site-packages/flwr/client/app.py", line 297, in _fit
    results = self.numpy_client.fit(parameters, ins.config)  # type: ignore
  File "/Users/dinukaperera/FLwithFlwr/flowertry/cleint.py", line 196, in fit
    return super().fit(parameters, config)
  File "/Users/dinukaperera/FLwithFlwr/flowertry/cleint.py", line 109, in fit
    c_i_new = train_scaffold(
TypeError: train_scaffold() missing 1 required positional argument: 'net'
[2026-01-11 00:55:29,616][flwr][ERROR] - [36mray::launch_and_fit()[39m (pid=80983, ip=127.0.0.1)
  File "/Users/dinukaperera/opt/anaconda3/envs/flower_tutorial/lib/python3.10/site-packages/flwr/simulation/ray_transport/ray_client_proxy.py", line 148, in launch_and_fit
    return maybe_call_fit(
  File "/Users/dinukaperera/opt/anaconda3/envs/flower_tutorial/lib/python3.10/site-packages/flwr/client/client.py", line 184, in maybe_call_fit
    return client.fit(fit_ins)
  File "/Users/dinukaperera/opt/anaconda3/envs/flower_tutorial/lib/python3.10/site-packages/flwr/client/app.py", line 297, in _fit
    results = self.numpy_client.fit(parameters, ins.config)  # type: ignore
  File "/Users/dinukaperera/FLwithFlwr/flowertry/cleint.py", line 196, in fit
    return super().fit(parameters, config)
  File "/Users/dinukaperera/FLwithFlwr/flowertry/cleint.py", line 109, in fit
    c_i_new = train_scaffold(
TypeError: train_scaffold() missing 1 required positional argument: 'net'
[2026-01-11 00:55:29,620][flwr][ERROR] - [36mray::launch_and_fit()[39m (pid=80982, ip=127.0.0.1)
  File "/Users/dinukaperera/opt/anaconda3/envs/flower_tutorial/lib/python3.10/site-packages/flwr/simulation/ray_transport/ray_client_proxy.py", line 148, in launch_and_fit
    return maybe_call_fit(
  File "/Users/dinukaperera/opt/anaconda3/envs/flower_tutorial/lib/python3.10/site-packages/flwr/client/client.py", line 184, in maybe_call_fit
    return client.fit(fit_ins)
  File "/Users/dinukaperera/opt/anaconda3/envs/flower_tutorial/lib/python3.10/site-packages/flwr/client/app.py", line 297, in _fit
    results = self.numpy_client.fit(parameters, ins.config)  # type: ignore
  File "/Users/dinukaperera/FLwithFlwr/flowertry/cleint.py", line 196, in fit
    return super().fit(parameters, config)
  File "/Users/dinukaperera/FLwithFlwr/flowertry/cleint.py", line 109, in fit
    c_i_new = train_scaffold(
TypeError: train_scaffold() missing 1 required positional argument: 'net'
[2026-01-11 00:55:29,620][flwr][ERROR] - [36mray::launch_and_fit()[39m (pid=80981, ip=127.0.0.1)
  File "/Users/dinukaperera/opt/anaconda3/envs/flower_tutorial/lib/python3.10/site-packages/flwr/simulation/ray_transport/ray_client_proxy.py", line 148, in launch_and_fit
    return maybe_call_fit(
  File "/Users/dinukaperera/opt/anaconda3/envs/flower_tutorial/lib/python3.10/site-packages/flwr/client/client.py", line 184, in maybe_call_fit
    return client.fit(fit_ins)
  File "/Users/dinukaperera/opt/anaconda3/envs/flower_tutorial/lib/python3.10/site-packages/flwr/client/app.py", line 297, in _fit
    results = self.numpy_client.fit(parameters, ins.config)  # type: ignore
  File "/Users/dinukaperera/FLwithFlwr/flowertry/cleint.py", line 196, in fit
    return super().fit(parameters, config)
  File "/Users/dinukaperera/FLwithFlwr/flowertry/cleint.py", line 109, in fit
    c_i_new = train_scaffold(
TypeError: train_scaffold() missing 1 required positional argument: 'net'
[2026-01-11 00:55:29,621][flwr][ERROR] - [36mray::launch_and_fit()[39m (pid=80988, ip=127.0.0.1)
  File "/Users/dinukaperera/opt/anaconda3/envs/flower_tutorial/lib/python3.10/site-packages/flwr/simulation/ray_transport/ray_client_proxy.py", line 148, in launch_and_fit
    return maybe_call_fit(
  File "/Users/dinukaperera/opt/anaconda3/envs/flower_tutorial/lib/python3.10/site-packages/flwr/client/client.py", line 184, in maybe_call_fit
    return client.fit(fit_ins)
  File "/Users/dinukaperera/opt/anaconda3/envs/flower_tutorial/lib/python3.10/site-packages/flwr/client/app.py", line 297, in _fit
    results = self.numpy_client.fit(parameters, ins.config)  # type: ignore
  File "/Users/dinukaperera/FLwithFlwr/flowertry/cleint.py", line 196, in fit
    return super().fit(parameters, config)
  File "/Users/dinukaperera/FLwithFlwr/flowertry/cleint.py", line 109, in fit
    c_i_new = train_scaffold(
TypeError: train_scaffold() missing 1 required positional argument: 'net'
[2026-01-11 00:55:29,622][flwr][ERROR] - [36mray::launch_and_fit()[39m (pid=80980, ip=127.0.0.1)
  File "/Users/dinukaperera/opt/anaconda3/envs/flower_tutorial/lib/python3.10/site-packages/flwr/simulation/ray_transport/ray_client_proxy.py", line 148, in launch_and_fit
    return maybe_call_fit(
  File "/Users/dinukaperera/opt/anaconda3/envs/flower_tutorial/lib/python3.10/site-packages/flwr/client/client.py", line 184, in maybe_call_fit
    return client.fit(fit_ins)
  File "/Users/dinukaperera/opt/anaconda3/envs/flower_tutorial/lib/python3.10/site-packages/flwr/client/app.py", line 297, in _fit
    results = self.numpy_client.fit(parameters, ins.config)  # type: ignore
  File "/Users/dinukaperera/FLwithFlwr/flowertry/cleint.py", line 196, in fit
    return super().fit(parameters, config)
  File "/Users/dinukaperera/FLwithFlwr/flowertry/cleint.py", line 109, in fit
    c_i_new = train_scaffold(
TypeError: train_scaffold() missing 1 required positional argument: 'net'
[2026-01-11 00:55:29,623][flwr][ERROR] - [36mray::launch_and_fit()[39m (pid=80987, ip=127.0.0.1)
  File "/Users/dinukaperera/opt/anaconda3/envs/flower_tutorial/lib/python3.10/site-packages/flwr/simulation/ray_transport/ray_client_proxy.py", line 148, in launch_and_fit
    return maybe_call_fit(
  File "/Users/dinukaperera/opt/anaconda3/envs/flower_tutorial/lib/python3.10/site-packages/flwr/client/client.py", line 184, in maybe_call_fit
    return client.fit(fit_ins)
  File "/Users/dinukaperera/opt/anaconda3/envs/flower_tutorial/lib/python3.10/site-packages/flwr/client/app.py", line 297, in _fit
    results = self.numpy_client.fit(parameters, ins.config)  # type: ignore
  File "/Users/dinukaperera/FLwithFlwr/flowertry/cleint.py", line 196, in fit
    return super().fit(parameters, config)
  File "/Users/dinukaperera/FLwithFlwr/flowertry/cleint.py", line 109, in fit
    c_i_new = train_scaffold(
TypeError: train_scaffold() missing 1 required positional argument: 'net'
[2026-01-11 00:55:29,623][flwr][DEBUG] - fit_round 36 received 0 results and 10 failures
[2026-01-11 00:55:29,645][flwr][INFO] - fit progress: (36, 72.24541532993317, {'accuracy': 0.286}, 10.378441207998549)
[2026-01-11 00:55:29,645][flwr][INFO] - evaluate_round 36: no clients selected, cancel
[2026-01-11 00:55:29,646][flwr][DEBUG] - fit_round 37: strategy sampled 10 clients (out of 100)
[2026-01-11 00:55:29,794][flwr][ERROR] - [36mray::launch_and_fit()[39m (pid=80987, ip=127.0.0.1)
  File "/Users/dinukaperera/opt/anaconda3/envs/flower_tutorial/lib/python3.10/site-packages/flwr/simulation/ray_transport/ray_client_proxy.py", line 148, in launch_and_fit
    return maybe_call_fit(
  File "/Users/dinukaperera/opt/anaconda3/envs/flower_tutorial/lib/python3.10/site-packages/flwr/client/client.py", line 184, in maybe_call_fit
    return client.fit(fit_ins)
  File "/Users/dinukaperera/opt/anaconda3/envs/flower_tutorial/lib/python3.10/site-packages/flwr/client/app.py", line 297, in _fit
    results = self.numpy_client.fit(parameters, ins.config)  # type: ignore
  File "/Users/dinukaperera/FLwithFlwr/flowertry/cleint.py", line 196, in fit
    return super().fit(parameters, config)
  File "/Users/dinukaperera/FLwithFlwr/flowertry/cleint.py", line 109, in fit
    c_i_new = train_scaffold(
TypeError: train_scaffold() missing 1 required positional argument: 'net'
[2026-01-11 00:55:29,796][flwr][ERROR] - [36mray::launch_and_fit()[39m (pid=80980, ip=127.0.0.1)
  File "/Users/dinukaperera/opt/anaconda3/envs/flower_tutorial/lib/python3.10/site-packages/flwr/simulation/ray_transport/ray_client_proxy.py", line 148, in launch_and_fit
    return maybe_call_fit(
  File "/Users/dinukaperera/opt/anaconda3/envs/flower_tutorial/lib/python3.10/site-packages/flwr/client/client.py", line 184, in maybe_call_fit
    return client.fit(fit_ins)
  File "/Users/dinukaperera/opt/anaconda3/envs/flower_tutorial/lib/python3.10/site-packages/flwr/client/app.py", line 297, in _fit
    results = self.numpy_client.fit(parameters, ins.config)  # type: ignore
  File "/Users/dinukaperera/FLwithFlwr/flowertry/cleint.py", line 196, in fit
    return super().fit(parameters, config)
  File "/Users/dinukaperera/FLwithFlwr/flowertry/cleint.py", line 109, in fit
    c_i_new = train_scaffold(
TypeError: train_scaffold() missing 1 required positional argument: 'net'
[2026-01-11 00:55:29,796][flwr][ERROR] - [36mray::launch_and_fit()[39m (pid=80988, ip=127.0.0.1)
  File "/Users/dinukaperera/opt/anaconda3/envs/flower_tutorial/lib/python3.10/site-packages/flwr/simulation/ray_transport/ray_client_proxy.py", line 148, in launch_and_fit
    return maybe_call_fit(
  File "/Users/dinukaperera/opt/anaconda3/envs/flower_tutorial/lib/python3.10/site-packages/flwr/client/client.py", line 184, in maybe_call_fit
    return client.fit(fit_ins)
  File "/Users/dinukaperera/opt/anaconda3/envs/flower_tutorial/lib/python3.10/site-packages/flwr/client/app.py", line 297, in _fit
    results = self.numpy_client.fit(parameters, ins.config)  # type: ignore
  File "/Users/dinukaperera/FLwithFlwr/flowertry/cleint.py", line 196, in fit
    return super().fit(parameters, config)
  File "/Users/dinukaperera/FLwithFlwr/flowertry/cleint.py", line 109, in fit
    c_i_new = train_scaffold(
TypeError: train_scaffold() missing 1 required positional argument: 'net'
[2026-01-11 00:55:29,799][flwr][ERROR] - [36mray::launch_and_fit()[39m (pid=80982, ip=127.0.0.1)
  File "/Users/dinukaperera/opt/anaconda3/envs/flower_tutorial/lib/python3.10/site-packages/flwr/simulation/ray_transport/ray_client_proxy.py", line 148, in launch_and_fit
    return maybe_call_fit(
  File "/Users/dinukaperera/opt/anaconda3/envs/flower_tutorial/lib/python3.10/site-packages/flwr/client/client.py", line 184, in maybe_call_fit
    return client.fit(fit_ins)
  File "/Users/dinukaperera/opt/anaconda3/envs/flower_tutorial/lib/python3.10/site-packages/flwr/client/app.py", line 297, in _fit
    results = self.numpy_client.fit(parameters, ins.config)  # type: ignore
  File "/Users/dinukaperera/FLwithFlwr/flowertry/cleint.py", line 196, in fit
    return super().fit(parameters, config)
  File "/Users/dinukaperera/FLwithFlwr/flowertry/cleint.py", line 109, in fit
    c_i_new = train_scaffold(
TypeError: train_scaffold() missing 1 required positional argument: 'net'
[2026-01-11 00:55:29,801][flwr][ERROR] - [36mray::launch_and_fit()[39m (pid=80981, ip=127.0.0.1)
  File "/Users/dinukaperera/opt/anaconda3/envs/flower_tutorial/lib/python3.10/site-packages/flwr/simulation/ray_transport/ray_client_proxy.py", line 148, in launch_and_fit
    return maybe_call_fit(
  File "/Users/dinukaperera/opt/anaconda3/envs/flower_tutorial/lib/python3.10/site-packages/flwr/client/client.py", line 184, in maybe_call_fit
    return client.fit(fit_ins)
  File "/Users/dinukaperera/opt/anaconda3/envs/flower_tutorial/lib/python3.10/site-packages/flwr/client/app.py", line 297, in _fit
    results = self.numpy_client.fit(parameters, ins.config)  # type: ignore
  File "/Users/dinukaperera/FLwithFlwr/flowertry/cleint.py", line 196, in fit
    return super().fit(parameters, config)
  File "/Users/dinukaperera/FLwithFlwr/flowertry/cleint.py", line 109, in fit
    c_i_new = train_scaffold(
TypeError: train_scaffold() missing 1 required positional argument: 'net'
[2026-01-11 00:55:29,802][flwr][ERROR] - [36mray::launch_and_fit()[39m (pid=80979, ip=127.0.0.1)
  File "/Users/dinukaperera/opt/anaconda3/envs/flower_tutorial/lib/python3.10/site-packages/flwr/simulation/ray_transport/ray_client_proxy.py", line 148, in launch_and_fit
    return maybe_call_fit(
  File "/Users/dinukaperera/opt/anaconda3/envs/flower_tutorial/lib/python3.10/site-packages/flwr/client/client.py", line 184, in maybe_call_fit
    return client.fit(fit_ins)
  File "/Users/dinukaperera/opt/anaconda3/envs/flower_tutorial/lib/python3.10/site-packages/flwr/client/app.py", line 297, in _fit
    results = self.numpy_client.fit(parameters, ins.config)  # type: ignore
  File "/Users/dinukaperera/FLwithFlwr/flowertry/cleint.py", line 196, in fit
    return super().fit(parameters, config)
  File "/Users/dinukaperera/FLwithFlwr/flowertry/cleint.py", line 109, in fit
    c_i_new = train_scaffold(
TypeError: train_scaffold() missing 1 required positional argument: 'net'
[2026-01-11 00:55:29,803][flwr][ERROR] - [36mray::launch_and_fit()[39m (pid=80985, ip=127.0.0.1)
  File "/Users/dinukaperera/opt/anaconda3/envs/flower_tutorial/lib/python3.10/site-packages/flwr/simulation/ray_transport/ray_client_proxy.py", line 148, in launch_and_fit
    return maybe_call_fit(
  File "/Users/dinukaperera/opt/anaconda3/envs/flower_tutorial/lib/python3.10/site-packages/flwr/client/client.py", line 184, in maybe_call_fit
    return client.fit(fit_ins)
  File "/Users/dinukaperera/opt/anaconda3/envs/flower_tutorial/lib/python3.10/site-packages/flwr/client/app.py", line 297, in _fit
    results = self.numpy_client.fit(parameters, ins.config)  # type: ignore
  File "/Users/dinukaperera/FLwithFlwr/flowertry/cleint.py", line 196, in fit
    return super().fit(parameters, config)
  File "/Users/dinukaperera/FLwithFlwr/flowertry/cleint.py", line 109, in fit
    c_i_new = train_scaffold(
TypeError: train_scaffold() missing 1 required positional argument: 'net'
[2026-01-11 00:55:29,803][flwr][ERROR] - [36mray::launch_and_fit()[39m (pid=80983, ip=127.0.0.1)
  File "/Users/dinukaperera/opt/anaconda3/envs/flower_tutorial/lib/python3.10/site-packages/flwr/simulation/ray_transport/ray_client_proxy.py", line 148, in launch_and_fit
    return maybe_call_fit(
  File "/Users/dinukaperera/opt/anaconda3/envs/flower_tutorial/lib/python3.10/site-packages/flwr/client/client.py", line 184, in maybe_call_fit
    return client.fit(fit_ins)
  File "/Users/dinukaperera/opt/anaconda3/envs/flower_tutorial/lib/python3.10/site-packages/flwr/client/app.py", line 297, in _fit
    results = self.numpy_client.fit(parameters, ins.config)  # type: ignore
  File "/Users/dinukaperera/FLwithFlwr/flowertry/cleint.py", line 196, in fit
    return super().fit(parameters, config)
  File "/Users/dinukaperera/FLwithFlwr/flowertry/cleint.py", line 109, in fit
    c_i_new = train_scaffold(
TypeError: train_scaffold() missing 1 required positional argument: 'net'
[2026-01-11 00:55:29,804][flwr][ERROR] - [36mray::launch_and_fit()[39m (pid=80984, ip=127.0.0.1)
  File "/Users/dinukaperera/opt/anaconda3/envs/flower_tutorial/lib/python3.10/site-packages/flwr/simulation/ray_transport/ray_client_proxy.py", line 148, in launch_and_fit
    return maybe_call_fit(
  File "/Users/dinukaperera/opt/anaconda3/envs/flower_tutorial/lib/python3.10/site-packages/flwr/client/client.py", line 184, in maybe_call_fit
    return client.fit(fit_ins)
  File "/Users/dinukaperera/opt/anaconda3/envs/flower_tutorial/lib/python3.10/site-packages/flwr/client/app.py", line 297, in _fit
    results = self.numpy_client.fit(parameters, ins.config)  # type: ignore
  File "/Users/dinukaperera/FLwithFlwr/flowertry/cleint.py", line 196, in fit
    return super().fit(parameters, config)
  File "/Users/dinukaperera/FLwithFlwr/flowertry/cleint.py", line 109, in fit
    c_i_new = train_scaffold(
TypeError: train_scaffold() missing 1 required positional argument: 'net'
[2026-01-11 00:55:29,805][flwr][ERROR] - [36mray::launch_and_fit()[39m (pid=80986, ip=127.0.0.1)
  File "/Users/dinukaperera/opt/anaconda3/envs/flower_tutorial/lib/python3.10/site-packages/flwr/simulation/ray_transport/ray_client_proxy.py", line 148, in launch_and_fit
    return maybe_call_fit(
  File "/Users/dinukaperera/opt/anaconda3/envs/flower_tutorial/lib/python3.10/site-packages/flwr/client/client.py", line 184, in maybe_call_fit
    return client.fit(fit_ins)
  File "/Users/dinukaperera/opt/anaconda3/envs/flower_tutorial/lib/python3.10/site-packages/flwr/client/app.py", line 297, in _fit
    results = self.numpy_client.fit(parameters, ins.config)  # type: ignore
  File "/Users/dinukaperera/FLwithFlwr/flowertry/cleint.py", line 196, in fit
    return super().fit(parameters, config)
  File "/Users/dinukaperera/FLwithFlwr/flowertry/cleint.py", line 109, in fit
    c_i_new = train_scaffold(
TypeError: train_scaffold() missing 1 required positional argument: 'net'
[2026-01-11 00:55:29,805][flwr][DEBUG] - fit_round 37 received 0 results and 10 failures
[2026-01-11 00:55:29,828][flwr][INFO] - fit progress: (37, 72.24541532993317, {'accuracy': 0.286}, 10.561600542001543)
[2026-01-11 00:55:29,828][flwr][INFO] - evaluate_round 37: no clients selected, cancel
[2026-01-11 00:55:29,829][flwr][DEBUG] - fit_round 38: strategy sampled 10 clients (out of 100)
[2026-01-11 00:55:29,981][flwr][ERROR] - [36mray::launch_and_fit()[39m (pid=80986, ip=127.0.0.1)
  File "/Users/dinukaperera/opt/anaconda3/envs/flower_tutorial/lib/python3.10/site-packages/flwr/simulation/ray_transport/ray_client_proxy.py", line 148, in launch_and_fit
    return maybe_call_fit(
  File "/Users/dinukaperera/opt/anaconda3/envs/flower_tutorial/lib/python3.10/site-packages/flwr/client/client.py", line 184, in maybe_call_fit
    return client.fit(fit_ins)
  File "/Users/dinukaperera/opt/anaconda3/envs/flower_tutorial/lib/python3.10/site-packages/flwr/client/app.py", line 297, in _fit
    results = self.numpy_client.fit(parameters, ins.config)  # type: ignore
  File "/Users/dinukaperera/FLwithFlwr/flowertry/cleint.py", line 196, in fit
    return super().fit(parameters, config)
  File "/Users/dinukaperera/FLwithFlwr/flowertry/cleint.py", line 109, in fit
    c_i_new = train_scaffold(
TypeError: train_scaffold() missing 1 required positional argument: 'net'
[2026-01-11 00:55:29,985][flwr][ERROR] - [36mray::launch_and_fit()[39m (pid=80984, ip=127.0.0.1)
  File "/Users/dinukaperera/opt/anaconda3/envs/flower_tutorial/lib/python3.10/site-packages/flwr/simulation/ray_transport/ray_client_proxy.py", line 148, in launch_and_fit
    return maybe_call_fit(
  File "/Users/dinukaperera/opt/anaconda3/envs/flower_tutorial/lib/python3.10/site-packages/flwr/client/client.py", line 184, in maybe_call_fit
    return client.fit(fit_ins)
  File "/Users/dinukaperera/opt/anaconda3/envs/flower_tutorial/lib/python3.10/site-packages/flwr/client/app.py", line 297, in _fit
    results = self.numpy_client.fit(parameters, ins.config)  # type: ignore
  File "/Users/dinukaperera/FLwithFlwr/flowertry/cleint.py", line 196, in fit
    return super().fit(parameters, config)
  File "/Users/dinukaperera/FLwithFlwr/flowertry/cleint.py", line 109, in fit
    c_i_new = train_scaffold(
TypeError: train_scaffold() missing 1 required positional argument: 'net'
[2026-01-11 00:55:29,985][flwr][ERROR] - [36mray::launch_and_fit()[39m (pid=80983, ip=127.0.0.1)
  File "/Users/dinukaperera/opt/anaconda3/envs/flower_tutorial/lib/python3.10/site-packages/flwr/simulation/ray_transport/ray_client_proxy.py", line 148, in launch_and_fit
    return maybe_call_fit(
  File "/Users/dinukaperera/opt/anaconda3/envs/flower_tutorial/lib/python3.10/site-packages/flwr/client/client.py", line 184, in maybe_call_fit
    return client.fit(fit_ins)
  File "/Users/dinukaperera/opt/anaconda3/envs/flower_tutorial/lib/python3.10/site-packages/flwr/client/app.py", line 297, in _fit
    results = self.numpy_client.fit(parameters, ins.config)  # type: ignore
  File "/Users/dinukaperera/FLwithFlwr/flowertry/cleint.py", line 196, in fit
    return super().fit(parameters, config)
  File "/Users/dinukaperera/FLwithFlwr/flowertry/cleint.py", line 109, in fit
    c_i_new = train_scaffold(
TypeError: train_scaffold() missing 1 required positional argument: 'net'
[2026-01-11 00:55:29,987][flwr][ERROR] - [36mray::launch_and_fit()[39m (pid=80985, ip=127.0.0.1)
  File "/Users/dinukaperera/opt/anaconda3/envs/flower_tutorial/lib/python3.10/site-packages/flwr/simulation/ray_transport/ray_client_proxy.py", line 148, in launch_and_fit
    return maybe_call_fit(
  File "/Users/dinukaperera/opt/anaconda3/envs/flower_tutorial/lib/python3.10/site-packages/flwr/client/client.py", line 184, in maybe_call_fit
    return client.fit(fit_ins)
  File "/Users/dinukaperera/opt/anaconda3/envs/flower_tutorial/lib/python3.10/site-packages/flwr/client/app.py", line 297, in _fit
    results = self.numpy_client.fit(parameters, ins.config)  # type: ignore
  File "/Users/dinukaperera/FLwithFlwr/flowertry/cleint.py", line 196, in fit
    return super().fit(parameters, config)
  File "/Users/dinukaperera/FLwithFlwr/flowertry/cleint.py", line 109, in fit
    c_i_new = train_scaffold(
TypeError: train_scaffold() missing 1 required positional argument: 'net'
[2026-01-11 00:55:29,988][flwr][ERROR] - [36mray::launch_and_fit()[39m (pid=80981, ip=127.0.0.1)
  File "/Users/dinukaperera/opt/anaconda3/envs/flower_tutorial/lib/python3.10/site-packages/flwr/simulation/ray_transport/ray_client_proxy.py", line 148, in launch_and_fit
    return maybe_call_fit(
  File "/Users/dinukaperera/opt/anaconda3/envs/flower_tutorial/lib/python3.10/site-packages/flwr/client/client.py", line 184, in maybe_call_fit
    return client.fit(fit_ins)
  File "/Users/dinukaperera/opt/anaconda3/envs/flower_tutorial/lib/python3.10/site-packages/flwr/client/app.py", line 297, in _fit
    results = self.numpy_client.fit(parameters, ins.config)  # type: ignore
  File "/Users/dinukaperera/FLwithFlwr/flowertry/cleint.py", line 196, in fit
    return super().fit(parameters, config)
  File "/Users/dinukaperera/FLwithFlwr/flowertry/cleint.py", line 109, in fit
    c_i_new = train_scaffold(
TypeError: train_scaffold() missing 1 required positional argument: 'net'
[2026-01-11 00:55:29,989][flwr][ERROR] - [36mray::launch_and_fit()[39m (pid=80979, ip=127.0.0.1)
  File "/Users/dinukaperera/opt/anaconda3/envs/flower_tutorial/lib/python3.10/site-packages/flwr/simulation/ray_transport/ray_client_proxy.py", line 148, in launch_and_fit
    return maybe_call_fit(
  File "/Users/dinukaperera/opt/anaconda3/envs/flower_tutorial/lib/python3.10/site-packages/flwr/client/client.py", line 184, in maybe_call_fit
    return client.fit(fit_ins)
  File "/Users/dinukaperera/opt/anaconda3/envs/flower_tutorial/lib/python3.10/site-packages/flwr/client/app.py", line 297, in _fit
    results = self.numpy_client.fit(parameters, ins.config)  # type: ignore
  File "/Users/dinukaperera/FLwithFlwr/flowertry/cleint.py", line 196, in fit
    return super().fit(parameters, config)
  File "/Users/dinukaperera/FLwithFlwr/flowertry/cleint.py", line 109, in fit
    c_i_new = train_scaffold(
TypeError: train_scaffold() missing 1 required positional argument: 'net'
[2026-01-11 00:55:29,990][flwr][ERROR] - [36mray::launch_and_fit()[39m (pid=80988, ip=127.0.0.1)
  File "/Users/dinukaperera/opt/anaconda3/envs/flower_tutorial/lib/python3.10/site-packages/flwr/simulation/ray_transport/ray_client_proxy.py", line 148, in launch_and_fit
    return maybe_call_fit(
  File "/Users/dinukaperera/opt/anaconda3/envs/flower_tutorial/lib/python3.10/site-packages/flwr/client/client.py", line 184, in maybe_call_fit
    return client.fit(fit_ins)
  File "/Users/dinukaperera/opt/anaconda3/envs/flower_tutorial/lib/python3.10/site-packages/flwr/client/app.py", line 297, in _fit
    results = self.numpy_client.fit(parameters, ins.config)  # type: ignore
  File "/Users/dinukaperera/FLwithFlwr/flowertry/cleint.py", line 196, in fit
    return super().fit(parameters, config)
  File "/Users/dinukaperera/FLwithFlwr/flowertry/cleint.py", line 109, in fit
    c_i_new = train_scaffold(
TypeError: train_scaffold() missing 1 required positional argument: 'net'
[2026-01-11 00:55:29,990][flwr][ERROR] - [36mray::launch_and_fit()[39m (pid=80982, ip=127.0.0.1)
  File "/Users/dinukaperera/opt/anaconda3/envs/flower_tutorial/lib/python3.10/site-packages/flwr/simulation/ray_transport/ray_client_proxy.py", line 148, in launch_and_fit
    return maybe_call_fit(
  File "/Users/dinukaperera/opt/anaconda3/envs/flower_tutorial/lib/python3.10/site-packages/flwr/client/client.py", line 184, in maybe_call_fit
    return client.fit(fit_ins)
  File "/Users/dinukaperera/opt/anaconda3/envs/flower_tutorial/lib/python3.10/site-packages/flwr/client/app.py", line 297, in _fit
    results = self.numpy_client.fit(parameters, ins.config)  # type: ignore
  File "/Users/dinukaperera/FLwithFlwr/flowertry/cleint.py", line 196, in fit
    return super().fit(parameters, config)
  File "/Users/dinukaperera/FLwithFlwr/flowertry/cleint.py", line 109, in fit
    c_i_new = train_scaffold(
TypeError: train_scaffold() missing 1 required positional argument: 'net'
[2026-01-11 00:55:29,991][flwr][ERROR] - [36mray::launch_and_fit()[39m (pid=80980, ip=127.0.0.1)
  File "/Users/dinukaperera/opt/anaconda3/envs/flower_tutorial/lib/python3.10/site-packages/flwr/simulation/ray_transport/ray_client_proxy.py", line 148, in launch_and_fit
    return maybe_call_fit(
  File "/Users/dinukaperera/opt/anaconda3/envs/flower_tutorial/lib/python3.10/site-packages/flwr/client/client.py", line 184, in maybe_call_fit
    return client.fit(fit_ins)
  File "/Users/dinukaperera/opt/anaconda3/envs/flower_tutorial/lib/python3.10/site-packages/flwr/client/app.py", line 297, in _fit
    results = self.numpy_client.fit(parameters, ins.config)  # type: ignore
  File "/Users/dinukaperera/FLwithFlwr/flowertry/cleint.py", line 196, in fit
    return super().fit(parameters, config)
  File "/Users/dinukaperera/FLwithFlwr/flowertry/cleint.py", line 109, in fit
    c_i_new = train_scaffold(
TypeError: train_scaffold() missing 1 required positional argument: 'net'
[2026-01-11 00:55:29,992][flwr][ERROR] - [36mray::launch_and_fit()[39m (pid=80987, ip=127.0.0.1)
  File "/Users/dinukaperera/opt/anaconda3/envs/flower_tutorial/lib/python3.10/site-packages/flwr/simulation/ray_transport/ray_client_proxy.py", line 148, in launch_and_fit
    return maybe_call_fit(
  File "/Users/dinukaperera/opt/anaconda3/envs/flower_tutorial/lib/python3.10/site-packages/flwr/client/client.py", line 184, in maybe_call_fit
    return client.fit(fit_ins)
  File "/Users/dinukaperera/opt/anaconda3/envs/flower_tutorial/lib/python3.10/site-packages/flwr/client/app.py", line 297, in _fit
    results = self.numpy_client.fit(parameters, ins.config)  # type: ignore
  File "/Users/dinukaperera/FLwithFlwr/flowertry/cleint.py", line 196, in fit
    return super().fit(parameters, config)
  File "/Users/dinukaperera/FLwithFlwr/flowertry/cleint.py", line 109, in fit
    c_i_new = train_scaffold(
TypeError: train_scaffold() missing 1 required positional argument: 'net'
[2026-01-11 00:55:29,992][flwr][DEBUG] - fit_round 38 received 0 results and 10 failures
[2026-01-11 00:55:30,014][flwr][INFO] - fit progress: (38, 72.24541532993317, {'accuracy': 0.286}, 10.746977957998752)
[2026-01-11 00:55:30,014][flwr][INFO] - evaluate_round 38: no clients selected, cancel
[2026-01-11 00:55:30,014][flwr][DEBUG] - fit_round 39: strategy sampled 10 clients (out of 100)
[2026-01-11 00:55:30,166][flwr][ERROR] - [36mray::launch_and_fit()[39m (pid=80987, ip=127.0.0.1)
  File "/Users/dinukaperera/opt/anaconda3/envs/flower_tutorial/lib/python3.10/site-packages/flwr/simulation/ray_transport/ray_client_proxy.py", line 148, in launch_and_fit
    return maybe_call_fit(
  File "/Users/dinukaperera/opt/anaconda3/envs/flower_tutorial/lib/python3.10/site-packages/flwr/client/client.py", line 184, in maybe_call_fit
    return client.fit(fit_ins)
  File "/Users/dinukaperera/opt/anaconda3/envs/flower_tutorial/lib/python3.10/site-packages/flwr/client/app.py", line 297, in _fit
    results = self.numpy_client.fit(parameters, ins.config)  # type: ignore
  File "/Users/dinukaperera/FLwithFlwr/flowertry/cleint.py", line 196, in fit
    return super().fit(parameters, config)
  File "/Users/dinukaperera/FLwithFlwr/flowertry/cleint.py", line 109, in fit
    c_i_new = train_scaffold(
TypeError: train_scaffold() missing 1 required positional argument: 'net'
[2026-01-11 00:55:30,166][flwr][ERROR] - [36mray::launch_and_fit()[39m (pid=80982, ip=127.0.0.1)
  File "/Users/dinukaperera/opt/anaconda3/envs/flower_tutorial/lib/python3.10/site-packages/flwr/simulation/ray_transport/ray_client_proxy.py", line 148, in launch_and_fit
    return maybe_call_fit(
  File "/Users/dinukaperera/opt/anaconda3/envs/flower_tutorial/lib/python3.10/site-packages/flwr/client/client.py", line 184, in maybe_call_fit
    return client.fit(fit_ins)
  File "/Users/dinukaperera/opt/anaconda3/envs/flower_tutorial/lib/python3.10/site-packages/flwr/client/app.py", line 297, in _fit
    results = self.numpy_client.fit(parameters, ins.config)  # type: ignore
  File "/Users/dinukaperera/FLwithFlwr/flowertry/cleint.py", line 196, in fit
    return super().fit(parameters, config)
  File "/Users/dinukaperera/FLwithFlwr/flowertry/cleint.py", line 109, in fit
    c_i_new = train_scaffold(
TypeError: train_scaffold() missing 1 required positional argument: 'net'
[2026-01-11 00:55:30,167][flwr][ERROR] - [36mray::launch_and_fit()[39m (pid=80980, ip=127.0.0.1)
  File "/Users/dinukaperera/opt/anaconda3/envs/flower_tutorial/lib/python3.10/site-packages/flwr/simulation/ray_transport/ray_client_proxy.py", line 148, in launch_and_fit
    return maybe_call_fit(
  File "/Users/dinukaperera/opt/anaconda3/envs/flower_tutorial/lib/python3.10/site-packages/flwr/client/client.py", line 184, in maybe_call_fit
    return client.fit(fit_ins)
  File "/Users/dinukaperera/opt/anaconda3/envs/flower_tutorial/lib/python3.10/site-packages/flwr/client/app.py", line 297, in _fit
    results = self.numpy_client.fit(parameters, ins.config)  # type: ignore
  File "/Users/dinukaperera/FLwithFlwr/flowertry/cleint.py", line 196, in fit
    return super().fit(parameters, config)
  File "/Users/dinukaperera/FLwithFlwr/flowertry/cleint.py", line 109, in fit
    c_i_new = train_scaffold(
TypeError: train_scaffold() missing 1 required positional argument: 'net'
[2026-01-11 00:55:30,169][flwr][ERROR] - [36mray::launch_and_fit()[39m (pid=80988, ip=127.0.0.1)
  File "/Users/dinukaperera/opt/anaconda3/envs/flower_tutorial/lib/python3.10/site-packages/flwr/simulation/ray_transport/ray_client_proxy.py", line 148, in launch_and_fit
    return maybe_call_fit(
  File "/Users/dinukaperera/opt/anaconda3/envs/flower_tutorial/lib/python3.10/site-packages/flwr/client/client.py", line 184, in maybe_call_fit
    return client.fit(fit_ins)
  File "/Users/dinukaperera/opt/anaconda3/envs/flower_tutorial/lib/python3.10/site-packages/flwr/client/app.py", line 297, in _fit
    results = self.numpy_client.fit(parameters, ins.config)  # type: ignore
  File "/Users/dinukaperera/FLwithFlwr/flowertry/cleint.py", line 196, in fit
    return super().fit(parameters, config)
  File "/Users/dinukaperera/FLwithFlwr/flowertry/cleint.py", line 109, in fit
    c_i_new = train_scaffold(
TypeError: train_scaffold() missing 1 required positional argument: 'net'
[2026-01-11 00:55:30,171][flwr][ERROR] - [36mray::launch_and_fit()[39m (pid=80979, ip=127.0.0.1)
  File "/Users/dinukaperera/opt/anaconda3/envs/flower_tutorial/lib/python3.10/site-packages/flwr/simulation/ray_transport/ray_client_proxy.py", line 148, in launch_and_fit
    return maybe_call_fit(
  File "/Users/dinukaperera/opt/anaconda3/envs/flower_tutorial/lib/python3.10/site-packages/flwr/client/client.py", line 184, in maybe_call_fit
    return client.fit(fit_ins)
  File "/Users/dinukaperera/opt/anaconda3/envs/flower_tutorial/lib/python3.10/site-packages/flwr/client/app.py", line 297, in _fit
    results = self.numpy_client.fit(parameters, ins.config)  # type: ignore
  File "/Users/dinukaperera/FLwithFlwr/flowertry/cleint.py", line 196, in fit
    return super().fit(parameters, config)
  File "/Users/dinukaperera/FLwithFlwr/flowertry/cleint.py", line 109, in fit
    c_i_new = train_scaffold(
TypeError: train_scaffold() missing 1 required positional argument: 'net'
[2026-01-11 00:55:30,173][flwr][ERROR] - [36mray::launch_and_fit()[39m (pid=80981, ip=127.0.0.1)
  File "/Users/dinukaperera/opt/anaconda3/envs/flower_tutorial/lib/python3.10/site-packages/flwr/simulation/ray_transport/ray_client_proxy.py", line 148, in launch_and_fit
    return maybe_call_fit(
  File "/Users/dinukaperera/opt/anaconda3/envs/flower_tutorial/lib/python3.10/site-packages/flwr/client/client.py", line 184, in maybe_call_fit
    return client.fit(fit_ins)
  File "/Users/dinukaperera/opt/anaconda3/envs/flower_tutorial/lib/python3.10/site-packages/flwr/client/app.py", line 297, in _fit
    results = self.numpy_client.fit(parameters, ins.config)  # type: ignore
  File "/Users/dinukaperera/FLwithFlwr/flowertry/cleint.py", line 196, in fit
    return super().fit(parameters, config)
  File "/Users/dinukaperera/FLwithFlwr/flowertry/cleint.py", line 109, in fit
    c_i_new = train_scaffold(
TypeError: train_scaffold() missing 1 required positional argument: 'net'
[2026-01-11 00:55:30,174][flwr][ERROR] - [36mray::launch_and_fit()[39m (pid=80985, ip=127.0.0.1)
  File "/Users/dinukaperera/opt/anaconda3/envs/flower_tutorial/lib/python3.10/site-packages/flwr/simulation/ray_transport/ray_client_proxy.py", line 148, in launch_and_fit
    return maybe_call_fit(
  File "/Users/dinukaperera/opt/anaconda3/envs/flower_tutorial/lib/python3.10/site-packages/flwr/client/client.py", line 184, in maybe_call_fit
    return client.fit(fit_ins)
  File "/Users/dinukaperera/opt/anaconda3/envs/flower_tutorial/lib/python3.10/site-packages/flwr/client/app.py", line 297, in _fit
    results = self.numpy_client.fit(parameters, ins.config)  # type: ignore
  File "/Users/dinukaperera/FLwithFlwr/flowertry/cleint.py", line 196, in fit
    return super().fit(parameters, config)
  File "/Users/dinukaperera/FLwithFlwr/flowertry/cleint.py", line 109, in fit
    c_i_new = train_scaffold(
TypeError: train_scaffold() missing 1 required positional argument: 'net'
[2026-01-11 00:55:30,175][flwr][ERROR] - [36mray::launch_and_fit()[39m (pid=80984, ip=127.0.0.1)
  File "/Users/dinukaperera/opt/anaconda3/envs/flower_tutorial/lib/python3.10/site-packages/flwr/simulation/ray_transport/ray_client_proxy.py", line 148, in launch_and_fit
    return maybe_call_fit(
  File "/Users/dinukaperera/opt/anaconda3/envs/flower_tutorial/lib/python3.10/site-packages/flwr/client/client.py", line 184, in maybe_call_fit
    return client.fit(fit_ins)
  File "/Users/dinukaperera/opt/anaconda3/envs/flower_tutorial/lib/python3.10/site-packages/flwr/client/app.py", line 297, in _fit
    results = self.numpy_client.fit(parameters, ins.config)  # type: ignore
  File "/Users/dinukaperera/FLwithFlwr/flowertry/cleint.py", line 196, in fit
    return super().fit(parameters, config)
  File "/Users/dinukaperera/FLwithFlwr/flowertry/cleint.py", line 109, in fit
    c_i_new = train_scaffold(
TypeError: train_scaffold() missing 1 required positional argument: 'net'
[2026-01-11 00:55:30,175][flwr][ERROR] - [36mray::launch_and_fit()[39m (pid=80983, ip=127.0.0.1)
  File "/Users/dinukaperera/opt/anaconda3/envs/flower_tutorial/lib/python3.10/site-packages/flwr/simulation/ray_transport/ray_client_proxy.py", line 148, in launch_and_fit
    return maybe_call_fit(
  File "/Users/dinukaperera/opt/anaconda3/envs/flower_tutorial/lib/python3.10/site-packages/flwr/client/client.py", line 184, in maybe_call_fit
    return client.fit(fit_ins)
  File "/Users/dinukaperera/opt/anaconda3/envs/flower_tutorial/lib/python3.10/site-packages/flwr/client/app.py", line 297, in _fit
    results = self.numpy_client.fit(parameters, ins.config)  # type: ignore
  File "/Users/dinukaperera/FLwithFlwr/flowertry/cleint.py", line 196, in fit
    return super().fit(parameters, config)
  File "/Users/dinukaperera/FLwithFlwr/flowertry/cleint.py", line 109, in fit
    c_i_new = train_scaffold(
TypeError: train_scaffold() missing 1 required positional argument: 'net'
[2026-01-11 00:55:30,176][flwr][ERROR] - [36mray::launch_and_fit()[39m (pid=80986, ip=127.0.0.1)
  File "/Users/dinukaperera/opt/anaconda3/envs/flower_tutorial/lib/python3.10/site-packages/flwr/simulation/ray_transport/ray_client_proxy.py", line 148, in launch_and_fit
    return maybe_call_fit(
  File "/Users/dinukaperera/opt/anaconda3/envs/flower_tutorial/lib/python3.10/site-packages/flwr/client/client.py", line 184, in maybe_call_fit
    return client.fit(fit_ins)
  File "/Users/dinukaperera/opt/anaconda3/envs/flower_tutorial/lib/python3.10/site-packages/flwr/client/app.py", line 297, in _fit
    results = self.numpy_client.fit(parameters, ins.config)  # type: ignore
  File "/Users/dinukaperera/FLwithFlwr/flowertry/cleint.py", line 196, in fit
    return super().fit(parameters, config)
  File "/Users/dinukaperera/FLwithFlwr/flowertry/cleint.py", line 109, in fit
    c_i_new = train_scaffold(
TypeError: train_scaffold() missing 1 required positional argument: 'net'
[2026-01-11 00:55:30,177][flwr][DEBUG] - fit_round 39 received 0 results and 10 failures
[2026-01-11 00:55:30,199][flwr][INFO] - fit progress: (39, 72.24541532993317, {'accuracy': 0.286}, 10.93272408300254)
[2026-01-11 00:55:30,200][flwr][INFO] - evaluate_round 39: no clients selected, cancel
[2026-01-11 00:55:30,200][flwr][DEBUG] - fit_round 40: strategy sampled 10 clients (out of 100)
[2026-01-11 00:55:30,349][flwr][ERROR] - [36mray::launch_and_fit()[39m (pid=80986, ip=127.0.0.1)
  File "/Users/dinukaperera/opt/anaconda3/envs/flower_tutorial/lib/python3.10/site-packages/flwr/simulation/ray_transport/ray_client_proxy.py", line 148, in launch_and_fit
    return maybe_call_fit(
  File "/Users/dinukaperera/opt/anaconda3/envs/flower_tutorial/lib/python3.10/site-packages/flwr/client/client.py", line 184, in maybe_call_fit
    return client.fit(fit_ins)
  File "/Users/dinukaperera/opt/anaconda3/envs/flower_tutorial/lib/python3.10/site-packages/flwr/client/app.py", line 297, in _fit
    results = self.numpy_client.fit(parameters, ins.config)  # type: ignore
  File "/Users/dinukaperera/FLwithFlwr/flowertry/cleint.py", line 196, in fit
    return super().fit(parameters, config)
  File "/Users/dinukaperera/FLwithFlwr/flowertry/cleint.py", line 109, in fit
    c_i_new = train_scaffold(
TypeError: train_scaffold() missing 1 required positional argument: 'net'
[2026-01-11 00:55:30,350][flwr][ERROR] - [36mray::launch_and_fit()[39m (pid=80983, ip=127.0.0.1)
  File "/Users/dinukaperera/opt/anaconda3/envs/flower_tutorial/lib/python3.10/site-packages/flwr/simulation/ray_transport/ray_client_proxy.py", line 148, in launch_and_fit
    return maybe_call_fit(
  File "/Users/dinukaperera/opt/anaconda3/envs/flower_tutorial/lib/python3.10/site-packages/flwr/client/client.py", line 184, in maybe_call_fit
    return client.fit(fit_ins)
  File "/Users/dinukaperera/opt/anaconda3/envs/flower_tutorial/lib/python3.10/site-packages/flwr/client/app.py", line 297, in _fit
    results = self.numpy_client.fit(parameters, ins.config)  # type: ignore
  File "/Users/dinukaperera/FLwithFlwr/flowertry/cleint.py", line 196, in fit
    return super().fit(parameters, config)
  File "/Users/dinukaperera/FLwithFlwr/flowertry/cleint.py", line 109, in fit
    c_i_new = train_scaffold(
TypeError: train_scaffold() missing 1 required positional argument: 'net'
[2026-01-11 00:55:30,351][flwr][ERROR] - [36mray::launch_and_fit()[39m (pid=80984, ip=127.0.0.1)
  File "/Users/dinukaperera/opt/anaconda3/envs/flower_tutorial/lib/python3.10/site-packages/flwr/simulation/ray_transport/ray_client_proxy.py", line 148, in launch_and_fit
    return maybe_call_fit(
  File "/Users/dinukaperera/opt/anaconda3/envs/flower_tutorial/lib/python3.10/site-packages/flwr/client/client.py", line 184, in maybe_call_fit
    return client.fit(fit_ins)
  File "/Users/dinukaperera/opt/anaconda3/envs/flower_tutorial/lib/python3.10/site-packages/flwr/client/app.py", line 297, in _fit
    results = self.numpy_client.fit(parameters, ins.config)  # type: ignore
  File "/Users/dinukaperera/FLwithFlwr/flowertry/cleint.py", line 196, in fit
    return super().fit(parameters, config)
  File "/Users/dinukaperera/FLwithFlwr/flowertry/cleint.py", line 109, in fit
    c_i_new = train_scaffold(
TypeError: train_scaffold() missing 1 required positional argument: 'net'
[2026-01-11 00:55:30,355][flwr][ERROR] - [36mray::launch_and_fit()[39m (pid=80985, ip=127.0.0.1)
  File "/Users/dinukaperera/opt/anaconda3/envs/flower_tutorial/lib/python3.10/site-packages/flwr/simulation/ray_transport/ray_client_proxy.py", line 148, in launch_and_fit
    return maybe_call_fit(
  File "/Users/dinukaperera/opt/anaconda3/envs/flower_tutorial/lib/python3.10/site-packages/flwr/client/client.py", line 184, in maybe_call_fit
    return client.fit(fit_ins)
  File "/Users/dinukaperera/opt/anaconda3/envs/flower_tutorial/lib/python3.10/site-packages/flwr/client/app.py", line 297, in _fit
    results = self.numpy_client.fit(parameters, ins.config)  # type: ignore
  File "/Users/dinukaperera/FLwithFlwr/flowertry/cleint.py", line 196, in fit
    return super().fit(parameters, config)
  File "/Users/dinukaperera/FLwithFlwr/flowertry/cleint.py", line 109, in fit
    c_i_new = train_scaffold(
TypeError: train_scaffold() missing 1 required positional argument: 'net'
[2026-01-11 00:55:30,357][flwr][ERROR] - [36mray::launch_and_fit()[39m (pid=80979, ip=127.0.0.1)
  File "/Users/dinukaperera/opt/anaconda3/envs/flower_tutorial/lib/python3.10/site-packages/flwr/simulation/ray_transport/ray_client_proxy.py", line 148, in launch_and_fit
    return maybe_call_fit(
  File "/Users/dinukaperera/opt/anaconda3/envs/flower_tutorial/lib/python3.10/site-packages/flwr/client/client.py", line 184, in maybe_call_fit
    return client.fit(fit_ins)
  File "/Users/dinukaperera/opt/anaconda3/envs/flower_tutorial/lib/python3.10/site-packages/flwr/client/app.py", line 297, in _fit
    results = self.numpy_client.fit(parameters, ins.config)  # type: ignore
  File "/Users/dinukaperera/FLwithFlwr/flowertry/cleint.py", line 196, in fit
    return super().fit(parameters, config)
  File "/Users/dinukaperera/FLwithFlwr/flowertry/cleint.py", line 109, in fit
    c_i_new = train_scaffold(
TypeError: train_scaffold() missing 1 required positional argument: 'net'
[2026-01-11 00:55:30,357][flwr][ERROR] - [36mray::launch_and_fit()[39m (pid=80988, ip=127.0.0.1)
  File "/Users/dinukaperera/opt/anaconda3/envs/flower_tutorial/lib/python3.10/site-packages/flwr/simulation/ray_transport/ray_client_proxy.py", line 148, in launch_and_fit
    return maybe_call_fit(
  File "/Users/dinukaperera/opt/anaconda3/envs/flower_tutorial/lib/python3.10/site-packages/flwr/client/client.py", line 184, in maybe_call_fit
    return client.fit(fit_ins)
  File "/Users/dinukaperera/opt/anaconda3/envs/flower_tutorial/lib/python3.10/site-packages/flwr/client/app.py", line 297, in _fit
    results = self.numpy_client.fit(parameters, ins.config)  # type: ignore
  File "/Users/dinukaperera/FLwithFlwr/flowertry/cleint.py", line 196, in fit
    return super().fit(parameters, config)
  File "/Users/dinukaperera/FLwithFlwr/flowertry/cleint.py", line 109, in fit
    c_i_new = train_scaffold(
TypeError: train_scaffold() missing 1 required positional argument: 'net'
[2026-01-11 00:55:30,358][flwr][ERROR] - [36mray::launch_and_fit()[39m (pid=80981, ip=127.0.0.1)
  File "/Users/dinukaperera/opt/anaconda3/envs/flower_tutorial/lib/python3.10/site-packages/flwr/simulation/ray_transport/ray_client_proxy.py", line 148, in launch_and_fit
    return maybe_call_fit(
  File "/Users/dinukaperera/opt/anaconda3/envs/flower_tutorial/lib/python3.10/site-packages/flwr/client/client.py", line 184, in maybe_call_fit
    return client.fit(fit_ins)
  File "/Users/dinukaperera/opt/anaconda3/envs/flower_tutorial/lib/python3.10/site-packages/flwr/client/app.py", line 297, in _fit
    results = self.numpy_client.fit(parameters, ins.config)  # type: ignore
  File "/Users/dinukaperera/FLwithFlwr/flowertry/cleint.py", line 196, in fit
    return super().fit(parameters, config)
  File "/Users/dinukaperera/FLwithFlwr/flowertry/cleint.py", line 109, in fit
    c_i_new = train_scaffold(
TypeError: train_scaffold() missing 1 required positional argument: 'net'
[2026-01-11 00:55:30,360][flwr][ERROR] - [36mray::launch_and_fit()[39m (pid=80980, ip=127.0.0.1)
  File "/Users/dinukaperera/opt/anaconda3/envs/flower_tutorial/lib/python3.10/site-packages/flwr/simulation/ray_transport/ray_client_proxy.py", line 148, in launch_and_fit
    return maybe_call_fit(
  File "/Users/dinukaperera/opt/anaconda3/envs/flower_tutorial/lib/python3.10/site-packages/flwr/client/client.py", line 184, in maybe_call_fit
    return client.fit(fit_ins)
  File "/Users/dinukaperera/opt/anaconda3/envs/flower_tutorial/lib/python3.10/site-packages/flwr/client/app.py", line 297, in _fit
    results = self.numpy_client.fit(parameters, ins.config)  # type: ignore
  File "/Users/dinukaperera/FLwithFlwr/flowertry/cleint.py", line 196, in fit
    return super().fit(parameters, config)
  File "/Users/dinukaperera/FLwithFlwr/flowertry/cleint.py", line 109, in fit
    c_i_new = train_scaffold(
TypeError: train_scaffold() missing 1 required positional argument: 'net'
[2026-01-11 00:55:30,361][flwr][ERROR] - [36mray::launch_and_fit()[39m (pid=80986, ip=127.0.0.1)
  File "/Users/dinukaperera/opt/anaconda3/envs/flower_tutorial/lib/python3.10/site-packages/flwr/simulation/ray_transport/ray_client_proxy.py", line 148, in launch_and_fit
    return maybe_call_fit(
  File "/Users/dinukaperera/opt/anaconda3/envs/flower_tutorial/lib/python3.10/site-packages/flwr/client/client.py", line 184, in maybe_call_fit
    return client.fit(fit_ins)
  File "/Users/dinukaperera/opt/anaconda3/envs/flower_tutorial/lib/python3.10/site-packages/flwr/client/app.py", line 297, in _fit
    results = self.numpy_client.fit(parameters, ins.config)  # type: ignore
  File "/Users/dinukaperera/FLwithFlwr/flowertry/cleint.py", line 196, in fit
    return super().fit(parameters, config)
  File "/Users/dinukaperera/FLwithFlwr/flowertry/cleint.py", line 109, in fit
    c_i_new = train_scaffold(
TypeError: train_scaffold() missing 1 required positional argument: 'net'
[2026-01-11 00:55:30,362][flwr][ERROR] - [36mray::launch_and_fit()[39m (pid=80982, ip=127.0.0.1)
  File "/Users/dinukaperera/opt/anaconda3/envs/flower_tutorial/lib/python3.10/site-packages/flwr/simulation/ray_transport/ray_client_proxy.py", line 148, in launch_and_fit
    return maybe_call_fit(
  File "/Users/dinukaperera/opt/anaconda3/envs/flower_tutorial/lib/python3.10/site-packages/flwr/client/client.py", line 184, in maybe_call_fit
    return client.fit(fit_ins)
  File "/Users/dinukaperera/opt/anaconda3/envs/flower_tutorial/lib/python3.10/site-packages/flwr/client/app.py", line 297, in _fit
    results = self.numpy_client.fit(parameters, ins.config)  # type: ignore
  File "/Users/dinukaperera/FLwithFlwr/flowertry/cleint.py", line 196, in fit
    return super().fit(parameters, config)
  File "/Users/dinukaperera/FLwithFlwr/flowertry/cleint.py", line 109, in fit
    c_i_new = train_scaffold(
TypeError: train_scaffold() missing 1 required positional argument: 'net'
[2026-01-11 00:55:30,363][flwr][DEBUG] - fit_round 40 received 0 results and 10 failures
[2026-01-11 00:55:30,417][flwr][INFO] - fit progress: (40, 72.24541532993317, {'accuracy': 0.286}, 11.150073500000872)
[2026-01-11 00:55:30,417][flwr][INFO] - evaluate_round 40: no clients selected, cancel
[2026-01-11 00:55:30,417][flwr][DEBUG] - fit_round 41: strategy sampled 10 clients (out of 100)
[2026-01-11 00:55:30,565][flwr][ERROR] - [36mray::launch_and_fit()[39m (pid=80986, ip=127.0.0.1)
  File "/Users/dinukaperera/opt/anaconda3/envs/flower_tutorial/lib/python3.10/site-packages/flwr/simulation/ray_transport/ray_client_proxy.py", line 148, in launch_and_fit
    return maybe_call_fit(
  File "/Users/dinukaperera/opt/anaconda3/envs/flower_tutorial/lib/python3.10/site-packages/flwr/client/client.py", line 184, in maybe_call_fit
    return client.fit(fit_ins)
  File "/Users/dinukaperera/opt/anaconda3/envs/flower_tutorial/lib/python3.10/site-packages/flwr/client/app.py", line 297, in _fit
    results = self.numpy_client.fit(parameters, ins.config)  # type: ignore
  File "/Users/dinukaperera/FLwithFlwr/flowertry/cleint.py", line 196, in fit
    return super().fit(parameters, config)
  File "/Users/dinukaperera/FLwithFlwr/flowertry/cleint.py", line 109, in fit
    c_i_new = train_scaffold(
TypeError: train_scaffold() missing 1 required positional argument: 'net'
[2026-01-11 00:55:30,566][flwr][ERROR] - [36mray::launch_and_fit()[39m (pid=80982, ip=127.0.0.1)
  File "/Users/dinukaperera/opt/anaconda3/envs/flower_tutorial/lib/python3.10/site-packages/flwr/simulation/ray_transport/ray_client_proxy.py", line 148, in launch_and_fit
    return maybe_call_fit(
  File "/Users/dinukaperera/opt/anaconda3/envs/flower_tutorial/lib/python3.10/site-packages/flwr/client/client.py", line 184, in maybe_call_fit
    return client.fit(fit_ins)
  File "/Users/dinukaperera/opt/anaconda3/envs/flower_tutorial/lib/python3.10/site-packages/flwr/client/app.py", line 297, in _fit
    results = self.numpy_client.fit(parameters, ins.config)  # type: ignore
  File "/Users/dinukaperera/FLwithFlwr/flowertry/cleint.py", line 196, in fit
    return super().fit(parameters, config)
  File "/Users/dinukaperera/FLwithFlwr/flowertry/cleint.py", line 109, in fit
    c_i_new = train_scaffold(
TypeError: train_scaffold() missing 1 required positional argument: 'net'
[2026-01-11 00:55:30,567][flwr][ERROR] - [36mray::launch_and_fit()[39m (pid=80980, ip=127.0.0.1)
  File "/Users/dinukaperera/opt/anaconda3/envs/flower_tutorial/lib/python3.10/site-packages/flwr/simulation/ray_transport/ray_client_proxy.py", line 148, in launch_and_fit
    return maybe_call_fit(
  File "/Users/dinukaperera/opt/anaconda3/envs/flower_tutorial/lib/python3.10/site-packages/flwr/client/client.py", line 184, in maybe_call_fit
    return client.fit(fit_ins)
  File "/Users/dinukaperera/opt/anaconda3/envs/flower_tutorial/lib/python3.10/site-packages/flwr/client/app.py", line 297, in _fit
    results = self.numpy_client.fit(parameters, ins.config)  # type: ignore
  File "/Users/dinukaperera/FLwithFlwr/flowertry/cleint.py", line 196, in fit
    return super().fit(parameters, config)
  File "/Users/dinukaperera/FLwithFlwr/flowertry/cleint.py", line 109, in fit
    c_i_new = train_scaffold(
TypeError: train_scaffold() missing 1 required positional argument: 'net'
[2026-01-11 00:55:30,567][flwr][ERROR] - [36mray::launch_and_fit()[39m (pid=80981, ip=127.0.0.1)
  File "/Users/dinukaperera/opt/anaconda3/envs/flower_tutorial/lib/python3.10/site-packages/flwr/simulation/ray_transport/ray_client_proxy.py", line 148, in launch_and_fit
    return maybe_call_fit(
  File "/Users/dinukaperera/opt/anaconda3/envs/flower_tutorial/lib/python3.10/site-packages/flwr/client/client.py", line 184, in maybe_call_fit
    return client.fit(fit_ins)
  File "/Users/dinukaperera/opt/anaconda3/envs/flower_tutorial/lib/python3.10/site-packages/flwr/client/app.py", line 297, in _fit
    results = self.numpy_client.fit(parameters, ins.config)  # type: ignore
  File "/Users/dinukaperera/FLwithFlwr/flowertry/cleint.py", line 196, in fit
    return super().fit(parameters, config)
  File "/Users/dinukaperera/FLwithFlwr/flowertry/cleint.py", line 109, in fit
    c_i_new = train_scaffold(
TypeError: train_scaffold() missing 1 required positional argument: 'net'
[2026-01-11 00:55:30,570][flwr][ERROR] - [36mray::launch_and_fit()[39m (pid=80988, ip=127.0.0.1)
  File "/Users/dinukaperera/opt/anaconda3/envs/flower_tutorial/lib/python3.10/site-packages/flwr/simulation/ray_transport/ray_client_proxy.py", line 148, in launch_and_fit
    return maybe_call_fit(
  File "/Users/dinukaperera/opt/anaconda3/envs/flower_tutorial/lib/python3.10/site-packages/flwr/client/client.py", line 184, in maybe_call_fit
    return client.fit(fit_ins)
  File "/Users/dinukaperera/opt/anaconda3/envs/flower_tutorial/lib/python3.10/site-packages/flwr/client/app.py", line 297, in _fit
    results = self.numpy_client.fit(parameters, ins.config)  # type: ignore
  File "/Users/dinukaperera/FLwithFlwr/flowertry/cleint.py", line 196, in fit
    return super().fit(parameters, config)
  File "/Users/dinukaperera/FLwithFlwr/flowertry/cleint.py", line 109, in fit
    c_i_new = train_scaffold(
TypeError: train_scaffold() missing 1 required positional argument: 'net'
[2026-01-11 00:55:30,572][flwr][ERROR] - [36mray::launch_and_fit()[39m (pid=80985, ip=127.0.0.1)
  File "/Users/dinukaperera/opt/anaconda3/envs/flower_tutorial/lib/python3.10/site-packages/flwr/simulation/ray_transport/ray_client_proxy.py", line 148, in launch_and_fit
    return maybe_call_fit(
  File "/Users/dinukaperera/opt/anaconda3/envs/flower_tutorial/lib/python3.10/site-packages/flwr/client/client.py", line 184, in maybe_call_fit
    return client.fit(fit_ins)
  File "/Users/dinukaperera/opt/anaconda3/envs/flower_tutorial/lib/python3.10/site-packages/flwr/client/app.py", line 297, in _fit
    results = self.numpy_client.fit(parameters, ins.config)  # type: ignore
  File "/Users/dinukaperera/FLwithFlwr/flowertry/cleint.py", line 196, in fit
    return super().fit(parameters, config)
  File "/Users/dinukaperera/FLwithFlwr/flowertry/cleint.py", line 109, in fit
    c_i_new = train_scaffold(
TypeError: train_scaffold() missing 1 required positional argument: 'net'
[2026-01-11 00:55:30,572][flwr][ERROR] - [36mray::launch_and_fit()[39m (pid=80979, ip=127.0.0.1)
  File "/Users/dinukaperera/opt/anaconda3/envs/flower_tutorial/lib/python3.10/site-packages/flwr/simulation/ray_transport/ray_client_proxy.py", line 148, in launch_and_fit
    return maybe_call_fit(
  File "/Users/dinukaperera/opt/anaconda3/envs/flower_tutorial/lib/python3.10/site-packages/flwr/client/client.py", line 184, in maybe_call_fit
    return client.fit(fit_ins)
  File "/Users/dinukaperera/opt/anaconda3/envs/flower_tutorial/lib/python3.10/site-packages/flwr/client/app.py", line 297, in _fit
    results = self.numpy_client.fit(parameters, ins.config)  # type: ignore
  File "/Users/dinukaperera/FLwithFlwr/flowertry/cleint.py", line 196, in fit
    return super().fit(parameters, config)
  File "/Users/dinukaperera/FLwithFlwr/flowertry/cleint.py", line 109, in fit
    c_i_new = train_scaffold(
TypeError: train_scaffold() missing 1 required positional argument: 'net'
[2026-01-11 00:55:30,574][flwr][ERROR] - [36mray::launch_and_fit()[39m (pid=80984, ip=127.0.0.1)
  File "/Users/dinukaperera/opt/anaconda3/envs/flower_tutorial/lib/python3.10/site-packages/flwr/simulation/ray_transport/ray_client_proxy.py", line 148, in launch_and_fit
    return maybe_call_fit(
  File "/Users/dinukaperera/opt/anaconda3/envs/flower_tutorial/lib/python3.10/site-packages/flwr/client/client.py", line 184, in maybe_call_fit
    return client.fit(fit_ins)
  File "/Users/dinukaperera/opt/anaconda3/envs/flower_tutorial/lib/python3.10/site-packages/flwr/client/app.py", line 297, in _fit
    results = self.numpy_client.fit(parameters, ins.config)  # type: ignore
  File "/Users/dinukaperera/FLwithFlwr/flowertry/cleint.py", line 196, in fit
    return super().fit(parameters, config)
  File "/Users/dinukaperera/FLwithFlwr/flowertry/cleint.py", line 109, in fit
    c_i_new = train_scaffold(
TypeError: train_scaffold() missing 1 required positional argument: 'net'
[2026-01-11 00:55:30,574][flwr][ERROR] - [36mray::launch_and_fit()[39m (pid=80983, ip=127.0.0.1)
  File "/Users/dinukaperera/opt/anaconda3/envs/flower_tutorial/lib/python3.10/site-packages/flwr/simulation/ray_transport/ray_client_proxy.py", line 148, in launch_and_fit
    return maybe_call_fit(
  File "/Users/dinukaperera/opt/anaconda3/envs/flower_tutorial/lib/python3.10/site-packages/flwr/client/client.py", line 184, in maybe_call_fit
    return client.fit(fit_ins)
  File "/Users/dinukaperera/opt/anaconda3/envs/flower_tutorial/lib/python3.10/site-packages/flwr/client/app.py", line 297, in _fit
    results = self.numpy_client.fit(parameters, ins.config)  # type: ignore
  File "/Users/dinukaperera/FLwithFlwr/flowertry/cleint.py", line 196, in fit
    return super().fit(parameters, config)
  File "/Users/dinukaperera/FLwithFlwr/flowertry/cleint.py", line 109, in fit
    c_i_new = train_scaffold(
TypeError: train_scaffold() missing 1 required positional argument: 'net'
[2026-01-11 00:55:30,575][flwr][ERROR] - [36mray::launch_and_fit()[39m (pid=80987, ip=127.0.0.1)
  File "/Users/dinukaperera/opt/anaconda3/envs/flower_tutorial/lib/python3.10/site-packages/flwr/simulation/ray_transport/ray_client_proxy.py", line 148, in launch_and_fit
    return maybe_call_fit(
  File "/Users/dinukaperera/opt/anaconda3/envs/flower_tutorial/lib/python3.10/site-packages/flwr/client/client.py", line 184, in maybe_call_fit
    return client.fit(fit_ins)
  File "/Users/dinukaperera/opt/anaconda3/envs/flower_tutorial/lib/python3.10/site-packages/flwr/client/app.py", line 297, in _fit
    results = self.numpy_client.fit(parameters, ins.config)  # type: ignore
  File "/Users/dinukaperera/FLwithFlwr/flowertry/cleint.py", line 196, in fit
    return super().fit(parameters, config)
  File "/Users/dinukaperera/FLwithFlwr/flowertry/cleint.py", line 109, in fit
    c_i_new = train_scaffold(
TypeError: train_scaffold() missing 1 required positional argument: 'net'
[2026-01-11 00:55:30,575][flwr][DEBUG] - fit_round 41 received 0 results and 10 failures
[2026-01-11 00:55:30,596][flwr][INFO] - fit progress: (41, 72.24541532993317, {'accuracy': 0.286}, 11.329686249999213)
[2026-01-11 00:55:30,597][flwr][INFO] - evaluate_round 41: no clients selected, cancel
[2026-01-11 00:55:30,597][flwr][DEBUG] - fit_round 42: strategy sampled 10 clients (out of 100)
[2026-01-11 00:55:30,746][flwr][ERROR] - [36mray::launch_and_fit()[39m (pid=80987, ip=127.0.0.1)
  File "/Users/dinukaperera/opt/anaconda3/envs/flower_tutorial/lib/python3.10/site-packages/flwr/simulation/ray_transport/ray_client_proxy.py", line 148, in launch_and_fit
    return maybe_call_fit(
  File "/Users/dinukaperera/opt/anaconda3/envs/flower_tutorial/lib/python3.10/site-packages/flwr/client/client.py", line 184, in maybe_call_fit
    return client.fit(fit_ins)
  File "/Users/dinukaperera/opt/anaconda3/envs/flower_tutorial/lib/python3.10/site-packages/flwr/client/app.py", line 297, in _fit
    results = self.numpy_client.fit(parameters, ins.config)  # type: ignore
  File "/Users/dinukaperera/FLwithFlwr/flowertry/cleint.py", line 196, in fit
    return super().fit(parameters, config)
  File "/Users/dinukaperera/FLwithFlwr/flowertry/cleint.py", line 109, in fit
    c_i_new = train_scaffold(
TypeError: train_scaffold() missing 1 required positional argument: 'net'
[2026-01-11 00:55:30,751][flwr][ERROR] - [36mray::launch_and_fit()[39m (pid=80983, ip=127.0.0.1)
  File "/Users/dinukaperera/opt/anaconda3/envs/flower_tutorial/lib/python3.10/site-packages/flwr/simulation/ray_transport/ray_client_proxy.py", line 148, in launch_and_fit
    return maybe_call_fit(
  File "/Users/dinukaperera/opt/anaconda3/envs/flower_tutorial/lib/python3.10/site-packages/flwr/client/client.py", line 184, in maybe_call_fit
    return client.fit(fit_ins)
  File "/Users/dinukaperera/opt/anaconda3/envs/flower_tutorial/lib/python3.10/site-packages/flwr/client/app.py", line 297, in _fit
    results = self.numpy_client.fit(parameters, ins.config)  # type: ignore
  File "/Users/dinukaperera/FLwithFlwr/flowertry/cleint.py", line 196, in fit
    return super().fit(parameters, config)
  File "/Users/dinukaperera/FLwithFlwr/flowertry/cleint.py", line 109, in fit
    c_i_new = train_scaffold(
TypeError: train_scaffold() missing 1 required positional argument: 'net'
[2026-01-11 00:55:30,755][flwr][ERROR] - [36mray::launch_and_fit()[39m (pid=80984, ip=127.0.0.1)
  File "/Users/dinukaperera/opt/anaconda3/envs/flower_tutorial/lib/python3.10/site-packages/flwr/simulation/ray_transport/ray_client_proxy.py", line 148, in launch_and_fit
    return maybe_call_fit(
  File "/Users/dinukaperera/opt/anaconda3/envs/flower_tutorial/lib/python3.10/site-packages/flwr/client/client.py", line 184, in maybe_call_fit
    return client.fit(fit_ins)
  File "/Users/dinukaperera/opt/anaconda3/envs/flower_tutorial/lib/python3.10/site-packages/flwr/client/app.py", line 297, in _fit
    results = self.numpy_client.fit(parameters, ins.config)  # type: ignore
  File "/Users/dinukaperera/FLwithFlwr/flowertry/cleint.py", line 196, in fit
    return super().fit(parameters, config)
  File "/Users/dinukaperera/FLwithFlwr/flowertry/cleint.py", line 109, in fit
    c_i_new = train_scaffold(
TypeError: train_scaffold() missing 1 required positional argument: 'net'
[2026-01-11 00:55:30,755][flwr][ERROR] - [36mray::launch_and_fit()[39m (pid=80979, ip=127.0.0.1)
  File "/Users/dinukaperera/opt/anaconda3/envs/flower_tutorial/lib/python3.10/site-packages/flwr/simulation/ray_transport/ray_client_proxy.py", line 148, in launch_and_fit
    return maybe_call_fit(
  File "/Users/dinukaperera/opt/anaconda3/envs/flower_tutorial/lib/python3.10/site-packages/flwr/client/client.py", line 184, in maybe_call_fit
    return client.fit(fit_ins)
  File "/Users/dinukaperera/opt/anaconda3/envs/flower_tutorial/lib/python3.10/site-packages/flwr/client/app.py", line 297, in _fit
    results = self.numpy_client.fit(parameters, ins.config)  # type: ignore
  File "/Users/dinukaperera/FLwithFlwr/flowertry/cleint.py", line 196, in fit
    return super().fit(parameters, config)
  File "/Users/dinukaperera/FLwithFlwr/flowertry/cleint.py", line 109, in fit
    c_i_new = train_scaffold(
TypeError: train_scaffold() missing 1 required positional argument: 'net'
[2026-01-11 00:55:30,756][flwr][ERROR] - [36mray::launch_and_fit()[39m (pid=80988, ip=127.0.0.1)
  File "/Users/dinukaperera/opt/anaconda3/envs/flower_tutorial/lib/python3.10/site-packages/flwr/simulation/ray_transport/ray_client_proxy.py", line 148, in launch_and_fit
    return maybe_call_fit(
  File "/Users/dinukaperera/opt/anaconda3/envs/flower_tutorial/lib/python3.10/site-packages/flwr/client/client.py", line 184, in maybe_call_fit
    return client.fit(fit_ins)
  File "/Users/dinukaperera/opt/anaconda3/envs/flower_tutorial/lib/python3.10/site-packages/flwr/client/app.py", line 297, in _fit
    results = self.numpy_client.fit(parameters, ins.config)  # type: ignore
  File "/Users/dinukaperera/FLwithFlwr/flowertry/cleint.py", line 196, in fit
    return super().fit(parameters, config)
  File "/Users/dinukaperera/FLwithFlwr/flowertry/cleint.py", line 109, in fit
    c_i_new = train_scaffold(
TypeError: train_scaffold() missing 1 required positional argument: 'net'
[2026-01-11 00:55:30,756][flwr][ERROR] - [36mray::launch_and_fit()[39m (pid=80985, ip=127.0.0.1)
  File "/Users/dinukaperera/opt/anaconda3/envs/flower_tutorial/lib/python3.10/site-packages/flwr/simulation/ray_transport/ray_client_proxy.py", line 148, in launch_and_fit
    return maybe_call_fit(
  File "/Users/dinukaperera/opt/anaconda3/envs/flower_tutorial/lib/python3.10/site-packages/flwr/client/client.py", line 184, in maybe_call_fit
    return client.fit(fit_ins)
  File "/Users/dinukaperera/opt/anaconda3/envs/flower_tutorial/lib/python3.10/site-packages/flwr/client/app.py", line 297, in _fit
    results = self.numpy_client.fit(parameters, ins.config)  # type: ignore
  File "/Users/dinukaperera/FLwithFlwr/flowertry/cleint.py", line 196, in fit
    return super().fit(parameters, config)
  File "/Users/dinukaperera/FLwithFlwr/flowertry/cleint.py", line 109, in fit
    c_i_new = train_scaffold(
TypeError: train_scaffold() missing 1 required positional argument: 'net'
[2026-01-11 00:55:30,758][flwr][ERROR] - [36mray::launch_and_fit()[39m (pid=80982, ip=127.0.0.1)
  File "/Users/dinukaperera/opt/anaconda3/envs/flower_tutorial/lib/python3.10/site-packages/flwr/simulation/ray_transport/ray_client_proxy.py", line 148, in launch_and_fit
    return maybe_call_fit(
  File "/Users/dinukaperera/opt/anaconda3/envs/flower_tutorial/lib/python3.10/site-packages/flwr/client/client.py", line 184, in maybe_call_fit
    return client.fit(fit_ins)
  File "/Users/dinukaperera/opt/anaconda3/envs/flower_tutorial/lib/python3.10/site-packages/flwr/client/app.py", line 297, in _fit
    results = self.numpy_client.fit(parameters, ins.config)  # type: ignore
  File "/Users/dinukaperera/FLwithFlwr/flowertry/cleint.py", line 196, in fit
    return super().fit(parameters, config)
  File "/Users/dinukaperera/FLwithFlwr/flowertry/cleint.py", line 109, in fit
    c_i_new = train_scaffold(
TypeError: train_scaffold() missing 1 required positional argument: 'net'
[2026-01-11 00:55:30,758][flwr][ERROR] - [36mray::launch_and_fit()[39m (pid=80980, ip=127.0.0.1)
  File "/Users/dinukaperera/opt/anaconda3/envs/flower_tutorial/lib/python3.10/site-packages/flwr/simulation/ray_transport/ray_client_proxy.py", line 148, in launch_and_fit
    return maybe_call_fit(
  File "/Users/dinukaperera/opt/anaconda3/envs/flower_tutorial/lib/python3.10/site-packages/flwr/client/client.py", line 184, in maybe_call_fit
    return client.fit(fit_ins)
  File "/Users/dinukaperera/opt/anaconda3/envs/flower_tutorial/lib/python3.10/site-packages/flwr/client/app.py", line 297, in _fit
    results = self.numpy_client.fit(parameters, ins.config)  # type: ignore
  File "/Users/dinukaperera/FLwithFlwr/flowertry/cleint.py", line 196, in fit
    return super().fit(parameters, config)
  File "/Users/dinukaperera/FLwithFlwr/flowertry/cleint.py", line 109, in fit
    c_i_new = train_scaffold(
TypeError: train_scaffold() missing 1 required positional argument: 'net'
[2026-01-11 00:55:30,759][flwr][ERROR] - [36mray::launch_and_fit()[39m (pid=80981, ip=127.0.0.1)
  File "/Users/dinukaperera/opt/anaconda3/envs/flower_tutorial/lib/python3.10/site-packages/flwr/simulation/ray_transport/ray_client_proxy.py", line 148, in launch_and_fit
    return maybe_call_fit(
  File "/Users/dinukaperera/opt/anaconda3/envs/flower_tutorial/lib/python3.10/site-packages/flwr/client/client.py", line 184, in maybe_call_fit
    return client.fit(fit_ins)
  File "/Users/dinukaperera/opt/anaconda3/envs/flower_tutorial/lib/python3.10/site-packages/flwr/client/app.py", line 297, in _fit
    results = self.numpy_client.fit(parameters, ins.config)  # type: ignore
  File "/Users/dinukaperera/FLwithFlwr/flowertry/cleint.py", line 196, in fit
    return super().fit(parameters, config)
  File "/Users/dinukaperera/FLwithFlwr/flowertry/cleint.py", line 109, in fit
    c_i_new = train_scaffold(
TypeError: train_scaffold() missing 1 required positional argument: 'net'
[2026-01-11 00:55:30,762][flwr][ERROR] - [36mray::launch_and_fit()[39m (pid=80987, ip=127.0.0.1)
  File "/Users/dinukaperera/opt/anaconda3/envs/flower_tutorial/lib/python3.10/site-packages/flwr/simulation/ray_transport/ray_client_proxy.py", line 148, in launch_and_fit
    return maybe_call_fit(
  File "/Users/dinukaperera/opt/anaconda3/envs/flower_tutorial/lib/python3.10/site-packages/flwr/client/client.py", line 184, in maybe_call_fit
    return client.fit(fit_ins)
  File "/Users/dinukaperera/opt/anaconda3/envs/flower_tutorial/lib/python3.10/site-packages/flwr/client/app.py", line 297, in _fit
    results = self.numpy_client.fit(parameters, ins.config)  # type: ignore
  File "/Users/dinukaperera/FLwithFlwr/flowertry/cleint.py", line 196, in fit
    return super().fit(parameters, config)
  File "/Users/dinukaperera/FLwithFlwr/flowertry/cleint.py", line 109, in fit
    c_i_new = train_scaffold(
TypeError: train_scaffold() missing 1 required positional argument: 'net'
[2026-01-11 00:55:30,762][flwr][DEBUG] - fit_round 42 received 0 results and 10 failures
[2026-01-11 00:55:30,784][flwr][INFO] - fit progress: (42, 72.24541532993317, {'accuracy': 0.286}, 11.516918458000873)
[2026-01-11 00:55:30,784][flwr][INFO] - evaluate_round 42: no clients selected, cancel
[2026-01-11 00:55:30,784][flwr][DEBUG] - fit_round 43: strategy sampled 10 clients (out of 100)
[2026-01-11 00:55:30,937][flwr][ERROR] - [36mray::launch_and_fit()[39m (pid=80981, ip=127.0.0.1)
  File "/Users/dinukaperera/opt/anaconda3/envs/flower_tutorial/lib/python3.10/site-packages/flwr/simulation/ray_transport/ray_client_proxy.py", line 148, in launch_and_fit
    return maybe_call_fit(
  File "/Users/dinukaperera/opt/anaconda3/envs/flower_tutorial/lib/python3.10/site-packages/flwr/client/client.py", line 184, in maybe_call_fit
    return client.fit(fit_ins)
  File "/Users/dinukaperera/opt/anaconda3/envs/flower_tutorial/lib/python3.10/site-packages/flwr/client/app.py", line 297, in _fit
    results = self.numpy_client.fit(parameters, ins.config)  # type: ignore
  File "/Users/dinukaperera/FLwithFlwr/flowertry/cleint.py", line 196, in fit
    return super().fit(parameters, config)
  File "/Users/dinukaperera/FLwithFlwr/flowertry/cleint.py", line 109, in fit
    c_i_new = train_scaffold(
TypeError: train_scaffold() missing 1 required positional argument: 'net'
[2026-01-11 00:55:30,939][flwr][ERROR] - [36mray::launch_and_fit()[39m (pid=80982, ip=127.0.0.1)
  File "/Users/dinukaperera/opt/anaconda3/envs/flower_tutorial/lib/python3.10/site-packages/flwr/simulation/ray_transport/ray_client_proxy.py", line 148, in launch_and_fit
    return maybe_call_fit(
  File "/Users/dinukaperera/opt/anaconda3/envs/flower_tutorial/lib/python3.10/site-packages/flwr/client/client.py", line 184, in maybe_call_fit
    return client.fit(fit_ins)
  File "/Users/dinukaperera/opt/anaconda3/envs/flower_tutorial/lib/python3.10/site-packages/flwr/client/app.py", line 297, in _fit
    results = self.numpy_client.fit(parameters, ins.config)  # type: ignore
  File "/Users/dinukaperera/FLwithFlwr/flowertry/cleint.py", line 196, in fit
    return super().fit(parameters, config)
  File "/Users/dinukaperera/FLwithFlwr/flowertry/cleint.py", line 109, in fit
    c_i_new = train_scaffold(
TypeError: train_scaffold() missing 1 required positional argument: 'net'
[2026-01-11 00:55:30,938][flwr][ERROR] - [36mray::launch_and_fit()[39m (pid=80980, ip=127.0.0.1)
  File "/Users/dinukaperera/opt/anaconda3/envs/flower_tutorial/lib/python3.10/site-packages/flwr/simulation/ray_transport/ray_client_proxy.py", line 148, in launch_and_fit
    return maybe_call_fit(
  File "/Users/dinukaperera/opt/anaconda3/envs/flower_tutorial/lib/python3.10/site-packages/flwr/client/client.py", line 184, in maybe_call_fit
    return client.fit(fit_ins)
  File "/Users/dinukaperera/opt/anaconda3/envs/flower_tutorial/lib/python3.10/site-packages/flwr/client/app.py", line 297, in _fit
    results = self.numpy_client.fit(parameters, ins.config)  # type: ignore
  File "/Users/dinukaperera/FLwithFlwr/flowertry/cleint.py", line 196, in fit
    return super().fit(parameters, config)
  File "/Users/dinukaperera/FLwithFlwr/flowertry/cleint.py", line 109, in fit
    c_i_new = train_scaffold(
TypeError: train_scaffold() missing 1 required positional argument: 'net'
[2026-01-11 00:55:30,938][flwr][ERROR] - [36mray::launch_and_fit()[39m (pid=80987, ip=127.0.0.1)
  File "/Users/dinukaperera/opt/anaconda3/envs/flower_tutorial/lib/python3.10/site-packages/flwr/simulation/ray_transport/ray_client_proxy.py", line 148, in launch_and_fit
    return maybe_call_fit(
  File "/Users/dinukaperera/opt/anaconda3/envs/flower_tutorial/lib/python3.10/site-packages/flwr/client/client.py", line 184, in maybe_call_fit
    return client.fit(fit_ins)
  File "/Users/dinukaperera/opt/anaconda3/envs/flower_tutorial/lib/python3.10/site-packages/flwr/client/app.py", line 297, in _fit
    results = self.numpy_client.fit(parameters, ins.config)  # type: ignore
  File "/Users/dinukaperera/FLwithFlwr/flowertry/cleint.py", line 196, in fit
    return super().fit(parameters, config)
  File "/Users/dinukaperera/FLwithFlwr/flowertry/cleint.py", line 109, in fit
    c_i_new = train_scaffold(
TypeError: train_scaffold() missing 1 required positional argument: 'net'
[2026-01-11 00:55:30,941][flwr][ERROR] - [36mray::launch_and_fit()[39m (pid=80985, ip=127.0.0.1)
  File "/Users/dinukaperera/opt/anaconda3/envs/flower_tutorial/lib/python3.10/site-packages/flwr/simulation/ray_transport/ray_client_proxy.py", line 148, in launch_and_fit
    return maybe_call_fit(
  File "/Users/dinukaperera/opt/anaconda3/envs/flower_tutorial/lib/python3.10/site-packages/flwr/client/client.py", line 184, in maybe_call_fit
    return client.fit(fit_ins)
  File "/Users/dinukaperera/opt/anaconda3/envs/flower_tutorial/lib/python3.10/site-packages/flwr/client/app.py", line 297, in _fit
    results = self.numpy_client.fit(parameters, ins.config)  # type: ignore
  File "/Users/dinukaperera/FLwithFlwr/flowertry/cleint.py", line 196, in fit
    return super().fit(parameters, config)
  File "/Users/dinukaperera/FLwithFlwr/flowertry/cleint.py", line 109, in fit
    c_i_new = train_scaffold(
TypeError: train_scaffold() missing 1 required positional argument: 'net'
[2026-01-11 00:55:30,943][flwr][ERROR] - [36mray::launch_and_fit()[39m (pid=80988, ip=127.0.0.1)
  File "/Users/dinukaperera/opt/anaconda3/envs/flower_tutorial/lib/python3.10/site-packages/flwr/simulation/ray_transport/ray_client_proxy.py", line 148, in launch_and_fit
    return maybe_call_fit(
  File "/Users/dinukaperera/opt/anaconda3/envs/flower_tutorial/lib/python3.10/site-packages/flwr/client/client.py", line 184, in maybe_call_fit
    return client.fit(fit_ins)
  File "/Users/dinukaperera/opt/anaconda3/envs/flower_tutorial/lib/python3.10/site-packages/flwr/client/app.py", line 297, in _fit
    results = self.numpy_client.fit(parameters, ins.config)  # type: ignore
  File "/Users/dinukaperera/FLwithFlwr/flowertry/cleint.py", line 196, in fit
    return super().fit(parameters, config)
  File "/Users/dinukaperera/FLwithFlwr/flowertry/cleint.py", line 109, in fit
    c_i_new = train_scaffold(
TypeError: train_scaffold() missing 1 required positional argument: 'net'
[2026-01-11 00:55:30,944][flwr][ERROR] - [36mray::launch_and_fit()[39m (pid=80979, ip=127.0.0.1)
  File "/Users/dinukaperera/opt/anaconda3/envs/flower_tutorial/lib/python3.10/site-packages/flwr/simulation/ray_transport/ray_client_proxy.py", line 148, in launch_and_fit
    return maybe_call_fit(
  File "/Users/dinukaperera/opt/anaconda3/envs/flower_tutorial/lib/python3.10/site-packages/flwr/client/client.py", line 184, in maybe_call_fit
    return client.fit(fit_ins)
  File "/Users/dinukaperera/opt/anaconda3/envs/flower_tutorial/lib/python3.10/site-packages/flwr/client/app.py", line 297, in _fit
    results = self.numpy_client.fit(parameters, ins.config)  # type: ignore
  File "/Users/dinukaperera/FLwithFlwr/flowertry/cleint.py", line 196, in fit
    return super().fit(parameters, config)
  File "/Users/dinukaperera/FLwithFlwr/flowertry/cleint.py", line 109, in fit
    c_i_new = train_scaffold(
TypeError: train_scaffold() missing 1 required positional argument: 'net'
[2026-01-11 00:55:30,944][flwr][ERROR] - [36mray::launch_and_fit()[39m (pid=80984, ip=127.0.0.1)
  File "/Users/dinukaperera/opt/anaconda3/envs/flower_tutorial/lib/python3.10/site-packages/flwr/simulation/ray_transport/ray_client_proxy.py", line 148, in launch_and_fit
    return maybe_call_fit(
  File "/Users/dinukaperera/opt/anaconda3/envs/flower_tutorial/lib/python3.10/site-packages/flwr/client/client.py", line 184, in maybe_call_fit
    return client.fit(fit_ins)
  File "/Users/dinukaperera/opt/anaconda3/envs/flower_tutorial/lib/python3.10/site-packages/flwr/client/app.py", line 297, in _fit
    results = self.numpy_client.fit(parameters, ins.config)  # type: ignore
  File "/Users/dinukaperera/FLwithFlwr/flowertry/cleint.py", line 196, in fit
    return super().fit(parameters, config)
  File "/Users/dinukaperera/FLwithFlwr/flowertry/cleint.py", line 109, in fit
    c_i_new = train_scaffold(
TypeError: train_scaffold() missing 1 required positional argument: 'net'
[2026-01-11 00:55:30,946][flwr][ERROR] - [36mray::launch_and_fit()[39m (pid=80983, ip=127.0.0.1)
  File "/Users/dinukaperera/opt/anaconda3/envs/flower_tutorial/lib/python3.10/site-packages/flwr/simulation/ray_transport/ray_client_proxy.py", line 148, in launch_and_fit
    return maybe_call_fit(
  File "/Users/dinukaperera/opt/anaconda3/envs/flower_tutorial/lib/python3.10/site-packages/flwr/client/client.py", line 184, in maybe_call_fit
    return client.fit(fit_ins)
  File "/Users/dinukaperera/opt/anaconda3/envs/flower_tutorial/lib/python3.10/site-packages/flwr/client/app.py", line 297, in _fit
    results = self.numpy_client.fit(parameters, ins.config)  # type: ignore
  File "/Users/dinukaperera/FLwithFlwr/flowertry/cleint.py", line 196, in fit
    return super().fit(parameters, config)
  File "/Users/dinukaperera/FLwithFlwr/flowertry/cleint.py", line 109, in fit
    c_i_new = train_scaffold(
TypeError: train_scaffold() missing 1 required positional argument: 'net'
[2026-01-11 00:55:30,947][flwr][ERROR] - [36mray::launch_and_fit()[39m (pid=80986, ip=127.0.0.1)
  File "/Users/dinukaperera/opt/anaconda3/envs/flower_tutorial/lib/python3.10/site-packages/flwr/simulation/ray_transport/ray_client_proxy.py", line 148, in launch_and_fit
    return maybe_call_fit(
  File "/Users/dinukaperera/opt/anaconda3/envs/flower_tutorial/lib/python3.10/site-packages/flwr/client/client.py", line 184, in maybe_call_fit
    return client.fit(fit_ins)
  File "/Users/dinukaperera/opt/anaconda3/envs/flower_tutorial/lib/python3.10/site-packages/flwr/client/app.py", line 297, in _fit
    results = self.numpy_client.fit(parameters, ins.config)  # type: ignore
  File "/Users/dinukaperera/FLwithFlwr/flowertry/cleint.py", line 196, in fit
    return super().fit(parameters, config)
  File "/Users/dinukaperera/FLwithFlwr/flowertry/cleint.py", line 109, in fit
    c_i_new = train_scaffold(
TypeError: train_scaffold() missing 1 required positional argument: 'net'
[2026-01-11 00:55:30,947][flwr][DEBUG] - fit_round 43 received 0 results and 10 failures
[2026-01-11 00:55:30,968][flwr][INFO] - fit progress: (43, 72.24541532993317, {'accuracy': 0.286}, 11.701674041993101)
[2026-01-11 00:55:30,969][flwr][INFO] - evaluate_round 43: no clients selected, cancel
[2026-01-11 00:55:30,969][flwr][DEBUG] - fit_round 44: strategy sampled 10 clients (out of 100)
[2026-01-11 00:55:31,118][flwr][ERROR] - [36mray::launch_and_fit()[39m (pid=80986, ip=127.0.0.1)
  File "/Users/dinukaperera/opt/anaconda3/envs/flower_tutorial/lib/python3.10/site-packages/flwr/simulation/ray_transport/ray_client_proxy.py", line 148, in launch_and_fit
    return maybe_call_fit(
  File "/Users/dinukaperera/opt/anaconda3/envs/flower_tutorial/lib/python3.10/site-packages/flwr/client/client.py", line 184, in maybe_call_fit
    return client.fit(fit_ins)
  File "/Users/dinukaperera/opt/anaconda3/envs/flower_tutorial/lib/python3.10/site-packages/flwr/client/app.py", line 297, in _fit
    results = self.numpy_client.fit(parameters, ins.config)  # type: ignore
  File "/Users/dinukaperera/FLwithFlwr/flowertry/cleint.py", line 196, in fit
    return super().fit(parameters, config)
  File "/Users/dinukaperera/FLwithFlwr/flowertry/cleint.py", line 109, in fit
    c_i_new = train_scaffold(
TypeError: train_scaffold() missing 1 required positional argument: 'net'
[2026-01-11 00:55:31,118][flwr][ERROR] - [36mray::launch_and_fit()[39m (pid=80983, ip=127.0.0.1)
  File "/Users/dinukaperera/opt/anaconda3/envs/flower_tutorial/lib/python3.10/site-packages/flwr/simulation/ray_transport/ray_client_proxy.py", line 148, in launch_and_fit
    return maybe_call_fit(
  File "/Users/dinukaperera/opt/anaconda3/envs/flower_tutorial/lib/python3.10/site-packages/flwr/client/client.py", line 184, in maybe_call_fit
    return client.fit(fit_ins)
  File "/Users/dinukaperera/opt/anaconda3/envs/flower_tutorial/lib/python3.10/site-packages/flwr/client/app.py", line 297, in _fit
    results = self.numpy_client.fit(parameters, ins.config)  # type: ignore
  File "/Users/dinukaperera/FLwithFlwr/flowertry/cleint.py", line 196, in fit
    return super().fit(parameters, config)
  File "/Users/dinukaperera/FLwithFlwr/flowertry/cleint.py", line 109, in fit
    c_i_new = train_scaffold(
TypeError: train_scaffold() missing 1 required positional argument: 'net'
[2026-01-11 00:55:31,120][flwr][ERROR] - [36mray::launch_and_fit()[39m (pid=80984, ip=127.0.0.1)
  File "/Users/dinukaperera/opt/anaconda3/envs/flower_tutorial/lib/python3.10/site-packages/flwr/simulation/ray_transport/ray_client_proxy.py", line 148, in launch_and_fit
    return maybe_call_fit(
  File "/Users/dinukaperera/opt/anaconda3/envs/flower_tutorial/lib/python3.10/site-packages/flwr/client/client.py", line 184, in maybe_call_fit
    return client.fit(fit_ins)
  File "/Users/dinukaperera/opt/anaconda3/envs/flower_tutorial/lib/python3.10/site-packages/flwr/client/app.py", line 297, in _fit
    results = self.numpy_client.fit(parameters, ins.config)  # type: ignore
  File "/Users/dinukaperera/FLwithFlwr/flowertry/cleint.py", line 196, in fit
    return super().fit(parameters, config)
  File "/Users/dinukaperera/FLwithFlwr/flowertry/cleint.py", line 109, in fit
    c_i_new = train_scaffold(
TypeError: train_scaffold() missing 1 required positional argument: 'net'
[2026-01-11 00:55:31,121][flwr][ERROR] - [36mray::launch_and_fit()[39m (pid=80979, ip=127.0.0.1)
  File "/Users/dinukaperera/opt/anaconda3/envs/flower_tutorial/lib/python3.10/site-packages/flwr/simulation/ray_transport/ray_client_proxy.py", line 148, in launch_and_fit
    return maybe_call_fit(
  File "/Users/dinukaperera/opt/anaconda3/envs/flower_tutorial/lib/python3.10/site-packages/flwr/client/client.py", line 184, in maybe_call_fit
    return client.fit(fit_ins)
  File "/Users/dinukaperera/opt/anaconda3/envs/flower_tutorial/lib/python3.10/site-packages/flwr/client/app.py", line 297, in _fit
    results = self.numpy_client.fit(parameters, ins.config)  # type: ignore
  File "/Users/dinukaperera/FLwithFlwr/flowertry/cleint.py", line 196, in fit
    return super().fit(parameters, config)
  File "/Users/dinukaperera/FLwithFlwr/flowertry/cleint.py", line 109, in fit
    c_i_new = train_scaffold(
TypeError: train_scaffold() missing 1 required positional argument: 'net'
[2026-01-11 00:55:31,121][flwr][ERROR] - [36mray::launch_and_fit()[39m (pid=80988, ip=127.0.0.1)
  File "/Users/dinukaperera/opt/anaconda3/envs/flower_tutorial/lib/python3.10/site-packages/flwr/simulation/ray_transport/ray_client_proxy.py", line 148, in launch_and_fit
    return maybe_call_fit(
  File "/Users/dinukaperera/opt/anaconda3/envs/flower_tutorial/lib/python3.10/site-packages/flwr/client/client.py", line 184, in maybe_call_fit
    return client.fit(fit_ins)
  File "/Users/dinukaperera/opt/anaconda3/envs/flower_tutorial/lib/python3.10/site-packages/flwr/client/app.py", line 297, in _fit
    results = self.numpy_client.fit(parameters, ins.config)  # type: ignore
  File "/Users/dinukaperera/FLwithFlwr/flowertry/cleint.py", line 196, in fit
    return super().fit(parameters, config)
  File "/Users/dinukaperera/FLwithFlwr/flowertry/cleint.py", line 109, in fit
    c_i_new = train_scaffold(
TypeError: train_scaffold() missing 1 required positional argument: 'net'
[2026-01-11 00:55:31,123][flwr][ERROR] - [36mray::launch_and_fit()[39m (pid=80985, ip=127.0.0.1)
  File "/Users/dinukaperera/opt/anaconda3/envs/flower_tutorial/lib/python3.10/site-packages/flwr/simulation/ray_transport/ray_client_proxy.py", line 148, in launch_and_fit
    return maybe_call_fit(
  File "/Users/dinukaperera/opt/anaconda3/envs/flower_tutorial/lib/python3.10/site-packages/flwr/client/client.py", line 184, in maybe_call_fit
    return client.fit(fit_ins)
  File "/Users/dinukaperera/opt/anaconda3/envs/flower_tutorial/lib/python3.10/site-packages/flwr/client/app.py", line 297, in _fit
    results = self.numpy_client.fit(parameters, ins.config)  # type: ignore
  File "/Users/dinukaperera/FLwithFlwr/flowertry/cleint.py", line 196, in fit
    return super().fit(parameters, config)
  File "/Users/dinukaperera/FLwithFlwr/flowertry/cleint.py", line 109, in fit
    c_i_new = train_scaffold(
TypeError: train_scaffold() missing 1 required positional argument: 'net'
[2026-01-11 00:55:31,123][flwr][ERROR] - [36mray::launch_and_fit()[39m (pid=80982, ip=127.0.0.1)
  File "/Users/dinukaperera/opt/anaconda3/envs/flower_tutorial/lib/python3.10/site-packages/flwr/simulation/ray_transport/ray_client_proxy.py", line 148, in launch_and_fit
    return maybe_call_fit(
  File "/Users/dinukaperera/opt/anaconda3/envs/flower_tutorial/lib/python3.10/site-packages/flwr/client/client.py", line 184, in maybe_call_fit
    return client.fit(fit_ins)
  File "/Users/dinukaperera/opt/anaconda3/envs/flower_tutorial/lib/python3.10/site-packages/flwr/client/app.py", line 297, in _fit
    results = self.numpy_client.fit(parameters, ins.config)  # type: ignore
  File "/Users/dinukaperera/FLwithFlwr/flowertry/cleint.py", line 196, in fit
    return super().fit(parameters, config)
  File "/Users/dinukaperera/FLwithFlwr/flowertry/cleint.py", line 109, in fit
    c_i_new = train_scaffold(
TypeError: train_scaffold() missing 1 required positional argument: 'net'
[2026-01-11 00:55:31,125][flwr][ERROR] - [36mray::launch_and_fit()[39m (pid=80980, ip=127.0.0.1)
  File "/Users/dinukaperera/opt/anaconda3/envs/flower_tutorial/lib/python3.10/site-packages/flwr/simulation/ray_transport/ray_client_proxy.py", line 148, in launch_and_fit
    return maybe_call_fit(
  File "/Users/dinukaperera/opt/anaconda3/envs/flower_tutorial/lib/python3.10/site-packages/flwr/client/client.py", line 184, in maybe_call_fit
    return client.fit(fit_ins)
  File "/Users/dinukaperera/opt/anaconda3/envs/flower_tutorial/lib/python3.10/site-packages/flwr/client/app.py", line 297, in _fit
    results = self.numpy_client.fit(parameters, ins.config)  # type: ignore
  File "/Users/dinukaperera/FLwithFlwr/flowertry/cleint.py", line 196, in fit
    return super().fit(parameters, config)
  File "/Users/dinukaperera/FLwithFlwr/flowertry/cleint.py", line 109, in fit
    c_i_new = train_scaffold(
TypeError: train_scaffold() missing 1 required positional argument: 'net'
[2026-01-11 00:55:31,127][flwr][ERROR] - [36mray::launch_and_fit()[39m (pid=80987, ip=127.0.0.1)
  File "/Users/dinukaperera/opt/anaconda3/envs/flower_tutorial/lib/python3.10/site-packages/flwr/simulation/ray_transport/ray_client_proxy.py", line 148, in launch_and_fit
    return maybe_call_fit(
  File "/Users/dinukaperera/opt/anaconda3/envs/flower_tutorial/lib/python3.10/site-packages/flwr/client/client.py", line 184, in maybe_call_fit
    return client.fit(fit_ins)
  File "/Users/dinukaperera/opt/anaconda3/envs/flower_tutorial/lib/python3.10/site-packages/flwr/client/app.py", line 297, in _fit
    results = self.numpy_client.fit(parameters, ins.config)  # type: ignore
  File "/Users/dinukaperera/FLwithFlwr/flowertry/cleint.py", line 196, in fit
    return super().fit(parameters, config)
  File "/Users/dinukaperera/FLwithFlwr/flowertry/cleint.py", line 109, in fit
    c_i_new = train_scaffold(
TypeError: train_scaffold() missing 1 required positional argument: 'net'
[2026-01-11 00:55:31,127][flwr][ERROR] - [36mray::launch_and_fit()[39m (pid=80981, ip=127.0.0.1)
  File "/Users/dinukaperera/opt/anaconda3/envs/flower_tutorial/lib/python3.10/site-packages/flwr/simulation/ray_transport/ray_client_proxy.py", line 148, in launch_and_fit
    return maybe_call_fit(
  File "/Users/dinukaperera/opt/anaconda3/envs/flower_tutorial/lib/python3.10/site-packages/flwr/client/client.py", line 184, in maybe_call_fit
    return client.fit(fit_ins)
  File "/Users/dinukaperera/opt/anaconda3/envs/flower_tutorial/lib/python3.10/site-packages/flwr/client/app.py", line 297, in _fit
    results = self.numpy_client.fit(parameters, ins.config)  # type: ignore
  File "/Users/dinukaperera/FLwithFlwr/flowertry/cleint.py", line 196, in fit
    return super().fit(parameters, config)
  File "/Users/dinukaperera/FLwithFlwr/flowertry/cleint.py", line 109, in fit
    c_i_new = train_scaffold(
TypeError: train_scaffold() missing 1 required positional argument: 'net'
[2026-01-11 00:55:31,128][flwr][DEBUG] - fit_round 44 received 0 results and 10 failures
[2026-01-11 00:55:31,150][flwr][INFO] - fit progress: (44, 72.24541532993317, {'accuracy': 0.286}, 11.88298599999689)
[2026-01-11 00:55:31,150][flwr][INFO] - evaluate_round 44: no clients selected, cancel
[2026-01-11 00:55:31,150][flwr][DEBUG] - fit_round 45: strategy sampled 10 clients (out of 100)
[2026-01-11 00:55:31,311][flwr][ERROR] - [36mray::launch_and_fit()[39m (pid=80981, ip=127.0.0.1)
  File "/Users/dinukaperera/opt/anaconda3/envs/flower_tutorial/lib/python3.10/site-packages/flwr/simulation/ray_transport/ray_client_proxy.py", line 148, in launch_and_fit
    return maybe_call_fit(
  File "/Users/dinukaperera/opt/anaconda3/envs/flower_tutorial/lib/python3.10/site-packages/flwr/client/client.py", line 184, in maybe_call_fit
    return client.fit(fit_ins)
  File "/Users/dinukaperera/opt/anaconda3/envs/flower_tutorial/lib/python3.10/site-packages/flwr/client/app.py", line 297, in _fit
    results = self.numpy_client.fit(parameters, ins.config)  # type: ignore
  File "/Users/dinukaperera/FLwithFlwr/flowertry/cleint.py", line 196, in fit
    return super().fit(parameters, config)
  File "/Users/dinukaperera/FLwithFlwr/flowertry/cleint.py", line 109, in fit
    c_i_new = train_scaffold(
TypeError: train_scaffold() missing 1 required positional argument: 'net'
[2026-01-11 00:55:31,312][flwr][ERROR] - [36mray::launch_and_fit()[39m (pid=80987, ip=127.0.0.1)
  File "/Users/dinukaperera/opt/anaconda3/envs/flower_tutorial/lib/python3.10/site-packages/flwr/simulation/ray_transport/ray_client_proxy.py", line 148, in launch_and_fit
    return maybe_call_fit(
  File "/Users/dinukaperera/opt/anaconda3/envs/flower_tutorial/lib/python3.10/site-packages/flwr/client/client.py", line 184, in maybe_call_fit
    return client.fit(fit_ins)
  File "/Users/dinukaperera/opt/anaconda3/envs/flower_tutorial/lib/python3.10/site-packages/flwr/client/app.py", line 297, in _fit
    results = self.numpy_client.fit(parameters, ins.config)  # type: ignore
  File "/Users/dinukaperera/FLwithFlwr/flowertry/cleint.py", line 196, in fit
    return super().fit(parameters, config)
  File "/Users/dinukaperera/FLwithFlwr/flowertry/cleint.py", line 109, in fit
    c_i_new = train_scaffold(
TypeError: train_scaffold() missing 1 required positional argument: 'net'
[2026-01-11 00:55:31,316][flwr][ERROR] - [36mray::launch_and_fit()[39m (pid=80980, ip=127.0.0.1)
  File "/Users/dinukaperera/opt/anaconda3/envs/flower_tutorial/lib/python3.10/site-packages/flwr/simulation/ray_transport/ray_client_proxy.py", line 148, in launch_and_fit
    return maybe_call_fit(
  File "/Users/dinukaperera/opt/anaconda3/envs/flower_tutorial/lib/python3.10/site-packages/flwr/client/client.py", line 184, in maybe_call_fit
    return client.fit(fit_ins)
  File "/Users/dinukaperera/opt/anaconda3/envs/flower_tutorial/lib/python3.10/site-packages/flwr/client/app.py", line 297, in _fit
    results = self.numpy_client.fit(parameters, ins.config)  # type: ignore
  File "/Users/dinukaperera/FLwithFlwr/flowertry/cleint.py", line 196, in fit
    return super().fit(parameters, config)
  File "/Users/dinukaperera/FLwithFlwr/flowertry/cleint.py", line 109, in fit
    c_i_new = train_scaffold(
TypeError: train_scaffold() missing 1 required positional argument: 'net'
[2026-01-11 00:55:31,317][flwr][ERROR] - [36mray::launch_and_fit()[39m (pid=80982, ip=127.0.0.1)
  File "/Users/dinukaperera/opt/anaconda3/envs/flower_tutorial/lib/python3.10/site-packages/flwr/simulation/ray_transport/ray_client_proxy.py", line 148, in launch_and_fit
    return maybe_call_fit(
  File "/Users/dinukaperera/opt/anaconda3/envs/flower_tutorial/lib/python3.10/site-packages/flwr/client/client.py", line 184, in maybe_call_fit
    return client.fit(fit_ins)
  File "/Users/dinukaperera/opt/anaconda3/envs/flower_tutorial/lib/python3.10/site-packages/flwr/client/app.py", line 297, in _fit
    results = self.numpy_client.fit(parameters, ins.config)  # type: ignore
  File "/Users/dinukaperera/FLwithFlwr/flowertry/cleint.py", line 196, in fit
    return super().fit(parameters, config)
  File "/Users/dinukaperera/FLwithFlwr/flowertry/cleint.py", line 109, in fit
    c_i_new = train_scaffold(
TypeError: train_scaffold() missing 1 required positional argument: 'net'
[2026-01-11 00:55:31,318][flwr][ERROR] - [36mray::launch_and_fit()[39m (pid=80985, ip=127.0.0.1)
  File "/Users/dinukaperera/opt/anaconda3/envs/flower_tutorial/lib/python3.10/site-packages/flwr/simulation/ray_transport/ray_client_proxy.py", line 148, in launch_and_fit
    return maybe_call_fit(
  File "/Users/dinukaperera/opt/anaconda3/envs/flower_tutorial/lib/python3.10/site-packages/flwr/client/client.py", line 184, in maybe_call_fit
    return client.fit(fit_ins)
  File "/Users/dinukaperera/opt/anaconda3/envs/flower_tutorial/lib/python3.10/site-packages/flwr/client/app.py", line 297, in _fit
    results = self.numpy_client.fit(parameters, ins.config)  # type: ignore
  File "/Users/dinukaperera/FLwithFlwr/flowertry/cleint.py", line 196, in fit
    return super().fit(parameters, config)
  File "/Users/dinukaperera/FLwithFlwr/flowertry/cleint.py", line 109, in fit
    c_i_new = train_scaffold(
TypeError: train_scaffold() missing 1 required positional argument: 'net'
[2026-01-11 00:55:31,318][flwr][ERROR] - [36mray::launch_and_fit()[39m (pid=80988, ip=127.0.0.1)
  File "/Users/dinukaperera/opt/anaconda3/envs/flower_tutorial/lib/python3.10/site-packages/flwr/simulation/ray_transport/ray_client_proxy.py", line 148, in launch_and_fit
    return maybe_call_fit(
  File "/Users/dinukaperera/opt/anaconda3/envs/flower_tutorial/lib/python3.10/site-packages/flwr/client/client.py", line 184, in maybe_call_fit
    return client.fit(fit_ins)
  File "/Users/dinukaperera/opt/anaconda3/envs/flower_tutorial/lib/python3.10/site-packages/flwr/client/app.py", line 297, in _fit
    results = self.numpy_client.fit(parameters, ins.config)  # type: ignore
  File "/Users/dinukaperera/FLwithFlwr/flowertry/cleint.py", line 196, in fit
    return super().fit(parameters, config)
  File "/Users/dinukaperera/FLwithFlwr/flowertry/cleint.py", line 109, in fit
    c_i_new = train_scaffold(
TypeError: train_scaffold() missing 1 required positional argument: 'net'
[2026-01-11 00:55:31,318][flwr][ERROR] - [36mray::launch_and_fit()[39m (pid=80984, ip=127.0.0.1)
  File "/Users/dinukaperera/opt/anaconda3/envs/flower_tutorial/lib/python3.10/site-packages/flwr/simulation/ray_transport/ray_client_proxy.py", line 148, in launch_and_fit
    return maybe_call_fit(
  File "/Users/dinukaperera/opt/anaconda3/envs/flower_tutorial/lib/python3.10/site-packages/flwr/client/client.py", line 184, in maybe_call_fit
    return client.fit(fit_ins)
  File "/Users/dinukaperera/opt/anaconda3/envs/flower_tutorial/lib/python3.10/site-packages/flwr/client/app.py", line 297, in _fit
    results = self.numpy_client.fit(parameters, ins.config)  # type: ignore
  File "/Users/dinukaperera/FLwithFlwr/flowertry/cleint.py", line 196, in fit
    return super().fit(parameters, config)
  File "/Users/dinukaperera/FLwithFlwr/flowertry/cleint.py", line 109, in fit
    c_i_new = train_scaffold(
TypeError: train_scaffold() missing 1 required positional argument: 'net'
[2026-01-11 00:55:31,319][flwr][ERROR] - [36mray::launch_and_fit()[39m (pid=80979, ip=127.0.0.1)
  File "/Users/dinukaperera/opt/anaconda3/envs/flower_tutorial/lib/python3.10/site-packages/flwr/simulation/ray_transport/ray_client_proxy.py", line 148, in launch_and_fit
    return maybe_call_fit(
  File "/Users/dinukaperera/opt/anaconda3/envs/flower_tutorial/lib/python3.10/site-packages/flwr/client/client.py", line 184, in maybe_call_fit
    return client.fit(fit_ins)
  File "/Users/dinukaperera/opt/anaconda3/envs/flower_tutorial/lib/python3.10/site-packages/flwr/client/app.py", line 297, in _fit
    results = self.numpy_client.fit(parameters, ins.config)  # type: ignore
  File "/Users/dinukaperera/FLwithFlwr/flowertry/cleint.py", line 196, in fit
    return super().fit(parameters, config)
  File "/Users/dinukaperera/FLwithFlwr/flowertry/cleint.py", line 109, in fit
    c_i_new = train_scaffold(
TypeError: train_scaffold() missing 1 required positional argument: 'net'
[2026-01-11 00:55:31,322][flwr][ERROR] - [36mray::launch_and_fit()[39m (pid=80983, ip=127.0.0.1)
  File "/Users/dinukaperera/opt/anaconda3/envs/flower_tutorial/lib/python3.10/site-packages/flwr/simulation/ray_transport/ray_client_proxy.py", line 148, in launch_and_fit
    return maybe_call_fit(
  File "/Users/dinukaperera/opt/anaconda3/envs/flower_tutorial/lib/python3.10/site-packages/flwr/client/client.py", line 184, in maybe_call_fit
    return client.fit(fit_ins)
  File "/Users/dinukaperera/opt/anaconda3/envs/flower_tutorial/lib/python3.10/site-packages/flwr/client/app.py", line 297, in _fit
    results = self.numpy_client.fit(parameters, ins.config)  # type: ignore
  File "/Users/dinukaperera/FLwithFlwr/flowertry/cleint.py", line 196, in fit
    return super().fit(parameters, config)
  File "/Users/dinukaperera/FLwithFlwr/flowertry/cleint.py", line 109, in fit
    c_i_new = train_scaffold(
TypeError: train_scaffold() missing 1 required positional argument: 'net'
[2026-01-11 00:55:31,324][flwr][ERROR] - [36mray::launch_and_fit()[39m (pid=80986, ip=127.0.0.1)
  File "/Users/dinukaperera/opt/anaconda3/envs/flower_tutorial/lib/python3.10/site-packages/flwr/simulation/ray_transport/ray_client_proxy.py", line 148, in launch_and_fit
    return maybe_call_fit(
  File "/Users/dinukaperera/opt/anaconda3/envs/flower_tutorial/lib/python3.10/site-packages/flwr/client/client.py", line 184, in maybe_call_fit
    return client.fit(fit_ins)
  File "/Users/dinukaperera/opt/anaconda3/envs/flower_tutorial/lib/python3.10/site-packages/flwr/client/app.py", line 297, in _fit
    results = self.numpy_client.fit(parameters, ins.config)  # type: ignore
  File "/Users/dinukaperera/FLwithFlwr/flowertry/cleint.py", line 196, in fit
    return super().fit(parameters, config)
  File "/Users/dinukaperera/FLwithFlwr/flowertry/cleint.py", line 109, in fit
    c_i_new = train_scaffold(
TypeError: train_scaffold() missing 1 required positional argument: 'net'
[2026-01-11 00:55:31,324][flwr][DEBUG] - fit_round 45 received 0 results and 10 failures
[2026-01-11 00:55:31,346][flwr][INFO] - fit progress: (45, 72.24541532993317, {'accuracy': 0.286}, 12.07912216699333)
[2026-01-11 00:55:31,346][flwr][INFO] - evaluate_round 45: no clients selected, cancel
[2026-01-11 00:55:31,346][flwr][DEBUG] - fit_round 46: strategy sampled 10 clients (out of 100)
[2026-01-11 00:55:31,494][flwr][ERROR] - [36mray::launch_and_fit()[39m (pid=80986, ip=127.0.0.1)
  File "/Users/dinukaperera/opt/anaconda3/envs/flower_tutorial/lib/python3.10/site-packages/flwr/simulation/ray_transport/ray_client_proxy.py", line 148, in launch_and_fit
    return maybe_call_fit(
  File "/Users/dinukaperera/opt/anaconda3/envs/flower_tutorial/lib/python3.10/site-packages/flwr/client/client.py", line 184, in maybe_call_fit
    return client.fit(fit_ins)
  File "/Users/dinukaperera/opt/anaconda3/envs/flower_tutorial/lib/python3.10/site-packages/flwr/client/app.py", line 297, in _fit
    results = self.numpy_client.fit(parameters, ins.config)  # type: ignore
  File "/Users/dinukaperera/FLwithFlwr/flowertry/cleint.py", line 196, in fit
    return super().fit(parameters, config)
  File "/Users/dinukaperera/FLwithFlwr/flowertry/cleint.py", line 109, in fit
    c_i_new = train_scaffold(
TypeError: train_scaffold() missing 1 required positional argument: 'net'
[2026-01-11 00:55:31,497][flwr][ERROR] - [36mray::launch_and_fit()[39m (pid=80983, ip=127.0.0.1)
  File "/Users/dinukaperera/opt/anaconda3/envs/flower_tutorial/lib/python3.10/site-packages/flwr/simulation/ray_transport/ray_client_proxy.py", line 148, in launch_and_fit
    return maybe_call_fit(
  File "/Users/dinukaperera/opt/anaconda3/envs/flower_tutorial/lib/python3.10/site-packages/flwr/client/client.py", line 184, in maybe_call_fit
    return client.fit(fit_ins)
  File "/Users/dinukaperera/opt/anaconda3/envs/flower_tutorial/lib/python3.10/site-packages/flwr/client/app.py", line 297, in _fit
    results = self.numpy_client.fit(parameters, ins.config)  # type: ignore
  File "/Users/dinukaperera/FLwithFlwr/flowertry/cleint.py", line 196, in fit
    return super().fit(parameters, config)
  File "/Users/dinukaperera/FLwithFlwr/flowertry/cleint.py", line 109, in fit
    c_i_new = train_scaffold(
TypeError: train_scaffold() missing 1 required positional argument: 'net'
[2026-01-11 00:55:31,500][flwr][ERROR] - [36mray::launch_and_fit()[39m (pid=80984, ip=127.0.0.1)
  File "/Users/dinukaperera/opt/anaconda3/envs/flower_tutorial/lib/python3.10/site-packages/flwr/simulation/ray_transport/ray_client_proxy.py", line 148, in launch_and_fit
    return maybe_call_fit(
  File "/Users/dinukaperera/opt/anaconda3/envs/flower_tutorial/lib/python3.10/site-packages/flwr/client/client.py", line 184, in maybe_call_fit
    return client.fit(fit_ins)
  File "/Users/dinukaperera/opt/anaconda3/envs/flower_tutorial/lib/python3.10/site-packages/flwr/client/app.py", line 297, in _fit
    results = self.numpy_client.fit(parameters, ins.config)  # type: ignore
  File "/Users/dinukaperera/FLwithFlwr/flowertry/cleint.py", line 196, in fit
    return super().fit(parameters, config)
  File "/Users/dinukaperera/FLwithFlwr/flowertry/cleint.py", line 109, in fit
    c_i_new = train_scaffold(
TypeError: train_scaffold() missing 1 required positional argument: 'net'
[2026-01-11 00:55:31,503][flwr][ERROR] - [36mray::launch_and_fit()[39m (pid=80979, ip=127.0.0.1)
  File "/Users/dinukaperera/opt/anaconda3/envs/flower_tutorial/lib/python3.10/site-packages/flwr/simulation/ray_transport/ray_client_proxy.py", line 148, in launch_and_fit
    return maybe_call_fit(
  File "/Users/dinukaperera/opt/anaconda3/envs/flower_tutorial/lib/python3.10/site-packages/flwr/client/client.py", line 184, in maybe_call_fit
    return client.fit(fit_ins)
  File "/Users/dinukaperera/opt/anaconda3/envs/flower_tutorial/lib/python3.10/site-packages/flwr/client/app.py", line 297, in _fit
    results = self.numpy_client.fit(parameters, ins.config)  # type: ignore
  File "/Users/dinukaperera/FLwithFlwr/flowertry/cleint.py", line 196, in fit
    return super().fit(parameters, config)
  File "/Users/dinukaperera/FLwithFlwr/flowertry/cleint.py", line 109, in fit
    c_i_new = train_scaffold(
TypeError: train_scaffold() missing 1 required positional argument: 'net'
[2026-01-11 00:55:31,504][flwr][ERROR] - [36mray::launch_and_fit()[39m (pid=80988, ip=127.0.0.1)
  File "/Users/dinukaperera/opt/anaconda3/envs/flower_tutorial/lib/python3.10/site-packages/flwr/simulation/ray_transport/ray_client_proxy.py", line 148, in launch_and_fit
    return maybe_call_fit(
  File "/Users/dinukaperera/opt/anaconda3/envs/flower_tutorial/lib/python3.10/site-packages/flwr/client/client.py", line 184, in maybe_call_fit
    return client.fit(fit_ins)
  File "/Users/dinukaperera/opt/anaconda3/envs/flower_tutorial/lib/python3.10/site-packages/flwr/client/app.py", line 297, in _fit
    results = self.numpy_client.fit(parameters, ins.config)  # type: ignore
  File "/Users/dinukaperera/FLwithFlwr/flowertry/cleint.py", line 196, in fit
    return super().fit(parameters, config)
  File "/Users/dinukaperera/FLwithFlwr/flowertry/cleint.py", line 109, in fit
    c_i_new = train_scaffold(
TypeError: train_scaffold() missing 1 required positional argument: 'net'
[2026-01-11 00:55:31,505][flwr][ERROR] - [36mray::launch_and_fit()[39m (pid=80986, ip=127.0.0.1)
  File "/Users/dinukaperera/opt/anaconda3/envs/flower_tutorial/lib/python3.10/site-packages/flwr/simulation/ray_transport/ray_client_proxy.py", line 148, in launch_and_fit
    return maybe_call_fit(
  File "/Users/dinukaperera/opt/anaconda3/envs/flower_tutorial/lib/python3.10/site-packages/flwr/client/client.py", line 184, in maybe_call_fit
    return client.fit(fit_ins)
  File "/Users/dinukaperera/opt/anaconda3/envs/flower_tutorial/lib/python3.10/site-packages/flwr/client/app.py", line 297, in _fit
    results = self.numpy_client.fit(parameters, ins.config)  # type: ignore
  File "/Users/dinukaperera/FLwithFlwr/flowertry/cleint.py", line 196, in fit
    return super().fit(parameters, config)
  File "/Users/dinukaperera/FLwithFlwr/flowertry/cleint.py", line 109, in fit
    c_i_new = train_scaffold(
TypeError: train_scaffold() missing 1 required positional argument: 'net'
[2026-01-11 00:55:31,506][flwr][ERROR] - [36mray::launch_and_fit()[39m (pid=80982, ip=127.0.0.1)
  File "/Users/dinukaperera/opt/anaconda3/envs/flower_tutorial/lib/python3.10/site-packages/flwr/simulation/ray_transport/ray_client_proxy.py", line 148, in launch_and_fit
    return maybe_call_fit(
  File "/Users/dinukaperera/opt/anaconda3/envs/flower_tutorial/lib/python3.10/site-packages/flwr/client/client.py", line 184, in maybe_call_fit
    return client.fit(fit_ins)
  File "/Users/dinukaperera/opt/anaconda3/envs/flower_tutorial/lib/python3.10/site-packages/flwr/client/app.py", line 297, in _fit
    results = self.numpy_client.fit(parameters, ins.config)  # type: ignore
  File "/Users/dinukaperera/FLwithFlwr/flowertry/cleint.py", line 196, in fit
    return super().fit(parameters, config)
  File "/Users/dinukaperera/FLwithFlwr/flowertry/cleint.py", line 109, in fit
    c_i_new = train_scaffold(
TypeError: train_scaffold() missing 1 required positional argument: 'net'
[2026-01-11 00:55:31,506][flwr][ERROR] - [36mray::launch_and_fit()[39m (pid=80987, ip=127.0.0.1)
  File "/Users/dinukaperera/opt/anaconda3/envs/flower_tutorial/lib/python3.10/site-packages/flwr/simulation/ray_transport/ray_client_proxy.py", line 148, in launch_and_fit
    return maybe_call_fit(
  File "/Users/dinukaperera/opt/anaconda3/envs/flower_tutorial/lib/python3.10/site-packages/flwr/client/client.py", line 184, in maybe_call_fit
    return client.fit(fit_ins)
  File "/Users/dinukaperera/opt/anaconda3/envs/flower_tutorial/lib/python3.10/site-packages/flwr/client/app.py", line 297, in _fit
    results = self.numpy_client.fit(parameters, ins.config)  # type: ignore
  File "/Users/dinukaperera/FLwithFlwr/flowertry/cleint.py", line 196, in fit
    return super().fit(parameters, config)
  File "/Users/dinukaperera/FLwithFlwr/flowertry/cleint.py", line 109, in fit
    c_i_new = train_scaffold(
TypeError: train_scaffold() missing 1 required positional argument: 'net'
[2026-01-11 00:55:31,507][flwr][ERROR] - [36mray::launch_and_fit()[39m (pid=80980, ip=127.0.0.1)
  File "/Users/dinukaperera/opt/anaconda3/envs/flower_tutorial/lib/python3.10/site-packages/flwr/simulation/ray_transport/ray_client_proxy.py", line 148, in launch_and_fit
    return maybe_call_fit(
  File "/Users/dinukaperera/opt/anaconda3/envs/flower_tutorial/lib/python3.10/site-packages/flwr/client/client.py", line 184, in maybe_call_fit
    return client.fit(fit_ins)
  File "/Users/dinukaperera/opt/anaconda3/envs/flower_tutorial/lib/python3.10/site-packages/flwr/client/app.py", line 297, in _fit
    results = self.numpy_client.fit(parameters, ins.config)  # type: ignore
  File "/Users/dinukaperera/FLwithFlwr/flowertry/cleint.py", line 196, in fit
    return super().fit(parameters, config)
  File "/Users/dinukaperera/FLwithFlwr/flowertry/cleint.py", line 109, in fit
    c_i_new = train_scaffold(
TypeError: train_scaffold() missing 1 required positional argument: 'net'
[2026-01-11 00:55:31,508][flwr][ERROR] - [36mray::launch_and_fit()[39m (pid=80985, ip=127.0.0.1)
  File "/Users/dinukaperera/opt/anaconda3/envs/flower_tutorial/lib/python3.10/site-packages/flwr/simulation/ray_transport/ray_client_proxy.py", line 148, in launch_and_fit
    return maybe_call_fit(
  File "/Users/dinukaperera/opt/anaconda3/envs/flower_tutorial/lib/python3.10/site-packages/flwr/client/client.py", line 184, in maybe_call_fit
    return client.fit(fit_ins)
  File "/Users/dinukaperera/opt/anaconda3/envs/flower_tutorial/lib/python3.10/site-packages/flwr/client/app.py", line 297, in _fit
    results = self.numpy_client.fit(parameters, ins.config)  # type: ignore
  File "/Users/dinukaperera/FLwithFlwr/flowertry/cleint.py", line 196, in fit
    return super().fit(parameters, config)
  File "/Users/dinukaperera/FLwithFlwr/flowertry/cleint.py", line 109, in fit
    c_i_new = train_scaffold(
TypeError: train_scaffold() missing 1 required positional argument: 'net'
[2026-01-11 00:55:31,508][flwr][DEBUG] - fit_round 46 received 0 results and 10 failures
[2026-01-11 00:55:31,531][flwr][INFO] - fit progress: (46, 72.24541532993317, {'accuracy': 0.286}, 12.26408325000375)
[2026-01-11 00:55:31,531][flwr][INFO] - evaluate_round 46: no clients selected, cancel
[2026-01-11 00:55:31,531][flwr][DEBUG] - fit_round 47: strategy sampled 10 clients (out of 100)
[2026-01-11 00:55:31,681][flwr][ERROR] - [36mray::launch_and_fit()[39m (pid=80985, ip=127.0.0.1)
  File "/Users/dinukaperera/opt/anaconda3/envs/flower_tutorial/lib/python3.10/site-packages/flwr/simulation/ray_transport/ray_client_proxy.py", line 148, in launch_and_fit
    return maybe_call_fit(
  File "/Users/dinukaperera/opt/anaconda3/envs/flower_tutorial/lib/python3.10/site-packages/flwr/client/client.py", line 184, in maybe_call_fit
    return client.fit(fit_ins)
  File "/Users/dinukaperera/opt/anaconda3/envs/flower_tutorial/lib/python3.10/site-packages/flwr/client/app.py", line 297, in _fit
    results = self.numpy_client.fit(parameters, ins.config)  # type: ignore
  File "/Users/dinukaperera/FLwithFlwr/flowertry/cleint.py", line 196, in fit
    return super().fit(parameters, config)
  File "/Users/dinukaperera/FLwithFlwr/flowertry/cleint.py", line 109, in fit
    c_i_new = train_scaffold(
TypeError: train_scaffold() missing 1 required positional argument: 'net'
[2026-01-11 00:55:31,683][flwr][ERROR] - [36mray::launch_and_fit()[39m (pid=80980, ip=127.0.0.1)
  File "/Users/dinukaperera/opt/anaconda3/envs/flower_tutorial/lib/python3.10/site-packages/flwr/simulation/ray_transport/ray_client_proxy.py", line 148, in launch_and_fit
    return maybe_call_fit(
  File "/Users/dinukaperera/opt/anaconda3/envs/flower_tutorial/lib/python3.10/site-packages/flwr/client/client.py", line 184, in maybe_call_fit
    return client.fit(fit_ins)
  File "/Users/dinukaperera/opt/anaconda3/envs/flower_tutorial/lib/python3.10/site-packages/flwr/client/app.py", line 297, in _fit
    results = self.numpy_client.fit(parameters, ins.config)  # type: ignore
  File "/Users/dinukaperera/FLwithFlwr/flowertry/cleint.py", line 196, in fit
    return super().fit(parameters, config)
  File "/Users/dinukaperera/FLwithFlwr/flowertry/cleint.py", line 109, in fit
    c_i_new = train_scaffold(
TypeError: train_scaffold() missing 1 required positional argument: 'net'
[2026-01-11 00:55:31,685][flwr][ERROR] - [36mray::launch_and_fit()[39m (pid=80987, ip=127.0.0.1)
  File "/Users/dinukaperera/opt/anaconda3/envs/flower_tutorial/lib/python3.10/site-packages/flwr/simulation/ray_transport/ray_client_proxy.py", line 148, in launch_and_fit
    return maybe_call_fit(
  File "/Users/dinukaperera/opt/anaconda3/envs/flower_tutorial/lib/python3.10/site-packages/flwr/client/client.py", line 184, in maybe_call_fit
    return client.fit(fit_ins)
  File "/Users/dinukaperera/opt/anaconda3/envs/flower_tutorial/lib/python3.10/site-packages/flwr/client/app.py", line 297, in _fit
    results = self.numpy_client.fit(parameters, ins.config)  # type: ignore
  File "/Users/dinukaperera/FLwithFlwr/flowertry/cleint.py", line 196, in fit
    return super().fit(parameters, config)
  File "/Users/dinukaperera/FLwithFlwr/flowertry/cleint.py", line 109, in fit
    c_i_new = train_scaffold(
TypeError: train_scaffold() missing 1 required positional argument: 'net'
[2026-01-11 00:55:31,686][flwr][ERROR] - [36mray::launch_and_fit()[39m (pid=80982, ip=127.0.0.1)
  File "/Users/dinukaperera/opt/anaconda3/envs/flower_tutorial/lib/python3.10/site-packages/flwr/simulation/ray_transport/ray_client_proxy.py", line 148, in launch_and_fit
    return maybe_call_fit(
  File "/Users/dinukaperera/opt/anaconda3/envs/flower_tutorial/lib/python3.10/site-packages/flwr/client/client.py", line 184, in maybe_call_fit
    return client.fit(fit_ins)
  File "/Users/dinukaperera/opt/anaconda3/envs/flower_tutorial/lib/python3.10/site-packages/flwr/client/app.py", line 297, in _fit
    results = self.numpy_client.fit(parameters, ins.config)  # type: ignore
  File "/Users/dinukaperera/FLwithFlwr/flowertry/cleint.py", line 196, in fit
    return super().fit(parameters, config)
  File "/Users/dinukaperera/FLwithFlwr/flowertry/cleint.py", line 109, in fit
    c_i_new = train_scaffold(
TypeError: train_scaffold() missing 1 required positional argument: 'net'
[2026-01-11 00:55:31,686][flwr][ERROR] - [36mray::launch_and_fit()[39m (pid=80986, ip=127.0.0.1)
  File "/Users/dinukaperera/opt/anaconda3/envs/flower_tutorial/lib/python3.10/site-packages/flwr/simulation/ray_transport/ray_client_proxy.py", line 148, in launch_and_fit
    return maybe_call_fit(
  File "/Users/dinukaperera/opt/anaconda3/envs/flower_tutorial/lib/python3.10/site-packages/flwr/client/client.py", line 184, in maybe_call_fit
    return client.fit(fit_ins)
  File "/Users/dinukaperera/opt/anaconda3/envs/flower_tutorial/lib/python3.10/site-packages/flwr/client/app.py", line 297, in _fit
    results = self.numpy_client.fit(parameters, ins.config)  # type: ignore
  File "/Users/dinukaperera/FLwithFlwr/flowertry/cleint.py", line 196, in fit
    return super().fit(parameters, config)
  File "/Users/dinukaperera/FLwithFlwr/flowertry/cleint.py", line 109, in fit
    c_i_new = train_scaffold(
TypeError: train_scaffold() missing 1 required positional argument: 'net'
[2026-01-11 00:55:31,687][flwr][ERROR] - [36mray::launch_and_fit()[39m (pid=80979, ip=127.0.0.1)
  File "/Users/dinukaperera/opt/anaconda3/envs/flower_tutorial/lib/python3.10/site-packages/flwr/simulation/ray_transport/ray_client_proxy.py", line 148, in launch_and_fit
    return maybe_call_fit(
  File "/Users/dinukaperera/opt/anaconda3/envs/flower_tutorial/lib/python3.10/site-packages/flwr/client/client.py", line 184, in maybe_call_fit
    return client.fit(fit_ins)
  File "/Users/dinukaperera/opt/anaconda3/envs/flower_tutorial/lib/python3.10/site-packages/flwr/client/app.py", line 297, in _fit
    results = self.numpy_client.fit(parameters, ins.config)  # type: ignore
  File "/Users/dinukaperera/FLwithFlwr/flowertry/cleint.py", line 196, in fit
    return super().fit(parameters, config)
  File "/Users/dinukaperera/FLwithFlwr/flowertry/cleint.py", line 109, in fit
    c_i_new = train_scaffold(
TypeError: train_scaffold() missing 1 required positional argument: 'net'
[2026-01-11 00:55:31,688][flwr][ERROR] - [36mray::launch_and_fit()[39m (pid=80988, ip=127.0.0.1)
  File "/Users/dinukaperera/opt/anaconda3/envs/flower_tutorial/lib/python3.10/site-packages/flwr/simulation/ray_transport/ray_client_proxy.py", line 148, in launch_and_fit
    return maybe_call_fit(
  File "/Users/dinukaperera/opt/anaconda3/envs/flower_tutorial/lib/python3.10/site-packages/flwr/client/client.py", line 184, in maybe_call_fit
    return client.fit(fit_ins)
  File "/Users/dinukaperera/opt/anaconda3/envs/flower_tutorial/lib/python3.10/site-packages/flwr/client/app.py", line 297, in _fit
    results = self.numpy_client.fit(parameters, ins.config)  # type: ignore
  File "/Users/dinukaperera/FLwithFlwr/flowertry/cleint.py", line 196, in fit
    return super().fit(parameters, config)
  File "/Users/dinukaperera/FLwithFlwr/flowertry/cleint.py", line 109, in fit
    c_i_new = train_scaffold(
TypeError: train_scaffold() missing 1 required positional argument: 'net'
[2026-01-11 00:55:31,691][flwr][ERROR] - [36mray::launch_and_fit()[39m (pid=80984, ip=127.0.0.1)
  File "/Users/dinukaperera/opt/anaconda3/envs/flower_tutorial/lib/python3.10/site-packages/flwr/simulation/ray_transport/ray_client_proxy.py", line 148, in launch_and_fit
    return maybe_call_fit(
  File "/Users/dinukaperera/opt/anaconda3/envs/flower_tutorial/lib/python3.10/site-packages/flwr/client/client.py", line 184, in maybe_call_fit
    return client.fit(fit_ins)
  File "/Users/dinukaperera/opt/anaconda3/envs/flower_tutorial/lib/python3.10/site-packages/flwr/client/app.py", line 297, in _fit
    results = self.numpy_client.fit(parameters, ins.config)  # type: ignore
  File "/Users/dinukaperera/FLwithFlwr/flowertry/cleint.py", line 196, in fit
    return super().fit(parameters, config)
  File "/Users/dinukaperera/FLwithFlwr/flowertry/cleint.py", line 109, in fit
    c_i_new = train_scaffold(
TypeError: train_scaffold() missing 1 required positional argument: 'net'
[2026-01-11 00:55:31,692][flwr][ERROR] - [36mray::launch_and_fit()[39m (pid=80981, ip=127.0.0.1)
  File "/Users/dinukaperera/opt/anaconda3/envs/flower_tutorial/lib/python3.10/site-packages/flwr/simulation/ray_transport/ray_client_proxy.py", line 148, in launch_and_fit
    return maybe_call_fit(
  File "/Users/dinukaperera/opt/anaconda3/envs/flower_tutorial/lib/python3.10/site-packages/flwr/client/client.py", line 184, in maybe_call_fit
    return client.fit(fit_ins)
  File "/Users/dinukaperera/opt/anaconda3/envs/flower_tutorial/lib/python3.10/site-packages/flwr/client/app.py", line 297, in _fit
    results = self.numpy_client.fit(parameters, ins.config)  # type: ignore
  File "/Users/dinukaperera/FLwithFlwr/flowertry/cleint.py", line 196, in fit
    return super().fit(parameters, config)
  File "/Users/dinukaperera/FLwithFlwr/flowertry/cleint.py", line 109, in fit
    c_i_new = train_scaffold(
TypeError: train_scaffold() missing 1 required positional argument: 'net'
[2026-01-11 00:55:31,693][flwr][ERROR] - [36mray::launch_and_fit()[39m (pid=80983, ip=127.0.0.1)
  File "/Users/dinukaperera/opt/anaconda3/envs/flower_tutorial/lib/python3.10/site-packages/flwr/simulation/ray_transport/ray_client_proxy.py", line 148, in launch_and_fit
    return maybe_call_fit(
  File "/Users/dinukaperera/opt/anaconda3/envs/flower_tutorial/lib/python3.10/site-packages/flwr/client/client.py", line 184, in maybe_call_fit
    return client.fit(fit_ins)
  File "/Users/dinukaperera/opt/anaconda3/envs/flower_tutorial/lib/python3.10/site-packages/flwr/client/app.py", line 297, in _fit
    results = self.numpy_client.fit(parameters, ins.config)  # type: ignore
  File "/Users/dinukaperera/FLwithFlwr/flowertry/cleint.py", line 196, in fit
    return super().fit(parameters, config)
  File "/Users/dinukaperera/FLwithFlwr/flowertry/cleint.py", line 109, in fit
    c_i_new = train_scaffold(
TypeError: train_scaffold() missing 1 required positional argument: 'net'
[2026-01-11 00:55:31,693][flwr][DEBUG] - fit_round 47 received 0 results and 10 failures
[2026-01-11 00:55:31,715][flwr][INFO] - fit progress: (47, 72.24541532993317, {'accuracy': 0.286}, 12.448693124999409)
[2026-01-11 00:55:31,716][flwr][INFO] - evaluate_round 47: no clients selected, cancel
[2026-01-11 00:55:31,716][flwr][DEBUG] - fit_round 48: strategy sampled 10 clients (out of 100)
[2026-01-11 00:55:31,865][flwr][ERROR] - [36mray::launch_and_fit()[39m (pid=80983, ip=127.0.0.1)
  File "/Users/dinukaperera/opt/anaconda3/envs/flower_tutorial/lib/python3.10/site-packages/flwr/simulation/ray_transport/ray_client_proxy.py", line 148, in launch_and_fit
    return maybe_call_fit(
  File "/Users/dinukaperera/opt/anaconda3/envs/flower_tutorial/lib/python3.10/site-packages/flwr/client/client.py", line 184, in maybe_call_fit
    return client.fit(fit_ins)
  File "/Users/dinukaperera/opt/anaconda3/envs/flower_tutorial/lib/python3.10/site-packages/flwr/client/app.py", line 297, in _fit
    results = self.numpy_client.fit(parameters, ins.config)  # type: ignore
  File "/Users/dinukaperera/FLwithFlwr/flowertry/cleint.py", line 196, in fit
    return super().fit(parameters, config)
  File "/Users/dinukaperera/FLwithFlwr/flowertry/cleint.py", line 109, in fit
    c_i_new = train_scaffold(
TypeError: train_scaffold() missing 1 required positional argument: 'net'
[2026-01-11 00:55:31,868][flwr][ERROR] - [36mray::launch_and_fit()[39m (pid=80981, ip=127.0.0.1)
  File "/Users/dinukaperera/opt/anaconda3/envs/flower_tutorial/lib/python3.10/site-packages/flwr/simulation/ray_transport/ray_client_proxy.py", line 148, in launch_and_fit
    return maybe_call_fit(
  File "/Users/dinukaperera/opt/anaconda3/envs/flower_tutorial/lib/python3.10/site-packages/flwr/client/client.py", line 184, in maybe_call_fit
    return client.fit(fit_ins)
  File "/Users/dinukaperera/opt/anaconda3/envs/flower_tutorial/lib/python3.10/site-packages/flwr/client/app.py", line 297, in _fit
    results = self.numpy_client.fit(parameters, ins.config)  # type: ignore
  File "/Users/dinukaperera/FLwithFlwr/flowertry/cleint.py", line 196, in fit
    return super().fit(parameters, config)
  File "/Users/dinukaperera/FLwithFlwr/flowertry/cleint.py", line 109, in fit
    c_i_new = train_scaffold(
TypeError: train_scaffold() missing 1 required positional argument: 'net'
[2026-01-11 00:55:31,869][flwr][ERROR] - [36mray::launch_and_fit()[39m (pid=80984, ip=127.0.0.1)
  File "/Users/dinukaperera/opt/anaconda3/envs/flower_tutorial/lib/python3.10/site-packages/flwr/simulation/ray_transport/ray_client_proxy.py", line 148, in launch_and_fit
    return maybe_call_fit(
  File "/Users/dinukaperera/opt/anaconda3/envs/flower_tutorial/lib/python3.10/site-packages/flwr/client/client.py", line 184, in maybe_call_fit
    return client.fit(fit_ins)
  File "/Users/dinukaperera/opt/anaconda3/envs/flower_tutorial/lib/python3.10/site-packages/flwr/client/app.py", line 297, in _fit
    results = self.numpy_client.fit(parameters, ins.config)  # type: ignore
  File "/Users/dinukaperera/FLwithFlwr/flowertry/cleint.py", line 196, in fit
    return super().fit(parameters, config)
  File "/Users/dinukaperera/FLwithFlwr/flowertry/cleint.py", line 109, in fit
    c_i_new = train_scaffold(
TypeError: train_scaffold() missing 1 required positional argument: 'net'
[2026-01-11 00:55:31,870][flwr][ERROR] - [36mray::launch_and_fit()[39m (pid=80988, ip=127.0.0.1)
  File "/Users/dinukaperera/opt/anaconda3/envs/flower_tutorial/lib/python3.10/site-packages/flwr/simulation/ray_transport/ray_client_proxy.py", line 148, in launch_and_fit
    return maybe_call_fit(
  File "/Users/dinukaperera/opt/anaconda3/envs/flower_tutorial/lib/python3.10/site-packages/flwr/client/client.py", line 184, in maybe_call_fit
    return client.fit(fit_ins)
  File "/Users/dinukaperera/opt/anaconda3/envs/flower_tutorial/lib/python3.10/site-packages/flwr/client/app.py", line 297, in _fit
    results = self.numpy_client.fit(parameters, ins.config)  # type: ignore
  File "/Users/dinukaperera/FLwithFlwr/flowertry/cleint.py", line 196, in fit
    return super().fit(parameters, config)
  File "/Users/dinukaperera/FLwithFlwr/flowertry/cleint.py", line 109, in fit
    c_i_new = train_scaffold(
TypeError: train_scaffold() missing 1 required positional argument: 'net'
[2026-01-11 00:55:31,874][flwr][ERROR] - [36mray::launch_and_fit()[39m (pid=80980, ip=127.0.0.1)
  File "/Users/dinukaperera/opt/anaconda3/envs/flower_tutorial/lib/python3.10/site-packages/flwr/simulation/ray_transport/ray_client_proxy.py", line 148, in launch_and_fit
    return maybe_call_fit(
  File "/Users/dinukaperera/opt/anaconda3/envs/flower_tutorial/lib/python3.10/site-packages/flwr/client/client.py", line 184, in maybe_call_fit
    return client.fit(fit_ins)
  File "/Users/dinukaperera/opt/anaconda3/envs/flower_tutorial/lib/python3.10/site-packages/flwr/client/app.py", line 297, in _fit
    results = self.numpy_client.fit(parameters, ins.config)  # type: ignore
  File "/Users/dinukaperera/FLwithFlwr/flowertry/cleint.py", line 196, in fit
    return super().fit(parameters, config)
  File "/Users/dinukaperera/FLwithFlwr/flowertry/cleint.py", line 109, in fit
    c_i_new = train_scaffold(
TypeError: train_scaffold() missing 1 required positional argument: 'net'
[2026-01-11 00:55:31,875][flwr][ERROR] - [36mray::launch_and_fit()[39m (pid=80985, ip=127.0.0.1)
  File "/Users/dinukaperera/opt/anaconda3/envs/flower_tutorial/lib/python3.10/site-packages/flwr/simulation/ray_transport/ray_client_proxy.py", line 148, in launch_and_fit
    return maybe_call_fit(
  File "/Users/dinukaperera/opt/anaconda3/envs/flower_tutorial/lib/python3.10/site-packages/flwr/client/client.py", line 184, in maybe_call_fit
    return client.fit(fit_ins)
  File "/Users/dinukaperera/opt/anaconda3/envs/flower_tutorial/lib/python3.10/site-packages/flwr/client/app.py", line 297, in _fit
    results = self.numpy_client.fit(parameters, ins.config)  # type: ignore
  File "/Users/dinukaperera/FLwithFlwr/flowertry/cleint.py", line 196, in fit
    return super().fit(parameters, config)
  File "/Users/dinukaperera/FLwithFlwr/flowertry/cleint.py", line 109, in fit
    c_i_new = train_scaffold(
TypeError: train_scaffold() missing 1 required positional argument: 'net'
[2026-01-11 00:55:31,875][flwr][ERROR] - [36mray::launch_and_fit()[39m (pid=80986, ip=127.0.0.1)
  File "/Users/dinukaperera/opt/anaconda3/envs/flower_tutorial/lib/python3.10/site-packages/flwr/simulation/ray_transport/ray_client_proxy.py", line 148, in launch_and_fit
    return maybe_call_fit(
  File "/Users/dinukaperera/opt/anaconda3/envs/flower_tutorial/lib/python3.10/site-packages/flwr/client/client.py", line 184, in maybe_call_fit
    return client.fit(fit_ins)
  File "/Users/dinukaperera/opt/anaconda3/envs/flower_tutorial/lib/python3.10/site-packages/flwr/client/app.py", line 297, in _fit
    results = self.numpy_client.fit(parameters, ins.config)  # type: ignore
  File "/Users/dinukaperera/FLwithFlwr/flowertry/cleint.py", line 196, in fit
    return super().fit(parameters, config)
  File "/Users/dinukaperera/FLwithFlwr/flowertry/cleint.py", line 109, in fit
    c_i_new = train_scaffold(
TypeError: train_scaffold() missing 1 required positional argument: 'net'
[2026-01-11 00:55:31,876][flwr][ERROR] - [36mray::launch_and_fit()[39m (pid=80979, ip=127.0.0.1)
  File "/Users/dinukaperera/opt/anaconda3/envs/flower_tutorial/lib/python3.10/site-packages/flwr/simulation/ray_transport/ray_client_proxy.py", line 148, in launch_and_fit
    return maybe_call_fit(
  File "/Users/dinukaperera/opt/anaconda3/envs/flower_tutorial/lib/python3.10/site-packages/flwr/client/client.py", line 184, in maybe_call_fit
    return client.fit(fit_ins)
  File "/Users/dinukaperera/opt/anaconda3/envs/flower_tutorial/lib/python3.10/site-packages/flwr/client/app.py", line 297, in _fit
    results = self.numpy_client.fit(parameters, ins.config)  # type: ignore
  File "/Users/dinukaperera/FLwithFlwr/flowertry/cleint.py", line 196, in fit
    return super().fit(parameters, config)
  File "/Users/dinukaperera/FLwithFlwr/flowertry/cleint.py", line 109, in fit
    c_i_new = train_scaffold(
TypeError: train_scaffold() missing 1 required positional argument: 'net'
[2026-01-11 00:55:31,876][flwr][ERROR] - [36mray::launch_and_fit()[39m (pid=80982, ip=127.0.0.1)
  File "/Users/dinukaperera/opt/anaconda3/envs/flower_tutorial/lib/python3.10/site-packages/flwr/simulation/ray_transport/ray_client_proxy.py", line 148, in launch_and_fit
    return maybe_call_fit(
  File "/Users/dinukaperera/opt/anaconda3/envs/flower_tutorial/lib/python3.10/site-packages/flwr/client/client.py", line 184, in maybe_call_fit
    return client.fit(fit_ins)
  File "/Users/dinukaperera/opt/anaconda3/envs/flower_tutorial/lib/python3.10/site-packages/flwr/client/app.py", line 297, in _fit
    results = self.numpy_client.fit(parameters, ins.config)  # type: ignore
  File "/Users/dinukaperera/FLwithFlwr/flowertry/cleint.py", line 196, in fit
    return super().fit(parameters, config)
  File "/Users/dinukaperera/FLwithFlwr/flowertry/cleint.py", line 109, in fit
    c_i_new = train_scaffold(
TypeError: train_scaffold() missing 1 required positional argument: 'net'
[2026-01-11 00:55:31,876][flwr][ERROR] - [36mray::launch_and_fit()[39m (pid=80987, ip=127.0.0.1)
  File "/Users/dinukaperera/opt/anaconda3/envs/flower_tutorial/lib/python3.10/site-packages/flwr/simulation/ray_transport/ray_client_proxy.py", line 148, in launch_and_fit
    return maybe_call_fit(
  File "/Users/dinukaperera/opt/anaconda3/envs/flower_tutorial/lib/python3.10/site-packages/flwr/client/client.py", line 184, in maybe_call_fit
    return client.fit(fit_ins)
  File "/Users/dinukaperera/opt/anaconda3/envs/flower_tutorial/lib/python3.10/site-packages/flwr/client/app.py", line 297, in _fit
    results = self.numpy_client.fit(parameters, ins.config)  # type: ignore
  File "/Users/dinukaperera/FLwithFlwr/flowertry/cleint.py", line 196, in fit
    return super().fit(parameters, config)
  File "/Users/dinukaperera/FLwithFlwr/flowertry/cleint.py", line 109, in fit
    c_i_new = train_scaffold(
TypeError: train_scaffold() missing 1 required positional argument: 'net'
[2026-01-11 00:55:31,878][flwr][DEBUG] - fit_round 48 received 0 results and 10 failures
[2026-01-11 00:55:31,901][flwr][INFO] - fit progress: (48, 72.24541532993317, {'accuracy': 0.286}, 12.63389745799941)
[2026-01-11 00:55:31,901][flwr][INFO] - evaluate_round 48: no clients selected, cancel
[2026-01-11 00:55:31,901][flwr][DEBUG] - fit_round 49: strategy sampled 10 clients (out of 100)
[2026-01-11 00:55:32,053][flwr][ERROR] - [36mray::launch_and_fit()[39m (pid=80987, ip=127.0.0.1)
  File "/Users/dinukaperera/opt/anaconda3/envs/flower_tutorial/lib/python3.10/site-packages/flwr/simulation/ray_transport/ray_client_proxy.py", line 148, in launch_and_fit
    return maybe_call_fit(
  File "/Users/dinukaperera/opt/anaconda3/envs/flower_tutorial/lib/python3.10/site-packages/flwr/client/client.py", line 184, in maybe_call_fit
    return client.fit(fit_ins)
  File "/Users/dinukaperera/opt/anaconda3/envs/flower_tutorial/lib/python3.10/site-packages/flwr/client/app.py", line 297, in _fit
    results = self.numpy_client.fit(parameters, ins.config)  # type: ignore
  File "/Users/dinukaperera/FLwithFlwr/flowertry/cleint.py", line 196, in fit
    return super().fit(parameters, config)
  File "/Users/dinukaperera/FLwithFlwr/flowertry/cleint.py", line 109, in fit
    c_i_new = train_scaffold(
TypeError: train_scaffold() missing 1 required positional argument: 'net'
[2026-01-11 00:55:32,054][flwr][ERROR] - [36mray::launch_and_fit()[39m (pid=80982, ip=127.0.0.1)
  File "/Users/dinukaperera/opt/anaconda3/envs/flower_tutorial/lib/python3.10/site-packages/flwr/simulation/ray_transport/ray_client_proxy.py", line 148, in launch_and_fit
    return maybe_call_fit(
  File "/Users/dinukaperera/opt/anaconda3/envs/flower_tutorial/lib/python3.10/site-packages/flwr/client/client.py", line 184, in maybe_call_fit
    return client.fit(fit_ins)
  File "/Users/dinukaperera/opt/anaconda3/envs/flower_tutorial/lib/python3.10/site-packages/flwr/client/app.py", line 297, in _fit
    results = self.numpy_client.fit(parameters, ins.config)  # type: ignore
  File "/Users/dinukaperera/FLwithFlwr/flowertry/cleint.py", line 196, in fit
    return super().fit(parameters, config)
  File "/Users/dinukaperera/FLwithFlwr/flowertry/cleint.py", line 109, in fit
    c_i_new = train_scaffold(
TypeError: train_scaffold() missing 1 required positional argument: 'net'
[2026-01-11 00:55:32,056][flwr][ERROR] - [36mray::launch_and_fit()[39m (pid=80979, ip=127.0.0.1)
  File "/Users/dinukaperera/opt/anaconda3/envs/flower_tutorial/lib/python3.10/site-packages/flwr/simulation/ray_transport/ray_client_proxy.py", line 148, in launch_and_fit
    return maybe_call_fit(
  File "/Users/dinukaperera/opt/anaconda3/envs/flower_tutorial/lib/python3.10/site-packages/flwr/client/client.py", line 184, in maybe_call_fit
    return client.fit(fit_ins)
  File "/Users/dinukaperera/opt/anaconda3/envs/flower_tutorial/lib/python3.10/site-packages/flwr/client/app.py", line 297, in _fit
    results = self.numpy_client.fit(parameters, ins.config)  # type: ignore
  File "/Users/dinukaperera/FLwithFlwr/flowertry/cleint.py", line 196, in fit
    return super().fit(parameters, config)
  File "/Users/dinukaperera/FLwithFlwr/flowertry/cleint.py", line 109, in fit
    c_i_new = train_scaffold(
TypeError: train_scaffold() missing 1 required positional argument: 'net'
[2026-01-11 00:55:32,056][flwr][ERROR] - [36mray::launch_and_fit()[39m (pid=80986, ip=127.0.0.1)
  File "/Users/dinukaperera/opt/anaconda3/envs/flower_tutorial/lib/python3.10/site-packages/flwr/simulation/ray_transport/ray_client_proxy.py", line 148, in launch_and_fit
    return maybe_call_fit(
  File "/Users/dinukaperera/opt/anaconda3/envs/flower_tutorial/lib/python3.10/site-packages/flwr/client/client.py", line 184, in maybe_call_fit
    return client.fit(fit_ins)
  File "/Users/dinukaperera/opt/anaconda3/envs/flower_tutorial/lib/python3.10/site-packages/flwr/client/app.py", line 297, in _fit
    results = self.numpy_client.fit(parameters, ins.config)  # type: ignore
  File "/Users/dinukaperera/FLwithFlwr/flowertry/cleint.py", line 196, in fit
    return super().fit(parameters, config)
  File "/Users/dinukaperera/FLwithFlwr/flowertry/cleint.py", line 109, in fit
    c_i_new = train_scaffold(
TypeError: train_scaffold() missing 1 required positional argument: 'net'
[2026-01-11 00:55:32,057][flwr][ERROR] - [36mray::launch_and_fit()[39m (pid=80980, ip=127.0.0.1)
  File "/Users/dinukaperera/opt/anaconda3/envs/flower_tutorial/lib/python3.10/site-packages/flwr/simulation/ray_transport/ray_client_proxy.py", line 148, in launch_and_fit
    return maybe_call_fit(
  File "/Users/dinukaperera/opt/anaconda3/envs/flower_tutorial/lib/python3.10/site-packages/flwr/client/client.py", line 184, in maybe_call_fit
    return client.fit(fit_ins)
  File "/Users/dinukaperera/opt/anaconda3/envs/flower_tutorial/lib/python3.10/site-packages/flwr/client/app.py", line 297, in _fit
    results = self.numpy_client.fit(parameters, ins.config)  # type: ignore
  File "/Users/dinukaperera/FLwithFlwr/flowertry/cleint.py", line 196, in fit
    return super().fit(parameters, config)
  File "/Users/dinukaperera/FLwithFlwr/flowertry/cleint.py", line 109, in fit
    c_i_new = train_scaffold(
TypeError: train_scaffold() missing 1 required positional argument: 'net'
[2026-01-11 00:55:32,057][flwr][ERROR] - [36mray::launch_and_fit()[39m (pid=80988, ip=127.0.0.1)
  File "/Users/dinukaperera/opt/anaconda3/envs/flower_tutorial/lib/python3.10/site-packages/flwr/simulation/ray_transport/ray_client_proxy.py", line 148, in launch_and_fit
    return maybe_call_fit(
  File "/Users/dinukaperera/opt/anaconda3/envs/flower_tutorial/lib/python3.10/site-packages/flwr/client/client.py", line 184, in maybe_call_fit
    return client.fit(fit_ins)
  File "/Users/dinukaperera/opt/anaconda3/envs/flower_tutorial/lib/python3.10/site-packages/flwr/client/app.py", line 297, in _fit
    results = self.numpy_client.fit(parameters, ins.config)  # type: ignore
  File "/Users/dinukaperera/FLwithFlwr/flowertry/cleint.py", line 196, in fit
    return super().fit(parameters, config)
  File "/Users/dinukaperera/FLwithFlwr/flowertry/cleint.py", line 109, in fit
    c_i_new = train_scaffold(
TypeError: train_scaffold() missing 1 required positional argument: 'net'
[2026-01-11 00:55:32,058][flwr][ERROR] - [36mray::launch_and_fit()[39m (pid=80985, ip=127.0.0.1)
  File "/Users/dinukaperera/opt/anaconda3/envs/flower_tutorial/lib/python3.10/site-packages/flwr/simulation/ray_transport/ray_client_proxy.py", line 148, in launch_and_fit
    return maybe_call_fit(
  File "/Users/dinukaperera/opt/anaconda3/envs/flower_tutorial/lib/python3.10/site-packages/flwr/client/client.py", line 184, in maybe_call_fit
    return client.fit(fit_ins)
  File "/Users/dinukaperera/opt/anaconda3/envs/flower_tutorial/lib/python3.10/site-packages/flwr/client/app.py", line 297, in _fit
    results = self.numpy_client.fit(parameters, ins.config)  # type: ignore
  File "/Users/dinukaperera/FLwithFlwr/flowertry/cleint.py", line 196, in fit
    return super().fit(parameters, config)
  File "/Users/dinukaperera/FLwithFlwr/flowertry/cleint.py", line 109, in fit
    c_i_new = train_scaffold(
TypeError: train_scaffold() missing 1 required positional argument: 'net'
[2026-01-11 00:55:32,061][flwr][ERROR] - [36mray::launch_and_fit()[39m (pid=80981, ip=127.0.0.1)
  File "/Users/dinukaperera/opt/anaconda3/envs/flower_tutorial/lib/python3.10/site-packages/flwr/simulation/ray_transport/ray_client_proxy.py", line 148, in launch_and_fit
    return maybe_call_fit(
  File "/Users/dinukaperera/opt/anaconda3/envs/flower_tutorial/lib/python3.10/site-packages/flwr/client/client.py", line 184, in maybe_call_fit
    return client.fit(fit_ins)
  File "/Users/dinukaperera/opt/anaconda3/envs/flower_tutorial/lib/python3.10/site-packages/flwr/client/app.py", line 297, in _fit
    results = self.numpy_client.fit(parameters, ins.config)  # type: ignore
  File "/Users/dinukaperera/FLwithFlwr/flowertry/cleint.py", line 196, in fit
    return super().fit(parameters, config)
  File "/Users/dinukaperera/FLwithFlwr/flowertry/cleint.py", line 109, in fit
    c_i_new = train_scaffold(
TypeError: train_scaffold() missing 1 required positional argument: 'net'
[2026-01-11 00:55:32,061][flwr][ERROR] - [36mray::launch_and_fit()[39m (pid=80984, ip=127.0.0.1)
  File "/Users/dinukaperera/opt/anaconda3/envs/flower_tutorial/lib/python3.10/site-packages/flwr/simulation/ray_transport/ray_client_proxy.py", line 148, in launch_and_fit
    return maybe_call_fit(
  File "/Users/dinukaperera/opt/anaconda3/envs/flower_tutorial/lib/python3.10/site-packages/flwr/client/client.py", line 184, in maybe_call_fit
    return client.fit(fit_ins)
  File "/Users/dinukaperera/opt/anaconda3/envs/flower_tutorial/lib/python3.10/site-packages/flwr/client/app.py", line 297, in _fit
    results = self.numpy_client.fit(parameters, ins.config)  # type: ignore
  File "/Users/dinukaperera/FLwithFlwr/flowertry/cleint.py", line 196, in fit
    return super().fit(parameters, config)
  File "/Users/dinukaperera/FLwithFlwr/flowertry/cleint.py", line 109, in fit
    c_i_new = train_scaffold(
TypeError: train_scaffold() missing 1 required positional argument: 'net'
[2026-01-11 00:55:32,063][flwr][ERROR] - [36mray::launch_and_fit()[39m (pid=80983, ip=127.0.0.1)
  File "/Users/dinukaperera/opt/anaconda3/envs/flower_tutorial/lib/python3.10/site-packages/flwr/simulation/ray_transport/ray_client_proxy.py", line 148, in launch_and_fit
    return maybe_call_fit(
  File "/Users/dinukaperera/opt/anaconda3/envs/flower_tutorial/lib/python3.10/site-packages/flwr/client/client.py", line 184, in maybe_call_fit
    return client.fit(fit_ins)
  File "/Users/dinukaperera/opt/anaconda3/envs/flower_tutorial/lib/python3.10/site-packages/flwr/client/app.py", line 297, in _fit
    results = self.numpy_client.fit(parameters, ins.config)  # type: ignore
  File "/Users/dinukaperera/FLwithFlwr/flowertry/cleint.py", line 196, in fit
    return super().fit(parameters, config)
  File "/Users/dinukaperera/FLwithFlwr/flowertry/cleint.py", line 109, in fit
    c_i_new = train_scaffold(
TypeError: train_scaffold() missing 1 required positional argument: 'net'
[2026-01-11 00:55:32,064][flwr][DEBUG] - fit_round 49 received 0 results and 10 failures
[2026-01-11 00:55:32,091][flwr][INFO] - fit progress: (49, 72.24541532993317, {'accuracy': 0.286}, 12.823830541994539)
[2026-01-11 00:55:32,091][flwr][INFO] - evaluate_round 49: no clients selected, cancel
[2026-01-11 00:55:32,091][flwr][DEBUG] - fit_round 50: strategy sampled 10 clients (out of 100)
[2026-01-11 00:55:32,244][flwr][ERROR] - [36mray::launch_and_fit()[39m (pid=80983, ip=127.0.0.1)
  File "/Users/dinukaperera/opt/anaconda3/envs/flower_tutorial/lib/python3.10/site-packages/flwr/simulation/ray_transport/ray_client_proxy.py", line 148, in launch_and_fit
    return maybe_call_fit(
  File "/Users/dinukaperera/opt/anaconda3/envs/flower_tutorial/lib/python3.10/site-packages/flwr/client/client.py", line 184, in maybe_call_fit
    return client.fit(fit_ins)
  File "/Users/dinukaperera/opt/anaconda3/envs/flower_tutorial/lib/python3.10/site-packages/flwr/client/app.py", line 297, in _fit
    results = self.numpy_client.fit(parameters, ins.config)  # type: ignore
  File "/Users/dinukaperera/FLwithFlwr/flowertry/cleint.py", line 196, in fit
    return super().fit(parameters, config)
  File "/Users/dinukaperera/FLwithFlwr/flowertry/cleint.py", line 109, in fit
    c_i_new = train_scaffold(
TypeError: train_scaffold() missing 1 required positional argument: 'net'
[2026-01-11 00:55:32,251][flwr][ERROR] - [36mray::launch_and_fit()[39m (pid=80981, ip=127.0.0.1)
  File "/Users/dinukaperera/opt/anaconda3/envs/flower_tutorial/lib/python3.10/site-packages/flwr/simulation/ray_transport/ray_client_proxy.py", line 148, in launch_and_fit
    return maybe_call_fit(
  File "/Users/dinukaperera/opt/anaconda3/envs/flower_tutorial/lib/python3.10/site-packages/flwr/client/client.py", line 184, in maybe_call_fit
    return client.fit(fit_ins)
  File "/Users/dinukaperera/opt/anaconda3/envs/flower_tutorial/lib/python3.10/site-packages/flwr/client/app.py", line 297, in _fit
    results = self.numpy_client.fit(parameters, ins.config)  # type: ignore
  File "/Users/dinukaperera/FLwithFlwr/flowertry/cleint.py", line 196, in fit
    return super().fit(parameters, config)
  File "/Users/dinukaperera/FLwithFlwr/flowertry/cleint.py", line 109, in fit
    c_i_new = train_scaffold(
TypeError: train_scaffold() missing 1 required positional argument: 'net'
[2026-01-11 00:55:32,251][flwr][ERROR] - [36mray::launch_and_fit()[39m (pid=80984, ip=127.0.0.1)
  File "/Users/dinukaperera/opt/anaconda3/envs/flower_tutorial/lib/python3.10/site-packages/flwr/simulation/ray_transport/ray_client_proxy.py", line 148, in launch_and_fit
    return maybe_call_fit(
  File "/Users/dinukaperera/opt/anaconda3/envs/flower_tutorial/lib/python3.10/site-packages/flwr/client/client.py", line 184, in maybe_call_fit
    return client.fit(fit_ins)
  File "/Users/dinukaperera/opt/anaconda3/envs/flower_tutorial/lib/python3.10/site-packages/flwr/client/app.py", line 297, in _fit
    results = self.numpy_client.fit(parameters, ins.config)  # type: ignore
  File "/Users/dinukaperera/FLwithFlwr/flowertry/cleint.py", line 196, in fit
    return super().fit(parameters, config)
  File "/Users/dinukaperera/FLwithFlwr/flowertry/cleint.py", line 109, in fit
    c_i_new = train_scaffold(
TypeError: train_scaffold() missing 1 required positional argument: 'net'
[2026-01-11 00:55:32,252][flwr][ERROR] - [36mray::launch_and_fit()[39m (pid=80985, ip=127.0.0.1)
  File "/Users/dinukaperera/opt/anaconda3/envs/flower_tutorial/lib/python3.10/site-packages/flwr/simulation/ray_transport/ray_client_proxy.py", line 148, in launch_and_fit
    return maybe_call_fit(
  File "/Users/dinukaperera/opt/anaconda3/envs/flower_tutorial/lib/python3.10/site-packages/flwr/client/client.py", line 184, in maybe_call_fit
    return client.fit(fit_ins)
  File "/Users/dinukaperera/opt/anaconda3/envs/flower_tutorial/lib/python3.10/site-packages/flwr/client/app.py", line 297, in _fit
    results = self.numpy_client.fit(parameters, ins.config)  # type: ignore
  File "/Users/dinukaperera/FLwithFlwr/flowertry/cleint.py", line 196, in fit
    return super().fit(parameters, config)
  File "/Users/dinukaperera/FLwithFlwr/flowertry/cleint.py", line 109, in fit
    c_i_new = train_scaffold(
TypeError: train_scaffold() missing 1 required positional argument: 'net'
[2026-01-11 00:55:32,253][flwr][ERROR] - [36mray::launch_and_fit()[39m (pid=80980, ip=127.0.0.1)
  File "/Users/dinukaperera/opt/anaconda3/envs/flower_tutorial/lib/python3.10/site-packages/flwr/simulation/ray_transport/ray_client_proxy.py", line 148, in launch_and_fit
    return maybe_call_fit(
  File "/Users/dinukaperera/opt/anaconda3/envs/flower_tutorial/lib/python3.10/site-packages/flwr/client/client.py", line 184, in maybe_call_fit
    return client.fit(fit_ins)
  File "/Users/dinukaperera/opt/anaconda3/envs/flower_tutorial/lib/python3.10/site-packages/flwr/client/app.py", line 297, in _fit
    results = self.numpy_client.fit(parameters, ins.config)  # type: ignore
  File "/Users/dinukaperera/FLwithFlwr/flowertry/cleint.py", line 196, in fit
    return super().fit(parameters, config)
  File "/Users/dinukaperera/FLwithFlwr/flowertry/cleint.py", line 109, in fit
    c_i_new = train_scaffold(
TypeError: train_scaffold() missing 1 required positional argument: 'net'
[2026-01-11 00:55:32,254][flwr][ERROR] - [36mray::launch_and_fit()[39m (pid=80988, ip=127.0.0.1)
  File "/Users/dinukaperera/opt/anaconda3/envs/flower_tutorial/lib/python3.10/site-packages/flwr/simulation/ray_transport/ray_client_proxy.py", line 148, in launch_and_fit
    return maybe_call_fit(
  File "/Users/dinukaperera/opt/anaconda3/envs/flower_tutorial/lib/python3.10/site-packages/flwr/client/client.py", line 184, in maybe_call_fit
    return client.fit(fit_ins)
  File "/Users/dinukaperera/opt/anaconda3/envs/flower_tutorial/lib/python3.10/site-packages/flwr/client/app.py", line 297, in _fit
    results = self.numpy_client.fit(parameters, ins.config)  # type: ignore
  File "/Users/dinukaperera/FLwithFlwr/flowertry/cleint.py", line 196, in fit
    return super().fit(parameters, config)
  File "/Users/dinukaperera/FLwithFlwr/flowertry/cleint.py", line 109, in fit
    c_i_new = train_scaffold(
TypeError: train_scaffold() missing 1 required positional argument: 'net'
[2026-01-11 00:55:32,254][flwr][ERROR] - [36mray::launch_and_fit()[39m (pid=80986, ip=127.0.0.1)
  File "/Users/dinukaperera/opt/anaconda3/envs/flower_tutorial/lib/python3.10/site-packages/flwr/simulation/ray_transport/ray_client_proxy.py", line 148, in launch_and_fit
    return maybe_call_fit(
  File "/Users/dinukaperera/opt/anaconda3/envs/flower_tutorial/lib/python3.10/site-packages/flwr/client/client.py", line 184, in maybe_call_fit
    return client.fit(fit_ins)
  File "/Users/dinukaperera/opt/anaconda3/envs/flower_tutorial/lib/python3.10/site-packages/flwr/client/app.py", line 297, in _fit
    results = self.numpy_client.fit(parameters, ins.config)  # type: ignore
  File "/Users/dinukaperera/FLwithFlwr/flowertry/cleint.py", line 196, in fit
    return super().fit(parameters, config)
  File "/Users/dinukaperera/FLwithFlwr/flowertry/cleint.py", line 109, in fit
    c_i_new = train_scaffold(
TypeError: train_scaffold() missing 1 required positional argument: 'net'
[2026-01-11 00:55:32,256][flwr][ERROR] - [36mray::launch_and_fit()[39m (pid=80979, ip=127.0.0.1)
  File "/Users/dinukaperera/opt/anaconda3/envs/flower_tutorial/lib/python3.10/site-packages/flwr/simulation/ray_transport/ray_client_proxy.py", line 148, in launch_and_fit
    return maybe_call_fit(
  File "/Users/dinukaperera/opt/anaconda3/envs/flower_tutorial/lib/python3.10/site-packages/flwr/client/client.py", line 184, in maybe_call_fit
    return client.fit(fit_ins)
  File "/Users/dinukaperera/opt/anaconda3/envs/flower_tutorial/lib/python3.10/site-packages/flwr/client/app.py", line 297, in _fit
    results = self.numpy_client.fit(parameters, ins.config)  # type: ignore
  File "/Users/dinukaperera/FLwithFlwr/flowertry/cleint.py", line 196, in fit
    return super().fit(parameters, config)
  File "/Users/dinukaperera/FLwithFlwr/flowertry/cleint.py", line 109, in fit
    c_i_new = train_scaffold(
TypeError: train_scaffold() missing 1 required positional argument: 'net'
[2026-01-11 00:55:32,258][flwr][ERROR] - [36mray::launch_and_fit()[39m (pid=80982, ip=127.0.0.1)
  File "/Users/dinukaperera/opt/anaconda3/envs/flower_tutorial/lib/python3.10/site-packages/flwr/simulation/ray_transport/ray_client_proxy.py", line 148, in launch_and_fit
    return maybe_call_fit(
  File "/Users/dinukaperera/opt/anaconda3/envs/flower_tutorial/lib/python3.10/site-packages/flwr/client/client.py", line 184, in maybe_call_fit
    return client.fit(fit_ins)
  File "/Users/dinukaperera/opt/anaconda3/envs/flower_tutorial/lib/python3.10/site-packages/flwr/client/app.py", line 297, in _fit
    results = self.numpy_client.fit(parameters, ins.config)  # type: ignore
  File "/Users/dinukaperera/FLwithFlwr/flowertry/cleint.py", line 196, in fit
    return super().fit(parameters, config)
  File "/Users/dinukaperera/FLwithFlwr/flowertry/cleint.py", line 109, in fit
    c_i_new = train_scaffold(
TypeError: train_scaffold() missing 1 required positional argument: 'net'
[2026-01-11 00:55:32,260][flwr][ERROR] - [36mray::launch_and_fit()[39m (pid=80987, ip=127.0.0.1)
  File "/Users/dinukaperera/opt/anaconda3/envs/flower_tutorial/lib/python3.10/site-packages/flwr/simulation/ray_transport/ray_client_proxy.py", line 148, in launch_and_fit
    return maybe_call_fit(
  File "/Users/dinukaperera/opt/anaconda3/envs/flower_tutorial/lib/python3.10/site-packages/flwr/client/client.py", line 184, in maybe_call_fit
    return client.fit(fit_ins)
  File "/Users/dinukaperera/opt/anaconda3/envs/flower_tutorial/lib/python3.10/site-packages/flwr/client/app.py", line 297, in _fit
    results = self.numpy_client.fit(parameters, ins.config)  # type: ignore
  File "/Users/dinukaperera/FLwithFlwr/flowertry/cleint.py", line 196, in fit
    return super().fit(parameters, config)
  File "/Users/dinukaperera/FLwithFlwr/flowertry/cleint.py", line 109, in fit
    c_i_new = train_scaffold(
TypeError: train_scaffold() missing 1 required positional argument: 'net'
[2026-01-11 00:55:32,260][flwr][DEBUG] - fit_round 50 received 0 results and 10 failures
[2026-01-11 00:55:32,283][flwr][INFO] - fit progress: (50, 72.24541532993317, {'accuracy': 0.286}, 13.016041042006691)
[2026-01-11 00:55:32,283][flwr][INFO] - evaluate_round 50: no clients selected, cancel
[2026-01-11 00:55:32,283][flwr][INFO] - FL finished in 13.016263208002783
[2026-01-11 00:55:32,283][flwr][INFO] - app_fit: losses_distributed []
[2026-01-11 00:55:32,283][flwr][INFO] - app_fit: metrics_distributed_fit {}
[2026-01-11 00:55:32,283][flwr][INFO] - app_fit: metrics_distributed {}
[2026-01-11 00:55:32,283][flwr][INFO] - app_fit: losses_centralized [(0, 72.24541532993317), (1, 72.24541532993317), (2, 72.24541532993317), (3, 72.24541532993317), (4, 72.24541532993317), (5, 72.24541532993317), (6, 72.24541532993317), (7, 72.24541532993317), (8, 72.24541532993317), (9, 72.24541532993317), (10, 72.24541532993317), (11, 72.24541532993317), (12, 72.24541532993317), (13, 72.24541532993317), (14, 72.24541532993317), (15, 72.24541532993317), (16, 72.24541532993317), (17, 72.24541532993317), (18, 72.24541532993317), (19, 72.24541532993317), (20, 72.24541532993317), (21, 72.24541532993317), (22, 72.24541532993317), (23, 72.24541532993317), (24, 72.24541532993317), (25, 72.24541532993317), (26, 72.24541532993317), (27, 72.24541532993317), (28, 72.24541532993317), (29, 72.24541532993317), (30, 72.24541532993317), (31, 72.24541532993317), (32, 72.24541532993317), (33, 72.24541532993317), (34, 72.24541532993317), (35, 72.24541532993317), (36, 72.24541532993317), (37, 72.24541532993317), (38, 72.24541532993317), (39, 72.24541532993317), (40, 72.24541532993317), (41, 72.24541532993317), (42, 72.24541532993317), (43, 72.24541532993317), (44, 72.24541532993317), (45, 72.24541532993317), (46, 72.24541532993317), (47, 72.24541532993317), (48, 72.24541532993317), (49, 72.24541532993317), (50, 72.24541532993317)]
[2026-01-11 00:55:32,284][flwr][INFO] - app_fit: metrics_centralized {'accuracy': [(0, 0.286), (1, 0.286), (2, 0.286), (3, 0.286), (4, 0.286), (5, 0.286), (6, 0.286), (7, 0.286), (8, 0.286), (9, 0.286), (10, 0.286), (11, 0.286), (12, 0.286), (13, 0.286), (14, 0.286), (15, 0.286), (16, 0.286), (17, 0.286), (18, 0.286), (19, 0.286), (20, 0.286), (21, 0.286), (22, 0.286), (23, 0.286), (24, 0.286), (25, 0.286), (26, 0.286), (27, 0.286), (28, 0.286), (29, 0.286), (30, 0.286), (31, 0.286), (32, 0.286), (33, 0.286), (34, 0.286), (35, 0.286), (36, 0.286), (37, 0.286), (38, 0.286), (39, 0.286), (40, 0.286), (41, 0.286), (42, 0.286), (43, 0.286), (44, 0.286), (45, 0.286), (46, 0.286), (47, 0.286), (48, 0.286), (49, 0.286), (50, 0.286)]}
