[2026-01-06 01:00:20,761][flwr][INFO] - Starting Flower simulation, config: ServerConfig(num_rounds=20, round_timeout=None)
[2026-01-06 01:00:25,946][flwr][INFO] - Flower VCE: Ray initialized with resources: {'memory': 11784000717.0, 'node:127.0.0.1': 1.0, 'object_store_memory': 2147483648.0, 'CPU': 10.0}
[2026-01-06 01:00:25,946][flwr][INFO] - Initializing global parameters
[2026-01-06 01:00:25,946][flwr][INFO] - Requesting initial parameters from one random client
[2026-01-06 01:00:29,041][flwr][INFO] - Received initial parameters from one random client
[2026-01-06 01:00:29,041][flwr][INFO] - Evaluating initial parameters
[2026-01-06 01:00:29,069][flwr][INFO] - initial parameters (loss, other metrics): 68.75961184501648, {'accuracy': 0.471}
[2026-01-06 01:00:29,069][flwr][INFO] - FL starting
[2026-01-06 01:00:29,069][flwr][DEBUG] - fit_round 1: strategy sampled 10 clients (out of 100)
[2026-01-06 01:00:33,039][flwr][DEBUG] - fit_round 1 received 10 results and 0 failures
[2026-01-06 01:00:33,043][flwr][WARNING] - No fit_metrics_aggregation_fn provided
[2026-01-06 01:00:33,066][flwr][INFO] - fit progress: (1, 64.60485154390335, {'accuracy': 0.5805}, 3.9972514590481296)
[2026-01-06 01:00:33,067][flwr][DEBUG] - evaluate_round 1: strategy sampled 100 clients (out of 100)
[2026-01-06 01:00:33,497][flwr][DEBUG] - evaluate_round 1 received 100 results and 0 failures
[2026-01-06 01:00:33,498][flwr][WARNING] - No evaluate_metrics_aggregation_fn provided
[2026-01-06 01:00:33,498][flwr][DEBUG] - fit_round 2: strategy sampled 10 clients (out of 100)
[2026-01-06 01:00:33,563][flwr][DEBUG] - fit_round 2 received 10 results and 0 failures
[2026-01-06 01:00:33,590][flwr][INFO] - fit progress: (2, 63.122736036777496, {'accuracy': 0.508}, 4.52130979206413)
[2026-01-06 01:00:33,591][flwr][DEBUG] - evaluate_round 2: strategy sampled 100 clients (out of 100)
[2026-01-06 01:00:34,046][flwr][DEBUG] - evaluate_round 2 received 100 results and 0 failures
[2026-01-06 01:00:34,047][flwr][DEBUG] - fit_round 3: strategy sampled 10 clients (out of 100)
[2026-01-06 01:00:34,111][flwr][DEBUG] - fit_round 3 received 10 results and 0 failures
[2026-01-06 01:00:34,144][flwr][INFO] - fit progress: (3, 60.769041657447815, {'accuracy': 0.52}, 5.07506254198961)
[2026-01-06 01:00:34,144][flwr][DEBUG] - evaluate_round 3: strategy sampled 100 clients (out of 100)
[2026-01-06 01:00:34,641][flwr][DEBUG] - evaluate_round 3 received 100 results and 0 failures
[2026-01-06 01:00:34,641][flwr][DEBUG] - fit_round 4: strategy sampled 10 clients (out of 100)
[2026-01-06 01:00:34,706][flwr][DEBUG] - fit_round 4 received 10 results and 0 failures
[2026-01-06 01:00:34,735][flwr][INFO] - fit progress: (4, 54.575655460357666, {'accuracy': 0.5925}, 5.665944459033199)
[2026-01-06 01:00:34,735][flwr][DEBUG] - evaluate_round 4: strategy sampled 100 clients (out of 100)
[2026-01-06 01:00:35,155][flwr][DEBUG] - evaluate_round 4 received 100 results and 0 failures
[2026-01-06 01:00:35,155][flwr][DEBUG] - fit_round 5: strategy sampled 10 clients (out of 100)
[2026-01-06 01:00:35,219][flwr][DEBUG] - fit_round 5 received 10 results and 0 failures
[2026-01-06 01:00:35,246][flwr][INFO] - fit progress: (5, 53.13627678155899, {'accuracy': 0.5865}, 6.176948709064163)
[2026-01-06 01:00:35,246][flwr][DEBUG] - evaluate_round 5: strategy sampled 100 clients (out of 100)
[2026-01-06 01:00:35,631][flwr][DEBUG] - evaluate_round 5 received 100 results and 0 failures
[2026-01-06 01:00:35,632][flwr][DEBUG] - fit_round 6: strategy sampled 10 clients (out of 100)
[2026-01-06 01:00:35,701][flwr][DEBUG] - fit_round 6 received 10 results and 0 failures
[2026-01-06 01:00:35,727][flwr][INFO] - fit progress: (6, 52.83075124025345, {'accuracy': 0.5975}, 6.658241500030272)
[2026-01-06 01:00:35,728][flwr][DEBUG] - evaluate_round 6: strategy sampled 100 clients (out of 100)
[2026-01-06 01:00:36,112][flwr][DEBUG] - evaluate_round 6 received 100 results and 0 failures
[2026-01-06 01:00:36,113][flwr][DEBUG] - fit_round 7: strategy sampled 10 clients (out of 100)
[2026-01-06 01:00:36,178][flwr][DEBUG] - fit_round 7 received 10 results and 0 failures
[2026-01-06 01:00:36,203][flwr][INFO] - fit progress: (7, 49.33505994081497, {'accuracy': 0.5995}, 7.133759959018789)
[2026-01-06 01:00:36,203][flwr][DEBUG] - evaluate_round 7: strategy sampled 100 clients (out of 100)
[2026-01-06 01:00:36,580][flwr][DEBUG] - evaluate_round 7 received 100 results and 0 failures
[2026-01-06 01:00:36,581][flwr][DEBUG] - fit_round 8: strategy sampled 10 clients (out of 100)
[2026-01-06 01:00:36,641][flwr][DEBUG] - fit_round 8 received 10 results and 0 failures
[2026-01-06 01:00:36,666][flwr][INFO] - fit progress: (8, 47.79733031988144, {'accuracy': 0.6125}, 7.597126333974302)
[2026-01-06 01:00:36,666][flwr][DEBUG] - evaluate_round 8: strategy sampled 100 clients (out of 100)
[2026-01-06 01:00:37,031][flwr][DEBUG] - evaluate_round 8 received 100 results and 0 failures
[2026-01-06 01:00:37,031][flwr][DEBUG] - fit_round 9: strategy sampled 10 clients (out of 100)
[2026-01-06 01:00:37,090][flwr][DEBUG] - fit_round 9 received 10 results and 0 failures
[2026-01-06 01:00:37,114][flwr][INFO] - fit progress: (9, 50.42690300941467, {'accuracy': 0.594}, 8.045346374972723)
[2026-01-06 01:00:37,115][flwr][DEBUG] - evaluate_round 9: strategy sampled 100 clients (out of 100)
[2026-01-06 01:00:37,511][flwr][DEBUG] - evaluate_round 9 received 100 results and 0 failures
[2026-01-06 01:00:37,511][flwr][DEBUG] - fit_round 10: strategy sampled 10 clients (out of 100)
[2026-01-06 01:00:37,571][flwr][DEBUG] - fit_round 10 received 10 results and 0 failures
[2026-01-06 01:00:37,596][flwr][INFO] - fit progress: (10, 54.77335911989212, {'accuracy': 0.464}, 8.52686962496955)
[2026-01-06 01:00:37,596][flwr][DEBUG] - evaluate_round 10: strategy sampled 100 clients (out of 100)
[2026-01-06 01:00:37,964][flwr][DEBUG] - evaluate_round 10 received 100 results and 0 failures
[2026-01-06 01:00:37,964][flwr][DEBUG] - fit_round 11: strategy sampled 10 clients (out of 100)
[2026-01-06 01:00:38,025][flwr][DEBUG] - fit_round 11 received 10 results and 0 failures
[2026-01-06 01:00:38,049][flwr][INFO] - fit progress: (11, 45.95643776655197, {'accuracy': 0.6055}, 8.980342125054449)
[2026-01-06 01:00:38,050][flwr][DEBUG] - evaluate_round 11: strategy sampled 100 clients (out of 100)
[2026-01-06 01:00:38,419][flwr][DEBUG] - evaluate_round 11 received 100 results and 0 failures
[2026-01-06 01:00:38,419][flwr][DEBUG] - fit_round 12: strategy sampled 10 clients (out of 100)
[2026-01-06 01:00:38,483][flwr][DEBUG] - fit_round 12 received 10 results and 0 failures
[2026-01-06 01:00:38,507][flwr][INFO] - fit progress: (12, 48.04233032464981, {'accuracy': 0.5895}, 9.437498499988578)
[2026-01-06 01:00:38,507][flwr][DEBUG] - evaluate_round 12: strategy sampled 100 clients (out of 100)
[2026-01-06 01:00:38,876][flwr][DEBUG] - evaluate_round 12 received 100 results and 0 failures
[2026-01-06 01:00:38,877][flwr][DEBUG] - fit_round 13: strategy sampled 10 clients (out of 100)
[2026-01-06 01:00:38,938][flwr][DEBUG] - fit_round 13 received 10 results and 0 failures
[2026-01-06 01:00:38,962][flwr][INFO] - fit progress: (13, 45.00280612707138, {'accuracy': 0.6075}, 9.893030709004961)
[2026-01-06 01:00:38,962][flwr][DEBUG] - evaluate_round 13: strategy sampled 100 clients (out of 100)
[2026-01-06 01:00:39,337][flwr][DEBUG] - evaluate_round 13 received 100 results and 0 failures
[2026-01-06 01:00:39,338][flwr][DEBUG] - fit_round 14: strategy sampled 10 clients (out of 100)
[2026-01-06 01:00:39,419][flwr][DEBUG] - fit_round 14 received 10 results and 0 failures
[2026-01-06 01:00:39,450][flwr][INFO] - fit progress: (14, 48.14026755094528, {'accuracy': 0.5865}, 10.380853499984369)
[2026-01-06 01:00:39,450][flwr][DEBUG] - evaluate_round 14: strategy sampled 100 clients (out of 100)
[2026-01-06 01:00:39,841][flwr][DEBUG] - evaluate_round 14 received 100 results and 0 failures
[2026-01-06 01:00:39,842][flwr][DEBUG] - fit_round 15: strategy sampled 10 clients (out of 100)
[2026-01-06 01:00:39,904][flwr][DEBUG] - fit_round 15 received 10 results and 0 failures
[2026-01-06 01:00:39,929][flwr][INFO] - fit progress: (15, 51.32458132505417, {'accuracy': 0.62}, 10.860330000054091)
[2026-01-06 01:00:39,930][flwr][DEBUG] - evaluate_round 15: strategy sampled 100 clients (out of 100)
[2026-01-06 01:00:40,299][flwr][DEBUG] - evaluate_round 15 received 100 results and 0 failures
[2026-01-06 01:00:40,299][flwr][DEBUG] - fit_round 16: strategy sampled 10 clients (out of 100)
[2026-01-06 01:00:40,358][flwr][DEBUG] - fit_round 16 received 10 results and 0 failures
[2026-01-06 01:00:40,382][flwr][INFO] - fit progress: (16, 45.046147882938385, {'accuracy': 0.5555}, 11.313089667004533)
[2026-01-06 01:00:40,382][flwr][DEBUG] - evaluate_round 16: strategy sampled 100 clients (out of 100)
[2026-01-06 01:00:40,757][flwr][DEBUG] - evaluate_round 16 received 100 results and 0 failures
[2026-01-06 01:00:40,757][flwr][DEBUG] - fit_round 17: strategy sampled 10 clients (out of 100)
[2026-01-06 01:00:40,819][flwr][DEBUG] - fit_round 17 received 10 results and 0 failures
[2026-01-06 01:00:40,846][flwr][INFO] - fit progress: (17, 47.49598175287247, {'accuracy': 0.5405}, 11.776898209005594)
[2026-01-06 01:00:40,846][flwr][DEBUG] - evaluate_round 17: strategy sampled 100 clients (out of 100)
[2026-01-06 01:00:41,217][flwr][DEBUG] - evaluate_round 17 received 100 results and 0 failures
[2026-01-06 01:00:41,217][flwr][DEBUG] - fit_round 18: strategy sampled 10 clients (out of 100)
[2026-01-06 01:00:41,282][flwr][DEBUG] - fit_round 18 received 10 results and 0 failures
[2026-01-06 01:00:41,308][flwr][INFO] - fit progress: (18, 44.631444811820984, {'accuracy': 0.5895}, 12.238500167033635)
[2026-01-06 01:00:41,308][flwr][DEBUG] - evaluate_round 18: strategy sampled 100 clients (out of 100)
[2026-01-06 01:00:41,702][flwr][DEBUG] - evaluate_round 18 received 100 results and 0 failures
[2026-01-06 01:00:41,702][flwr][DEBUG] - fit_round 19: strategy sampled 10 clients (out of 100)
[2026-01-06 01:00:41,772][flwr][DEBUG] - fit_round 19 received 10 results and 0 failures
[2026-01-06 01:00:41,800][flwr][INFO] - fit progress: (19, 47.608605563640594, {'accuracy': 0.6055}, 12.730918167042546)
[2026-01-06 01:00:41,800][flwr][DEBUG] - evaluate_round 19: strategy sampled 100 clients (out of 100)
[2026-01-06 01:00:42,193][flwr][DEBUG] - evaluate_round 19 received 100 results and 0 failures
[2026-01-06 01:00:42,193][flwr][DEBUG] - fit_round 20: strategy sampled 10 clients (out of 100)
[2026-01-06 01:00:42,254][flwr][DEBUG] - fit_round 20 received 10 results and 0 failures
[2026-01-06 01:00:42,287][flwr][INFO] - fit progress: (20, 58.49648064374924, {'accuracy': 0.4965}, 13.217855209019035)
[2026-01-06 01:00:42,287][flwr][DEBUG] - evaluate_round 20: strategy sampled 100 clients (out of 100)
[2026-01-06 01:00:42,780][flwr][DEBUG] - evaluate_round 20 received 100 results and 0 failures
[2026-01-06 01:00:42,780][flwr][INFO] - FL finished in 13.710830125026405
[2026-01-06 01:00:42,781][flwr][INFO] - app_fit: losses_distributed [(1, 1.0299638264459563), (2, 1.0090107986167685), (3, 0.9734221338953601), (4, 0.8789142529441886), (5, 0.858132029028788), (6, 0.8546168514480602), (7, 0.7953500089716149), (8, 0.7723513870887017), (9, 0.8141762912613616), (10, 0.8717348591241663), (11, 0.7417592236168309), (12, 0.7729571415749315), (13, 0.7254197322274452), (14, 0.7731742804453253), (15, 0.8326564640759333), (16, 0.7234379577378159), (17, 0.7712894682708669), (18, 0.7144838853922064), (19, 0.7677139023055225), (20, 0.9284766287155891)]
[2026-01-06 01:00:42,781][flwr][INFO] - app_fit: metrics_distributed_fit {}
[2026-01-06 01:00:42,781][flwr][INFO] - app_fit: metrics_distributed {}
[2026-01-06 01:00:42,781][flwr][INFO] - app_fit: losses_centralized [(0, 68.75961184501648), (1, 64.60485154390335), (2, 63.122736036777496), (3, 60.769041657447815), (4, 54.575655460357666), (5, 53.13627678155899), (6, 52.83075124025345), (7, 49.33505994081497), (8, 47.79733031988144), (9, 50.42690300941467), (10, 54.77335911989212), (11, 45.95643776655197), (12, 48.04233032464981), (13, 45.00280612707138), (14, 48.14026755094528), (15, 51.32458132505417), (16, 45.046147882938385), (17, 47.49598175287247), (18, 44.631444811820984), (19, 47.608605563640594), (20, 58.49648064374924)]
[2026-01-06 01:00:42,781][flwr][INFO] - app_fit: metrics_centralized {'accuracy': [(0, 0.471), (1, 0.5805), (2, 0.508), (3, 0.52), (4, 0.5925), (5, 0.5865), (6, 0.5975), (7, 0.5995), (8, 0.6125), (9, 0.594), (10, 0.464), (11, 0.6055), (12, 0.5895), (13, 0.6075), (14, 0.5865), (15, 0.62), (16, 0.5555), (17, 0.5405), (18, 0.5895), (19, 0.6055), (20, 0.4965)]}
[2026-01-06 01:00:42,784][flwr][INFO] - Starting Flower simulation, config: ServerConfig(num_rounds=20, round_timeout=None)
[2026-01-06 01:00:49,630][flwr][INFO] - Flower VCE: Ray initialized with resources: {'node:127.0.0.1': 1.0, 'memory': 12156931687.0, 'object_store_memory': 2147483648.0, 'CPU': 10.0}
[2026-01-06 01:00:49,631][flwr][INFO] - Initializing global parameters
[2026-01-06 01:00:49,631][flwr][INFO] - Requesting initial parameters from one random client
[2026-01-06 01:00:52,701][flwr][INFO] - Received initial parameters from one random client
[2026-01-06 01:00:52,702][flwr][INFO] - Evaluating initial parameters
[2026-01-06 01:00:52,729][flwr][INFO] - initial parameters (loss, other metrics): 71.4499409198761, {'accuracy': 0.249}
[2026-01-06 01:00:52,729][flwr][INFO] - FL starting
[2026-01-06 01:00:52,730][flwr][DEBUG] - fit_round 1: strategy sampled 10 clients (out of 100)
[2026-01-06 01:00:56,800][flwr][DEBUG] - fit_round 1 received 10 results and 0 failures
[2026-01-06 01:00:56,806][flwr][WARNING] - No fit_metrics_aggregation_fn provided
[2026-01-06 01:00:56,837][flwr][INFO] - fit progress: (1, 66.27829694747925, {'accuracy': 0.507}, 4.107896041939966)
[2026-01-06 01:00:56,838][flwr][DEBUG] - evaluate_round 1: strategy sampled 100 clients (out of 100)
[2026-01-06 01:00:57,287][flwr][DEBUG] - evaluate_round 1 received 100 results and 0 failures
[2026-01-06 01:00:57,287][flwr][WARNING] - No evaluate_metrics_aggregation_fn provided
[2026-01-06 01:00:57,288][flwr][DEBUG] - fit_round 2: strategy sampled 10 clients (out of 100)
[2026-01-06 01:00:57,351][flwr][DEBUG] - fit_round 2 received 10 results and 0 failures
[2026-01-06 01:00:57,376][flwr][INFO] - fit progress: (2, 65.42921388149261, {'accuracy': 0.495}, 4.646623791893944)
[2026-01-06 01:00:57,376][flwr][DEBUG] - evaluate_round 2: strategy sampled 100 clients (out of 100)
[2026-01-06 01:00:57,777][flwr][DEBUG] - evaluate_round 2 received 100 results and 0 failures
[2026-01-06 01:00:57,777][flwr][DEBUG] - fit_round 3: strategy sampled 10 clients (out of 100)
[2026-01-06 01:00:58,037][flwr][DEBUG] - fit_round 3 received 10 results and 0 failures
[2026-01-06 01:00:58,066][flwr][INFO] - fit progress: (3, 65.82688295841217, {'accuracy': 0.507}, 5.336591374943964)
[2026-01-06 01:00:58,066][flwr][DEBUG] - evaluate_round 3: strategy sampled 100 clients (out of 100)
[2026-01-06 01:00:58,512][flwr][DEBUG] - evaluate_round 3 received 100 results and 0 failures
[2026-01-06 01:00:58,512][flwr][DEBUG] - fit_round 4: strategy sampled 10 clients (out of 100)
[2026-01-06 01:00:58,571][flwr][DEBUG] - fit_round 4 received 10 results and 0 failures
[2026-01-06 01:00:58,596][flwr][INFO] - fit progress: (4, 61.146764516830444, {'accuracy': 0.5095}, 5.866560166934505)
[2026-01-06 01:00:58,596][flwr][DEBUG] - evaluate_round 4: strategy sampled 100 clients (out of 100)
[2026-01-06 01:00:59,149][flwr][DEBUG] - evaluate_round 4 received 100 results and 0 failures
[2026-01-06 01:00:59,149][flwr][DEBUG] - fit_round 5: strategy sampled 10 clients (out of 100)
[2026-01-06 01:00:59,217][flwr][DEBUG] - fit_round 5 received 10 results and 0 failures
[2026-01-06 01:00:59,243][flwr][INFO] - fit progress: (5, 59.31495249271393, {'accuracy': 0.524}, 6.513506208895706)
[2026-01-06 01:00:59,243][flwr][DEBUG] - evaluate_round 5: strategy sampled 100 clients (out of 100)
[2026-01-06 01:00:59,633][flwr][DEBUG] - evaluate_round 5 received 100 results and 0 failures
[2026-01-06 01:00:59,633][flwr][DEBUG] - fit_round 6: strategy sampled 10 clients (out of 100)
[2026-01-06 01:00:59,698][flwr][DEBUG] - fit_round 6 received 10 results and 0 failures
[2026-01-06 01:00:59,723][flwr][INFO] - fit progress: (6, 60.84127002954483, {'accuracy': 0.5385}, 6.993808083934709)
[2026-01-06 01:00:59,724][flwr][DEBUG] - evaluate_round 6: strategy sampled 100 clients (out of 100)
[2026-01-06 01:01:00,111][flwr][DEBUG] - evaluate_round 6 received 100 results and 0 failures
[2026-01-06 01:01:00,111][flwr][DEBUG] - fit_round 7: strategy sampled 10 clients (out of 100)
[2026-01-06 01:01:00,175][flwr][DEBUG] - fit_round 7 received 10 results and 0 failures
[2026-01-06 01:01:00,203][flwr][INFO] - fit progress: (7, 52.98884278535843, {'accuracy': 0.5575}, 7.473098874907009)
[2026-01-06 01:01:00,203][flwr][DEBUG] - evaluate_round 7: strategy sampled 100 clients (out of 100)
[2026-01-06 01:01:00,577][flwr][DEBUG] - evaluate_round 7 received 100 results and 0 failures
[2026-01-06 01:01:00,578][flwr][DEBUG] - fit_round 8: strategy sampled 10 clients (out of 100)
[2026-01-06 01:01:00,637][flwr][DEBUG] - fit_round 8 received 10 results and 0 failures
[2026-01-06 01:01:00,661][flwr][INFO] - fit progress: (8, 48.794939279556274, {'accuracy': 0.608}, 7.931785208988003)
[2026-01-06 01:01:00,662][flwr][DEBUG] - evaluate_round 8: strategy sampled 100 clients (out of 100)
[2026-01-06 01:01:01,033][flwr][DEBUG] - evaluate_round 8 received 100 results and 0 failures
[2026-01-06 01:01:01,033][flwr][DEBUG] - fit_round 9: strategy sampled 10 clients (out of 100)
[2026-01-06 01:01:01,088][flwr][DEBUG] - fit_round 9 received 10 results and 0 failures
[2026-01-06 01:01:01,114][flwr][INFO] - fit progress: (9, 48.46969699859619, {'accuracy': 0.606}, 8.384031874942593)
[2026-01-06 01:01:01,114][flwr][DEBUG] - evaluate_round 9: strategy sampled 100 clients (out of 100)
[2026-01-06 01:01:01,486][flwr][DEBUG] - evaluate_round 9 received 100 results and 0 failures
[2026-01-06 01:01:01,487][flwr][DEBUG] - fit_round 10: strategy sampled 10 clients (out of 100)
[2026-01-06 01:01:01,551][flwr][DEBUG] - fit_round 10 received 10 results and 0 failures
[2026-01-06 01:01:01,576][flwr][INFO] - fit progress: (10, 49.818462789058685, {'accuracy': 0.593}, 8.846292624948546)
[2026-01-06 01:01:01,576][flwr][DEBUG] - evaluate_round 10: strategy sampled 100 clients (out of 100)
[2026-01-06 01:01:01,946][flwr][DEBUG] - evaluate_round 10 received 100 results and 0 failures
[2026-01-06 01:01:01,947][flwr][DEBUG] - fit_round 11: strategy sampled 10 clients (out of 100)
[2026-01-06 01:01:02,006][flwr][DEBUG] - fit_round 11 received 10 results and 0 failures
[2026-01-06 01:01:02,031][flwr][INFO] - fit progress: (11, 53.44463640451431, {'accuracy': 0.477}, 9.300986041896977)
[2026-01-06 01:01:02,031][flwr][DEBUG] - evaluate_round 11: strategy sampled 100 clients (out of 100)
[2026-01-06 01:01:02,404][flwr][DEBUG] - evaluate_round 11 received 100 results and 0 failures
[2026-01-06 01:01:02,405][flwr][DEBUG] - fit_round 12: strategy sampled 10 clients (out of 100)
[2026-01-06 01:01:02,462][flwr][DEBUG] - fit_round 12 received 10 results and 0 failures
[2026-01-06 01:01:02,488][flwr][INFO] - fit progress: (12, 47.82853001356125, {'accuracy': 0.517}, 9.758886416908354)
[2026-01-06 01:01:02,489][flwr][DEBUG] - evaluate_round 12: strategy sampled 100 clients (out of 100)
[2026-01-06 01:01:02,854][flwr][DEBUG] - evaluate_round 12 received 100 results and 0 failures
[2026-01-06 01:01:02,855][flwr][DEBUG] - fit_round 13: strategy sampled 10 clients (out of 100)
[2026-01-06 01:01:02,912][flwr][DEBUG] - fit_round 13 received 10 results and 0 failures
[2026-01-06 01:01:02,937][flwr][INFO] - fit progress: (13, 47.12530818581581, {'accuracy': 0.6055}, 10.20699858397711)
[2026-01-06 01:01:02,937][flwr][DEBUG] - evaluate_round 13: strategy sampled 100 clients (out of 100)
[2026-01-06 01:01:03,307][flwr][DEBUG] - evaluate_round 13 received 100 results and 0 failures
[2026-01-06 01:01:03,307][flwr][DEBUG] - fit_round 14: strategy sampled 10 clients (out of 100)
[2026-01-06 01:01:03,365][flwr][DEBUG] - fit_round 14 received 10 results and 0 failures
[2026-01-06 01:01:03,390][flwr][INFO] - fit progress: (14, 45.986329674720764, {'accuracy': 0.5345}, 10.660170208895579)
[2026-01-06 01:01:03,390][flwr][DEBUG] - evaluate_round 14: strategy sampled 100 clients (out of 100)
[2026-01-06 01:01:03,758][flwr][DEBUG] - evaluate_round 14 received 100 results and 0 failures
[2026-01-06 01:01:03,758][flwr][DEBUG] - fit_round 15: strategy sampled 10 clients (out of 100)
[2026-01-06 01:01:03,822][flwr][DEBUG] - fit_round 15 received 10 results and 0 failures
[2026-01-06 01:01:03,847][flwr][INFO] - fit progress: (15, 50.72575968503952, {'accuracy': 0.493}, 11.117872416973114)
[2026-01-06 01:01:03,848][flwr][DEBUG] - evaluate_round 15: strategy sampled 100 clients (out of 100)
[2026-01-06 01:01:04,214][flwr][DEBUG] - evaluate_round 15 received 100 results and 0 failures
[2026-01-06 01:01:04,215][flwr][DEBUG] - fit_round 16: strategy sampled 10 clients (out of 100)
[2026-01-06 01:01:04,277][flwr][DEBUG] - fit_round 16 received 10 results and 0 failures
[2026-01-06 01:01:04,301][flwr][INFO] - fit progress: (16, 44.595269083976746, {'accuracy': 0.5995}, 11.571096208994277)
[2026-01-06 01:01:04,301][flwr][DEBUG] - evaluate_round 16: strategy sampled 100 clients (out of 100)
[2026-01-06 01:01:04,668][flwr][DEBUG] - evaluate_round 16 received 100 results and 0 failures
[2026-01-06 01:01:04,669][flwr][DEBUG] - fit_round 17: strategy sampled 10 clients (out of 100)
[2026-01-06 01:01:04,728][flwr][DEBUG] - fit_round 17 received 10 results and 0 failures
[2026-01-06 01:01:04,754][flwr][INFO] - fit progress: (17, 50.93748098611832, {'accuracy': 0.593}, 12.023947541951202)
[2026-01-06 01:01:04,754][flwr][DEBUG] - evaluate_round 17: strategy sampled 100 clients (out of 100)
[2026-01-06 01:01:05,121][flwr][DEBUG] - evaluate_round 17 received 100 results and 0 failures
[2026-01-06 01:01:05,122][flwr][DEBUG] - fit_round 18: strategy sampled 10 clients (out of 100)
[2026-01-06 01:01:05,179][flwr][DEBUG] - fit_round 18 received 10 results and 0 failures
[2026-01-06 01:01:05,204][flwr][INFO] - fit progress: (18, 44.63109105825424, {'accuracy': 0.5495}, 12.474346291972324)
[2026-01-06 01:01:05,204][flwr][DEBUG] - evaluate_round 18: strategy sampled 100 clients (out of 100)
[2026-01-06 01:01:05,567][flwr][DEBUG] - evaluate_round 18 received 100 results and 0 failures
[2026-01-06 01:01:05,567][flwr][DEBUG] - fit_round 19: strategy sampled 10 clients (out of 100)
[2026-01-06 01:01:05,623][flwr][DEBUG] - fit_round 19 received 10 results and 0 failures
[2026-01-06 01:01:05,648][flwr][INFO] - fit progress: (19, 50.94358915090561, {'accuracy': 0.603}, 12.91879824991338)
[2026-01-06 01:01:05,649][flwr][DEBUG] - evaluate_round 19: strategy sampled 100 clients (out of 100)
[2026-01-06 01:01:06,015][flwr][DEBUG] - evaluate_round 19 received 100 results and 0 failures
[2026-01-06 01:01:06,016][flwr][DEBUG] - fit_round 20: strategy sampled 10 clients (out of 100)
[2026-01-06 01:01:06,084][flwr][DEBUG] - fit_round 20 received 10 results and 0 failures
[2026-01-06 01:01:06,108][flwr][INFO] - fit progress: (20, 61.79249167442322, {'accuracy': 0.5225}, 13.378016333910637)
[2026-01-06 01:01:06,108][flwr][DEBUG] - evaluate_round 20: strategy sampled 100 clients (out of 100)
[2026-01-06 01:01:06,474][flwr][DEBUG] - evaluate_round 20 received 100 results and 0 failures
[2026-01-06 01:01:06,474][flwr][INFO] - FL finished in 13.744167166994885
[2026-01-06 01:01:06,474][flwr][INFO] - app_fit: losses_distributed [(1, 1.0531625604792818), (2, 1.0401278562741736), (3, 1.0491947006247087), (4, 0.9762722624287213), (5, 0.9500165792973074), (6, 0.9775464975670592), (7, 0.8504846906417036), (8, 0.7863516405088716), (9, 0.780350715466286), (10, 0.8048782931751313), (11, 0.8511593302022921), (12, 0.768366844822827), (13, 0.7637469261612522), (14, 0.740410953385917), (15, 0.8093569846356024), (16, 0.7207750366430848), (17, 0.8240658654980192), (18, 0.7221002110097234), (19, 0.8261527197954317), (20, 0.9938067091739478)]
[2026-01-06 01:01:06,474][flwr][INFO] - app_fit: metrics_distributed_fit {}
[2026-01-06 01:01:06,474][flwr][INFO] - app_fit: metrics_distributed {}
[2026-01-06 01:01:06,474][flwr][INFO] - app_fit: losses_centralized [(0, 71.4499409198761), (1, 66.27829694747925), (2, 65.42921388149261), (3, 65.82688295841217), (4, 61.146764516830444), (5, 59.31495249271393), (6, 60.84127002954483), (7, 52.98884278535843), (8, 48.794939279556274), (9, 48.46969699859619), (10, 49.818462789058685), (11, 53.44463640451431), (12, 47.82853001356125), (13, 47.12530818581581), (14, 45.986329674720764), (15, 50.72575968503952), (16, 44.595269083976746), (17, 50.93748098611832), (18, 44.63109105825424), (19, 50.94358915090561), (20, 61.79249167442322)]
[2026-01-06 01:01:06,474][flwr][INFO] - app_fit: metrics_centralized {'accuracy': [(0, 0.249), (1, 0.507), (2, 0.495), (3, 0.507), (4, 0.5095), (5, 0.524), (6, 0.5385), (7, 0.5575), (8, 0.608), (9, 0.606), (10, 0.593), (11, 0.477), (12, 0.517), (13, 0.6055), (14, 0.5345), (15, 0.493), (16, 0.5995), (17, 0.593), (18, 0.5495), (19, 0.603), (20, 0.5225)]}
[2026-01-06 01:01:06,506][flwr][INFO] - Starting Flower simulation, config: ServerConfig(num_rounds=20, round_timeout=None)
[2026-01-06 01:01:13,124][flwr][INFO] - Flower VCE: Ray initialized with resources: {'object_store_memory': 2147483648.0, 'memory': 12320814285.0, 'CPU': 10.0, 'node:127.0.0.1': 1.0}
[2026-01-06 01:01:13,125][flwr][INFO] - Initializing global parameters
[2026-01-06 01:01:13,125][flwr][INFO] - Requesting initial parameters from one random client
[2026-01-06 01:01:16,242][flwr][INFO] - Received initial parameters from one random client
[2026-01-06 01:01:16,243][flwr][INFO] - Evaluating initial parameters
[2026-01-06 01:01:16,265][flwr][INFO] - initial parameters (loss, other metrics): 68.0167875289917, {'accuracy': 0.5075}
[2026-01-06 01:01:16,265][flwr][INFO] - FL starting
[2026-01-06 01:01:16,270][flwr][DEBUG] - fit_round 1: strategy sampled 10 clients (out of 100)
[2026-01-06 01:01:16,318][flwr][ERROR] - [36mray::launch_and_fit()[39m (pid=77249, ip=127.0.0.1)
  File "/Users/dinukaperera/opt/anaconda3/envs/flower_tutorial/lib/python3.10/site-packages/flwr/simulation/ray_transport/ray_client_proxy.py", line 148, in launch_and_fit
    return maybe_call_fit(
  File "/Users/dinukaperera/opt/anaconda3/envs/flower_tutorial/lib/python3.10/site-packages/flwr/client/client.py", line 184, in maybe_call_fit
    return client.fit(fit_ins)
  File "/Users/dinukaperera/opt/anaconda3/envs/flower_tutorial/lib/python3.10/site-packages/flwr/client/app.py", line 294, in _fit
    parameters: NDArrays = parameters_to_ndarrays(ins.parameters)
AttributeError: 'dict' object has no attribute 'parameters'
[2026-01-06 01:01:16,326][flwr][ERROR] - [36mray::launch_and_fit()[39m (pid=77249, ip=127.0.0.1)
  File "/Users/dinukaperera/opt/anaconda3/envs/flower_tutorial/lib/python3.10/site-packages/flwr/simulation/ray_transport/ray_client_proxy.py", line 148, in launch_and_fit
    return maybe_call_fit(
  File "/Users/dinukaperera/opt/anaconda3/envs/flower_tutorial/lib/python3.10/site-packages/flwr/client/client.py", line 184, in maybe_call_fit
    return client.fit(fit_ins)
  File "/Users/dinukaperera/opt/anaconda3/envs/flower_tutorial/lib/python3.10/site-packages/flwr/client/app.py", line 294, in _fit
    parameters: NDArrays = parameters_to_ndarrays(ins.parameters)
AttributeError: 'dict' object has no attribute 'parameters'
[2026-01-06 01:01:19,672][flwr][ERROR] - [36mray::launch_and_fit()[39m (pid=77244, ip=127.0.0.1)
  File "/Users/dinukaperera/opt/anaconda3/envs/flower_tutorial/lib/python3.10/site-packages/flwr/simulation/ray_transport/ray_client_proxy.py", line 148, in launch_and_fit
    return maybe_call_fit(
  File "/Users/dinukaperera/opt/anaconda3/envs/flower_tutorial/lib/python3.10/site-packages/flwr/client/client.py", line 184, in maybe_call_fit
    return client.fit(fit_ins)
  File "/Users/dinukaperera/opt/anaconda3/envs/flower_tutorial/lib/python3.10/site-packages/flwr/client/app.py", line 294, in _fit
    parameters: NDArrays = parameters_to_ndarrays(ins.parameters)
AttributeError: 'dict' object has no attribute 'parameters'
[2026-01-06 01:01:19,684][flwr][ERROR] - [36mray::launch_and_fit()[39m (pid=77250, ip=127.0.0.1)
  File "/Users/dinukaperera/opt/anaconda3/envs/flower_tutorial/lib/python3.10/site-packages/flwr/simulation/ray_transport/ray_client_proxy.py", line 148, in launch_and_fit
    return maybe_call_fit(
  File "/Users/dinukaperera/opt/anaconda3/envs/flower_tutorial/lib/python3.10/site-packages/flwr/client/client.py", line 184, in maybe_call_fit
    return client.fit(fit_ins)
  File "/Users/dinukaperera/opt/anaconda3/envs/flower_tutorial/lib/python3.10/site-packages/flwr/client/app.py", line 294, in _fit
    parameters: NDArrays = parameters_to_ndarrays(ins.parameters)
AttributeError: 'dict' object has no attribute 'parameters'
[2026-01-06 01:01:19,696][flwr][ERROR] - [36mray::launch_and_fit()[39m (pid=77246, ip=127.0.0.1)
  File "/Users/dinukaperera/opt/anaconda3/envs/flower_tutorial/lib/python3.10/site-packages/flwr/simulation/ray_transport/ray_client_proxy.py", line 148, in launch_and_fit
    return maybe_call_fit(
  File "/Users/dinukaperera/opt/anaconda3/envs/flower_tutorial/lib/python3.10/site-packages/flwr/client/client.py", line 184, in maybe_call_fit
    return client.fit(fit_ins)
  File "/Users/dinukaperera/opt/anaconda3/envs/flower_tutorial/lib/python3.10/site-packages/flwr/client/app.py", line 294, in _fit
    parameters: NDArrays = parameters_to_ndarrays(ins.parameters)
AttributeError: 'dict' object has no attribute 'parameters'
[2026-01-06 01:01:19,697][flwr][ERROR] - [36mray::launch_and_fit()[39m (pid=77251, ip=127.0.0.1)
  File "/Users/dinukaperera/opt/anaconda3/envs/flower_tutorial/lib/python3.10/site-packages/flwr/simulation/ray_transport/ray_client_proxy.py", line 148, in launch_and_fit
    return maybe_call_fit(
  File "/Users/dinukaperera/opt/anaconda3/envs/flower_tutorial/lib/python3.10/site-packages/flwr/client/client.py", line 184, in maybe_call_fit
    return client.fit(fit_ins)
  File "/Users/dinukaperera/opt/anaconda3/envs/flower_tutorial/lib/python3.10/site-packages/flwr/client/app.py", line 294, in _fit
    parameters: NDArrays = parameters_to_ndarrays(ins.parameters)
AttributeError: 'dict' object has no attribute 'parameters'
[2026-01-06 01:01:19,704][flwr][ERROR] - [36mray::launch_and_fit()[39m (pid=77245, ip=127.0.0.1)
  File "/Users/dinukaperera/opt/anaconda3/envs/flower_tutorial/lib/python3.10/site-packages/flwr/simulation/ray_transport/ray_client_proxy.py", line 148, in launch_and_fit
    return maybe_call_fit(
  File "/Users/dinukaperera/opt/anaconda3/envs/flower_tutorial/lib/python3.10/site-packages/flwr/client/client.py", line 184, in maybe_call_fit
    return client.fit(fit_ins)
  File "/Users/dinukaperera/opt/anaconda3/envs/flower_tutorial/lib/python3.10/site-packages/flwr/client/app.py", line 294, in _fit
    parameters: NDArrays = parameters_to_ndarrays(ins.parameters)
AttributeError: 'dict' object has no attribute 'parameters'
[2026-01-06 01:01:19,705][flwr][ERROR] - [36mray::launch_and_fit()[39m (pid=77243, ip=127.0.0.1)
  File "/Users/dinukaperera/opt/anaconda3/envs/flower_tutorial/lib/python3.10/site-packages/flwr/simulation/ray_transport/ray_client_proxy.py", line 148, in launch_and_fit
    return maybe_call_fit(
  File "/Users/dinukaperera/opt/anaconda3/envs/flower_tutorial/lib/python3.10/site-packages/flwr/client/client.py", line 184, in maybe_call_fit
    return client.fit(fit_ins)
  File "/Users/dinukaperera/opt/anaconda3/envs/flower_tutorial/lib/python3.10/site-packages/flwr/client/app.py", line 294, in _fit
    parameters: NDArrays = parameters_to_ndarrays(ins.parameters)
AttributeError: 'dict' object has no attribute 'parameters'
[2026-01-06 01:01:19,742][flwr][ERROR] - [36mray::launch_and_fit()[39m (pid=77248, ip=127.0.0.1)
  File "/Users/dinukaperera/opt/anaconda3/envs/flower_tutorial/lib/python3.10/site-packages/flwr/simulation/ray_transport/ray_client_proxy.py", line 148, in launch_and_fit
    return maybe_call_fit(
  File "/Users/dinukaperera/opt/anaconda3/envs/flower_tutorial/lib/python3.10/site-packages/flwr/client/client.py", line 184, in maybe_call_fit
    return client.fit(fit_ins)
  File "/Users/dinukaperera/opt/anaconda3/envs/flower_tutorial/lib/python3.10/site-packages/flwr/client/app.py", line 294, in _fit
    parameters: NDArrays = parameters_to_ndarrays(ins.parameters)
AttributeError: 'dict' object has no attribute 'parameters'
[2026-01-06 01:01:19,762][flwr][ERROR] - [36mray::launch_and_fit()[39m (pid=77252, ip=127.0.0.1)
  File "/Users/dinukaperera/opt/anaconda3/envs/flower_tutorial/lib/python3.10/site-packages/flwr/simulation/ray_transport/ray_client_proxy.py", line 148, in launch_and_fit
    return maybe_call_fit(
  File "/Users/dinukaperera/opt/anaconda3/envs/flower_tutorial/lib/python3.10/site-packages/flwr/client/client.py", line 184, in maybe_call_fit
    return client.fit(fit_ins)
  File "/Users/dinukaperera/opt/anaconda3/envs/flower_tutorial/lib/python3.10/site-packages/flwr/client/app.py", line 294, in _fit
    parameters: NDArrays = parameters_to_ndarrays(ins.parameters)
AttributeError: 'dict' object has no attribute 'parameters'
[2026-01-06 01:01:19,762][flwr][DEBUG] - fit_round 1 received 0 results and 10 failures
[2026-01-06 01:01:19,785][flwr][INFO] - fit progress: (1, 68.0167875289917, {'accuracy': 0.5075}, 3.5196930839447305)
[2026-01-06 01:01:19,785][flwr][DEBUG] - evaluate_round 1: strategy sampled 25 clients (out of 100)
[2026-01-06 01:01:19,821][flwr][ERROR] - [36mray::launch_and_evaluate()[39m (pid=77252, ip=127.0.0.1)
  File "/Users/dinukaperera/opt/anaconda3/envs/flower_tutorial/lib/python3.10/site-packages/flwr/simulation/ray_transport/ray_client_proxy.py", line 160, in launch_and_evaluate
    return maybe_call_evaluate(
  File "/Users/dinukaperera/opt/anaconda3/envs/flower_tutorial/lib/python3.10/site-packages/flwr/client/client.py", line 205, in maybe_call_evaluate
    return client.evaluate(evaluate_ins)
  File "/Users/dinukaperera/opt/anaconda3/envs/flower_tutorial/lib/python3.10/site-packages/flwr/client/app.py", line 319, in _evaluate
    parameters: NDArrays = parameters_to_ndarrays(ins.parameters)
AttributeError: 'dict' object has no attribute 'parameters'
[2026-01-06 01:01:19,822][flwr][ERROR] - [36mray::launch_and_evaluate()[39m (pid=77252, ip=127.0.0.1)
  File "/Users/dinukaperera/opt/anaconda3/envs/flower_tutorial/lib/python3.10/site-packages/flwr/simulation/ray_transport/ray_client_proxy.py", line 160, in launch_and_evaluate
    return maybe_call_evaluate(
  File "/Users/dinukaperera/opt/anaconda3/envs/flower_tutorial/lib/python3.10/site-packages/flwr/client/client.py", line 205, in maybe_call_evaluate
    return client.evaluate(evaluate_ins)
  File "/Users/dinukaperera/opt/anaconda3/envs/flower_tutorial/lib/python3.10/site-packages/flwr/client/app.py", line 319, in _evaluate
    parameters: NDArrays = parameters_to_ndarrays(ins.parameters)
AttributeError: 'dict' object has no attribute 'parameters'
[2026-01-06 01:01:19,831][flwr][ERROR] - [36mray::launch_and_evaluate()[39m (pid=77252, ip=127.0.0.1)
  File "/Users/dinukaperera/opt/anaconda3/envs/flower_tutorial/lib/python3.10/site-packages/flwr/simulation/ray_transport/ray_client_proxy.py", line 160, in launch_and_evaluate
    return maybe_call_evaluate(
  File "/Users/dinukaperera/opt/anaconda3/envs/flower_tutorial/lib/python3.10/site-packages/flwr/client/client.py", line 205, in maybe_call_evaluate
    return client.evaluate(evaluate_ins)
  File "/Users/dinukaperera/opt/anaconda3/envs/flower_tutorial/lib/python3.10/site-packages/flwr/client/app.py", line 319, in _evaluate
    parameters: NDArrays = parameters_to_ndarrays(ins.parameters)
AttributeError: 'dict' object has no attribute 'parameters'
[2026-01-06 01:01:19,836][flwr][ERROR] - [36mray::launch_and_evaluate()[39m (pid=77248, ip=127.0.0.1)
  File "/Users/dinukaperera/opt/anaconda3/envs/flower_tutorial/lib/python3.10/site-packages/flwr/simulation/ray_transport/ray_client_proxy.py", line 160, in launch_and_evaluate
    return maybe_call_evaluate(
  File "/Users/dinukaperera/opt/anaconda3/envs/flower_tutorial/lib/python3.10/site-packages/flwr/client/client.py", line 205, in maybe_call_evaluate
    return client.evaluate(evaluate_ins)
  File "/Users/dinukaperera/opt/anaconda3/envs/flower_tutorial/lib/python3.10/site-packages/flwr/client/app.py", line 319, in _evaluate
    parameters: NDArrays = parameters_to_ndarrays(ins.parameters)
AttributeError: 'dict' object has no attribute 'parameters'
[2026-01-06 01:01:19,841][flwr][ERROR] - [36mray::launch_and_evaluate()[39m (pid=77243, ip=127.0.0.1)
  File "/Users/dinukaperera/opt/anaconda3/envs/flower_tutorial/lib/python3.10/site-packages/flwr/simulation/ray_transport/ray_client_proxy.py", line 160, in launch_and_evaluate
    return maybe_call_evaluate(
  File "/Users/dinukaperera/opt/anaconda3/envs/flower_tutorial/lib/python3.10/site-packages/flwr/client/client.py", line 205, in maybe_call_evaluate
    return client.evaluate(evaluate_ins)
  File "/Users/dinukaperera/opt/anaconda3/envs/flower_tutorial/lib/python3.10/site-packages/flwr/client/app.py", line 319, in _evaluate
    parameters: NDArrays = parameters_to_ndarrays(ins.parameters)
AttributeError: 'dict' object has no attribute 'parameters'
[2026-01-06 01:01:19,842][flwr][ERROR] - [36mray::launch_and_evaluate()[39m (pid=77252, ip=127.0.0.1)
  File "/Users/dinukaperera/opt/anaconda3/envs/flower_tutorial/lib/python3.10/site-packages/flwr/simulation/ray_transport/ray_client_proxy.py", line 160, in launch_and_evaluate
    return maybe_call_evaluate(
  File "/Users/dinukaperera/opt/anaconda3/envs/flower_tutorial/lib/python3.10/site-packages/flwr/client/client.py", line 205, in maybe_call_evaluate
    return client.evaluate(evaluate_ins)
  File "/Users/dinukaperera/opt/anaconda3/envs/flower_tutorial/lib/python3.10/site-packages/flwr/client/app.py", line 319, in _evaluate
    parameters: NDArrays = parameters_to_ndarrays(ins.parameters)
AttributeError: 'dict' object has no attribute 'parameters'
[2026-01-06 01:01:19,852][flwr][ERROR] - [36mray::launch_and_evaluate()[39m (pid=77248, ip=127.0.0.1)
  File "/Users/dinukaperera/opt/anaconda3/envs/flower_tutorial/lib/python3.10/site-packages/flwr/simulation/ray_transport/ray_client_proxy.py", line 160, in launch_and_evaluate
    return maybe_call_evaluate(
  File "/Users/dinukaperera/opt/anaconda3/envs/flower_tutorial/lib/python3.10/site-packages/flwr/client/client.py", line 205, in maybe_call_evaluate
    return client.evaluate(evaluate_ins)
  File "/Users/dinukaperera/opt/anaconda3/envs/flower_tutorial/lib/python3.10/site-packages/flwr/client/app.py", line 319, in _evaluate
    parameters: NDArrays = parameters_to_ndarrays(ins.parameters)
AttributeError: 'dict' object has no attribute 'parameters'
[2026-01-06 01:01:19,852][flwr][ERROR] - [36mray::launch_and_evaluate()[39m (pid=77245, ip=127.0.0.1)
  File "/Users/dinukaperera/opt/anaconda3/envs/flower_tutorial/lib/python3.10/site-packages/flwr/simulation/ray_transport/ray_client_proxy.py", line 160, in launch_and_evaluate
    return maybe_call_evaluate(
  File "/Users/dinukaperera/opt/anaconda3/envs/flower_tutorial/lib/python3.10/site-packages/flwr/client/client.py", line 205, in maybe_call_evaluate
    return client.evaluate(evaluate_ins)
  File "/Users/dinukaperera/opt/anaconda3/envs/flower_tutorial/lib/python3.10/site-packages/flwr/client/app.py", line 319, in _evaluate
    parameters: NDArrays = parameters_to_ndarrays(ins.parameters)
AttributeError: 'dict' object has no attribute 'parameters'
[2026-01-06 01:01:19,852][flwr][ERROR] - [36mray::launch_and_evaluate()[39m (pid=77245, ip=127.0.0.1)
  File "/Users/dinukaperera/opt/anaconda3/envs/flower_tutorial/lib/python3.10/site-packages/flwr/simulation/ray_transport/ray_client_proxy.py", line 160, in launch_and_evaluate
    return maybe_call_evaluate(
  File "/Users/dinukaperera/opt/anaconda3/envs/flower_tutorial/lib/python3.10/site-packages/flwr/client/client.py", line 205, in maybe_call_evaluate
    return client.evaluate(evaluate_ins)
  File "/Users/dinukaperera/opt/anaconda3/envs/flower_tutorial/lib/python3.10/site-packages/flwr/client/app.py", line 319, in _evaluate
    parameters: NDArrays = parameters_to_ndarrays(ins.parameters)
AttributeError: 'dict' object has no attribute 'parameters'
[2026-01-06 01:01:19,865][flwr][ERROR] - [36mray::launch_and_evaluate()[39m (pid=77248, ip=127.0.0.1)
  File "/Users/dinukaperera/opt/anaconda3/envs/flower_tutorial/lib/python3.10/site-packages/flwr/simulation/ray_transport/ray_client_proxy.py", line 160, in launch_and_evaluate
    return maybe_call_evaluate(
  File "/Users/dinukaperera/opt/anaconda3/envs/flower_tutorial/lib/python3.10/site-packages/flwr/client/client.py", line 205, in maybe_call_evaluate
    return client.evaluate(evaluate_ins)
  File "/Users/dinukaperera/opt/anaconda3/envs/flower_tutorial/lib/python3.10/site-packages/flwr/client/app.py", line 319, in _evaluate
    parameters: NDArrays = parameters_to_ndarrays(ins.parameters)
AttributeError: 'dict' object has no attribute 'parameters'
[2026-01-06 01:01:19,865][flwr][ERROR] - [36mray::launch_and_evaluate()[39m (pid=77248, ip=127.0.0.1)
  File "/Users/dinukaperera/opt/anaconda3/envs/flower_tutorial/lib/python3.10/site-packages/flwr/simulation/ray_transport/ray_client_proxy.py", line 160, in launch_and_evaluate
    return maybe_call_evaluate(
  File "/Users/dinukaperera/opt/anaconda3/envs/flower_tutorial/lib/python3.10/site-packages/flwr/client/client.py", line 205, in maybe_call_evaluate
    return client.evaluate(evaluate_ins)
  File "/Users/dinukaperera/opt/anaconda3/envs/flower_tutorial/lib/python3.10/site-packages/flwr/client/app.py", line 319, in _evaluate
    parameters: NDArrays = parameters_to_ndarrays(ins.parameters)
AttributeError: 'dict' object has no attribute 'parameters'
[2026-01-06 01:01:19,874][flwr][ERROR] - [36mray::launch_and_evaluate()[39m (pid=77248, ip=127.0.0.1)
  File "/Users/dinukaperera/opt/anaconda3/envs/flower_tutorial/lib/python3.10/site-packages/flwr/simulation/ray_transport/ray_client_proxy.py", line 160, in launch_and_evaluate
    return maybe_call_evaluate(
  File "/Users/dinukaperera/opt/anaconda3/envs/flower_tutorial/lib/python3.10/site-packages/flwr/client/client.py", line 205, in maybe_call_evaluate
    return client.evaluate(evaluate_ins)
  File "/Users/dinukaperera/opt/anaconda3/envs/flower_tutorial/lib/python3.10/site-packages/flwr/client/app.py", line 319, in _evaluate
    parameters: NDArrays = parameters_to_ndarrays(ins.parameters)
AttributeError: 'dict' object has no attribute 'parameters'
[2026-01-06 01:01:19,879][flwr][ERROR] - [36mray::launch_and_evaluate()[39m (pid=77245, ip=127.0.0.1)
  File "/Users/dinukaperera/opt/anaconda3/envs/flower_tutorial/lib/python3.10/site-packages/flwr/simulation/ray_transport/ray_client_proxy.py", line 160, in launch_and_evaluate
    return maybe_call_evaluate(
  File "/Users/dinukaperera/opt/anaconda3/envs/flower_tutorial/lib/python3.10/site-packages/flwr/client/client.py", line 205, in maybe_call_evaluate
    return client.evaluate(evaluate_ins)
  File "/Users/dinukaperera/opt/anaconda3/envs/flower_tutorial/lib/python3.10/site-packages/flwr/client/app.py", line 319, in _evaluate
    parameters: NDArrays = parameters_to_ndarrays(ins.parameters)
AttributeError: 'dict' object has no attribute 'parameters'
[2026-01-06 01:01:19,879][flwr][ERROR] - [36mray::launch_and_evaluate()[39m (pid=77252, ip=127.0.0.1)
  File "/Users/dinukaperera/opt/anaconda3/envs/flower_tutorial/lib/python3.10/site-packages/flwr/simulation/ray_transport/ray_client_proxy.py", line 160, in launch_and_evaluate
    return maybe_call_evaluate(
  File "/Users/dinukaperera/opt/anaconda3/envs/flower_tutorial/lib/python3.10/site-packages/flwr/client/client.py", line 205, in maybe_call_evaluate
    return client.evaluate(evaluate_ins)
  File "/Users/dinukaperera/opt/anaconda3/envs/flower_tutorial/lib/python3.10/site-packages/flwr/client/app.py", line 319, in _evaluate
    parameters: NDArrays = parameters_to_ndarrays(ins.parameters)
AttributeError: 'dict' object has no attribute 'parameters'
[2026-01-06 01:01:19,887][flwr][ERROR] - [36mray::launch_and_evaluate()[39m (pid=77248, ip=127.0.0.1)
  File "/Users/dinukaperera/opt/anaconda3/envs/flower_tutorial/lib/python3.10/site-packages/flwr/simulation/ray_transport/ray_client_proxy.py", line 160, in launch_and_evaluate
    return maybe_call_evaluate(
  File "/Users/dinukaperera/opt/anaconda3/envs/flower_tutorial/lib/python3.10/site-packages/flwr/client/client.py", line 205, in maybe_call_evaluate
    return client.evaluate(evaluate_ins)
  File "/Users/dinukaperera/opt/anaconda3/envs/flower_tutorial/lib/python3.10/site-packages/flwr/client/app.py", line 319, in _evaluate
    parameters: NDArrays = parameters_to_ndarrays(ins.parameters)
AttributeError: 'dict' object has no attribute 'parameters'
[2026-01-06 01:01:19,887][flwr][ERROR] - [36mray::launch_and_evaluate()[39m (pid=77251, ip=127.0.0.1)
  File "/Users/dinukaperera/opt/anaconda3/envs/flower_tutorial/lib/python3.10/site-packages/flwr/simulation/ray_transport/ray_client_proxy.py", line 160, in launch_and_evaluate
    return maybe_call_evaluate(
  File "/Users/dinukaperera/opt/anaconda3/envs/flower_tutorial/lib/python3.10/site-packages/flwr/client/client.py", line 205, in maybe_call_evaluate
    return client.evaluate(evaluate_ins)
  File "/Users/dinukaperera/opt/anaconda3/envs/flower_tutorial/lib/python3.10/site-packages/flwr/client/app.py", line 319, in _evaluate
    parameters: NDArrays = parameters_to_ndarrays(ins.parameters)
AttributeError: 'dict' object has no attribute 'parameters'
[2026-01-06 01:01:19,889][flwr][ERROR] - [36mray::launch_and_evaluate()[39m (pid=77243, ip=127.0.0.1)
  File "/Users/dinukaperera/opt/anaconda3/envs/flower_tutorial/lib/python3.10/site-packages/flwr/simulation/ray_transport/ray_client_proxy.py", line 160, in launch_and_evaluate
    return maybe_call_evaluate(
  File "/Users/dinukaperera/opt/anaconda3/envs/flower_tutorial/lib/python3.10/site-packages/flwr/client/client.py", line 205, in maybe_call_evaluate
    return client.evaluate(evaluate_ins)
  File "/Users/dinukaperera/opt/anaconda3/envs/flower_tutorial/lib/python3.10/site-packages/flwr/client/app.py", line 319, in _evaluate
    parameters: NDArrays = parameters_to_ndarrays(ins.parameters)
AttributeError: 'dict' object has no attribute 'parameters'
[2026-01-06 01:01:19,904][flwr][ERROR] - [36mray::launch_and_evaluate()[39m (pid=77251, ip=127.0.0.1)
  File "/Users/dinukaperera/opt/anaconda3/envs/flower_tutorial/lib/python3.10/site-packages/flwr/simulation/ray_transport/ray_client_proxy.py", line 160, in launch_and_evaluate
    return maybe_call_evaluate(
  File "/Users/dinukaperera/opt/anaconda3/envs/flower_tutorial/lib/python3.10/site-packages/flwr/client/client.py", line 205, in maybe_call_evaluate
    return client.evaluate(evaluate_ins)
  File "/Users/dinukaperera/opt/anaconda3/envs/flower_tutorial/lib/python3.10/site-packages/flwr/client/app.py", line 319, in _evaluate
    parameters: NDArrays = parameters_to_ndarrays(ins.parameters)
AttributeError: 'dict' object has no attribute 'parameters'
[2026-01-06 01:01:19,904][flwr][ERROR] - [36mray::launch_and_evaluate()[39m (pid=77248, ip=127.0.0.1)
  File "/Users/dinukaperera/opt/anaconda3/envs/flower_tutorial/lib/python3.10/site-packages/flwr/simulation/ray_transport/ray_client_proxy.py", line 160, in launch_and_evaluate
    return maybe_call_evaluate(
  File "/Users/dinukaperera/opt/anaconda3/envs/flower_tutorial/lib/python3.10/site-packages/flwr/client/client.py", line 205, in maybe_call_evaluate
    return client.evaluate(evaluate_ins)
  File "/Users/dinukaperera/opt/anaconda3/envs/flower_tutorial/lib/python3.10/site-packages/flwr/client/app.py", line 319, in _evaluate
    parameters: NDArrays = parameters_to_ndarrays(ins.parameters)
AttributeError: 'dict' object has no attribute 'parameters'
[2026-01-06 01:01:19,905][flwr][ERROR] - [36mray::launch_and_evaluate()[39m (pid=77252, ip=127.0.0.1)
  File "/Users/dinukaperera/opt/anaconda3/envs/flower_tutorial/lib/python3.10/site-packages/flwr/simulation/ray_transport/ray_client_proxy.py", line 160, in launch_and_evaluate
    return maybe_call_evaluate(
  File "/Users/dinukaperera/opt/anaconda3/envs/flower_tutorial/lib/python3.10/site-packages/flwr/client/client.py", line 205, in maybe_call_evaluate
    return client.evaluate(evaluate_ins)
  File "/Users/dinukaperera/opt/anaconda3/envs/flower_tutorial/lib/python3.10/site-packages/flwr/client/app.py", line 319, in _evaluate
    parameters: NDArrays = parameters_to_ndarrays(ins.parameters)
AttributeError: 'dict' object has no attribute 'parameters'
[2026-01-06 01:01:19,905][flwr][ERROR] - [36mray::launch_and_evaluate()[39m (pid=77243, ip=127.0.0.1)
  File "/Users/dinukaperera/opt/anaconda3/envs/flower_tutorial/lib/python3.10/site-packages/flwr/simulation/ray_transport/ray_client_proxy.py", line 160, in launch_and_evaluate
    return maybe_call_evaluate(
  File "/Users/dinukaperera/opt/anaconda3/envs/flower_tutorial/lib/python3.10/site-packages/flwr/client/client.py", line 205, in maybe_call_evaluate
    return client.evaluate(evaluate_ins)
  File "/Users/dinukaperera/opt/anaconda3/envs/flower_tutorial/lib/python3.10/site-packages/flwr/client/app.py", line 319, in _evaluate
    parameters: NDArrays = parameters_to_ndarrays(ins.parameters)
AttributeError: 'dict' object has no attribute 'parameters'
[2026-01-06 01:01:19,907][flwr][ERROR] - [36mray::launch_and_evaluate()[39m (pid=77245, ip=127.0.0.1)
  File "/Users/dinukaperera/opt/anaconda3/envs/flower_tutorial/lib/python3.10/site-packages/flwr/simulation/ray_transport/ray_client_proxy.py", line 160, in launch_and_evaluate
    return maybe_call_evaluate(
  File "/Users/dinukaperera/opt/anaconda3/envs/flower_tutorial/lib/python3.10/site-packages/flwr/client/client.py", line 205, in maybe_call_evaluate
    return client.evaluate(evaluate_ins)
  File "/Users/dinukaperera/opt/anaconda3/envs/flower_tutorial/lib/python3.10/site-packages/flwr/client/app.py", line 319, in _evaluate
    parameters: NDArrays = parameters_to_ndarrays(ins.parameters)
AttributeError: 'dict' object has no attribute 'parameters'
[2026-01-06 01:01:19,915][flwr][ERROR] - [36mray::launch_and_evaluate()[39m (pid=77245, ip=127.0.0.1)
  File "/Users/dinukaperera/opt/anaconda3/envs/flower_tutorial/lib/python3.10/site-packages/flwr/simulation/ray_transport/ray_client_proxy.py", line 160, in launch_and_evaluate
    return maybe_call_evaluate(
  File "/Users/dinukaperera/opt/anaconda3/envs/flower_tutorial/lib/python3.10/site-packages/flwr/client/client.py", line 205, in maybe_call_evaluate
    return client.evaluate(evaluate_ins)
  File "/Users/dinukaperera/opt/anaconda3/envs/flower_tutorial/lib/python3.10/site-packages/flwr/client/app.py", line 319, in _evaluate
    parameters: NDArrays = parameters_to_ndarrays(ins.parameters)
AttributeError: 'dict' object has no attribute 'parameters'
[2026-01-06 01:01:19,917][flwr][ERROR] - [36mray::launch_and_evaluate()[39m (pid=77252, ip=127.0.0.1)
  File "/Users/dinukaperera/opt/anaconda3/envs/flower_tutorial/lib/python3.10/site-packages/flwr/simulation/ray_transport/ray_client_proxy.py", line 160, in launch_and_evaluate
    return maybe_call_evaluate(
  File "/Users/dinukaperera/opt/anaconda3/envs/flower_tutorial/lib/python3.10/site-packages/flwr/client/client.py", line 205, in maybe_call_evaluate
    return client.evaluate(evaluate_ins)
  File "/Users/dinukaperera/opt/anaconda3/envs/flower_tutorial/lib/python3.10/site-packages/flwr/client/app.py", line 319, in _evaluate
    parameters: NDArrays = parameters_to_ndarrays(ins.parameters)
AttributeError: 'dict' object has no attribute 'parameters'
[2026-01-06 01:01:19,918][flwr][ERROR] - [36mray::launch_and_evaluate()[39m (pid=77248, ip=127.0.0.1)
  File "/Users/dinukaperera/opt/anaconda3/envs/flower_tutorial/lib/python3.10/site-packages/flwr/simulation/ray_transport/ray_client_proxy.py", line 160, in launch_and_evaluate
    return maybe_call_evaluate(
  File "/Users/dinukaperera/opt/anaconda3/envs/flower_tutorial/lib/python3.10/site-packages/flwr/client/client.py", line 205, in maybe_call_evaluate
    return client.evaluate(evaluate_ins)
  File "/Users/dinukaperera/opt/anaconda3/envs/flower_tutorial/lib/python3.10/site-packages/flwr/client/app.py", line 319, in _evaluate
    parameters: NDArrays = parameters_to_ndarrays(ins.parameters)
AttributeError: 'dict' object has no attribute 'parameters'
[2026-01-06 01:01:19,919][flwr][DEBUG] - evaluate_round 1 received 0 results and 25 failures
[2026-01-06 01:01:19,922][flwr][DEBUG] - fit_round 2: strategy sampled 10 clients (out of 100)
[2026-01-06 01:01:19,969][flwr][ERROR] - [36mray::launch_and_fit()[39m (pid=77248, ip=127.0.0.1)
  File "/Users/dinukaperera/opt/anaconda3/envs/flower_tutorial/lib/python3.10/site-packages/flwr/simulation/ray_transport/ray_client_proxy.py", line 148, in launch_and_fit
    return maybe_call_fit(
  File "/Users/dinukaperera/opt/anaconda3/envs/flower_tutorial/lib/python3.10/site-packages/flwr/client/client.py", line 184, in maybe_call_fit
    return client.fit(fit_ins)
  File "/Users/dinukaperera/opt/anaconda3/envs/flower_tutorial/lib/python3.10/site-packages/flwr/client/app.py", line 294, in _fit
    parameters: NDArrays = parameters_to_ndarrays(ins.parameters)
AttributeError: 'dict' object has no attribute 'parameters'
[2026-01-06 01:01:19,970][flwr][ERROR] - [36mray::launch_and_fit()[39m (pid=77252, ip=127.0.0.1)
  File "/Users/dinukaperera/opt/anaconda3/envs/flower_tutorial/lib/python3.10/site-packages/flwr/simulation/ray_transport/ray_client_proxy.py", line 148, in launch_and_fit
    return maybe_call_fit(
  File "/Users/dinukaperera/opt/anaconda3/envs/flower_tutorial/lib/python3.10/site-packages/flwr/client/client.py", line 184, in maybe_call_fit
    return client.fit(fit_ins)
  File "/Users/dinukaperera/opt/anaconda3/envs/flower_tutorial/lib/python3.10/site-packages/flwr/client/app.py", line 294, in _fit
    parameters: NDArrays = parameters_to_ndarrays(ins.parameters)
AttributeError: 'dict' object has no attribute 'parameters'
[2026-01-06 01:01:19,970][flwr][ERROR] - [36mray::launch_and_fit()[39m (pid=77245, ip=127.0.0.1)
  File "/Users/dinukaperera/opt/anaconda3/envs/flower_tutorial/lib/python3.10/site-packages/flwr/simulation/ray_transport/ray_client_proxy.py", line 148, in launch_and_fit
    return maybe_call_fit(
  File "/Users/dinukaperera/opt/anaconda3/envs/flower_tutorial/lib/python3.10/site-packages/flwr/client/client.py", line 184, in maybe_call_fit
    return client.fit(fit_ins)
  File "/Users/dinukaperera/opt/anaconda3/envs/flower_tutorial/lib/python3.10/site-packages/flwr/client/app.py", line 294, in _fit
    parameters: NDArrays = parameters_to_ndarrays(ins.parameters)
AttributeError: 'dict' object has no attribute 'parameters'
[2026-01-06 01:01:19,971][flwr][ERROR] - [36mray::launch_and_fit()[39m (pid=77251, ip=127.0.0.1)
  File "/Users/dinukaperera/opt/anaconda3/envs/flower_tutorial/lib/python3.10/site-packages/flwr/simulation/ray_transport/ray_client_proxy.py", line 148, in launch_and_fit
    return maybe_call_fit(
  File "/Users/dinukaperera/opt/anaconda3/envs/flower_tutorial/lib/python3.10/site-packages/flwr/client/client.py", line 184, in maybe_call_fit
    return client.fit(fit_ins)
  File "/Users/dinukaperera/opt/anaconda3/envs/flower_tutorial/lib/python3.10/site-packages/flwr/client/app.py", line 294, in _fit
    parameters: NDArrays = parameters_to_ndarrays(ins.parameters)
AttributeError: 'dict' object has no attribute 'parameters'
[2026-01-06 01:01:19,972][flwr][ERROR] - [36mray::launch_and_fit()[39m (pid=77243, ip=127.0.0.1)
  File "/Users/dinukaperera/opt/anaconda3/envs/flower_tutorial/lib/python3.10/site-packages/flwr/simulation/ray_transport/ray_client_proxy.py", line 148, in launch_and_fit
    return maybe_call_fit(
  File "/Users/dinukaperera/opt/anaconda3/envs/flower_tutorial/lib/python3.10/site-packages/flwr/client/client.py", line 184, in maybe_call_fit
    return client.fit(fit_ins)
  File "/Users/dinukaperera/opt/anaconda3/envs/flower_tutorial/lib/python3.10/site-packages/flwr/client/app.py", line 294, in _fit
    parameters: NDArrays = parameters_to_ndarrays(ins.parameters)
AttributeError: 'dict' object has no attribute 'parameters'
[2026-01-06 01:01:19,973][flwr][ERROR] - [36mray::launch_and_fit()[39m (pid=77250, ip=127.0.0.1)
  File "/Users/dinukaperera/opt/anaconda3/envs/flower_tutorial/lib/python3.10/site-packages/flwr/simulation/ray_transport/ray_client_proxy.py", line 148, in launch_and_fit
    return maybe_call_fit(
  File "/Users/dinukaperera/opt/anaconda3/envs/flower_tutorial/lib/python3.10/site-packages/flwr/client/client.py", line 184, in maybe_call_fit
    return client.fit(fit_ins)
  File "/Users/dinukaperera/opt/anaconda3/envs/flower_tutorial/lib/python3.10/site-packages/flwr/client/app.py", line 294, in _fit
    parameters: NDArrays = parameters_to_ndarrays(ins.parameters)
AttributeError: 'dict' object has no attribute 'parameters'
[2026-01-06 01:01:19,975][flwr][ERROR] - [36mray::launch_and_fit()[39m (pid=77246, ip=127.0.0.1)
  File "/Users/dinukaperera/opt/anaconda3/envs/flower_tutorial/lib/python3.10/site-packages/flwr/simulation/ray_transport/ray_client_proxy.py", line 148, in launch_and_fit
    return maybe_call_fit(
  File "/Users/dinukaperera/opt/anaconda3/envs/flower_tutorial/lib/python3.10/site-packages/flwr/client/client.py", line 184, in maybe_call_fit
    return client.fit(fit_ins)
  File "/Users/dinukaperera/opt/anaconda3/envs/flower_tutorial/lib/python3.10/site-packages/flwr/client/app.py", line 294, in _fit
    parameters: NDArrays = parameters_to_ndarrays(ins.parameters)
AttributeError: 'dict' object has no attribute 'parameters'
[2026-01-06 01:01:19,979][flwr][ERROR] - [36mray::launch_and_fit()[39m (pid=77243, ip=127.0.0.1)
  File "/Users/dinukaperera/opt/anaconda3/envs/flower_tutorial/lib/python3.10/site-packages/flwr/simulation/ray_transport/ray_client_proxy.py", line 148, in launch_and_fit
    return maybe_call_fit(
  File "/Users/dinukaperera/opt/anaconda3/envs/flower_tutorial/lib/python3.10/site-packages/flwr/client/client.py", line 184, in maybe_call_fit
    return client.fit(fit_ins)
  File "/Users/dinukaperera/opt/anaconda3/envs/flower_tutorial/lib/python3.10/site-packages/flwr/client/app.py", line 294, in _fit
    parameters: NDArrays = parameters_to_ndarrays(ins.parameters)
AttributeError: 'dict' object has no attribute 'parameters'
[2026-01-06 01:01:19,979][flwr][ERROR] - [36mray::launch_and_fit()[39m (pid=77251, ip=127.0.0.1)
  File "/Users/dinukaperera/opt/anaconda3/envs/flower_tutorial/lib/python3.10/site-packages/flwr/simulation/ray_transport/ray_client_proxy.py", line 148, in launch_and_fit
    return maybe_call_fit(
  File "/Users/dinukaperera/opt/anaconda3/envs/flower_tutorial/lib/python3.10/site-packages/flwr/client/client.py", line 184, in maybe_call_fit
    return client.fit(fit_ins)
  File "/Users/dinukaperera/opt/anaconda3/envs/flower_tutorial/lib/python3.10/site-packages/flwr/client/app.py", line 294, in _fit
    parameters: NDArrays = parameters_to_ndarrays(ins.parameters)
AttributeError: 'dict' object has no attribute 'parameters'
[2026-01-06 01:01:19,981][flwr][ERROR] - [36mray::launch_and_fit()[39m (pid=77246, ip=127.0.0.1)
  File "/Users/dinukaperera/opt/anaconda3/envs/flower_tutorial/lib/python3.10/site-packages/flwr/simulation/ray_transport/ray_client_proxy.py", line 148, in launch_and_fit
    return maybe_call_fit(
  File "/Users/dinukaperera/opt/anaconda3/envs/flower_tutorial/lib/python3.10/site-packages/flwr/client/client.py", line 184, in maybe_call_fit
    return client.fit(fit_ins)
  File "/Users/dinukaperera/opt/anaconda3/envs/flower_tutorial/lib/python3.10/site-packages/flwr/client/app.py", line 294, in _fit
    parameters: NDArrays = parameters_to_ndarrays(ins.parameters)
AttributeError: 'dict' object has no attribute 'parameters'
[2026-01-06 01:01:19,982][flwr][DEBUG] - fit_round 2 received 0 results and 10 failures
[2026-01-06 01:01:20,006][flwr][INFO] - fit progress: (2, 68.0167875289917, {'accuracy': 0.5075}, 3.7400306669296697)
[2026-01-06 01:01:20,006][flwr][DEBUG] - evaluate_round 2: strategy sampled 25 clients (out of 100)
[2026-01-06 01:01:20,037][flwr][ERROR] - [36mray::launch_and_evaluate()[39m (pid=77251, ip=127.0.0.1)
  File "/Users/dinukaperera/opt/anaconda3/envs/flower_tutorial/lib/python3.10/site-packages/flwr/simulation/ray_transport/ray_client_proxy.py", line 160, in launch_and_evaluate
    return maybe_call_evaluate(
  File "/Users/dinukaperera/opt/anaconda3/envs/flower_tutorial/lib/python3.10/site-packages/flwr/client/client.py", line 205, in maybe_call_evaluate
    return client.evaluate(evaluate_ins)
  File "/Users/dinukaperera/opt/anaconda3/envs/flower_tutorial/lib/python3.10/site-packages/flwr/client/app.py", line 319, in _evaluate
    parameters: NDArrays = parameters_to_ndarrays(ins.parameters)
AttributeError: 'dict' object has no attribute 'parameters'
[2026-01-06 01:01:20,042][flwr][ERROR] - [36mray::launch_and_evaluate()[39m (pid=77246, ip=127.0.0.1)
  File "/Users/dinukaperera/opt/anaconda3/envs/flower_tutorial/lib/python3.10/site-packages/flwr/simulation/ray_transport/ray_client_proxy.py", line 160, in launch_and_evaluate
    return maybe_call_evaluate(
  File "/Users/dinukaperera/opt/anaconda3/envs/flower_tutorial/lib/python3.10/site-packages/flwr/client/client.py", line 205, in maybe_call_evaluate
    return client.evaluate(evaluate_ins)
  File "/Users/dinukaperera/opt/anaconda3/envs/flower_tutorial/lib/python3.10/site-packages/flwr/client/app.py", line 319, in _evaluate
    parameters: NDArrays = parameters_to_ndarrays(ins.parameters)
AttributeError: 'dict' object has no attribute 'parameters'
[2026-01-06 01:01:20,043][flwr][ERROR] - [36mray::launch_and_evaluate()[39m (pid=77243, ip=127.0.0.1)
  File "/Users/dinukaperera/opt/anaconda3/envs/flower_tutorial/lib/python3.10/site-packages/flwr/simulation/ray_transport/ray_client_proxy.py", line 160, in launch_and_evaluate
    return maybe_call_evaluate(
  File "/Users/dinukaperera/opt/anaconda3/envs/flower_tutorial/lib/python3.10/site-packages/flwr/client/client.py", line 205, in maybe_call_evaluate
    return client.evaluate(evaluate_ins)
  File "/Users/dinukaperera/opt/anaconda3/envs/flower_tutorial/lib/python3.10/site-packages/flwr/client/app.py", line 319, in _evaluate
    parameters: NDArrays = parameters_to_ndarrays(ins.parameters)
AttributeError: 'dict' object has no attribute 'parameters'
[2026-01-06 01:01:20,051][flwr][ERROR] - [36mray::launch_and_evaluate()[39m (pid=77251, ip=127.0.0.1)
  File "/Users/dinukaperera/opt/anaconda3/envs/flower_tutorial/lib/python3.10/site-packages/flwr/simulation/ray_transport/ray_client_proxy.py", line 160, in launch_and_evaluate
    return maybe_call_evaluate(
  File "/Users/dinukaperera/opt/anaconda3/envs/flower_tutorial/lib/python3.10/site-packages/flwr/client/client.py", line 205, in maybe_call_evaluate
    return client.evaluate(evaluate_ins)
  File "/Users/dinukaperera/opt/anaconda3/envs/flower_tutorial/lib/python3.10/site-packages/flwr/client/app.py", line 319, in _evaluate
    parameters: NDArrays = parameters_to_ndarrays(ins.parameters)
AttributeError: 'dict' object has no attribute 'parameters'
[2026-01-06 01:01:20,055][flwr][ERROR] - [36mray::launch_and_evaluate()[39m (pid=77243, ip=127.0.0.1)
  File "/Users/dinukaperera/opt/anaconda3/envs/flower_tutorial/lib/python3.10/site-packages/flwr/simulation/ray_transport/ray_client_proxy.py", line 160, in launch_and_evaluate
    return maybe_call_evaluate(
  File "/Users/dinukaperera/opt/anaconda3/envs/flower_tutorial/lib/python3.10/site-packages/flwr/client/client.py", line 205, in maybe_call_evaluate
    return client.evaluate(evaluate_ins)
  File "/Users/dinukaperera/opt/anaconda3/envs/flower_tutorial/lib/python3.10/site-packages/flwr/client/app.py", line 319, in _evaluate
    parameters: NDArrays = parameters_to_ndarrays(ins.parameters)
AttributeError: 'dict' object has no attribute 'parameters'
[2026-01-06 01:01:20,055][flwr][ERROR] - [36mray::launch_and_evaluate()[39m (pid=77250, ip=127.0.0.1)
  File "/Users/dinukaperera/opt/anaconda3/envs/flower_tutorial/lib/python3.10/site-packages/flwr/simulation/ray_transport/ray_client_proxy.py", line 160, in launch_and_evaluate
    return maybe_call_evaluate(
  File "/Users/dinukaperera/opt/anaconda3/envs/flower_tutorial/lib/python3.10/site-packages/flwr/client/client.py", line 205, in maybe_call_evaluate
    return client.evaluate(evaluate_ins)
  File "/Users/dinukaperera/opt/anaconda3/envs/flower_tutorial/lib/python3.10/site-packages/flwr/client/app.py", line 319, in _evaluate
    parameters: NDArrays = parameters_to_ndarrays(ins.parameters)
AttributeError: 'dict' object has no attribute 'parameters'
[2026-01-06 01:01:20,059][flwr][ERROR] - [36mray::launch_and_evaluate()[39m (pid=77246, ip=127.0.0.1)
  File "/Users/dinukaperera/opt/anaconda3/envs/flower_tutorial/lib/python3.10/site-packages/flwr/simulation/ray_transport/ray_client_proxy.py", line 160, in launch_and_evaluate
    return maybe_call_evaluate(
  File "/Users/dinukaperera/opt/anaconda3/envs/flower_tutorial/lib/python3.10/site-packages/flwr/client/client.py", line 205, in maybe_call_evaluate
    return client.evaluate(evaluate_ins)
  File "/Users/dinukaperera/opt/anaconda3/envs/flower_tutorial/lib/python3.10/site-packages/flwr/client/app.py", line 319, in _evaluate
    parameters: NDArrays = parameters_to_ndarrays(ins.parameters)
AttributeError: 'dict' object has no attribute 'parameters'
[2026-01-06 01:01:20,071][flwr][ERROR] - [36mray::launch_and_evaluate()[39m (pid=77246, ip=127.0.0.1)
  File "/Users/dinukaperera/opt/anaconda3/envs/flower_tutorial/lib/python3.10/site-packages/flwr/simulation/ray_transport/ray_client_proxy.py", line 160, in launch_and_evaluate
    return maybe_call_evaluate(
  File "/Users/dinukaperera/opt/anaconda3/envs/flower_tutorial/lib/python3.10/site-packages/flwr/client/client.py", line 205, in maybe_call_evaluate
    return client.evaluate(evaluate_ins)
  File "/Users/dinukaperera/opt/anaconda3/envs/flower_tutorial/lib/python3.10/site-packages/flwr/client/app.py", line 319, in _evaluate
    parameters: NDArrays = parameters_to_ndarrays(ins.parameters)
AttributeError: 'dict' object has no attribute 'parameters'
[2026-01-06 01:01:20,079][flwr][ERROR] - [36mray::launch_and_evaluate()[39m (pid=77243, ip=127.0.0.1)
  File "/Users/dinukaperera/opt/anaconda3/envs/flower_tutorial/lib/python3.10/site-packages/flwr/simulation/ray_transport/ray_client_proxy.py", line 160, in launch_and_evaluate
    return maybe_call_evaluate(
  File "/Users/dinukaperera/opt/anaconda3/envs/flower_tutorial/lib/python3.10/site-packages/flwr/client/client.py", line 205, in maybe_call_evaluate
    return client.evaluate(evaluate_ins)
  File "/Users/dinukaperera/opt/anaconda3/envs/flower_tutorial/lib/python3.10/site-packages/flwr/client/app.py", line 319, in _evaluate
    parameters: NDArrays = parameters_to_ndarrays(ins.parameters)
AttributeError: 'dict' object has no attribute 'parameters'
[2026-01-06 01:01:20,090][flwr][ERROR] - [36mray::launch_and_evaluate()[39m (pid=77251, ip=127.0.0.1)
  File "/Users/dinukaperera/opt/anaconda3/envs/flower_tutorial/lib/python3.10/site-packages/flwr/simulation/ray_transport/ray_client_proxy.py", line 160, in launch_and_evaluate
    return maybe_call_evaluate(
  File "/Users/dinukaperera/opt/anaconda3/envs/flower_tutorial/lib/python3.10/site-packages/flwr/client/client.py", line 205, in maybe_call_evaluate
    return client.evaluate(evaluate_ins)
  File "/Users/dinukaperera/opt/anaconda3/envs/flower_tutorial/lib/python3.10/site-packages/flwr/client/app.py", line 319, in _evaluate
    parameters: NDArrays = parameters_to_ndarrays(ins.parameters)
AttributeError: 'dict' object has no attribute 'parameters'
[2026-01-06 01:01:20,091][flwr][ERROR] - [36mray::launch_and_evaluate()[39m (pid=77250, ip=127.0.0.1)
  File "/Users/dinukaperera/opt/anaconda3/envs/flower_tutorial/lib/python3.10/site-packages/flwr/simulation/ray_transport/ray_client_proxy.py", line 160, in launch_and_evaluate
    return maybe_call_evaluate(
  File "/Users/dinukaperera/opt/anaconda3/envs/flower_tutorial/lib/python3.10/site-packages/flwr/client/client.py", line 205, in maybe_call_evaluate
    return client.evaluate(evaluate_ins)
  File "/Users/dinukaperera/opt/anaconda3/envs/flower_tutorial/lib/python3.10/site-packages/flwr/client/app.py", line 319, in _evaluate
    parameters: NDArrays = parameters_to_ndarrays(ins.parameters)
AttributeError: 'dict' object has no attribute 'parameters'
[2026-01-06 01:01:20,092][flwr][ERROR] - [36mray::launch_and_evaluate()[39m (pid=77246, ip=127.0.0.1)
  File "/Users/dinukaperera/opt/anaconda3/envs/flower_tutorial/lib/python3.10/site-packages/flwr/simulation/ray_transport/ray_client_proxy.py", line 160, in launch_and_evaluate
    return maybe_call_evaluate(
  File "/Users/dinukaperera/opt/anaconda3/envs/flower_tutorial/lib/python3.10/site-packages/flwr/client/client.py", line 205, in maybe_call_evaluate
    return client.evaluate(evaluate_ins)
  File "/Users/dinukaperera/opt/anaconda3/envs/flower_tutorial/lib/python3.10/site-packages/flwr/client/app.py", line 319, in _evaluate
    parameters: NDArrays = parameters_to_ndarrays(ins.parameters)
AttributeError: 'dict' object has no attribute 'parameters'
[2026-01-06 01:01:20,118][flwr][ERROR] - [36mray::launch_and_evaluate()[39m (pid=77250, ip=127.0.0.1)
  File "/Users/dinukaperera/opt/anaconda3/envs/flower_tutorial/lib/python3.10/site-packages/flwr/simulation/ray_transport/ray_client_proxy.py", line 160, in launch_and_evaluate
    return maybe_call_evaluate(
  File "/Users/dinukaperera/opt/anaconda3/envs/flower_tutorial/lib/python3.10/site-packages/flwr/client/client.py", line 205, in maybe_call_evaluate
    return client.evaluate(evaluate_ins)
  File "/Users/dinukaperera/opt/anaconda3/envs/flower_tutorial/lib/python3.10/site-packages/flwr/client/app.py", line 319, in _evaluate
    parameters: NDArrays = parameters_to_ndarrays(ins.parameters)
AttributeError: 'dict' object has no attribute 'parameters'
[2026-01-06 01:01:20,123][flwr][ERROR] - [36mray::launch_and_evaluate()[39m (pid=77251, ip=127.0.0.1)
  File "/Users/dinukaperera/opt/anaconda3/envs/flower_tutorial/lib/python3.10/site-packages/flwr/simulation/ray_transport/ray_client_proxy.py", line 160, in launch_and_evaluate
    return maybe_call_evaluate(
  File "/Users/dinukaperera/opt/anaconda3/envs/flower_tutorial/lib/python3.10/site-packages/flwr/client/client.py", line 205, in maybe_call_evaluate
    return client.evaluate(evaluate_ins)
  File "/Users/dinukaperera/opt/anaconda3/envs/flower_tutorial/lib/python3.10/site-packages/flwr/client/app.py", line 319, in _evaluate
    parameters: NDArrays = parameters_to_ndarrays(ins.parameters)
AttributeError: 'dict' object has no attribute 'parameters'
[2026-01-06 01:01:20,128][flwr][ERROR] - [36mray::launch_and_evaluate()[39m (pid=77246, ip=127.0.0.1)
  File "/Users/dinukaperera/opt/anaconda3/envs/flower_tutorial/lib/python3.10/site-packages/flwr/simulation/ray_transport/ray_client_proxy.py", line 160, in launch_and_evaluate
    return maybe_call_evaluate(
  File "/Users/dinukaperera/opt/anaconda3/envs/flower_tutorial/lib/python3.10/site-packages/flwr/client/client.py", line 205, in maybe_call_evaluate
    return client.evaluate(evaluate_ins)
  File "/Users/dinukaperera/opt/anaconda3/envs/flower_tutorial/lib/python3.10/site-packages/flwr/client/app.py", line 319, in _evaluate
    parameters: NDArrays = parameters_to_ndarrays(ins.parameters)
AttributeError: 'dict' object has no attribute 'parameters'
[2026-01-06 01:01:20,128][flwr][ERROR] - [36mray::launch_and_evaluate()[39m (pid=77250, ip=127.0.0.1)
  File "/Users/dinukaperera/opt/anaconda3/envs/flower_tutorial/lib/python3.10/site-packages/flwr/simulation/ray_transport/ray_client_proxy.py", line 160, in launch_and_evaluate
    return maybe_call_evaluate(
  File "/Users/dinukaperera/opt/anaconda3/envs/flower_tutorial/lib/python3.10/site-packages/flwr/client/client.py", line 205, in maybe_call_evaluate
    return client.evaluate(evaluate_ins)
  File "/Users/dinukaperera/opt/anaconda3/envs/flower_tutorial/lib/python3.10/site-packages/flwr/client/app.py", line 319, in _evaluate
    parameters: NDArrays = parameters_to_ndarrays(ins.parameters)
AttributeError: 'dict' object has no attribute 'parameters'
[2026-01-06 01:01:20,134][flwr][ERROR] - [36mray::launch_and_evaluate()[39m (pid=77251, ip=127.0.0.1)
  File "/Users/dinukaperera/opt/anaconda3/envs/flower_tutorial/lib/python3.10/site-packages/flwr/simulation/ray_transport/ray_client_proxy.py", line 160, in launch_and_evaluate
    return maybe_call_evaluate(
  File "/Users/dinukaperera/opt/anaconda3/envs/flower_tutorial/lib/python3.10/site-packages/flwr/client/client.py", line 205, in maybe_call_evaluate
    return client.evaluate(evaluate_ins)
  File "/Users/dinukaperera/opt/anaconda3/envs/flower_tutorial/lib/python3.10/site-packages/flwr/client/app.py", line 319, in _evaluate
    parameters: NDArrays = parameters_to_ndarrays(ins.parameters)
AttributeError: 'dict' object has no attribute 'parameters'
[2026-01-06 01:01:20,139][flwr][ERROR] - [36mray::launch_and_evaluate()[39m (pid=77250, ip=127.0.0.1)
  File "/Users/dinukaperera/opt/anaconda3/envs/flower_tutorial/lib/python3.10/site-packages/flwr/simulation/ray_transport/ray_client_proxy.py", line 160, in launch_and_evaluate
    return maybe_call_evaluate(
  File "/Users/dinukaperera/opt/anaconda3/envs/flower_tutorial/lib/python3.10/site-packages/flwr/client/client.py", line 205, in maybe_call_evaluate
    return client.evaluate(evaluate_ins)
  File "/Users/dinukaperera/opt/anaconda3/envs/flower_tutorial/lib/python3.10/site-packages/flwr/client/app.py", line 319, in _evaluate
    parameters: NDArrays = parameters_to_ndarrays(ins.parameters)
AttributeError: 'dict' object has no attribute 'parameters'
[2026-01-06 01:01:20,139][flwr][ERROR] - [36mray::launch_and_evaluate()[39m (pid=77245, ip=127.0.0.1)
  File "/Users/dinukaperera/opt/anaconda3/envs/flower_tutorial/lib/python3.10/site-packages/flwr/simulation/ray_transport/ray_client_proxy.py", line 160, in launch_and_evaluate
    return maybe_call_evaluate(
  File "/Users/dinukaperera/opt/anaconda3/envs/flower_tutorial/lib/python3.10/site-packages/flwr/client/client.py", line 205, in maybe_call_evaluate
    return client.evaluate(evaluate_ins)
  File "/Users/dinukaperera/opt/anaconda3/envs/flower_tutorial/lib/python3.10/site-packages/flwr/client/app.py", line 319, in _evaluate
    parameters: NDArrays = parameters_to_ndarrays(ins.parameters)
AttributeError: 'dict' object has no attribute 'parameters'
[2026-01-06 01:01:20,139][flwr][ERROR] - [36mray::launch_and_evaluate()[39m (pid=77246, ip=127.0.0.1)
  File "/Users/dinukaperera/opt/anaconda3/envs/flower_tutorial/lib/python3.10/site-packages/flwr/simulation/ray_transport/ray_client_proxy.py", line 160, in launch_and_evaluate
    return maybe_call_evaluate(
  File "/Users/dinukaperera/opt/anaconda3/envs/flower_tutorial/lib/python3.10/site-packages/flwr/client/client.py", line 205, in maybe_call_evaluate
    return client.evaluate(evaluate_ins)
  File "/Users/dinukaperera/opt/anaconda3/envs/flower_tutorial/lib/python3.10/site-packages/flwr/client/app.py", line 319, in _evaluate
    parameters: NDArrays = parameters_to_ndarrays(ins.parameters)
AttributeError: 'dict' object has no attribute 'parameters'
[2026-01-06 01:01:20,140][flwr][ERROR] - [36mray::launch_and_evaluate()[39m (pid=77243, ip=127.0.0.1)
  File "/Users/dinukaperera/opt/anaconda3/envs/flower_tutorial/lib/python3.10/site-packages/flwr/simulation/ray_transport/ray_client_proxy.py", line 160, in launch_and_evaluate
    return maybe_call_evaluate(
  File "/Users/dinukaperera/opt/anaconda3/envs/flower_tutorial/lib/python3.10/site-packages/flwr/client/client.py", line 205, in maybe_call_evaluate
    return client.evaluate(evaluate_ins)
  File "/Users/dinukaperera/opt/anaconda3/envs/flower_tutorial/lib/python3.10/site-packages/flwr/client/app.py", line 319, in _evaluate
    parameters: NDArrays = parameters_to_ndarrays(ins.parameters)
AttributeError: 'dict' object has no attribute 'parameters'
[2026-01-06 01:01:20,142][flwr][ERROR] - [36mray::launch_and_evaluate()[39m (pid=77251, ip=127.0.0.1)
  File "/Users/dinukaperera/opt/anaconda3/envs/flower_tutorial/lib/python3.10/site-packages/flwr/simulation/ray_transport/ray_client_proxy.py", line 160, in launch_and_evaluate
    return maybe_call_evaluate(
  File "/Users/dinukaperera/opt/anaconda3/envs/flower_tutorial/lib/python3.10/site-packages/flwr/client/client.py", line 205, in maybe_call_evaluate
    return client.evaluate(evaluate_ins)
  File "/Users/dinukaperera/opt/anaconda3/envs/flower_tutorial/lib/python3.10/site-packages/flwr/client/app.py", line 319, in _evaluate
    parameters: NDArrays = parameters_to_ndarrays(ins.parameters)
AttributeError: 'dict' object has no attribute 'parameters'
[2026-01-06 01:01:20,148][flwr][ERROR] - [36mray::launch_and_evaluate()[39m (pid=77245, ip=127.0.0.1)
  File "/Users/dinukaperera/opt/anaconda3/envs/flower_tutorial/lib/python3.10/site-packages/flwr/simulation/ray_transport/ray_client_proxy.py", line 160, in launch_and_evaluate
    return maybe_call_evaluate(
  File "/Users/dinukaperera/opt/anaconda3/envs/flower_tutorial/lib/python3.10/site-packages/flwr/client/client.py", line 205, in maybe_call_evaluate
    return client.evaluate(evaluate_ins)
  File "/Users/dinukaperera/opt/anaconda3/envs/flower_tutorial/lib/python3.10/site-packages/flwr/client/app.py", line 319, in _evaluate
    parameters: NDArrays = parameters_to_ndarrays(ins.parameters)
AttributeError: 'dict' object has no attribute 'parameters'
[2026-01-06 01:01:20,149][flwr][ERROR] - [36mray::launch_and_evaluate()[39m (pid=77243, ip=127.0.0.1)
  File "/Users/dinukaperera/opt/anaconda3/envs/flower_tutorial/lib/python3.10/site-packages/flwr/simulation/ray_transport/ray_client_proxy.py", line 160, in launch_and_evaluate
    return maybe_call_evaluate(
  File "/Users/dinukaperera/opt/anaconda3/envs/flower_tutorial/lib/python3.10/site-packages/flwr/client/client.py", line 205, in maybe_call_evaluate
    return client.evaluate(evaluate_ins)
  File "/Users/dinukaperera/opt/anaconda3/envs/flower_tutorial/lib/python3.10/site-packages/flwr/client/app.py", line 319, in _evaluate
    parameters: NDArrays = parameters_to_ndarrays(ins.parameters)
AttributeError: 'dict' object has no attribute 'parameters'
[2026-01-06 01:01:20,150][flwr][ERROR] - [36mray::launch_and_evaluate()[39m (pid=77250, ip=127.0.0.1)
  File "/Users/dinukaperera/opt/anaconda3/envs/flower_tutorial/lib/python3.10/site-packages/flwr/simulation/ray_transport/ray_client_proxy.py", line 160, in launch_and_evaluate
    return maybe_call_evaluate(
  File "/Users/dinukaperera/opt/anaconda3/envs/flower_tutorial/lib/python3.10/site-packages/flwr/client/client.py", line 205, in maybe_call_evaluate
    return client.evaluate(evaluate_ins)
  File "/Users/dinukaperera/opt/anaconda3/envs/flower_tutorial/lib/python3.10/site-packages/flwr/client/app.py", line 319, in _evaluate
    parameters: NDArrays = parameters_to_ndarrays(ins.parameters)
AttributeError: 'dict' object has no attribute 'parameters'
[2026-01-06 01:01:20,151][flwr][DEBUG] - evaluate_round 2 received 0 results and 25 failures
[2026-01-06 01:01:20,155][flwr][DEBUG] - fit_round 3: strategy sampled 10 clients (out of 100)
[2026-01-06 01:01:20,203][flwr][ERROR] - [36mray::launch_and_fit()[39m (pid=77250, ip=127.0.0.1)
  File "/Users/dinukaperera/opt/anaconda3/envs/flower_tutorial/lib/python3.10/site-packages/flwr/simulation/ray_transport/ray_client_proxy.py", line 148, in launch_and_fit
    return maybe_call_fit(
  File "/Users/dinukaperera/opt/anaconda3/envs/flower_tutorial/lib/python3.10/site-packages/flwr/client/client.py", line 184, in maybe_call_fit
    return client.fit(fit_ins)
  File "/Users/dinukaperera/opt/anaconda3/envs/flower_tutorial/lib/python3.10/site-packages/flwr/client/app.py", line 294, in _fit
    parameters: NDArrays = parameters_to_ndarrays(ins.parameters)
AttributeError: 'dict' object has no attribute 'parameters'
[2026-01-06 01:01:20,203][flwr][ERROR] - [36mray::launch_and_fit()[39m (pid=77245, ip=127.0.0.1)
  File "/Users/dinukaperera/opt/anaconda3/envs/flower_tutorial/lib/python3.10/site-packages/flwr/simulation/ray_transport/ray_client_proxy.py", line 148, in launch_and_fit
    return maybe_call_fit(
  File "/Users/dinukaperera/opt/anaconda3/envs/flower_tutorial/lib/python3.10/site-packages/flwr/client/client.py", line 184, in maybe_call_fit
    return client.fit(fit_ins)
  File "/Users/dinukaperera/opt/anaconda3/envs/flower_tutorial/lib/python3.10/site-packages/flwr/client/app.py", line 294, in _fit
    parameters: NDArrays = parameters_to_ndarrays(ins.parameters)
AttributeError: 'dict' object has no attribute 'parameters'
[2026-01-06 01:01:20,203][flwr][ERROR] - [36mray::launch_and_fit()[39m (pid=77243, ip=127.0.0.1)
  File "/Users/dinukaperera/opt/anaconda3/envs/flower_tutorial/lib/python3.10/site-packages/flwr/simulation/ray_transport/ray_client_proxy.py", line 148, in launch_and_fit
    return maybe_call_fit(
  File "/Users/dinukaperera/opt/anaconda3/envs/flower_tutorial/lib/python3.10/site-packages/flwr/client/client.py", line 184, in maybe_call_fit
    return client.fit(fit_ins)
  File "/Users/dinukaperera/opt/anaconda3/envs/flower_tutorial/lib/python3.10/site-packages/flwr/client/app.py", line 294, in _fit
    parameters: NDArrays = parameters_to_ndarrays(ins.parameters)
AttributeError: 'dict' object has no attribute 'parameters'
[2026-01-06 01:01:20,205][flwr][ERROR] - [36mray::launch_and_fit()[39m (pid=77252, ip=127.0.0.1)
  File "/Users/dinukaperera/opt/anaconda3/envs/flower_tutorial/lib/python3.10/site-packages/flwr/simulation/ray_transport/ray_client_proxy.py", line 148, in launch_and_fit
    return maybe_call_fit(
  File "/Users/dinukaperera/opt/anaconda3/envs/flower_tutorial/lib/python3.10/site-packages/flwr/client/client.py", line 184, in maybe_call_fit
    return client.fit(fit_ins)
  File "/Users/dinukaperera/opt/anaconda3/envs/flower_tutorial/lib/python3.10/site-packages/flwr/client/app.py", line 294, in _fit
    parameters: NDArrays = parameters_to_ndarrays(ins.parameters)
AttributeError: 'dict' object has no attribute 'parameters'
[2026-01-06 01:01:20,206][flwr][ERROR] - [36mray::launch_and_fit()[39m (pid=77248, ip=127.0.0.1)
  File "/Users/dinukaperera/opt/anaconda3/envs/flower_tutorial/lib/python3.10/site-packages/flwr/simulation/ray_transport/ray_client_proxy.py", line 148, in launch_and_fit
    return maybe_call_fit(
  File "/Users/dinukaperera/opt/anaconda3/envs/flower_tutorial/lib/python3.10/site-packages/flwr/client/client.py", line 184, in maybe_call_fit
    return client.fit(fit_ins)
  File "/Users/dinukaperera/opt/anaconda3/envs/flower_tutorial/lib/python3.10/site-packages/flwr/client/app.py", line 294, in _fit
    parameters: NDArrays = parameters_to_ndarrays(ins.parameters)
AttributeError: 'dict' object has no attribute 'parameters'
[2026-01-06 01:01:20,206][flwr][ERROR] - [36mray::launch_and_fit()[39m (pid=77246, ip=127.0.0.1)
  File "/Users/dinukaperera/opt/anaconda3/envs/flower_tutorial/lib/python3.10/site-packages/flwr/simulation/ray_transport/ray_client_proxy.py", line 148, in launch_and_fit
    return maybe_call_fit(
  File "/Users/dinukaperera/opt/anaconda3/envs/flower_tutorial/lib/python3.10/site-packages/flwr/client/client.py", line 184, in maybe_call_fit
    return client.fit(fit_ins)
  File "/Users/dinukaperera/opt/anaconda3/envs/flower_tutorial/lib/python3.10/site-packages/flwr/client/app.py", line 294, in _fit
    parameters: NDArrays = parameters_to_ndarrays(ins.parameters)
AttributeError: 'dict' object has no attribute 'parameters'
[2026-01-06 01:01:20,207][flwr][ERROR] - [36mray::launch_and_fit()[39m (pid=77251, ip=127.0.0.1)
  File "/Users/dinukaperera/opt/anaconda3/envs/flower_tutorial/lib/python3.10/site-packages/flwr/simulation/ray_transport/ray_client_proxy.py", line 148, in launch_and_fit
    return maybe_call_fit(
  File "/Users/dinukaperera/opt/anaconda3/envs/flower_tutorial/lib/python3.10/site-packages/flwr/client/client.py", line 184, in maybe_call_fit
    return client.fit(fit_ins)
  File "/Users/dinukaperera/opt/anaconda3/envs/flower_tutorial/lib/python3.10/site-packages/flwr/client/app.py", line 294, in _fit
    parameters: NDArrays = parameters_to_ndarrays(ins.parameters)
AttributeError: 'dict' object has no attribute 'parameters'
[2026-01-06 01:01:20,212][flwr][ERROR] - [36mray::launch_and_fit()[39m (pid=77244, ip=127.0.0.1)
  File "/Users/dinukaperera/opt/anaconda3/envs/flower_tutorial/lib/python3.10/site-packages/flwr/simulation/ray_transport/ray_client_proxy.py", line 148, in launch_and_fit
    return maybe_call_fit(
  File "/Users/dinukaperera/opt/anaconda3/envs/flower_tutorial/lib/python3.10/site-packages/flwr/client/client.py", line 184, in maybe_call_fit
    return client.fit(fit_ins)
  File "/Users/dinukaperera/opt/anaconda3/envs/flower_tutorial/lib/python3.10/site-packages/flwr/client/app.py", line 294, in _fit
    parameters: NDArrays = parameters_to_ndarrays(ins.parameters)
AttributeError: 'dict' object has no attribute 'parameters'
[2026-01-06 01:01:20,217][flwr][ERROR] - [36mray::launch_and_fit()[39m (pid=77249, ip=127.0.0.1)
  File "/Users/dinukaperera/opt/anaconda3/envs/flower_tutorial/lib/python3.10/site-packages/flwr/simulation/ray_transport/ray_client_proxy.py", line 148, in launch_and_fit
    return maybe_call_fit(
  File "/Users/dinukaperera/opt/anaconda3/envs/flower_tutorial/lib/python3.10/site-packages/flwr/client/client.py", line 184, in maybe_call_fit
    return client.fit(fit_ins)
  File "/Users/dinukaperera/opt/anaconda3/envs/flower_tutorial/lib/python3.10/site-packages/flwr/client/app.py", line 294, in _fit
    parameters: NDArrays = parameters_to_ndarrays(ins.parameters)
AttributeError: 'dict' object has no attribute 'parameters'
[2026-01-06 01:01:23,158][flwr][ERROR] - [36mray::launch_and_fit()[39m (pid=77247, ip=127.0.0.1)
  File "/Users/dinukaperera/opt/anaconda3/envs/flower_tutorial/lib/python3.10/site-packages/flwr/simulation/ray_transport/ray_client_proxy.py", line 148, in launch_and_fit
    return maybe_call_fit(
  File "/Users/dinukaperera/opt/anaconda3/envs/flower_tutorial/lib/python3.10/site-packages/flwr/client/client.py", line 184, in maybe_call_fit
    return client.fit(fit_ins)
  File "/Users/dinukaperera/opt/anaconda3/envs/flower_tutorial/lib/python3.10/site-packages/flwr/client/app.py", line 294, in _fit
    parameters: NDArrays = parameters_to_ndarrays(ins.parameters)
AttributeError: 'dict' object has no attribute 'parameters'
[2026-01-06 01:01:23,159][flwr][DEBUG] - fit_round 3 received 0 results and 10 failures
[2026-01-06 01:01:23,184][flwr][INFO] - fit progress: (3, 68.0167875289917, {'accuracy': 0.5075}, 6.918318458949216)
[2026-01-06 01:01:23,184][flwr][DEBUG] - evaluate_round 3: strategy sampled 25 clients (out of 100)
[2026-01-06 01:01:23,217][flwr][ERROR] - [36mray::launch_and_evaluate()[39m (pid=77247, ip=127.0.0.1)
  File "/Users/dinukaperera/opt/anaconda3/envs/flower_tutorial/lib/python3.10/site-packages/flwr/simulation/ray_transport/ray_client_proxy.py", line 160, in launch_and_evaluate
    return maybe_call_evaluate(
  File "/Users/dinukaperera/opt/anaconda3/envs/flower_tutorial/lib/python3.10/site-packages/flwr/client/client.py", line 205, in maybe_call_evaluate
    return client.evaluate(evaluate_ins)
  File "/Users/dinukaperera/opt/anaconda3/envs/flower_tutorial/lib/python3.10/site-packages/flwr/client/app.py", line 319, in _evaluate
    parameters: NDArrays = parameters_to_ndarrays(ins.parameters)
AttributeError: 'dict' object has no attribute 'parameters'
[2026-01-06 01:01:23,221][flwr][ERROR] - [36mray::launch_and_evaluate()[39m (pid=77249, ip=127.0.0.1)
  File "/Users/dinukaperera/opt/anaconda3/envs/flower_tutorial/lib/python3.10/site-packages/flwr/simulation/ray_transport/ray_client_proxy.py", line 160, in launch_and_evaluate
    return maybe_call_evaluate(
  File "/Users/dinukaperera/opt/anaconda3/envs/flower_tutorial/lib/python3.10/site-packages/flwr/client/client.py", line 205, in maybe_call_evaluate
    return client.evaluate(evaluate_ins)
  File "/Users/dinukaperera/opt/anaconda3/envs/flower_tutorial/lib/python3.10/site-packages/flwr/client/app.py", line 319, in _evaluate
    parameters: NDArrays = parameters_to_ndarrays(ins.parameters)
AttributeError: 'dict' object has no attribute 'parameters'
[2026-01-06 01:01:23,222][flwr][ERROR] - [36mray::launch_and_evaluate()[39m (pid=77246, ip=127.0.0.1)
  File "/Users/dinukaperera/opt/anaconda3/envs/flower_tutorial/lib/python3.10/site-packages/flwr/simulation/ray_transport/ray_client_proxy.py", line 160, in launch_and_evaluate
    return maybe_call_evaluate(
  File "/Users/dinukaperera/opt/anaconda3/envs/flower_tutorial/lib/python3.10/site-packages/flwr/client/client.py", line 205, in maybe_call_evaluate
    return client.evaluate(evaluate_ins)
  File "/Users/dinukaperera/opt/anaconda3/envs/flower_tutorial/lib/python3.10/site-packages/flwr/client/app.py", line 319, in _evaluate
    parameters: NDArrays = parameters_to_ndarrays(ins.parameters)
AttributeError: 'dict' object has no attribute 'parameters'
[2026-01-06 01:01:23,222][flwr][ERROR] - [36mray::launch_and_evaluate()[39m (pid=77249, ip=127.0.0.1)
  File "/Users/dinukaperera/opt/anaconda3/envs/flower_tutorial/lib/python3.10/site-packages/flwr/simulation/ray_transport/ray_client_proxy.py", line 160, in launch_and_evaluate
    return maybe_call_evaluate(
  File "/Users/dinukaperera/opt/anaconda3/envs/flower_tutorial/lib/python3.10/site-packages/flwr/client/client.py", line 205, in maybe_call_evaluate
    return client.evaluate(evaluate_ins)
  File "/Users/dinukaperera/opt/anaconda3/envs/flower_tutorial/lib/python3.10/site-packages/flwr/client/app.py", line 319, in _evaluate
    parameters: NDArrays = parameters_to_ndarrays(ins.parameters)
AttributeError: 'dict' object has no attribute 'parameters'
[2026-01-06 01:01:23,223][flwr][ERROR] - [36mray::launch_and_evaluate()[39m (pid=77248, ip=127.0.0.1)
  File "/Users/dinukaperera/opt/anaconda3/envs/flower_tutorial/lib/python3.10/site-packages/flwr/simulation/ray_transport/ray_client_proxy.py", line 160, in launch_and_evaluate
    return maybe_call_evaluate(
  File "/Users/dinukaperera/opt/anaconda3/envs/flower_tutorial/lib/python3.10/site-packages/flwr/client/client.py", line 205, in maybe_call_evaluate
    return client.evaluate(evaluate_ins)
  File "/Users/dinukaperera/opt/anaconda3/envs/flower_tutorial/lib/python3.10/site-packages/flwr/client/app.py", line 319, in _evaluate
    parameters: NDArrays = parameters_to_ndarrays(ins.parameters)
AttributeError: 'dict' object has no attribute 'parameters'
[2026-01-06 01:01:23,223][flwr][ERROR] - [36mray::launch_and_evaluate()[39m (pid=77244, ip=127.0.0.1)
  File "/Users/dinukaperera/opt/anaconda3/envs/flower_tutorial/lib/python3.10/site-packages/flwr/simulation/ray_transport/ray_client_proxy.py", line 160, in launch_and_evaluate
    return maybe_call_evaluate(
  File "/Users/dinukaperera/opt/anaconda3/envs/flower_tutorial/lib/python3.10/site-packages/flwr/client/client.py", line 205, in maybe_call_evaluate
    return client.evaluate(evaluate_ins)
  File "/Users/dinukaperera/opt/anaconda3/envs/flower_tutorial/lib/python3.10/site-packages/flwr/client/app.py", line 319, in _evaluate
    parameters: NDArrays = parameters_to_ndarrays(ins.parameters)
AttributeError: 'dict' object has no attribute 'parameters'
[2026-01-06 01:01:23,232][flwr][ERROR] - [36mray::launch_and_evaluate()[39m (pid=77249, ip=127.0.0.1)
  File "/Users/dinukaperera/opt/anaconda3/envs/flower_tutorial/lib/python3.10/site-packages/flwr/simulation/ray_transport/ray_client_proxy.py", line 160, in launch_and_evaluate
    return maybe_call_evaluate(
  File "/Users/dinukaperera/opt/anaconda3/envs/flower_tutorial/lib/python3.10/site-packages/flwr/client/client.py", line 205, in maybe_call_evaluate
    return client.evaluate(evaluate_ins)
  File "/Users/dinukaperera/opt/anaconda3/envs/flower_tutorial/lib/python3.10/site-packages/flwr/client/app.py", line 319, in _evaluate
    parameters: NDArrays = parameters_to_ndarrays(ins.parameters)
AttributeError: 'dict' object has no attribute 'parameters'
[2026-01-06 01:01:23,233][flwr][ERROR] - [36mray::launch_and_evaluate()[39m (pid=77244, ip=127.0.0.1)
  File "/Users/dinukaperera/opt/anaconda3/envs/flower_tutorial/lib/python3.10/site-packages/flwr/simulation/ray_transport/ray_client_proxy.py", line 160, in launch_and_evaluate
    return maybe_call_evaluate(
  File "/Users/dinukaperera/opt/anaconda3/envs/flower_tutorial/lib/python3.10/site-packages/flwr/client/client.py", line 205, in maybe_call_evaluate
    return client.evaluate(evaluate_ins)
  File "/Users/dinukaperera/opt/anaconda3/envs/flower_tutorial/lib/python3.10/site-packages/flwr/client/app.py", line 319, in _evaluate
    parameters: NDArrays = parameters_to_ndarrays(ins.parameters)
AttributeError: 'dict' object has no attribute 'parameters'
[2026-01-06 01:01:23,240][flwr][ERROR] - [36mray::launch_and_evaluate()[39m (pid=77246, ip=127.0.0.1)
  File "/Users/dinukaperera/opt/anaconda3/envs/flower_tutorial/lib/python3.10/site-packages/flwr/simulation/ray_transport/ray_client_proxy.py", line 160, in launch_and_evaluate
    return maybe_call_evaluate(
  File "/Users/dinukaperera/opt/anaconda3/envs/flower_tutorial/lib/python3.10/site-packages/flwr/client/client.py", line 205, in maybe_call_evaluate
    return client.evaluate(evaluate_ins)
  File "/Users/dinukaperera/opt/anaconda3/envs/flower_tutorial/lib/python3.10/site-packages/flwr/client/app.py", line 319, in _evaluate
    parameters: NDArrays = parameters_to_ndarrays(ins.parameters)
AttributeError: 'dict' object has no attribute 'parameters'
[2026-01-06 01:01:23,248][flwr][ERROR] - [36mray::launch_and_evaluate()[39m (pid=77246, ip=127.0.0.1)
  File "/Users/dinukaperera/opt/anaconda3/envs/flower_tutorial/lib/python3.10/site-packages/flwr/simulation/ray_transport/ray_client_proxy.py", line 160, in launch_and_evaluate
    return maybe_call_evaluate(
  File "/Users/dinukaperera/opt/anaconda3/envs/flower_tutorial/lib/python3.10/site-packages/flwr/client/client.py", line 205, in maybe_call_evaluate
    return client.evaluate(evaluate_ins)
  File "/Users/dinukaperera/opt/anaconda3/envs/flower_tutorial/lib/python3.10/site-packages/flwr/client/app.py", line 319, in _evaluate
    parameters: NDArrays = parameters_to_ndarrays(ins.parameters)
AttributeError: 'dict' object has no attribute 'parameters'
[2026-01-06 01:01:23,256][flwr][ERROR] - [36mray::launch_and_evaluate()[39m (pid=77249, ip=127.0.0.1)
  File "/Users/dinukaperera/opt/anaconda3/envs/flower_tutorial/lib/python3.10/site-packages/flwr/simulation/ray_transport/ray_client_proxy.py", line 160, in launch_and_evaluate
    return maybe_call_evaluate(
  File "/Users/dinukaperera/opt/anaconda3/envs/flower_tutorial/lib/python3.10/site-packages/flwr/client/client.py", line 205, in maybe_call_evaluate
    return client.evaluate(evaluate_ins)
  File "/Users/dinukaperera/opt/anaconda3/envs/flower_tutorial/lib/python3.10/site-packages/flwr/client/app.py", line 319, in _evaluate
    parameters: NDArrays = parameters_to_ndarrays(ins.parameters)
AttributeError: 'dict' object has no attribute 'parameters'
[2026-01-06 01:01:23,257][flwr][ERROR] - [36mray::launch_and_evaluate()[39m (pid=77244, ip=127.0.0.1)
  File "/Users/dinukaperera/opt/anaconda3/envs/flower_tutorial/lib/python3.10/site-packages/flwr/simulation/ray_transport/ray_client_proxy.py", line 160, in launch_and_evaluate
    return maybe_call_evaluate(
  File "/Users/dinukaperera/opt/anaconda3/envs/flower_tutorial/lib/python3.10/site-packages/flwr/client/client.py", line 205, in maybe_call_evaluate
    return client.evaluate(evaluate_ins)
  File "/Users/dinukaperera/opt/anaconda3/envs/flower_tutorial/lib/python3.10/site-packages/flwr/client/app.py", line 319, in _evaluate
    parameters: NDArrays = parameters_to_ndarrays(ins.parameters)
AttributeError: 'dict' object has no attribute 'parameters'
[2026-01-06 01:01:23,261][flwr][ERROR] - [36mray::launch_and_evaluate()[39m (pid=77249, ip=127.0.0.1)
  File "/Users/dinukaperera/opt/anaconda3/envs/flower_tutorial/lib/python3.10/site-packages/flwr/simulation/ray_transport/ray_client_proxy.py", line 160, in launch_and_evaluate
    return maybe_call_evaluate(
  File "/Users/dinukaperera/opt/anaconda3/envs/flower_tutorial/lib/python3.10/site-packages/flwr/client/client.py", line 205, in maybe_call_evaluate
    return client.evaluate(evaluate_ins)
  File "/Users/dinukaperera/opt/anaconda3/envs/flower_tutorial/lib/python3.10/site-packages/flwr/client/app.py", line 319, in _evaluate
    parameters: NDArrays = parameters_to_ndarrays(ins.parameters)
AttributeError: 'dict' object has no attribute 'parameters'
[2026-01-06 01:01:23,266][flwr][ERROR] - [36mray::launch_and_evaluate()[39m (pid=77244, ip=127.0.0.1)
  File "/Users/dinukaperera/opt/anaconda3/envs/flower_tutorial/lib/python3.10/site-packages/flwr/simulation/ray_transport/ray_client_proxy.py", line 160, in launch_and_evaluate
    return maybe_call_evaluate(
  File "/Users/dinukaperera/opt/anaconda3/envs/flower_tutorial/lib/python3.10/site-packages/flwr/client/client.py", line 205, in maybe_call_evaluate
    return client.evaluate(evaluate_ins)
  File "/Users/dinukaperera/opt/anaconda3/envs/flower_tutorial/lib/python3.10/site-packages/flwr/client/app.py", line 319, in _evaluate
    parameters: NDArrays = parameters_to_ndarrays(ins.parameters)
AttributeError: 'dict' object has no attribute 'parameters'
[2026-01-06 01:01:23,267][flwr][ERROR] - [36mray::launch_and_evaluate()[39m (pid=77248, ip=127.0.0.1)
  File "/Users/dinukaperera/opt/anaconda3/envs/flower_tutorial/lib/python3.10/site-packages/flwr/simulation/ray_transport/ray_client_proxy.py", line 160, in launch_and_evaluate
    return maybe_call_evaluate(
  File "/Users/dinukaperera/opt/anaconda3/envs/flower_tutorial/lib/python3.10/site-packages/flwr/client/client.py", line 205, in maybe_call_evaluate
    return client.evaluate(evaluate_ins)
  File "/Users/dinukaperera/opt/anaconda3/envs/flower_tutorial/lib/python3.10/site-packages/flwr/client/app.py", line 319, in _evaluate
    parameters: NDArrays = parameters_to_ndarrays(ins.parameters)
AttributeError: 'dict' object has no attribute 'parameters'
[2026-01-06 01:01:23,275][flwr][ERROR] - [36mray::launch_and_evaluate()[39m (pid=77251, ip=127.0.0.1)
  File "/Users/dinukaperera/opt/anaconda3/envs/flower_tutorial/lib/python3.10/site-packages/flwr/simulation/ray_transport/ray_client_proxy.py", line 160, in launch_and_evaluate
    return maybe_call_evaluate(
  File "/Users/dinukaperera/opt/anaconda3/envs/flower_tutorial/lib/python3.10/site-packages/flwr/client/client.py", line 205, in maybe_call_evaluate
    return client.evaluate(evaluate_ins)
  File "/Users/dinukaperera/opt/anaconda3/envs/flower_tutorial/lib/python3.10/site-packages/flwr/client/app.py", line 319, in _evaluate
    parameters: NDArrays = parameters_to_ndarrays(ins.parameters)
AttributeError: 'dict' object has no attribute 'parameters'
[2026-01-06 01:01:23,271][flwr][ERROR] - [36mray::launch_and_evaluate()[39m (pid=77249, ip=127.0.0.1)
  File "/Users/dinukaperera/opt/anaconda3/envs/flower_tutorial/lib/python3.10/site-packages/flwr/simulation/ray_transport/ray_client_proxy.py", line 160, in launch_and_evaluate
    return maybe_call_evaluate(
  File "/Users/dinukaperera/opt/anaconda3/envs/flower_tutorial/lib/python3.10/site-packages/flwr/client/client.py", line 205, in maybe_call_evaluate
    return client.evaluate(evaluate_ins)
  File "/Users/dinukaperera/opt/anaconda3/envs/flower_tutorial/lib/python3.10/site-packages/flwr/client/app.py", line 319, in _evaluate
    parameters: NDArrays = parameters_to_ndarrays(ins.parameters)
AttributeError: 'dict' object has no attribute 'parameters'
[2026-01-06 01:01:23,275][flwr][ERROR] - [36mray::launch_and_evaluate()[39m (pid=77247, ip=127.0.0.1)
  File "/Users/dinukaperera/opt/anaconda3/envs/flower_tutorial/lib/python3.10/site-packages/flwr/simulation/ray_transport/ray_client_proxy.py", line 160, in launch_and_evaluate
    return maybe_call_evaluate(
  File "/Users/dinukaperera/opt/anaconda3/envs/flower_tutorial/lib/python3.10/site-packages/flwr/client/client.py", line 205, in maybe_call_evaluate
    return client.evaluate(evaluate_ins)
  File "/Users/dinukaperera/opt/anaconda3/envs/flower_tutorial/lib/python3.10/site-packages/flwr/client/app.py", line 319, in _evaluate
    parameters: NDArrays = parameters_to_ndarrays(ins.parameters)
AttributeError: 'dict' object has no attribute 'parameters'
[2026-01-06 01:01:23,267][flwr][ERROR] - [36mray::launch_and_evaluate()[39m (pid=77246, ip=127.0.0.1)
  File "/Users/dinukaperera/opt/anaconda3/envs/flower_tutorial/lib/python3.10/site-packages/flwr/simulation/ray_transport/ray_client_proxy.py", line 160, in launch_and_evaluate
    return maybe_call_evaluate(
  File "/Users/dinukaperera/opt/anaconda3/envs/flower_tutorial/lib/python3.10/site-packages/flwr/client/client.py", line 205, in maybe_call_evaluate
    return client.evaluate(evaluate_ins)
  File "/Users/dinukaperera/opt/anaconda3/envs/flower_tutorial/lib/python3.10/site-packages/flwr/client/app.py", line 319, in _evaluate
    parameters: NDArrays = parameters_to_ndarrays(ins.parameters)
AttributeError: 'dict' object has no attribute 'parameters'
[2026-01-06 01:01:23,284][flwr][ERROR] - [36mray::launch_and_evaluate()[39m (pid=77251, ip=127.0.0.1)
  File "/Users/dinukaperera/opt/anaconda3/envs/flower_tutorial/lib/python3.10/site-packages/flwr/simulation/ray_transport/ray_client_proxy.py", line 160, in launch_and_evaluate
    return maybe_call_evaluate(
  File "/Users/dinukaperera/opt/anaconda3/envs/flower_tutorial/lib/python3.10/site-packages/flwr/client/client.py", line 205, in maybe_call_evaluate
    return client.evaluate(evaluate_ins)
  File "/Users/dinukaperera/opt/anaconda3/envs/flower_tutorial/lib/python3.10/site-packages/flwr/client/app.py", line 319, in _evaluate
    parameters: NDArrays = parameters_to_ndarrays(ins.parameters)
AttributeError: 'dict' object has no attribute 'parameters'
[2026-01-06 01:01:23,290][flwr][ERROR] - [36mray::launch_and_evaluate()[39m (pid=77247, ip=127.0.0.1)
  File "/Users/dinukaperera/opt/anaconda3/envs/flower_tutorial/lib/python3.10/site-packages/flwr/simulation/ray_transport/ray_client_proxy.py", line 160, in launch_and_evaluate
    return maybe_call_evaluate(
  File "/Users/dinukaperera/opt/anaconda3/envs/flower_tutorial/lib/python3.10/site-packages/flwr/client/client.py", line 205, in maybe_call_evaluate
    return client.evaluate(evaluate_ins)
  File "/Users/dinukaperera/opt/anaconda3/envs/flower_tutorial/lib/python3.10/site-packages/flwr/client/app.py", line 319, in _evaluate
    parameters: NDArrays = parameters_to_ndarrays(ins.parameters)
AttributeError: 'dict' object has no attribute 'parameters'
[2026-01-06 01:01:23,290][flwr][ERROR] - [36mray::launch_and_evaluate()[39m (pid=77251, ip=127.0.0.1)
  File "/Users/dinukaperera/opt/anaconda3/envs/flower_tutorial/lib/python3.10/site-packages/flwr/simulation/ray_transport/ray_client_proxy.py", line 160, in launch_and_evaluate
    return maybe_call_evaluate(
  File "/Users/dinukaperera/opt/anaconda3/envs/flower_tutorial/lib/python3.10/site-packages/flwr/client/client.py", line 205, in maybe_call_evaluate
    return client.evaluate(evaluate_ins)
  File "/Users/dinukaperera/opt/anaconda3/envs/flower_tutorial/lib/python3.10/site-packages/flwr/client/app.py", line 319, in _evaluate
    parameters: NDArrays = parameters_to_ndarrays(ins.parameters)
AttributeError: 'dict' object has no attribute 'parameters'
[2026-01-06 01:01:23,291][flwr][ERROR] - [36mray::launch_and_evaluate()[39m (pid=77249, ip=127.0.0.1)
  File "/Users/dinukaperera/opt/anaconda3/envs/flower_tutorial/lib/python3.10/site-packages/flwr/simulation/ray_transport/ray_client_proxy.py", line 160, in launch_and_evaluate
    return maybe_call_evaluate(
  File "/Users/dinukaperera/opt/anaconda3/envs/flower_tutorial/lib/python3.10/site-packages/flwr/client/client.py", line 205, in maybe_call_evaluate
    return client.evaluate(evaluate_ins)
  File "/Users/dinukaperera/opt/anaconda3/envs/flower_tutorial/lib/python3.10/site-packages/flwr/client/app.py", line 319, in _evaluate
    parameters: NDArrays = parameters_to_ndarrays(ins.parameters)
AttributeError: 'dict' object has no attribute 'parameters'
[2026-01-06 01:01:23,296][flwr][ERROR] - [36mray::launch_and_evaluate()[39m (pid=77248, ip=127.0.0.1)
  File "/Users/dinukaperera/opt/anaconda3/envs/flower_tutorial/lib/python3.10/site-packages/flwr/simulation/ray_transport/ray_client_proxy.py", line 160, in launch_and_evaluate
    return maybe_call_evaluate(
  File "/Users/dinukaperera/opt/anaconda3/envs/flower_tutorial/lib/python3.10/site-packages/flwr/client/client.py", line 205, in maybe_call_evaluate
    return client.evaluate(evaluate_ins)
  File "/Users/dinukaperera/opt/anaconda3/envs/flower_tutorial/lib/python3.10/site-packages/flwr/client/app.py", line 319, in _evaluate
    parameters: NDArrays = parameters_to_ndarrays(ins.parameters)
AttributeError: 'dict' object has no attribute 'parameters'
[2026-01-06 01:01:23,298][flwr][ERROR] - [36mray::launch_and_evaluate()[39m (pid=77251, ip=127.0.0.1)
  File "/Users/dinukaperera/opt/anaconda3/envs/flower_tutorial/lib/python3.10/site-packages/flwr/simulation/ray_transport/ray_client_proxy.py", line 160, in launch_and_evaluate
    return maybe_call_evaluate(
  File "/Users/dinukaperera/opt/anaconda3/envs/flower_tutorial/lib/python3.10/site-packages/flwr/client/client.py", line 205, in maybe_call_evaluate
    return client.evaluate(evaluate_ins)
  File "/Users/dinukaperera/opt/anaconda3/envs/flower_tutorial/lib/python3.10/site-packages/flwr/client/app.py", line 319, in _evaluate
    parameters: NDArrays = parameters_to_ndarrays(ins.parameters)
AttributeError: 'dict' object has no attribute 'parameters'
[2026-01-06 01:01:23,299][flwr][DEBUG] - evaluate_round 3 received 0 results and 25 failures
[2026-01-06 01:01:23,301][flwr][DEBUG] - fit_round 4: strategy sampled 10 clients (out of 100)
[2026-01-06 01:01:23,347][flwr][ERROR] - [36mray::launch_and_fit()[39m (pid=77248, ip=127.0.0.1)
  File "/Users/dinukaperera/opt/anaconda3/envs/flower_tutorial/lib/python3.10/site-packages/flwr/simulation/ray_transport/ray_client_proxy.py", line 148, in launch_and_fit
    return maybe_call_fit(
  File "/Users/dinukaperera/opt/anaconda3/envs/flower_tutorial/lib/python3.10/site-packages/flwr/client/client.py", line 184, in maybe_call_fit
    return client.fit(fit_ins)
  File "/Users/dinukaperera/opt/anaconda3/envs/flower_tutorial/lib/python3.10/site-packages/flwr/client/app.py", line 294, in _fit
    parameters: NDArrays = parameters_to_ndarrays(ins.parameters)
AttributeError: 'dict' object has no attribute 'parameters'
[2026-01-06 01:01:23,348][flwr][ERROR] - [36mray::launch_and_fit()[39m (pid=77251, ip=127.0.0.1)
  File "/Users/dinukaperera/opt/anaconda3/envs/flower_tutorial/lib/python3.10/site-packages/flwr/simulation/ray_transport/ray_client_proxy.py", line 148, in launch_and_fit
    return maybe_call_fit(
  File "/Users/dinukaperera/opt/anaconda3/envs/flower_tutorial/lib/python3.10/site-packages/flwr/client/client.py", line 184, in maybe_call_fit
    return client.fit(fit_ins)
  File "/Users/dinukaperera/opt/anaconda3/envs/flower_tutorial/lib/python3.10/site-packages/flwr/client/app.py", line 294, in _fit
    parameters: NDArrays = parameters_to_ndarrays(ins.parameters)
AttributeError: 'dict' object has no attribute 'parameters'
[2026-01-06 01:01:23,348][flwr][ERROR] - [36mray::launch_and_fit()[39m (pid=77247, ip=127.0.0.1)
  File "/Users/dinukaperera/opt/anaconda3/envs/flower_tutorial/lib/python3.10/site-packages/flwr/simulation/ray_transport/ray_client_proxy.py", line 148, in launch_and_fit
    return maybe_call_fit(
  File "/Users/dinukaperera/opt/anaconda3/envs/flower_tutorial/lib/python3.10/site-packages/flwr/client/client.py", line 184, in maybe_call_fit
    return client.fit(fit_ins)
  File "/Users/dinukaperera/opt/anaconda3/envs/flower_tutorial/lib/python3.10/site-packages/flwr/client/app.py", line 294, in _fit
    parameters: NDArrays = parameters_to_ndarrays(ins.parameters)
AttributeError: 'dict' object has no attribute 'parameters'
[2026-01-06 01:01:23,349][flwr][ERROR] - [36mray::launch_and_fit()[39m (pid=77244, ip=127.0.0.1)
  File "/Users/dinukaperera/opt/anaconda3/envs/flower_tutorial/lib/python3.10/site-packages/flwr/simulation/ray_transport/ray_client_proxy.py", line 148, in launch_and_fit
    return maybe_call_fit(
  File "/Users/dinukaperera/opt/anaconda3/envs/flower_tutorial/lib/python3.10/site-packages/flwr/client/client.py", line 184, in maybe_call_fit
    return client.fit(fit_ins)
  File "/Users/dinukaperera/opt/anaconda3/envs/flower_tutorial/lib/python3.10/site-packages/flwr/client/app.py", line 294, in _fit
    parameters: NDArrays = parameters_to_ndarrays(ins.parameters)
AttributeError: 'dict' object has no attribute 'parameters'
[2026-01-06 01:01:23,349][flwr][ERROR] - [36mray::launch_and_fit()[39m (pid=77246, ip=127.0.0.1)
  File "/Users/dinukaperera/opt/anaconda3/envs/flower_tutorial/lib/python3.10/site-packages/flwr/simulation/ray_transport/ray_client_proxy.py", line 148, in launch_and_fit
    return maybe_call_fit(
  File "/Users/dinukaperera/opt/anaconda3/envs/flower_tutorial/lib/python3.10/site-packages/flwr/client/client.py", line 184, in maybe_call_fit
    return client.fit(fit_ins)
  File "/Users/dinukaperera/opt/anaconda3/envs/flower_tutorial/lib/python3.10/site-packages/flwr/client/app.py", line 294, in _fit
    parameters: NDArrays = parameters_to_ndarrays(ins.parameters)
AttributeError: 'dict' object has no attribute 'parameters'
[2026-01-06 01:01:23,349][flwr][ERROR] - [36mray::launch_and_fit()[39m (pid=77249, ip=127.0.0.1)
  File "/Users/dinukaperera/opt/anaconda3/envs/flower_tutorial/lib/python3.10/site-packages/flwr/simulation/ray_transport/ray_client_proxy.py", line 148, in launch_and_fit
    return maybe_call_fit(
  File "/Users/dinukaperera/opt/anaconda3/envs/flower_tutorial/lib/python3.10/site-packages/flwr/client/client.py", line 184, in maybe_call_fit
    return client.fit(fit_ins)
  File "/Users/dinukaperera/opt/anaconda3/envs/flower_tutorial/lib/python3.10/site-packages/flwr/client/app.py", line 294, in _fit
    parameters: NDArrays = parameters_to_ndarrays(ins.parameters)
AttributeError: 'dict' object has no attribute 'parameters'
[2026-01-06 01:01:23,349][flwr][ERROR] - [36mray::launch_and_fit()[39m (pid=77245, ip=127.0.0.1)
  File "/Users/dinukaperera/opt/anaconda3/envs/flower_tutorial/lib/python3.10/site-packages/flwr/simulation/ray_transport/ray_client_proxy.py", line 148, in launch_and_fit
    return maybe_call_fit(
  File "/Users/dinukaperera/opt/anaconda3/envs/flower_tutorial/lib/python3.10/site-packages/flwr/client/client.py", line 184, in maybe_call_fit
    return client.fit(fit_ins)
  File "/Users/dinukaperera/opt/anaconda3/envs/flower_tutorial/lib/python3.10/site-packages/flwr/client/app.py", line 294, in _fit
    parameters: NDArrays = parameters_to_ndarrays(ins.parameters)
AttributeError: 'dict' object has no attribute 'parameters'
[2026-01-06 01:01:23,351][flwr][ERROR] - [36mray::launch_and_fit()[39m (pid=77252, ip=127.0.0.1)
  File "/Users/dinukaperera/opt/anaconda3/envs/flower_tutorial/lib/python3.10/site-packages/flwr/simulation/ray_transport/ray_client_proxy.py", line 148, in launch_and_fit
    return maybe_call_fit(
  File "/Users/dinukaperera/opt/anaconda3/envs/flower_tutorial/lib/python3.10/site-packages/flwr/client/client.py", line 184, in maybe_call_fit
    return client.fit(fit_ins)
  File "/Users/dinukaperera/opt/anaconda3/envs/flower_tutorial/lib/python3.10/site-packages/flwr/client/app.py", line 294, in _fit
    parameters: NDArrays = parameters_to_ndarrays(ins.parameters)
AttributeError: 'dict' object has no attribute 'parameters'
[2026-01-06 01:01:23,352][flwr][ERROR] - [36mray::launch_and_fit()[39m (pid=77250, ip=127.0.0.1)
  File "/Users/dinukaperera/opt/anaconda3/envs/flower_tutorial/lib/python3.10/site-packages/flwr/simulation/ray_transport/ray_client_proxy.py", line 148, in launch_and_fit
    return maybe_call_fit(
  File "/Users/dinukaperera/opt/anaconda3/envs/flower_tutorial/lib/python3.10/site-packages/flwr/client/client.py", line 184, in maybe_call_fit
    return client.fit(fit_ins)
  File "/Users/dinukaperera/opt/anaconda3/envs/flower_tutorial/lib/python3.10/site-packages/flwr/client/app.py", line 294, in _fit
    parameters: NDArrays = parameters_to_ndarrays(ins.parameters)
AttributeError: 'dict' object has no attribute 'parameters'
[2026-01-06 01:01:23,352][flwr][ERROR] - [36mray::launch_and_fit()[39m (pid=77243, ip=127.0.0.1)
  File "/Users/dinukaperera/opt/anaconda3/envs/flower_tutorial/lib/python3.10/site-packages/flwr/simulation/ray_transport/ray_client_proxy.py", line 148, in launch_and_fit
    return maybe_call_fit(
  File "/Users/dinukaperera/opt/anaconda3/envs/flower_tutorial/lib/python3.10/site-packages/flwr/client/client.py", line 184, in maybe_call_fit
    return client.fit(fit_ins)
  File "/Users/dinukaperera/opt/anaconda3/envs/flower_tutorial/lib/python3.10/site-packages/flwr/client/app.py", line 294, in _fit
    parameters: NDArrays = parameters_to_ndarrays(ins.parameters)
AttributeError: 'dict' object has no attribute 'parameters'
[2026-01-06 01:01:23,353][flwr][DEBUG] - fit_round 4 received 0 results and 10 failures
[2026-01-06 01:01:23,374][flwr][INFO] - fit progress: (4, 68.0167875289917, {'accuracy': 0.5075}, 7.10894687497057)
[2026-01-06 01:01:23,378][flwr][DEBUG] - evaluate_round 4: strategy sampled 25 clients (out of 100)
[2026-01-06 01:01:23,406][flwr][ERROR] - [36mray::launch_and_evaluate()[39m (pid=77243, ip=127.0.0.1)
  File "/Users/dinukaperera/opt/anaconda3/envs/flower_tutorial/lib/python3.10/site-packages/flwr/simulation/ray_transport/ray_client_proxy.py", line 160, in launch_and_evaluate
    return maybe_call_evaluate(
  File "/Users/dinukaperera/opt/anaconda3/envs/flower_tutorial/lib/python3.10/site-packages/flwr/client/client.py", line 205, in maybe_call_evaluate
    return client.evaluate(evaluate_ins)
  File "/Users/dinukaperera/opt/anaconda3/envs/flower_tutorial/lib/python3.10/site-packages/flwr/client/app.py", line 319, in _evaluate
    parameters: NDArrays = parameters_to_ndarrays(ins.parameters)
AttributeError: 'dict' object has no attribute 'parameters'
[2026-01-06 01:01:23,409][flwr][ERROR] - [36mray::launch_and_evaluate()[39m (pid=77250, ip=127.0.0.1)
  File "/Users/dinukaperera/opt/anaconda3/envs/flower_tutorial/lib/python3.10/site-packages/flwr/simulation/ray_transport/ray_client_proxy.py", line 160, in launch_and_evaluate
    return maybe_call_evaluate(
  File "/Users/dinukaperera/opt/anaconda3/envs/flower_tutorial/lib/python3.10/site-packages/flwr/client/client.py", line 205, in maybe_call_evaluate
    return client.evaluate(evaluate_ins)
  File "/Users/dinukaperera/opt/anaconda3/envs/flower_tutorial/lib/python3.10/site-packages/flwr/client/app.py", line 319, in _evaluate
    parameters: NDArrays = parameters_to_ndarrays(ins.parameters)
AttributeError: 'dict' object has no attribute 'parameters'
[2026-01-06 01:01:23,410][flwr][ERROR] - [36mray::launch_and_evaluate()[39m (pid=77252, ip=127.0.0.1)
  File "/Users/dinukaperera/opt/anaconda3/envs/flower_tutorial/lib/python3.10/site-packages/flwr/simulation/ray_transport/ray_client_proxy.py", line 160, in launch_and_evaluate
    return maybe_call_evaluate(
  File "/Users/dinukaperera/opt/anaconda3/envs/flower_tutorial/lib/python3.10/site-packages/flwr/client/client.py", line 205, in maybe_call_evaluate
    return client.evaluate(evaluate_ins)
  File "/Users/dinukaperera/opt/anaconda3/envs/flower_tutorial/lib/python3.10/site-packages/flwr/client/app.py", line 319, in _evaluate
    parameters: NDArrays = parameters_to_ndarrays(ins.parameters)
AttributeError: 'dict' object has no attribute 'parameters'
[2026-01-06 01:01:23,410][flwr][ERROR] - [36mray::launch_and_evaluate()[39m (pid=77245, ip=127.0.0.1)
  File "/Users/dinukaperera/opt/anaconda3/envs/flower_tutorial/lib/python3.10/site-packages/flwr/simulation/ray_transport/ray_client_proxy.py", line 160, in launch_and_evaluate
    return maybe_call_evaluate(
  File "/Users/dinukaperera/opt/anaconda3/envs/flower_tutorial/lib/python3.10/site-packages/flwr/client/client.py", line 205, in maybe_call_evaluate
    return client.evaluate(evaluate_ins)
  File "/Users/dinukaperera/opt/anaconda3/envs/flower_tutorial/lib/python3.10/site-packages/flwr/client/app.py", line 319, in _evaluate
    parameters: NDArrays = parameters_to_ndarrays(ins.parameters)
AttributeError: 'dict' object has no attribute 'parameters'
[2026-01-06 01:01:23,415][flwr][ERROR] - [36mray::launch_and_evaluate()[39m (pid=77243, ip=127.0.0.1)
  File "/Users/dinukaperera/opt/anaconda3/envs/flower_tutorial/lib/python3.10/site-packages/flwr/simulation/ray_transport/ray_client_proxy.py", line 160, in launch_and_evaluate
    return maybe_call_evaluate(
  File "/Users/dinukaperera/opt/anaconda3/envs/flower_tutorial/lib/python3.10/site-packages/flwr/client/client.py", line 205, in maybe_call_evaluate
    return client.evaluate(evaluate_ins)
  File "/Users/dinukaperera/opt/anaconda3/envs/flower_tutorial/lib/python3.10/site-packages/flwr/client/app.py", line 319, in _evaluate
    parameters: NDArrays = parameters_to_ndarrays(ins.parameters)
AttributeError: 'dict' object has no attribute 'parameters'
[2026-01-06 01:01:23,419][flwr][ERROR] - [36mray::launch_and_evaluate()[39m (pid=77250, ip=127.0.0.1)
  File "/Users/dinukaperera/opt/anaconda3/envs/flower_tutorial/lib/python3.10/site-packages/flwr/simulation/ray_transport/ray_client_proxy.py", line 160, in launch_and_evaluate
    return maybe_call_evaluate(
  File "/Users/dinukaperera/opt/anaconda3/envs/flower_tutorial/lib/python3.10/site-packages/flwr/client/client.py", line 205, in maybe_call_evaluate
    return client.evaluate(evaluate_ins)
  File "/Users/dinukaperera/opt/anaconda3/envs/flower_tutorial/lib/python3.10/site-packages/flwr/client/app.py", line 319, in _evaluate
    parameters: NDArrays = parameters_to_ndarrays(ins.parameters)
AttributeError: 'dict' object has no attribute 'parameters'
[2026-01-06 01:01:23,422][flwr][ERROR] - [36mray::launch_and_evaluate()[39m (pid=77245, ip=127.0.0.1)
  File "/Users/dinukaperera/opt/anaconda3/envs/flower_tutorial/lib/python3.10/site-packages/flwr/simulation/ray_transport/ray_client_proxy.py", line 160, in launch_and_evaluate
    return maybe_call_evaluate(
  File "/Users/dinukaperera/opt/anaconda3/envs/flower_tutorial/lib/python3.10/site-packages/flwr/client/client.py", line 205, in maybe_call_evaluate
    return client.evaluate(evaluate_ins)
  File "/Users/dinukaperera/opt/anaconda3/envs/flower_tutorial/lib/python3.10/site-packages/flwr/client/app.py", line 319, in _evaluate
    parameters: NDArrays = parameters_to_ndarrays(ins.parameters)
AttributeError: 'dict' object has no attribute 'parameters'
[2026-01-06 01:01:23,431][flwr][ERROR] - [36mray::launch_and_evaluate()[39m (pid=77245, ip=127.0.0.1)
  File "/Users/dinukaperera/opt/anaconda3/envs/flower_tutorial/lib/python3.10/site-packages/flwr/simulation/ray_transport/ray_client_proxy.py", line 160, in launch_and_evaluate
    return maybe_call_evaluate(
  File "/Users/dinukaperera/opt/anaconda3/envs/flower_tutorial/lib/python3.10/site-packages/flwr/client/client.py", line 205, in maybe_call_evaluate
    return client.evaluate(evaluate_ins)
  File "/Users/dinukaperera/opt/anaconda3/envs/flower_tutorial/lib/python3.10/site-packages/flwr/client/app.py", line 319, in _evaluate
    parameters: NDArrays = parameters_to_ndarrays(ins.parameters)
AttributeError: 'dict' object has no attribute 'parameters'
[2026-01-06 01:01:23,432][flwr][ERROR] - [36mray::launch_and_evaluate()[39m (pid=77250, ip=127.0.0.1)
  File "/Users/dinukaperera/opt/anaconda3/envs/flower_tutorial/lib/python3.10/site-packages/flwr/simulation/ray_transport/ray_client_proxy.py", line 160, in launch_and_evaluate
    return maybe_call_evaluate(
  File "/Users/dinukaperera/opt/anaconda3/envs/flower_tutorial/lib/python3.10/site-packages/flwr/client/client.py", line 205, in maybe_call_evaluate
    return client.evaluate(evaluate_ins)
  File "/Users/dinukaperera/opt/anaconda3/envs/flower_tutorial/lib/python3.10/site-packages/flwr/client/app.py", line 319, in _evaluate
    parameters: NDArrays = parameters_to_ndarrays(ins.parameters)
AttributeError: 'dict' object has no attribute 'parameters'
[2026-01-06 01:01:23,444][flwr][ERROR] - [36mray::launch_and_evaluate()[39m (pid=77250, ip=127.0.0.1)
  File "/Users/dinukaperera/opt/anaconda3/envs/flower_tutorial/lib/python3.10/site-packages/flwr/simulation/ray_transport/ray_client_proxy.py", line 160, in launch_and_evaluate
    return maybe_call_evaluate(
  File "/Users/dinukaperera/opt/anaconda3/envs/flower_tutorial/lib/python3.10/site-packages/flwr/client/client.py", line 205, in maybe_call_evaluate
    return client.evaluate(evaluate_ins)
  File "/Users/dinukaperera/opt/anaconda3/envs/flower_tutorial/lib/python3.10/site-packages/flwr/client/app.py", line 319, in _evaluate
    parameters: NDArrays = parameters_to_ndarrays(ins.parameters)
AttributeError: 'dict' object has no attribute 'parameters'
[2026-01-06 01:01:23,448][flwr][ERROR] - [36mray::launch_and_evaluate()[39m (pid=77252, ip=127.0.0.1)
  File "/Users/dinukaperera/opt/anaconda3/envs/flower_tutorial/lib/python3.10/site-packages/flwr/simulation/ray_transport/ray_client_proxy.py", line 160, in launch_and_evaluate
    return maybe_call_evaluate(
  File "/Users/dinukaperera/opt/anaconda3/envs/flower_tutorial/lib/python3.10/site-packages/flwr/client/client.py", line 205, in maybe_call_evaluate
    return client.evaluate(evaluate_ins)
  File "/Users/dinukaperera/opt/anaconda3/envs/flower_tutorial/lib/python3.10/site-packages/flwr/client/app.py", line 319, in _evaluate
    parameters: NDArrays = parameters_to_ndarrays(ins.parameters)
AttributeError: 'dict' object has no attribute 'parameters'
[2026-01-06 01:01:23,451][flwr][ERROR] - [36mray::launch_and_evaluate()[39m (pid=77245, ip=127.0.0.1)
  File "/Users/dinukaperera/opt/anaconda3/envs/flower_tutorial/lib/python3.10/site-packages/flwr/simulation/ray_transport/ray_client_proxy.py", line 160, in launch_and_evaluate
    return maybe_call_evaluate(
  File "/Users/dinukaperera/opt/anaconda3/envs/flower_tutorial/lib/python3.10/site-packages/flwr/client/client.py", line 205, in maybe_call_evaluate
    return client.evaluate(evaluate_ins)
  File "/Users/dinukaperera/opt/anaconda3/envs/flower_tutorial/lib/python3.10/site-packages/flwr/client/app.py", line 319, in _evaluate
    parameters: NDArrays = parameters_to_ndarrays(ins.parameters)
AttributeError: 'dict' object has no attribute 'parameters'
[2026-01-06 01:01:23,455][flwr][ERROR] - [36mray::launch_and_evaluate()[39m (pid=77243, ip=127.0.0.1)
  File "/Users/dinukaperera/opt/anaconda3/envs/flower_tutorial/lib/python3.10/site-packages/flwr/simulation/ray_transport/ray_client_proxy.py", line 160, in launch_and_evaluate
    return maybe_call_evaluate(
  File "/Users/dinukaperera/opt/anaconda3/envs/flower_tutorial/lib/python3.10/site-packages/flwr/client/client.py", line 205, in maybe_call_evaluate
    return client.evaluate(evaluate_ins)
  File "/Users/dinukaperera/opt/anaconda3/envs/flower_tutorial/lib/python3.10/site-packages/flwr/client/app.py", line 319, in _evaluate
    parameters: NDArrays = parameters_to_ndarrays(ins.parameters)
AttributeError: 'dict' object has no attribute 'parameters'
[2026-01-06 01:01:23,468][flwr][ERROR] - [36mray::launch_and_evaluate()[39m (pid=77252, ip=127.0.0.1)
  File "/Users/dinukaperera/opt/anaconda3/envs/flower_tutorial/lib/python3.10/site-packages/flwr/simulation/ray_transport/ray_client_proxy.py", line 160, in launch_and_evaluate
    return maybe_call_evaluate(
  File "/Users/dinukaperera/opt/anaconda3/envs/flower_tutorial/lib/python3.10/site-packages/flwr/client/client.py", line 205, in maybe_call_evaluate
    return client.evaluate(evaluate_ins)
  File "/Users/dinukaperera/opt/anaconda3/envs/flower_tutorial/lib/python3.10/site-packages/flwr/client/app.py", line 319, in _evaluate
    parameters: NDArrays = parameters_to_ndarrays(ins.parameters)
AttributeError: 'dict' object has no attribute 'parameters'
[2026-01-06 01:01:23,468][flwr][ERROR] - [36mray::launch_and_evaluate()[39m (pid=77243, ip=127.0.0.1)
  File "/Users/dinukaperera/opt/anaconda3/envs/flower_tutorial/lib/python3.10/site-packages/flwr/simulation/ray_transport/ray_client_proxy.py", line 160, in launch_and_evaluate
    return maybe_call_evaluate(
  File "/Users/dinukaperera/opt/anaconda3/envs/flower_tutorial/lib/python3.10/site-packages/flwr/client/client.py", line 205, in maybe_call_evaluate
    return client.evaluate(evaluate_ins)
  File "/Users/dinukaperera/opt/anaconda3/envs/flower_tutorial/lib/python3.10/site-packages/flwr/client/app.py", line 319, in _evaluate
    parameters: NDArrays = parameters_to_ndarrays(ins.parameters)
AttributeError: 'dict' object has no attribute 'parameters'
[2026-01-06 01:01:23,469][flwr][ERROR] - [36mray::launch_and_evaluate()[39m (pid=77245, ip=127.0.0.1)
  File "/Users/dinukaperera/opt/anaconda3/envs/flower_tutorial/lib/python3.10/site-packages/flwr/simulation/ray_transport/ray_client_proxy.py", line 160, in launch_and_evaluate
    return maybe_call_evaluate(
  File "/Users/dinukaperera/opt/anaconda3/envs/flower_tutorial/lib/python3.10/site-packages/flwr/client/client.py", line 205, in maybe_call_evaluate
    return client.evaluate(evaluate_ins)
  File "/Users/dinukaperera/opt/anaconda3/envs/flower_tutorial/lib/python3.10/site-packages/flwr/client/app.py", line 319, in _evaluate
    parameters: NDArrays = parameters_to_ndarrays(ins.parameters)
AttributeError: 'dict' object has no attribute 'parameters'
[2026-01-06 01:01:23,469][flwr][ERROR] - [36mray::launch_and_evaluate()[39m (pid=77250, ip=127.0.0.1)
  File "/Users/dinukaperera/opt/anaconda3/envs/flower_tutorial/lib/python3.10/site-packages/flwr/simulation/ray_transport/ray_client_proxy.py", line 160, in launch_and_evaluate
    return maybe_call_evaluate(
  File "/Users/dinukaperera/opt/anaconda3/envs/flower_tutorial/lib/python3.10/site-packages/flwr/client/client.py", line 205, in maybe_call_evaluate
    return client.evaluate(evaluate_ins)
  File "/Users/dinukaperera/opt/anaconda3/envs/flower_tutorial/lib/python3.10/site-packages/flwr/client/app.py", line 319, in _evaluate
    parameters: NDArrays = parameters_to_ndarrays(ins.parameters)
AttributeError: 'dict' object has no attribute 'parameters'
[2026-01-06 01:01:23,473][flwr][ERROR] - [36mray::launch_and_evaluate()[39m (pid=77252, ip=127.0.0.1)
  File "/Users/dinukaperera/opt/anaconda3/envs/flower_tutorial/lib/python3.10/site-packages/flwr/simulation/ray_transport/ray_client_proxy.py", line 160, in launch_and_evaluate
    return maybe_call_evaluate(
  File "/Users/dinukaperera/opt/anaconda3/envs/flower_tutorial/lib/python3.10/site-packages/flwr/client/client.py", line 205, in maybe_call_evaluate
    return client.evaluate(evaluate_ins)
  File "/Users/dinukaperera/opt/anaconda3/envs/flower_tutorial/lib/python3.10/site-packages/flwr/client/app.py", line 319, in _evaluate
    parameters: NDArrays = parameters_to_ndarrays(ins.parameters)
AttributeError: 'dict' object has no attribute 'parameters'
[2026-01-06 01:01:23,482][flwr][ERROR] - [36mray::launch_and_evaluate()[39m (pid=77252, ip=127.0.0.1)
  File "/Users/dinukaperera/opt/anaconda3/envs/flower_tutorial/lib/python3.10/site-packages/flwr/simulation/ray_transport/ray_client_proxy.py", line 160, in launch_and_evaluate
    return maybe_call_evaluate(
  File "/Users/dinukaperera/opt/anaconda3/envs/flower_tutorial/lib/python3.10/site-packages/flwr/client/client.py", line 205, in maybe_call_evaluate
    return client.evaluate(evaluate_ins)
  File "/Users/dinukaperera/opt/anaconda3/envs/flower_tutorial/lib/python3.10/site-packages/flwr/client/app.py", line 319, in _evaluate
    parameters: NDArrays = parameters_to_ndarrays(ins.parameters)
AttributeError: 'dict' object has no attribute 'parameters'
[2026-01-06 01:01:23,482][flwr][ERROR] - [36mray::launch_and_evaluate()[39m (pid=77250, ip=127.0.0.1)
  File "/Users/dinukaperera/opt/anaconda3/envs/flower_tutorial/lib/python3.10/site-packages/flwr/simulation/ray_transport/ray_client_proxy.py", line 160, in launch_and_evaluate
    return maybe_call_evaluate(
  File "/Users/dinukaperera/opt/anaconda3/envs/flower_tutorial/lib/python3.10/site-packages/flwr/client/client.py", line 205, in maybe_call_evaluate
    return client.evaluate(evaluate_ins)
  File "/Users/dinukaperera/opt/anaconda3/envs/flower_tutorial/lib/python3.10/site-packages/flwr/client/app.py", line 319, in _evaluate
    parameters: NDArrays = parameters_to_ndarrays(ins.parameters)
AttributeError: 'dict' object has no attribute 'parameters'
[2026-01-06 01:01:23,484][flwr][ERROR] - [36mray::launch_and_evaluate()[39m (pid=77245, ip=127.0.0.1)
  File "/Users/dinukaperera/opt/anaconda3/envs/flower_tutorial/lib/python3.10/site-packages/flwr/simulation/ray_transport/ray_client_proxy.py", line 160, in launch_and_evaluate
    return maybe_call_evaluate(
  File "/Users/dinukaperera/opt/anaconda3/envs/flower_tutorial/lib/python3.10/site-packages/flwr/client/client.py", line 205, in maybe_call_evaluate
    return client.evaluate(evaluate_ins)
  File "/Users/dinukaperera/opt/anaconda3/envs/flower_tutorial/lib/python3.10/site-packages/flwr/client/app.py", line 319, in _evaluate
    parameters: NDArrays = parameters_to_ndarrays(ins.parameters)
AttributeError: 'dict' object has no attribute 'parameters'
[2026-01-06 01:01:23,486][flwr][ERROR] - [36mray::launch_and_evaluate()[39m (pid=77243, ip=127.0.0.1)
  File "/Users/dinukaperera/opt/anaconda3/envs/flower_tutorial/lib/python3.10/site-packages/flwr/simulation/ray_transport/ray_client_proxy.py", line 160, in launch_and_evaluate
    return maybe_call_evaluate(
  File "/Users/dinukaperera/opt/anaconda3/envs/flower_tutorial/lib/python3.10/site-packages/flwr/client/client.py", line 205, in maybe_call_evaluate
    return client.evaluate(evaluate_ins)
  File "/Users/dinukaperera/opt/anaconda3/envs/flower_tutorial/lib/python3.10/site-packages/flwr/client/app.py", line 319, in _evaluate
    parameters: NDArrays = parameters_to_ndarrays(ins.parameters)
AttributeError: 'dict' object has no attribute 'parameters'
[2026-01-06 01:01:23,490][flwr][ERROR] - [36mray::launch_and_evaluate()[39m (pid=77250, ip=127.0.0.1)
  File "/Users/dinukaperera/opt/anaconda3/envs/flower_tutorial/lib/python3.10/site-packages/flwr/simulation/ray_transport/ray_client_proxy.py", line 160, in launch_and_evaluate
    return maybe_call_evaluate(
  File "/Users/dinukaperera/opt/anaconda3/envs/flower_tutorial/lib/python3.10/site-packages/flwr/client/client.py", line 205, in maybe_call_evaluate
    return client.evaluate(evaluate_ins)
  File "/Users/dinukaperera/opt/anaconda3/envs/flower_tutorial/lib/python3.10/site-packages/flwr/client/app.py", line 319, in _evaluate
    parameters: NDArrays = parameters_to_ndarrays(ins.parameters)
AttributeError: 'dict' object has no attribute 'parameters'
[2026-01-06 01:01:23,491][flwr][ERROR] - [36mray::launch_and_evaluate()[39m (pid=77249, ip=127.0.0.1)
  File "/Users/dinukaperera/opt/anaconda3/envs/flower_tutorial/lib/python3.10/site-packages/flwr/simulation/ray_transport/ray_client_proxy.py", line 160, in launch_and_evaluate
    return maybe_call_evaluate(
  File "/Users/dinukaperera/opt/anaconda3/envs/flower_tutorial/lib/python3.10/site-packages/flwr/client/client.py", line 205, in maybe_call_evaluate
    return client.evaluate(evaluate_ins)
  File "/Users/dinukaperera/opt/anaconda3/envs/flower_tutorial/lib/python3.10/site-packages/flwr/client/app.py", line 319, in _evaluate
    parameters: NDArrays = parameters_to_ndarrays(ins.parameters)
AttributeError: 'dict' object has no attribute 'parameters'
[2026-01-06 01:01:23,492][flwr][ERROR] - [36mray::launch_and_evaluate()[39m (pid=77252, ip=127.0.0.1)
  File "/Users/dinukaperera/opt/anaconda3/envs/flower_tutorial/lib/python3.10/site-packages/flwr/simulation/ray_transport/ray_client_proxy.py", line 160, in launch_and_evaluate
    return maybe_call_evaluate(
  File "/Users/dinukaperera/opt/anaconda3/envs/flower_tutorial/lib/python3.10/site-packages/flwr/client/client.py", line 205, in maybe_call_evaluate
    return client.evaluate(evaluate_ins)
  File "/Users/dinukaperera/opt/anaconda3/envs/flower_tutorial/lib/python3.10/site-packages/flwr/client/app.py", line 319, in _evaluate
    parameters: NDArrays = parameters_to_ndarrays(ins.parameters)
AttributeError: 'dict' object has no attribute 'parameters'
[2026-01-06 01:01:23,493][flwr][DEBUG] - evaluate_round 4 received 0 results and 25 failures
[2026-01-06 01:01:23,495][flwr][DEBUG] - fit_round 5: strategy sampled 10 clients (out of 100)
[2026-01-06 01:01:23,522][flwr][ERROR] - [36mray::launch_and_fit()[39m (pid=77249, ip=127.0.0.1)
  File "/Users/dinukaperera/opt/anaconda3/envs/flower_tutorial/lib/python3.10/site-packages/flwr/simulation/ray_transport/ray_client_proxy.py", line 148, in launch_and_fit
    return maybe_call_fit(
  File "/Users/dinukaperera/opt/anaconda3/envs/flower_tutorial/lib/python3.10/site-packages/flwr/client/client.py", line 184, in maybe_call_fit
    return client.fit(fit_ins)
  File "/Users/dinukaperera/opt/anaconda3/envs/flower_tutorial/lib/python3.10/site-packages/flwr/client/app.py", line 294, in _fit
    parameters: NDArrays = parameters_to_ndarrays(ins.parameters)
AttributeError: 'dict' object has no attribute 'parameters'
[2026-01-06 01:01:23,526][flwr][ERROR] - [36mray::launch_and_fit()[39m (pid=77250, ip=127.0.0.1)
  File "/Users/dinukaperera/opt/anaconda3/envs/flower_tutorial/lib/python3.10/site-packages/flwr/simulation/ray_transport/ray_client_proxy.py", line 148, in launch_and_fit
    return maybe_call_fit(
  File "/Users/dinukaperera/opt/anaconda3/envs/flower_tutorial/lib/python3.10/site-packages/flwr/client/client.py", line 184, in maybe_call_fit
    return client.fit(fit_ins)
  File "/Users/dinukaperera/opt/anaconda3/envs/flower_tutorial/lib/python3.10/site-packages/flwr/client/app.py", line 294, in _fit
    parameters: NDArrays = parameters_to_ndarrays(ins.parameters)
AttributeError: 'dict' object has no attribute 'parameters'
[2026-01-06 01:01:23,526][flwr][ERROR] - [36mray::launch_and_fit()[39m (pid=77252, ip=127.0.0.1)
  File "/Users/dinukaperera/opt/anaconda3/envs/flower_tutorial/lib/python3.10/site-packages/flwr/simulation/ray_transport/ray_client_proxy.py", line 148, in launch_and_fit
    return maybe_call_fit(
  File "/Users/dinukaperera/opt/anaconda3/envs/flower_tutorial/lib/python3.10/site-packages/flwr/client/client.py", line 184, in maybe_call_fit
    return client.fit(fit_ins)
  File "/Users/dinukaperera/opt/anaconda3/envs/flower_tutorial/lib/python3.10/site-packages/flwr/client/app.py", line 294, in _fit
    parameters: NDArrays = parameters_to_ndarrays(ins.parameters)
AttributeError: 'dict' object has no attribute 'parameters'
[2026-01-06 01:01:23,534][flwr][ERROR] - [36mray::launch_and_fit()[39m (pid=77250, ip=127.0.0.1)
  File "/Users/dinukaperera/opt/anaconda3/envs/flower_tutorial/lib/python3.10/site-packages/flwr/simulation/ray_transport/ray_client_proxy.py", line 148, in launch_and_fit
    return maybe_call_fit(
  File "/Users/dinukaperera/opt/anaconda3/envs/flower_tutorial/lib/python3.10/site-packages/flwr/client/client.py", line 184, in maybe_call_fit
    return client.fit(fit_ins)
  File "/Users/dinukaperera/opt/anaconda3/envs/flower_tutorial/lib/python3.10/site-packages/flwr/client/app.py", line 294, in _fit
    parameters: NDArrays = parameters_to_ndarrays(ins.parameters)
AttributeError: 'dict' object has no attribute 'parameters'
[2026-01-06 01:01:23,535][flwr][ERROR] - [36mray::launch_and_fit()[39m (pid=77249, ip=127.0.0.1)
  File "/Users/dinukaperera/opt/anaconda3/envs/flower_tutorial/lib/python3.10/site-packages/flwr/simulation/ray_transport/ray_client_proxy.py", line 148, in launch_and_fit
    return maybe_call_fit(
  File "/Users/dinukaperera/opt/anaconda3/envs/flower_tutorial/lib/python3.10/site-packages/flwr/client/client.py", line 184, in maybe_call_fit
    return client.fit(fit_ins)
  File "/Users/dinukaperera/opt/anaconda3/envs/flower_tutorial/lib/python3.10/site-packages/flwr/client/app.py", line 294, in _fit
    parameters: NDArrays = parameters_to_ndarrays(ins.parameters)
AttributeError: 'dict' object has no attribute 'parameters'
[2026-01-06 01:01:23,541][flwr][ERROR] - [36mray::launch_and_fit()[39m (pid=77249, ip=127.0.0.1)
  File "/Users/dinukaperera/opt/anaconda3/envs/flower_tutorial/lib/python3.10/site-packages/flwr/simulation/ray_transport/ray_client_proxy.py", line 148, in launch_and_fit
    return maybe_call_fit(
  File "/Users/dinukaperera/opt/anaconda3/envs/flower_tutorial/lib/python3.10/site-packages/flwr/client/client.py", line 184, in maybe_call_fit
    return client.fit(fit_ins)
  File "/Users/dinukaperera/opt/anaconda3/envs/flower_tutorial/lib/python3.10/site-packages/flwr/client/app.py", line 294, in _fit
    parameters: NDArrays = parameters_to_ndarrays(ins.parameters)
AttributeError: 'dict' object has no attribute 'parameters'
[2026-01-06 01:01:23,543][flwr][ERROR] - [36mray::launch_and_fit()[39m (pid=77250, ip=127.0.0.1)
  File "/Users/dinukaperera/opt/anaconda3/envs/flower_tutorial/lib/python3.10/site-packages/flwr/simulation/ray_transport/ray_client_proxy.py", line 148, in launch_and_fit
    return maybe_call_fit(
  File "/Users/dinukaperera/opt/anaconda3/envs/flower_tutorial/lib/python3.10/site-packages/flwr/client/client.py", line 184, in maybe_call_fit
    return client.fit(fit_ins)
  File "/Users/dinukaperera/opt/anaconda3/envs/flower_tutorial/lib/python3.10/site-packages/flwr/client/app.py", line 294, in _fit
    parameters: NDArrays = parameters_to_ndarrays(ins.parameters)
AttributeError: 'dict' object has no attribute 'parameters'
[2026-01-06 01:01:23,544][flwr][ERROR] - [36mray::launch_and_fit()[39m (pid=77252, ip=127.0.0.1)
  File "/Users/dinukaperera/opt/anaconda3/envs/flower_tutorial/lib/python3.10/site-packages/flwr/simulation/ray_transport/ray_client_proxy.py", line 148, in launch_and_fit
    return maybe_call_fit(
  File "/Users/dinukaperera/opt/anaconda3/envs/flower_tutorial/lib/python3.10/site-packages/flwr/client/client.py", line 184, in maybe_call_fit
    return client.fit(fit_ins)
  File "/Users/dinukaperera/opt/anaconda3/envs/flower_tutorial/lib/python3.10/site-packages/flwr/client/app.py", line 294, in _fit
    parameters: NDArrays = parameters_to_ndarrays(ins.parameters)
AttributeError: 'dict' object has no attribute 'parameters'
[2026-01-06 01:01:23,544][flwr][ERROR] - [36mray::launch_and_fit()[39m (pid=77245, ip=127.0.0.1)
  File "/Users/dinukaperera/opt/anaconda3/envs/flower_tutorial/lib/python3.10/site-packages/flwr/simulation/ray_transport/ray_client_proxy.py", line 148, in launch_and_fit
    return maybe_call_fit(
  File "/Users/dinukaperera/opt/anaconda3/envs/flower_tutorial/lib/python3.10/site-packages/flwr/client/client.py", line 184, in maybe_call_fit
    return client.fit(fit_ins)
  File "/Users/dinukaperera/opt/anaconda3/envs/flower_tutorial/lib/python3.10/site-packages/flwr/client/app.py", line 294, in _fit
    parameters: NDArrays = parameters_to_ndarrays(ins.parameters)
AttributeError: 'dict' object has no attribute 'parameters'
[2026-01-06 01:01:23,545][flwr][ERROR] - [36mray::launch_and_fit()[39m (pid=77243, ip=127.0.0.1)
  File "/Users/dinukaperera/opt/anaconda3/envs/flower_tutorial/lib/python3.10/site-packages/flwr/simulation/ray_transport/ray_client_proxy.py", line 148, in launch_and_fit
    return maybe_call_fit(
  File "/Users/dinukaperera/opt/anaconda3/envs/flower_tutorial/lib/python3.10/site-packages/flwr/client/client.py", line 184, in maybe_call_fit
    return client.fit(fit_ins)
  File "/Users/dinukaperera/opt/anaconda3/envs/flower_tutorial/lib/python3.10/site-packages/flwr/client/app.py", line 294, in _fit
    parameters: NDArrays = parameters_to_ndarrays(ins.parameters)
AttributeError: 'dict' object has no attribute 'parameters'
[2026-01-06 01:01:23,546][flwr][DEBUG] - fit_round 5 received 0 results and 10 failures
[2026-01-06 01:01:23,568][flwr][INFO] - fit progress: (5, 68.0167875289917, {'accuracy': 0.5075}, 7.302885124925524)
[2026-01-06 01:01:23,569][flwr][DEBUG] - evaluate_round 5: strategy sampled 25 clients (out of 100)
[2026-01-06 01:01:23,589][flwr][ERROR] - [36mray::launch_and_evaluate()[39m (pid=77243, ip=127.0.0.1)
  File "/Users/dinukaperera/opt/anaconda3/envs/flower_tutorial/lib/python3.10/site-packages/flwr/simulation/ray_transport/ray_client_proxy.py", line 160, in launch_and_evaluate
    return maybe_call_evaluate(
  File "/Users/dinukaperera/opt/anaconda3/envs/flower_tutorial/lib/python3.10/site-packages/flwr/client/client.py", line 205, in maybe_call_evaluate
    return client.evaluate(evaluate_ins)
  File "/Users/dinukaperera/opt/anaconda3/envs/flower_tutorial/lib/python3.10/site-packages/flwr/client/app.py", line 319, in _evaluate
    parameters: NDArrays = parameters_to_ndarrays(ins.parameters)
AttributeError: 'dict' object has no attribute 'parameters'
[2026-01-06 01:01:23,593][flwr][ERROR] - [36mray::launch_and_evaluate()[39m (pid=77245, ip=127.0.0.1)
  File "/Users/dinukaperera/opt/anaconda3/envs/flower_tutorial/lib/python3.10/site-packages/flwr/simulation/ray_transport/ray_client_proxy.py", line 160, in launch_and_evaluate
    return maybe_call_evaluate(
  File "/Users/dinukaperera/opt/anaconda3/envs/flower_tutorial/lib/python3.10/site-packages/flwr/client/client.py", line 205, in maybe_call_evaluate
    return client.evaluate(evaluate_ins)
  File "/Users/dinukaperera/opt/anaconda3/envs/flower_tutorial/lib/python3.10/site-packages/flwr/client/app.py", line 319, in _evaluate
    parameters: NDArrays = parameters_to_ndarrays(ins.parameters)
AttributeError: 'dict' object has no attribute 'parameters'
[2026-01-06 01:01:23,603][flwr][ERROR] - [36mray::launch_and_evaluate()[39m (pid=77243, ip=127.0.0.1)
  File "/Users/dinukaperera/opt/anaconda3/envs/flower_tutorial/lib/python3.10/site-packages/flwr/simulation/ray_transport/ray_client_proxy.py", line 160, in launch_and_evaluate
    return maybe_call_evaluate(
  File "/Users/dinukaperera/opt/anaconda3/envs/flower_tutorial/lib/python3.10/site-packages/flwr/client/client.py", line 205, in maybe_call_evaluate
    return client.evaluate(evaluate_ins)
  File "/Users/dinukaperera/opt/anaconda3/envs/flower_tutorial/lib/python3.10/site-packages/flwr/client/app.py", line 319, in _evaluate
    parameters: NDArrays = parameters_to_ndarrays(ins.parameters)
AttributeError: 'dict' object has no attribute 'parameters'
[2026-01-06 01:01:23,604][flwr][ERROR] - [36mray::launch_and_evaluate()[39m (pid=77252, ip=127.0.0.1)
  File "/Users/dinukaperera/opt/anaconda3/envs/flower_tutorial/lib/python3.10/site-packages/flwr/simulation/ray_transport/ray_client_proxy.py", line 160, in launch_and_evaluate
    return maybe_call_evaluate(
  File "/Users/dinukaperera/opt/anaconda3/envs/flower_tutorial/lib/python3.10/site-packages/flwr/client/client.py", line 205, in maybe_call_evaluate
    return client.evaluate(evaluate_ins)
  File "/Users/dinukaperera/opt/anaconda3/envs/flower_tutorial/lib/python3.10/site-packages/flwr/client/app.py", line 319, in _evaluate
    parameters: NDArrays = parameters_to_ndarrays(ins.parameters)
AttributeError: 'dict' object has no attribute 'parameters'
[2026-01-06 01:01:23,611][flwr][ERROR] - [36mray::launch_and_evaluate()[39m (pid=77243, ip=127.0.0.1)
  File "/Users/dinukaperera/opt/anaconda3/envs/flower_tutorial/lib/python3.10/site-packages/flwr/simulation/ray_transport/ray_client_proxy.py", line 160, in launch_and_evaluate
    return maybe_call_evaluate(
  File "/Users/dinukaperera/opt/anaconda3/envs/flower_tutorial/lib/python3.10/site-packages/flwr/client/client.py", line 205, in maybe_call_evaluate
    return client.evaluate(evaluate_ins)
  File "/Users/dinukaperera/opt/anaconda3/envs/flower_tutorial/lib/python3.10/site-packages/flwr/client/app.py", line 319, in _evaluate
    parameters: NDArrays = parameters_to_ndarrays(ins.parameters)
AttributeError: 'dict' object has no attribute 'parameters'
[2026-01-06 01:01:23,611][flwr][ERROR] - [36mray::launch_and_evaluate()[39m (pid=77245, ip=127.0.0.1)
  File "/Users/dinukaperera/opt/anaconda3/envs/flower_tutorial/lib/python3.10/site-packages/flwr/simulation/ray_transport/ray_client_proxy.py", line 160, in launch_and_evaluate
    return maybe_call_evaluate(
  File "/Users/dinukaperera/opt/anaconda3/envs/flower_tutorial/lib/python3.10/site-packages/flwr/client/client.py", line 205, in maybe_call_evaluate
    return client.evaluate(evaluate_ins)
  File "/Users/dinukaperera/opt/anaconda3/envs/flower_tutorial/lib/python3.10/site-packages/flwr/client/app.py", line 319, in _evaluate
    parameters: NDArrays = parameters_to_ndarrays(ins.parameters)
AttributeError: 'dict' object has no attribute 'parameters'
[2026-01-06 01:01:23,619][flwr][ERROR] - [36mray::launch_and_evaluate()[39m (pid=77252, ip=127.0.0.1)
  File "/Users/dinukaperera/opt/anaconda3/envs/flower_tutorial/lib/python3.10/site-packages/flwr/simulation/ray_transport/ray_client_proxy.py", line 160, in launch_and_evaluate
    return maybe_call_evaluate(
  File "/Users/dinukaperera/opt/anaconda3/envs/flower_tutorial/lib/python3.10/site-packages/flwr/client/client.py", line 205, in maybe_call_evaluate
    return client.evaluate(evaluate_ins)
  File "/Users/dinukaperera/opt/anaconda3/envs/flower_tutorial/lib/python3.10/site-packages/flwr/client/app.py", line 319, in _evaluate
    parameters: NDArrays = parameters_to_ndarrays(ins.parameters)
AttributeError: 'dict' object has no attribute 'parameters'
[2026-01-06 01:01:23,623][flwr][ERROR] - [36mray::launch_and_evaluate()[39m (pid=77243, ip=127.0.0.1)
  File "/Users/dinukaperera/opt/anaconda3/envs/flower_tutorial/lib/python3.10/site-packages/flwr/simulation/ray_transport/ray_client_proxy.py", line 160, in launch_and_evaluate
    return maybe_call_evaluate(
  File "/Users/dinukaperera/opt/anaconda3/envs/flower_tutorial/lib/python3.10/site-packages/flwr/client/client.py", line 205, in maybe_call_evaluate
    return client.evaluate(evaluate_ins)
  File "/Users/dinukaperera/opt/anaconda3/envs/flower_tutorial/lib/python3.10/site-packages/flwr/client/app.py", line 319, in _evaluate
    parameters: NDArrays = parameters_to_ndarrays(ins.parameters)
AttributeError: 'dict' object has no attribute 'parameters'
[2026-01-06 01:01:23,633][flwr][ERROR] - [36mray::launch_and_evaluate()[39m (pid=77252, ip=127.0.0.1)
  File "/Users/dinukaperera/opt/anaconda3/envs/flower_tutorial/lib/python3.10/site-packages/flwr/simulation/ray_transport/ray_client_proxy.py", line 160, in launch_and_evaluate
    return maybe_call_evaluate(
  File "/Users/dinukaperera/opt/anaconda3/envs/flower_tutorial/lib/python3.10/site-packages/flwr/client/client.py", line 205, in maybe_call_evaluate
    return client.evaluate(evaluate_ins)
  File "/Users/dinukaperera/opt/anaconda3/envs/flower_tutorial/lib/python3.10/site-packages/flwr/client/app.py", line 319, in _evaluate
    parameters: NDArrays = parameters_to_ndarrays(ins.parameters)
AttributeError: 'dict' object has no attribute 'parameters'
[2026-01-06 01:01:23,641][flwr][ERROR] - [36mray::launch_and_evaluate()[39m (pid=77243, ip=127.0.0.1)
  File "/Users/dinukaperera/opt/anaconda3/envs/flower_tutorial/lib/python3.10/site-packages/flwr/simulation/ray_transport/ray_client_proxy.py", line 160, in launch_and_evaluate
    return maybe_call_evaluate(
  File "/Users/dinukaperera/opt/anaconda3/envs/flower_tutorial/lib/python3.10/site-packages/flwr/client/client.py", line 205, in maybe_call_evaluate
    return client.evaluate(evaluate_ins)
  File "/Users/dinukaperera/opt/anaconda3/envs/flower_tutorial/lib/python3.10/site-packages/flwr/client/app.py", line 319, in _evaluate
    parameters: NDArrays = parameters_to_ndarrays(ins.parameters)
AttributeError: 'dict' object has no attribute 'parameters'
[2026-01-06 01:01:23,642][flwr][ERROR] - [36mray::launch_and_evaluate()[39m (pid=77245, ip=127.0.0.1)
  File "/Users/dinukaperera/opt/anaconda3/envs/flower_tutorial/lib/python3.10/site-packages/flwr/simulation/ray_transport/ray_client_proxy.py", line 160, in launch_and_evaluate
    return maybe_call_evaluate(
  File "/Users/dinukaperera/opt/anaconda3/envs/flower_tutorial/lib/python3.10/site-packages/flwr/client/client.py", line 205, in maybe_call_evaluate
    return client.evaluate(evaluate_ins)
  File "/Users/dinukaperera/opt/anaconda3/envs/flower_tutorial/lib/python3.10/site-packages/flwr/client/app.py", line 319, in _evaluate
    parameters: NDArrays = parameters_to_ndarrays(ins.parameters)
AttributeError: 'dict' object has no attribute 'parameters'
[2026-01-06 01:01:23,652][flwr][ERROR] - [36mray::launch_and_evaluate()[39m (pid=77245, ip=127.0.0.1)
  File "/Users/dinukaperera/opt/anaconda3/envs/flower_tutorial/lib/python3.10/site-packages/flwr/simulation/ray_transport/ray_client_proxy.py", line 160, in launch_and_evaluate
    return maybe_call_evaluate(
  File "/Users/dinukaperera/opt/anaconda3/envs/flower_tutorial/lib/python3.10/site-packages/flwr/client/client.py", line 205, in maybe_call_evaluate
    return client.evaluate(evaluate_ins)
  File "/Users/dinukaperera/opt/anaconda3/envs/flower_tutorial/lib/python3.10/site-packages/flwr/client/app.py", line 319, in _evaluate
    parameters: NDArrays = parameters_to_ndarrays(ins.parameters)
AttributeError: 'dict' object has no attribute 'parameters'
[2026-01-06 01:01:23,653][flwr][ERROR] - [36mray::launch_and_evaluate()[39m (pid=77243, ip=127.0.0.1)
  File "/Users/dinukaperera/opt/anaconda3/envs/flower_tutorial/lib/python3.10/site-packages/flwr/simulation/ray_transport/ray_client_proxy.py", line 160, in launch_and_evaluate
    return maybe_call_evaluate(
  File "/Users/dinukaperera/opt/anaconda3/envs/flower_tutorial/lib/python3.10/site-packages/flwr/client/client.py", line 205, in maybe_call_evaluate
    return client.evaluate(evaluate_ins)
  File "/Users/dinukaperera/opt/anaconda3/envs/flower_tutorial/lib/python3.10/site-packages/flwr/client/app.py", line 319, in _evaluate
    parameters: NDArrays = parameters_to_ndarrays(ins.parameters)
AttributeError: 'dict' object has no attribute 'parameters'
[2026-01-06 01:01:23,658][flwr][ERROR] - [36mray::launch_and_evaluate()[39m (pid=77243, ip=127.0.0.1)
  File "/Users/dinukaperera/opt/anaconda3/envs/flower_tutorial/lib/python3.10/site-packages/flwr/simulation/ray_transport/ray_client_proxy.py", line 160, in launch_and_evaluate
    return maybe_call_evaluate(
  File "/Users/dinukaperera/opt/anaconda3/envs/flower_tutorial/lib/python3.10/site-packages/flwr/client/client.py", line 205, in maybe_call_evaluate
    return client.evaluate(evaluate_ins)
  File "/Users/dinukaperera/opt/anaconda3/envs/flower_tutorial/lib/python3.10/site-packages/flwr/client/app.py", line 319, in _evaluate
    parameters: NDArrays = parameters_to_ndarrays(ins.parameters)
AttributeError: 'dict' object has no attribute 'parameters'
[2026-01-06 01:01:23,658][flwr][ERROR] - [36mray::launch_and_evaluate()[39m (pid=77252, ip=127.0.0.1)
  File "/Users/dinukaperera/opt/anaconda3/envs/flower_tutorial/lib/python3.10/site-packages/flwr/simulation/ray_transport/ray_client_proxy.py", line 160, in launch_and_evaluate
    return maybe_call_evaluate(
  File "/Users/dinukaperera/opt/anaconda3/envs/flower_tutorial/lib/python3.10/site-packages/flwr/client/client.py", line 205, in maybe_call_evaluate
    return client.evaluate(evaluate_ins)
  File "/Users/dinukaperera/opt/anaconda3/envs/flower_tutorial/lib/python3.10/site-packages/flwr/client/app.py", line 319, in _evaluate
    parameters: NDArrays = parameters_to_ndarrays(ins.parameters)
AttributeError: 'dict' object has no attribute 'parameters'
[2026-01-06 01:01:23,663][flwr][ERROR] - [36mray::launch_and_evaluate()[39m (pid=77243, ip=127.0.0.1)
  File "/Users/dinukaperera/opt/anaconda3/envs/flower_tutorial/lib/python3.10/site-packages/flwr/simulation/ray_transport/ray_client_proxy.py", line 160, in launch_and_evaluate
    return maybe_call_evaluate(
  File "/Users/dinukaperera/opt/anaconda3/envs/flower_tutorial/lib/python3.10/site-packages/flwr/client/client.py", line 205, in maybe_call_evaluate
    return client.evaluate(evaluate_ins)
  File "/Users/dinukaperera/opt/anaconda3/envs/flower_tutorial/lib/python3.10/site-packages/flwr/client/app.py", line 319, in _evaluate
    parameters: NDArrays = parameters_to_ndarrays(ins.parameters)
AttributeError: 'dict' object has no attribute 'parameters'
[2026-01-06 01:01:23,664][flwr][ERROR] - [36mray::launch_and_evaluate()[39m (pid=77252, ip=127.0.0.1)
  File "/Users/dinukaperera/opt/anaconda3/envs/flower_tutorial/lib/python3.10/site-packages/flwr/simulation/ray_transport/ray_client_proxy.py", line 160, in launch_and_evaluate
    return maybe_call_evaluate(
  File "/Users/dinukaperera/opt/anaconda3/envs/flower_tutorial/lib/python3.10/site-packages/flwr/client/client.py", line 205, in maybe_call_evaluate
    return client.evaluate(evaluate_ins)
  File "/Users/dinukaperera/opt/anaconda3/envs/flower_tutorial/lib/python3.10/site-packages/flwr/client/app.py", line 319, in _evaluate
    parameters: NDArrays = parameters_to_ndarrays(ins.parameters)
AttributeError: 'dict' object has no attribute 'parameters'
[2026-01-06 01:01:23,673][flwr][ERROR] - [36mray::launch_and_evaluate()[39m (pid=77250, ip=127.0.0.1)
  File "/Users/dinukaperera/opt/anaconda3/envs/flower_tutorial/lib/python3.10/site-packages/flwr/simulation/ray_transport/ray_client_proxy.py", line 160, in launch_and_evaluate
    return maybe_call_evaluate(
  File "/Users/dinukaperera/opt/anaconda3/envs/flower_tutorial/lib/python3.10/site-packages/flwr/client/client.py", line 205, in maybe_call_evaluate
    return client.evaluate(evaluate_ins)
  File "/Users/dinukaperera/opt/anaconda3/envs/flower_tutorial/lib/python3.10/site-packages/flwr/client/app.py", line 319, in _evaluate
    parameters: NDArrays = parameters_to_ndarrays(ins.parameters)
AttributeError: 'dict' object has no attribute 'parameters'
[2026-01-06 01:01:23,674][flwr][ERROR] - [36mray::launch_and_evaluate()[39m (pid=77243, ip=127.0.0.1)
  File "/Users/dinukaperera/opt/anaconda3/envs/flower_tutorial/lib/python3.10/site-packages/flwr/simulation/ray_transport/ray_client_proxy.py", line 160, in launch_and_evaluate
    return maybe_call_evaluate(
  File "/Users/dinukaperera/opt/anaconda3/envs/flower_tutorial/lib/python3.10/site-packages/flwr/client/client.py", line 205, in maybe_call_evaluate
    return client.evaluate(evaluate_ins)
  File "/Users/dinukaperera/opt/anaconda3/envs/flower_tutorial/lib/python3.10/site-packages/flwr/client/app.py", line 319, in _evaluate
    parameters: NDArrays = parameters_to_ndarrays(ins.parameters)
AttributeError: 'dict' object has no attribute 'parameters'
[2026-01-06 01:01:23,676][flwr][ERROR] - [36mray::launch_and_evaluate()[39m (pid=77252, ip=127.0.0.1)
  File "/Users/dinukaperera/opt/anaconda3/envs/flower_tutorial/lib/python3.10/site-packages/flwr/simulation/ray_transport/ray_client_proxy.py", line 160, in launch_and_evaluate
    return maybe_call_evaluate(
  File "/Users/dinukaperera/opt/anaconda3/envs/flower_tutorial/lib/python3.10/site-packages/flwr/client/client.py", line 205, in maybe_call_evaluate
    return client.evaluate(evaluate_ins)
  File "/Users/dinukaperera/opt/anaconda3/envs/flower_tutorial/lib/python3.10/site-packages/flwr/client/app.py", line 319, in _evaluate
    parameters: NDArrays = parameters_to_ndarrays(ins.parameters)
AttributeError: 'dict' object has no attribute 'parameters'
[2026-01-06 01:01:23,676][flwr][ERROR] - [36mray::launch_and_evaluate()[39m (pid=77245, ip=127.0.0.1)
  File "/Users/dinukaperera/opt/anaconda3/envs/flower_tutorial/lib/python3.10/site-packages/flwr/simulation/ray_transport/ray_client_proxy.py", line 160, in launch_and_evaluate
    return maybe_call_evaluate(
  File "/Users/dinukaperera/opt/anaconda3/envs/flower_tutorial/lib/python3.10/site-packages/flwr/client/client.py", line 205, in maybe_call_evaluate
    return client.evaluate(evaluate_ins)
  File "/Users/dinukaperera/opt/anaconda3/envs/flower_tutorial/lib/python3.10/site-packages/flwr/client/app.py", line 319, in _evaluate
    parameters: NDArrays = parameters_to_ndarrays(ins.parameters)
AttributeError: 'dict' object has no attribute 'parameters'
[2026-01-06 01:01:23,683][flwr][ERROR] - [36mray::launch_and_evaluate()[39m (pid=77250, ip=127.0.0.1)
  File "/Users/dinukaperera/opt/anaconda3/envs/flower_tutorial/lib/python3.10/site-packages/flwr/simulation/ray_transport/ray_client_proxy.py", line 160, in launch_and_evaluate
    return maybe_call_evaluate(
  File "/Users/dinukaperera/opt/anaconda3/envs/flower_tutorial/lib/python3.10/site-packages/flwr/client/client.py", line 205, in maybe_call_evaluate
    return client.evaluate(evaluate_ins)
  File "/Users/dinukaperera/opt/anaconda3/envs/flower_tutorial/lib/python3.10/site-packages/flwr/client/app.py", line 319, in _evaluate
    parameters: NDArrays = parameters_to_ndarrays(ins.parameters)
AttributeError: 'dict' object has no attribute 'parameters'
[2026-01-06 01:01:23,683][flwr][ERROR] - [36mray::launch_and_evaluate()[39m (pid=77252, ip=127.0.0.1)
  File "/Users/dinukaperera/opt/anaconda3/envs/flower_tutorial/lib/python3.10/site-packages/flwr/simulation/ray_transport/ray_client_proxy.py", line 160, in launch_and_evaluate
    return maybe_call_evaluate(
  File "/Users/dinukaperera/opt/anaconda3/envs/flower_tutorial/lib/python3.10/site-packages/flwr/client/client.py", line 205, in maybe_call_evaluate
    return client.evaluate(evaluate_ins)
  File "/Users/dinukaperera/opt/anaconda3/envs/flower_tutorial/lib/python3.10/site-packages/flwr/client/app.py", line 319, in _evaluate
    parameters: NDArrays = parameters_to_ndarrays(ins.parameters)
AttributeError: 'dict' object has no attribute 'parameters'
[2026-01-06 01:01:23,686][flwr][ERROR] - [36mray::launch_and_evaluate()[39m (pid=77245, ip=127.0.0.1)
  File "/Users/dinukaperera/opt/anaconda3/envs/flower_tutorial/lib/python3.10/site-packages/flwr/simulation/ray_transport/ray_client_proxy.py", line 160, in launch_and_evaluate
    return maybe_call_evaluate(
  File "/Users/dinukaperera/opt/anaconda3/envs/flower_tutorial/lib/python3.10/site-packages/flwr/client/client.py", line 205, in maybe_call_evaluate
    return client.evaluate(evaluate_ins)
  File "/Users/dinukaperera/opt/anaconda3/envs/flower_tutorial/lib/python3.10/site-packages/flwr/client/app.py", line 319, in _evaluate
    parameters: NDArrays = parameters_to_ndarrays(ins.parameters)
AttributeError: 'dict' object has no attribute 'parameters'
[2026-01-06 01:01:23,731][flwr][ERROR] - [36mray::launch_and_evaluate()[39m (pid=77243, ip=127.0.0.1)
  File "/Users/dinukaperera/opt/anaconda3/envs/flower_tutorial/lib/python3.10/site-packages/flwr/simulation/ray_transport/ray_client_proxy.py", line 160, in launch_and_evaluate
    return maybe_call_evaluate(
  File "/Users/dinukaperera/opt/anaconda3/envs/flower_tutorial/lib/python3.10/site-packages/flwr/client/client.py", line 205, in maybe_call_evaluate
    return client.evaluate(evaluate_ins)
  File "/Users/dinukaperera/opt/anaconda3/envs/flower_tutorial/lib/python3.10/site-packages/flwr/client/app.py", line 319, in _evaluate
    parameters: NDArrays = parameters_to_ndarrays(ins.parameters)
AttributeError: 'dict' object has no attribute 'parameters'
[2026-01-06 01:01:23,732][flwr][DEBUG] - evaluate_round 5 received 0 results and 25 failures
[2026-01-06 01:01:23,733][flwr][DEBUG] - fit_round 6: strategy sampled 10 clients (out of 100)
[2026-01-06 01:01:23,769][flwr][ERROR] - [36mray::launch_and_fit()[39m (pid=77243, ip=127.0.0.1)
  File "/Users/dinukaperera/opt/anaconda3/envs/flower_tutorial/lib/python3.10/site-packages/flwr/simulation/ray_transport/ray_client_proxy.py", line 148, in launch_and_fit
    return maybe_call_fit(
  File "/Users/dinukaperera/opt/anaconda3/envs/flower_tutorial/lib/python3.10/site-packages/flwr/client/client.py", line 184, in maybe_call_fit
    return client.fit(fit_ins)
  File "/Users/dinukaperera/opt/anaconda3/envs/flower_tutorial/lib/python3.10/site-packages/flwr/client/app.py", line 294, in _fit
    parameters: NDArrays = parameters_to_ndarrays(ins.parameters)
AttributeError: 'dict' object has no attribute 'parameters'
[2026-01-06 01:01:23,774][flwr][ERROR] - [36mray::launch_and_fit()[39m (pid=77252, ip=127.0.0.1)
  File "/Users/dinukaperera/opt/anaconda3/envs/flower_tutorial/lib/python3.10/site-packages/flwr/simulation/ray_transport/ray_client_proxy.py", line 148, in launch_and_fit
    return maybe_call_fit(
  File "/Users/dinukaperera/opt/anaconda3/envs/flower_tutorial/lib/python3.10/site-packages/flwr/client/client.py", line 184, in maybe_call_fit
    return client.fit(fit_ins)
  File "/Users/dinukaperera/opt/anaconda3/envs/flower_tutorial/lib/python3.10/site-packages/flwr/client/app.py", line 294, in _fit
    parameters: NDArrays = parameters_to_ndarrays(ins.parameters)
AttributeError: 'dict' object has no attribute 'parameters'
[2026-01-06 01:01:23,775][flwr][ERROR] - [36mray::launch_and_fit()[39m (pid=77245, ip=127.0.0.1)
  File "/Users/dinukaperera/opt/anaconda3/envs/flower_tutorial/lib/python3.10/site-packages/flwr/simulation/ray_transport/ray_client_proxy.py", line 148, in launch_and_fit
    return maybe_call_fit(
  File "/Users/dinukaperera/opt/anaconda3/envs/flower_tutorial/lib/python3.10/site-packages/flwr/client/client.py", line 184, in maybe_call_fit
    return client.fit(fit_ins)
  File "/Users/dinukaperera/opt/anaconda3/envs/flower_tutorial/lib/python3.10/site-packages/flwr/client/app.py", line 294, in _fit
    parameters: NDArrays = parameters_to_ndarrays(ins.parameters)
AttributeError: 'dict' object has no attribute 'parameters'
[2026-01-06 01:01:23,780][flwr][ERROR] - [36mray::launch_and_fit()[39m (pid=77250, ip=127.0.0.1)
  File "/Users/dinukaperera/opt/anaconda3/envs/flower_tutorial/lib/python3.10/site-packages/flwr/simulation/ray_transport/ray_client_proxy.py", line 148, in launch_and_fit
    return maybe_call_fit(
  File "/Users/dinukaperera/opt/anaconda3/envs/flower_tutorial/lib/python3.10/site-packages/flwr/client/client.py", line 184, in maybe_call_fit
    return client.fit(fit_ins)
  File "/Users/dinukaperera/opt/anaconda3/envs/flower_tutorial/lib/python3.10/site-packages/flwr/client/app.py", line 294, in _fit
    parameters: NDArrays = parameters_to_ndarrays(ins.parameters)
AttributeError: 'dict' object has no attribute 'parameters'
[2026-01-06 01:01:23,779][flwr][ERROR] - [36mray::launch_and_fit()[39m (pid=77243, ip=127.0.0.1)
  File "/Users/dinukaperera/opt/anaconda3/envs/flower_tutorial/lib/python3.10/site-packages/flwr/simulation/ray_transport/ray_client_proxy.py", line 148, in launch_and_fit
    return maybe_call_fit(
  File "/Users/dinukaperera/opt/anaconda3/envs/flower_tutorial/lib/python3.10/site-packages/flwr/client/client.py", line 184, in maybe_call_fit
    return client.fit(fit_ins)
  File "/Users/dinukaperera/opt/anaconda3/envs/flower_tutorial/lib/python3.10/site-packages/flwr/client/app.py", line 294, in _fit
    parameters: NDArrays = parameters_to_ndarrays(ins.parameters)
AttributeError: 'dict' object has no attribute 'parameters'
[2026-01-06 01:01:23,780][flwr][ERROR] - [36mray::launch_and_fit()[39m (pid=77247, ip=127.0.0.1)
  File "/Users/dinukaperera/opt/anaconda3/envs/flower_tutorial/lib/python3.10/site-packages/flwr/simulation/ray_transport/ray_client_proxy.py", line 148, in launch_and_fit
    return maybe_call_fit(
  File "/Users/dinukaperera/opt/anaconda3/envs/flower_tutorial/lib/python3.10/site-packages/flwr/client/client.py", line 184, in maybe_call_fit
    return client.fit(fit_ins)
  File "/Users/dinukaperera/opt/anaconda3/envs/flower_tutorial/lib/python3.10/site-packages/flwr/client/app.py", line 294, in _fit
    parameters: NDArrays = parameters_to_ndarrays(ins.parameters)
AttributeError: 'dict' object has no attribute 'parameters'
[2026-01-06 01:01:23,782][flwr][ERROR] - [36mray::launch_and_fit()[39m (pid=77249, ip=127.0.0.1)
  File "/Users/dinukaperera/opt/anaconda3/envs/flower_tutorial/lib/python3.10/site-packages/flwr/simulation/ray_transport/ray_client_proxy.py", line 148, in launch_and_fit
    return maybe_call_fit(
  File "/Users/dinukaperera/opt/anaconda3/envs/flower_tutorial/lib/python3.10/site-packages/flwr/client/client.py", line 184, in maybe_call_fit
    return client.fit(fit_ins)
  File "/Users/dinukaperera/opt/anaconda3/envs/flower_tutorial/lib/python3.10/site-packages/flwr/client/app.py", line 294, in _fit
    parameters: NDArrays = parameters_to_ndarrays(ins.parameters)
AttributeError: 'dict' object has no attribute 'parameters'
[2026-01-06 01:01:23,782][flwr][ERROR] - [36mray::launch_and_fit()[39m (pid=77244, ip=127.0.0.1)
  File "/Users/dinukaperera/opt/anaconda3/envs/flower_tutorial/lib/python3.10/site-packages/flwr/simulation/ray_transport/ray_client_proxy.py", line 148, in launch_and_fit
    return maybe_call_fit(
  File "/Users/dinukaperera/opt/anaconda3/envs/flower_tutorial/lib/python3.10/site-packages/flwr/client/client.py", line 184, in maybe_call_fit
    return client.fit(fit_ins)
  File "/Users/dinukaperera/opt/anaconda3/envs/flower_tutorial/lib/python3.10/site-packages/flwr/client/app.py", line 294, in _fit
    parameters: NDArrays = parameters_to_ndarrays(ins.parameters)
AttributeError: 'dict' object has no attribute 'parameters'
[2026-01-06 01:01:23,787][flwr][ERROR] - [36mray::launch_and_fit()[39m (pid=77245, ip=127.0.0.1)
  File "/Users/dinukaperera/opt/anaconda3/envs/flower_tutorial/lib/python3.10/site-packages/flwr/simulation/ray_transport/ray_client_proxy.py", line 148, in launch_and_fit
    return maybe_call_fit(
  File "/Users/dinukaperera/opt/anaconda3/envs/flower_tutorial/lib/python3.10/site-packages/flwr/client/client.py", line 184, in maybe_call_fit
    return client.fit(fit_ins)
  File "/Users/dinukaperera/opt/anaconda3/envs/flower_tutorial/lib/python3.10/site-packages/flwr/client/app.py", line 294, in _fit
    parameters: NDArrays = parameters_to_ndarrays(ins.parameters)
AttributeError: 'dict' object has no attribute 'parameters'
[2026-01-06 01:01:23,787][flwr][ERROR] - [36mray::launch_and_fit()[39m (pid=77252, ip=127.0.0.1)
  File "/Users/dinukaperera/opt/anaconda3/envs/flower_tutorial/lib/python3.10/site-packages/flwr/simulation/ray_transport/ray_client_proxy.py", line 148, in launch_and_fit
    return maybe_call_fit(
  File "/Users/dinukaperera/opt/anaconda3/envs/flower_tutorial/lib/python3.10/site-packages/flwr/client/client.py", line 184, in maybe_call_fit
    return client.fit(fit_ins)
  File "/Users/dinukaperera/opt/anaconda3/envs/flower_tutorial/lib/python3.10/site-packages/flwr/client/app.py", line 294, in _fit
    parameters: NDArrays = parameters_to_ndarrays(ins.parameters)
AttributeError: 'dict' object has no attribute 'parameters'
[2026-01-06 01:01:23,788][flwr][DEBUG] - fit_round 6 received 0 results and 10 failures
[2026-01-06 01:01:23,820][flwr][INFO] - fit progress: (6, 68.0167875289917, {'accuracy': 0.5075}, 7.554417624953203)
[2026-01-06 01:01:23,820][flwr][DEBUG] - evaluate_round 6: strategy sampled 25 clients (out of 100)
[2026-01-06 01:01:23,849][flwr][ERROR] - [36mray::launch_and_evaluate()[39m (pid=77245, ip=127.0.0.1)
  File "/Users/dinukaperera/opt/anaconda3/envs/flower_tutorial/lib/python3.10/site-packages/flwr/simulation/ray_transport/ray_client_proxy.py", line 160, in launch_and_evaluate
    return maybe_call_evaluate(
  File "/Users/dinukaperera/opt/anaconda3/envs/flower_tutorial/lib/python3.10/site-packages/flwr/client/client.py", line 205, in maybe_call_evaluate
    return client.evaluate(evaluate_ins)
  File "/Users/dinukaperera/opt/anaconda3/envs/flower_tutorial/lib/python3.10/site-packages/flwr/client/app.py", line 319, in _evaluate
    parameters: NDArrays = parameters_to_ndarrays(ins.parameters)
AttributeError: 'dict' object has no attribute 'parameters'
[2026-01-06 01:01:23,858][flwr][ERROR] - [36mray::launch_and_evaluate()[39m (pid=77244, ip=127.0.0.1)
  File "/Users/dinukaperera/opt/anaconda3/envs/flower_tutorial/lib/python3.10/site-packages/flwr/simulation/ray_transport/ray_client_proxy.py", line 160, in launch_and_evaluate
    return maybe_call_evaluate(
  File "/Users/dinukaperera/opt/anaconda3/envs/flower_tutorial/lib/python3.10/site-packages/flwr/client/client.py", line 205, in maybe_call_evaluate
    return client.evaluate(evaluate_ins)
  File "/Users/dinukaperera/opt/anaconda3/envs/flower_tutorial/lib/python3.10/site-packages/flwr/client/app.py", line 319, in _evaluate
    parameters: NDArrays = parameters_to_ndarrays(ins.parameters)
AttributeError: 'dict' object has no attribute 'parameters'
[2026-01-06 01:01:23,870][flwr][ERROR] - [36mray::launch_and_evaluate()[39m (pid=77245, ip=127.0.0.1)
  File "/Users/dinukaperera/opt/anaconda3/envs/flower_tutorial/lib/python3.10/site-packages/flwr/simulation/ray_transport/ray_client_proxy.py", line 160, in launch_and_evaluate
    return maybe_call_evaluate(
  File "/Users/dinukaperera/opt/anaconda3/envs/flower_tutorial/lib/python3.10/site-packages/flwr/client/client.py", line 205, in maybe_call_evaluate
    return client.evaluate(evaluate_ins)
  File "/Users/dinukaperera/opt/anaconda3/envs/flower_tutorial/lib/python3.10/site-packages/flwr/client/app.py", line 319, in _evaluate
    parameters: NDArrays = parameters_to_ndarrays(ins.parameters)
AttributeError: 'dict' object has no attribute 'parameters'
[2026-01-06 01:01:23,881][flwr][ERROR] - [36mray::launch_and_evaluate()[39m (pid=77249, ip=127.0.0.1)
  File "/Users/dinukaperera/opt/anaconda3/envs/flower_tutorial/lib/python3.10/site-packages/flwr/simulation/ray_transport/ray_client_proxy.py", line 160, in launch_and_evaluate
    return maybe_call_evaluate(
  File "/Users/dinukaperera/opt/anaconda3/envs/flower_tutorial/lib/python3.10/site-packages/flwr/client/client.py", line 205, in maybe_call_evaluate
    return client.evaluate(evaluate_ins)
  File "/Users/dinukaperera/opt/anaconda3/envs/flower_tutorial/lib/python3.10/site-packages/flwr/client/app.py", line 319, in _evaluate
    parameters: NDArrays = parameters_to_ndarrays(ins.parameters)
AttributeError: 'dict' object has no attribute 'parameters'
[2026-01-06 01:01:23,882][flwr][ERROR] - [36mray::launch_and_evaluate()[39m (pid=77244, ip=127.0.0.1)
  File "/Users/dinukaperera/opt/anaconda3/envs/flower_tutorial/lib/python3.10/site-packages/flwr/simulation/ray_transport/ray_client_proxy.py", line 160, in launch_and_evaluate
    return maybe_call_evaluate(
  File "/Users/dinukaperera/opt/anaconda3/envs/flower_tutorial/lib/python3.10/site-packages/flwr/client/client.py", line 205, in maybe_call_evaluate
    return client.evaluate(evaluate_ins)
  File "/Users/dinukaperera/opt/anaconda3/envs/flower_tutorial/lib/python3.10/site-packages/flwr/client/app.py", line 319, in _evaluate
    parameters: NDArrays = parameters_to_ndarrays(ins.parameters)
AttributeError: 'dict' object has no attribute 'parameters'
[2026-01-06 01:01:23,892][flwr][ERROR] - [36mray::launch_and_evaluate()[39m (pid=77244, ip=127.0.0.1)
  File "/Users/dinukaperera/opt/anaconda3/envs/flower_tutorial/lib/python3.10/site-packages/flwr/simulation/ray_transport/ray_client_proxy.py", line 160, in launch_and_evaluate
    return maybe_call_evaluate(
  File "/Users/dinukaperera/opt/anaconda3/envs/flower_tutorial/lib/python3.10/site-packages/flwr/client/client.py", line 205, in maybe_call_evaluate
    return client.evaluate(evaluate_ins)
  File "/Users/dinukaperera/opt/anaconda3/envs/flower_tutorial/lib/python3.10/site-packages/flwr/client/app.py", line 319, in _evaluate
    parameters: NDArrays = parameters_to_ndarrays(ins.parameters)
AttributeError: 'dict' object has no attribute 'parameters'
[2026-01-06 01:01:23,924][flwr][ERROR] - [36mray::launch_and_evaluate()[39m (pid=77249, ip=127.0.0.1)
  File "/Users/dinukaperera/opt/anaconda3/envs/flower_tutorial/lib/python3.10/site-packages/flwr/simulation/ray_transport/ray_client_proxy.py", line 160, in launch_and_evaluate
    return maybe_call_evaluate(
  File "/Users/dinukaperera/opt/anaconda3/envs/flower_tutorial/lib/python3.10/site-packages/flwr/client/client.py", line 205, in maybe_call_evaluate
    return client.evaluate(evaluate_ins)
  File "/Users/dinukaperera/opt/anaconda3/envs/flower_tutorial/lib/python3.10/site-packages/flwr/client/app.py", line 319, in _evaluate
    parameters: NDArrays = parameters_to_ndarrays(ins.parameters)
AttributeError: 'dict' object has no attribute 'parameters'
[2026-01-06 01:01:23,970][flwr][ERROR] - [36mray::launch_and_evaluate()[39m (pid=77244, ip=127.0.0.1)
  File "/Users/dinukaperera/opt/anaconda3/envs/flower_tutorial/lib/python3.10/site-packages/flwr/simulation/ray_transport/ray_client_proxy.py", line 160, in launch_and_evaluate
    return maybe_call_evaluate(
  File "/Users/dinukaperera/opt/anaconda3/envs/flower_tutorial/lib/python3.10/site-packages/flwr/client/client.py", line 205, in maybe_call_evaluate
    return client.evaluate(evaluate_ins)
  File "/Users/dinukaperera/opt/anaconda3/envs/flower_tutorial/lib/python3.10/site-packages/flwr/client/app.py", line 319, in _evaluate
    parameters: NDArrays = parameters_to_ndarrays(ins.parameters)
AttributeError: 'dict' object has no attribute 'parameters'
[2026-01-06 01:01:23,966][flwr][ERROR] - [36mray::launch_and_evaluate()[39m (pid=77250, ip=127.0.0.1)
  File "/Users/dinukaperera/opt/anaconda3/envs/flower_tutorial/lib/python3.10/site-packages/flwr/simulation/ray_transport/ray_client_proxy.py", line 160, in launch_and_evaluate
    return maybe_call_evaluate(
  File "/Users/dinukaperera/opt/anaconda3/envs/flower_tutorial/lib/python3.10/site-packages/flwr/client/client.py", line 205, in maybe_call_evaluate
    return client.evaluate(evaluate_ins)
  File "/Users/dinukaperera/opt/anaconda3/envs/flower_tutorial/lib/python3.10/site-packages/flwr/client/app.py", line 319, in _evaluate
    parameters: NDArrays = parameters_to_ndarrays(ins.parameters)
AttributeError: 'dict' object has no attribute 'parameters'
[2026-01-06 01:01:23,969][flwr][ERROR] - [36mray::launch_and_evaluate()[39m (pid=77243, ip=127.0.0.1)
  File "/Users/dinukaperera/opt/anaconda3/envs/flower_tutorial/lib/python3.10/site-packages/flwr/simulation/ray_transport/ray_client_proxy.py", line 160, in launch_and_evaluate
    return maybe_call_evaluate(
  File "/Users/dinukaperera/opt/anaconda3/envs/flower_tutorial/lib/python3.10/site-packages/flwr/client/client.py", line 205, in maybe_call_evaluate
    return client.evaluate(evaluate_ins)
  File "/Users/dinukaperera/opt/anaconda3/envs/flower_tutorial/lib/python3.10/site-packages/flwr/client/app.py", line 319, in _evaluate
    parameters: NDArrays = parameters_to_ndarrays(ins.parameters)
AttributeError: 'dict' object has no attribute 'parameters'
[2026-01-06 01:01:23,975][flwr][ERROR] - [36mray::launch_and_evaluate()[39m (pid=77249, ip=127.0.0.1)
  File "/Users/dinukaperera/opt/anaconda3/envs/flower_tutorial/lib/python3.10/site-packages/flwr/simulation/ray_transport/ray_client_proxy.py", line 160, in launch_and_evaluate
    return maybe_call_evaluate(
  File "/Users/dinukaperera/opt/anaconda3/envs/flower_tutorial/lib/python3.10/site-packages/flwr/client/client.py", line 205, in maybe_call_evaluate
    return client.evaluate(evaluate_ins)
  File "/Users/dinukaperera/opt/anaconda3/envs/flower_tutorial/lib/python3.10/site-packages/flwr/client/app.py", line 319, in _evaluate
    parameters: NDArrays = parameters_to_ndarrays(ins.parameters)
AttributeError: 'dict' object has no attribute 'parameters'
[2026-01-06 01:01:23,953][flwr][ERROR] - [36mray::launch_and_evaluate()[39m (pid=77247, ip=127.0.0.1)
  File "/Users/dinukaperera/opt/anaconda3/envs/flower_tutorial/lib/python3.10/site-packages/flwr/simulation/ray_transport/ray_client_proxy.py", line 160, in launch_and_evaluate
    return maybe_call_evaluate(
  File "/Users/dinukaperera/opt/anaconda3/envs/flower_tutorial/lib/python3.10/site-packages/flwr/client/client.py", line 205, in maybe_call_evaluate
    return client.evaluate(evaluate_ins)
  File "/Users/dinukaperera/opt/anaconda3/envs/flower_tutorial/lib/python3.10/site-packages/flwr/client/app.py", line 319, in _evaluate
    parameters: NDArrays = parameters_to_ndarrays(ins.parameters)
AttributeError: 'dict' object has no attribute 'parameters'
[2026-01-06 01:01:23,991][flwr][ERROR] - [36mray::launch_and_evaluate()[39m (pid=77244, ip=127.0.0.1)
  File "/Users/dinukaperera/opt/anaconda3/envs/flower_tutorial/lib/python3.10/site-packages/flwr/simulation/ray_transport/ray_client_proxy.py", line 160, in launch_and_evaluate
    return maybe_call_evaluate(
  File "/Users/dinukaperera/opt/anaconda3/envs/flower_tutorial/lib/python3.10/site-packages/flwr/client/client.py", line 205, in maybe_call_evaluate
    return client.evaluate(evaluate_ins)
  File "/Users/dinukaperera/opt/anaconda3/envs/flower_tutorial/lib/python3.10/site-packages/flwr/client/app.py", line 319, in _evaluate
    parameters: NDArrays = parameters_to_ndarrays(ins.parameters)
AttributeError: 'dict' object has no attribute 'parameters'
[2026-01-06 01:01:23,998][flwr][ERROR] - [36mray::launch_and_evaluate()[39m (pid=77243, ip=127.0.0.1)
  File "/Users/dinukaperera/opt/anaconda3/envs/flower_tutorial/lib/python3.10/site-packages/flwr/simulation/ray_transport/ray_client_proxy.py", line 160, in launch_and_evaluate
    return maybe_call_evaluate(
  File "/Users/dinukaperera/opt/anaconda3/envs/flower_tutorial/lib/python3.10/site-packages/flwr/client/client.py", line 205, in maybe_call_evaluate
    return client.evaluate(evaluate_ins)
  File "/Users/dinukaperera/opt/anaconda3/envs/flower_tutorial/lib/python3.10/site-packages/flwr/client/app.py", line 319, in _evaluate
    parameters: NDArrays = parameters_to_ndarrays(ins.parameters)
AttributeError: 'dict' object has no attribute 'parameters'
[2026-01-06 01:01:24,001][flwr][ERROR] - [36mray::launch_and_evaluate()[39m (pid=77252, ip=127.0.0.1)
  File "/Users/dinukaperera/opt/anaconda3/envs/flower_tutorial/lib/python3.10/site-packages/flwr/simulation/ray_transport/ray_client_proxy.py", line 160, in launch_and_evaluate
    return maybe_call_evaluate(
  File "/Users/dinukaperera/opt/anaconda3/envs/flower_tutorial/lib/python3.10/site-packages/flwr/client/client.py", line 205, in maybe_call_evaluate
    return client.evaluate(evaluate_ins)
  File "/Users/dinukaperera/opt/anaconda3/envs/flower_tutorial/lib/python3.10/site-packages/flwr/client/app.py", line 319, in _evaluate
    parameters: NDArrays = parameters_to_ndarrays(ins.parameters)
AttributeError: 'dict' object has no attribute 'parameters'
[2026-01-06 01:01:24,011][flwr][ERROR] - [36mray::launch_and_evaluate()[39m (pid=77244, ip=127.0.0.1)
  File "/Users/dinukaperera/opt/anaconda3/envs/flower_tutorial/lib/python3.10/site-packages/flwr/simulation/ray_transport/ray_client_proxy.py", line 160, in launch_and_evaluate
    return maybe_call_evaluate(
  File "/Users/dinukaperera/opt/anaconda3/envs/flower_tutorial/lib/python3.10/site-packages/flwr/client/client.py", line 205, in maybe_call_evaluate
    return client.evaluate(evaluate_ins)
  File "/Users/dinukaperera/opt/anaconda3/envs/flower_tutorial/lib/python3.10/site-packages/flwr/client/app.py", line 319, in _evaluate
    parameters: NDArrays = parameters_to_ndarrays(ins.parameters)
AttributeError: 'dict' object has no attribute 'parameters'
[2026-01-06 01:01:24,011][flwr][ERROR] - [36mray::launch_and_evaluate()[39m (pid=77252, ip=127.0.0.1)
  File "/Users/dinukaperera/opt/anaconda3/envs/flower_tutorial/lib/python3.10/site-packages/flwr/simulation/ray_transport/ray_client_proxy.py", line 160, in launch_and_evaluate
    return maybe_call_evaluate(
  File "/Users/dinukaperera/opt/anaconda3/envs/flower_tutorial/lib/python3.10/site-packages/flwr/client/client.py", line 205, in maybe_call_evaluate
    return client.evaluate(evaluate_ins)
  File "/Users/dinukaperera/opt/anaconda3/envs/flower_tutorial/lib/python3.10/site-packages/flwr/client/app.py", line 319, in _evaluate
    parameters: NDArrays = parameters_to_ndarrays(ins.parameters)
AttributeError: 'dict' object has no attribute 'parameters'
[2026-01-06 01:01:24,012][flwr][ERROR] - [36mray::launch_and_evaluate()[39m (pid=77249, ip=127.0.0.1)
  File "/Users/dinukaperera/opt/anaconda3/envs/flower_tutorial/lib/python3.10/site-packages/flwr/simulation/ray_transport/ray_client_proxy.py", line 160, in launch_and_evaluate
    return maybe_call_evaluate(
  File "/Users/dinukaperera/opt/anaconda3/envs/flower_tutorial/lib/python3.10/site-packages/flwr/client/client.py", line 205, in maybe_call_evaluate
    return client.evaluate(evaluate_ins)
  File "/Users/dinukaperera/opt/anaconda3/envs/flower_tutorial/lib/python3.10/site-packages/flwr/client/app.py", line 319, in _evaluate
    parameters: NDArrays = parameters_to_ndarrays(ins.parameters)
AttributeError: 'dict' object has no attribute 'parameters'
[2026-01-06 01:01:24,013][flwr][ERROR] - [36mray::launch_and_evaluate()[39m (pid=77243, ip=127.0.0.1)
  File "/Users/dinukaperera/opt/anaconda3/envs/flower_tutorial/lib/python3.10/site-packages/flwr/simulation/ray_transport/ray_client_proxy.py", line 160, in launch_and_evaluate
    return maybe_call_evaluate(
  File "/Users/dinukaperera/opt/anaconda3/envs/flower_tutorial/lib/python3.10/site-packages/flwr/client/client.py", line 205, in maybe_call_evaluate
    return client.evaluate(evaluate_ins)
  File "/Users/dinukaperera/opt/anaconda3/envs/flower_tutorial/lib/python3.10/site-packages/flwr/client/app.py", line 319, in _evaluate
    parameters: NDArrays = parameters_to_ndarrays(ins.parameters)
AttributeError: 'dict' object has no attribute 'parameters'
[2026-01-06 01:01:24,019][flwr][ERROR] - [36mray::launch_and_evaluate()[39m (pid=77252, ip=127.0.0.1)
  File "/Users/dinukaperera/opt/anaconda3/envs/flower_tutorial/lib/python3.10/site-packages/flwr/simulation/ray_transport/ray_client_proxy.py", line 160, in launch_and_evaluate
    return maybe_call_evaluate(
  File "/Users/dinukaperera/opt/anaconda3/envs/flower_tutorial/lib/python3.10/site-packages/flwr/client/client.py", line 205, in maybe_call_evaluate
    return client.evaluate(evaluate_ins)
  File "/Users/dinukaperera/opt/anaconda3/envs/flower_tutorial/lib/python3.10/site-packages/flwr/client/app.py", line 319, in _evaluate
    parameters: NDArrays = parameters_to_ndarrays(ins.parameters)
AttributeError: 'dict' object has no attribute 'parameters'
[2026-01-06 01:01:24,020][flwr][ERROR] - [36mray::launch_and_evaluate()[39m (pid=77250, ip=127.0.0.1)
  File "/Users/dinukaperera/opt/anaconda3/envs/flower_tutorial/lib/python3.10/site-packages/flwr/simulation/ray_transport/ray_client_proxy.py", line 160, in launch_and_evaluate
    return maybe_call_evaluate(
  File "/Users/dinukaperera/opt/anaconda3/envs/flower_tutorial/lib/python3.10/site-packages/flwr/client/client.py", line 205, in maybe_call_evaluate
    return client.evaluate(evaluate_ins)
  File "/Users/dinukaperera/opt/anaconda3/envs/flower_tutorial/lib/python3.10/site-packages/flwr/client/app.py", line 319, in _evaluate
    parameters: NDArrays = parameters_to_ndarrays(ins.parameters)
AttributeError: 'dict' object has no attribute 'parameters'
[2026-01-06 01:01:24,021][flwr][ERROR] - [36mray::launch_and_evaluate()[39m (pid=77249, ip=127.0.0.1)
  File "/Users/dinukaperera/opt/anaconda3/envs/flower_tutorial/lib/python3.10/site-packages/flwr/simulation/ray_transport/ray_client_proxy.py", line 160, in launch_and_evaluate
    return maybe_call_evaluate(
  File "/Users/dinukaperera/opt/anaconda3/envs/flower_tutorial/lib/python3.10/site-packages/flwr/client/client.py", line 205, in maybe_call_evaluate
    return client.evaluate(evaluate_ins)
  File "/Users/dinukaperera/opt/anaconda3/envs/flower_tutorial/lib/python3.10/site-packages/flwr/client/app.py", line 319, in _evaluate
    parameters: NDArrays = parameters_to_ndarrays(ins.parameters)
AttributeError: 'dict' object has no attribute 'parameters'
[2026-01-06 01:01:24,021][flwr][ERROR] - [36mray::launch_and_evaluate()[39m (pid=77244, ip=127.0.0.1)
  File "/Users/dinukaperera/opt/anaconda3/envs/flower_tutorial/lib/python3.10/site-packages/flwr/simulation/ray_transport/ray_client_proxy.py", line 160, in launch_and_evaluate
    return maybe_call_evaluate(
  File "/Users/dinukaperera/opt/anaconda3/envs/flower_tutorial/lib/python3.10/site-packages/flwr/client/client.py", line 205, in maybe_call_evaluate
    return client.evaluate(evaluate_ins)
  File "/Users/dinukaperera/opt/anaconda3/envs/flower_tutorial/lib/python3.10/site-packages/flwr/client/app.py", line 319, in _evaluate
    parameters: NDArrays = parameters_to_ndarrays(ins.parameters)
AttributeError: 'dict' object has no attribute 'parameters'
[2026-01-06 01:01:24,027][flwr][ERROR] - [36mray::launch_and_evaluate()[39m (pid=77249, ip=127.0.0.1)
  File "/Users/dinukaperera/opt/anaconda3/envs/flower_tutorial/lib/python3.10/site-packages/flwr/simulation/ray_transport/ray_client_proxy.py", line 160, in launch_and_evaluate
    return maybe_call_evaluate(
  File "/Users/dinukaperera/opt/anaconda3/envs/flower_tutorial/lib/python3.10/site-packages/flwr/client/client.py", line 205, in maybe_call_evaluate
    return client.evaluate(evaluate_ins)
  File "/Users/dinukaperera/opt/anaconda3/envs/flower_tutorial/lib/python3.10/site-packages/flwr/client/app.py", line 319, in _evaluate
    parameters: NDArrays = parameters_to_ndarrays(ins.parameters)
AttributeError: 'dict' object has no attribute 'parameters'
[2026-01-06 01:01:24,037][flwr][ERROR] - [36mray::launch_and_evaluate()[39m (pid=77245, ip=127.0.0.1)
  File "/Users/dinukaperera/opt/anaconda3/envs/flower_tutorial/lib/python3.10/site-packages/flwr/simulation/ray_transport/ray_client_proxy.py", line 160, in launch_and_evaluate
    return maybe_call_evaluate(
  File "/Users/dinukaperera/opt/anaconda3/envs/flower_tutorial/lib/python3.10/site-packages/flwr/client/client.py", line 205, in maybe_call_evaluate
    return client.evaluate(evaluate_ins)
  File "/Users/dinukaperera/opt/anaconda3/envs/flower_tutorial/lib/python3.10/site-packages/flwr/client/app.py", line 319, in _evaluate
    parameters: NDArrays = parameters_to_ndarrays(ins.parameters)
AttributeError: 'dict' object has no attribute 'parameters'
[2026-01-06 01:01:24,038][flwr][DEBUG] - evaluate_round 6 received 0 results and 25 failures
[2026-01-06 01:01:24,040][flwr][DEBUG] - fit_round 7: strategy sampled 10 clients (out of 100)
[2026-01-06 01:01:24,069][flwr][ERROR] - [36mray::launch_and_fit()[39m (pid=77245, ip=127.0.0.1)
  File "/Users/dinukaperera/opt/anaconda3/envs/flower_tutorial/lib/python3.10/site-packages/flwr/simulation/ray_transport/ray_client_proxy.py", line 148, in launch_and_fit
    return maybe_call_fit(
  File "/Users/dinukaperera/opt/anaconda3/envs/flower_tutorial/lib/python3.10/site-packages/flwr/client/client.py", line 184, in maybe_call_fit
    return client.fit(fit_ins)
  File "/Users/dinukaperera/opt/anaconda3/envs/flower_tutorial/lib/python3.10/site-packages/flwr/client/app.py", line 294, in _fit
    parameters: NDArrays = parameters_to_ndarrays(ins.parameters)
AttributeError: 'dict' object has no attribute 'parameters'
[2026-01-06 01:01:24,076][flwr][ERROR] - [36mray::launch_and_fit()[39m (pid=77244, ip=127.0.0.1)
  File "/Users/dinukaperera/opt/anaconda3/envs/flower_tutorial/lib/python3.10/site-packages/flwr/simulation/ray_transport/ray_client_proxy.py", line 148, in launch_and_fit
    return maybe_call_fit(
  File "/Users/dinukaperera/opt/anaconda3/envs/flower_tutorial/lib/python3.10/site-packages/flwr/client/client.py", line 184, in maybe_call_fit
    return client.fit(fit_ins)
  File "/Users/dinukaperera/opt/anaconda3/envs/flower_tutorial/lib/python3.10/site-packages/flwr/client/app.py", line 294, in _fit
    parameters: NDArrays = parameters_to_ndarrays(ins.parameters)
AttributeError: 'dict' object has no attribute 'parameters'
[2026-01-06 01:01:24,077][flwr][ERROR] - [36mray::launch_and_fit()[39m (pid=77252, ip=127.0.0.1)
  File "/Users/dinukaperera/opt/anaconda3/envs/flower_tutorial/lib/python3.10/site-packages/flwr/simulation/ray_transport/ray_client_proxy.py", line 148, in launch_and_fit
    return maybe_call_fit(
  File "/Users/dinukaperera/opt/anaconda3/envs/flower_tutorial/lib/python3.10/site-packages/flwr/client/client.py", line 184, in maybe_call_fit
    return client.fit(fit_ins)
  File "/Users/dinukaperera/opt/anaconda3/envs/flower_tutorial/lib/python3.10/site-packages/flwr/client/app.py", line 294, in _fit
    parameters: NDArrays = parameters_to_ndarrays(ins.parameters)
AttributeError: 'dict' object has no attribute 'parameters'
[2026-01-06 01:01:24,077][flwr][ERROR] - [36mray::launch_and_fit()[39m (pid=77249, ip=127.0.0.1)
  File "/Users/dinukaperera/opt/anaconda3/envs/flower_tutorial/lib/python3.10/site-packages/flwr/simulation/ray_transport/ray_client_proxy.py", line 148, in launch_and_fit
    return maybe_call_fit(
  File "/Users/dinukaperera/opt/anaconda3/envs/flower_tutorial/lib/python3.10/site-packages/flwr/client/client.py", line 184, in maybe_call_fit
    return client.fit(fit_ins)
  File "/Users/dinukaperera/opt/anaconda3/envs/flower_tutorial/lib/python3.10/site-packages/flwr/client/app.py", line 294, in _fit
    parameters: NDArrays = parameters_to_ndarrays(ins.parameters)
AttributeError: 'dict' object has no attribute 'parameters'
[2026-01-06 01:01:24,084][flwr][ERROR] - [36mray::launch_and_fit()[39m (pid=77252, ip=127.0.0.1)
  File "/Users/dinukaperera/opt/anaconda3/envs/flower_tutorial/lib/python3.10/site-packages/flwr/simulation/ray_transport/ray_client_proxy.py", line 148, in launch_and_fit
    return maybe_call_fit(
  File "/Users/dinukaperera/opt/anaconda3/envs/flower_tutorial/lib/python3.10/site-packages/flwr/client/client.py", line 184, in maybe_call_fit
    return client.fit(fit_ins)
  File "/Users/dinukaperera/opt/anaconda3/envs/flower_tutorial/lib/python3.10/site-packages/flwr/client/app.py", line 294, in _fit
    parameters: NDArrays = parameters_to_ndarrays(ins.parameters)
AttributeError: 'dict' object has no attribute 'parameters'
[2026-01-06 01:01:24,085][flwr][ERROR] - [36mray::launch_and_fit()[39m (pid=77249, ip=127.0.0.1)
  File "/Users/dinukaperera/opt/anaconda3/envs/flower_tutorial/lib/python3.10/site-packages/flwr/simulation/ray_transport/ray_client_proxy.py", line 148, in launch_and_fit
    return maybe_call_fit(
  File "/Users/dinukaperera/opt/anaconda3/envs/flower_tutorial/lib/python3.10/site-packages/flwr/client/client.py", line 184, in maybe_call_fit
    return client.fit(fit_ins)
  File "/Users/dinukaperera/opt/anaconda3/envs/flower_tutorial/lib/python3.10/site-packages/flwr/client/app.py", line 294, in _fit
    parameters: NDArrays = parameters_to_ndarrays(ins.parameters)
AttributeError: 'dict' object has no attribute 'parameters'
[2026-01-06 01:01:24,086][flwr][ERROR] - [36mray::launch_and_fit()[39m (pid=77250, ip=127.0.0.1)
  File "/Users/dinukaperera/opt/anaconda3/envs/flower_tutorial/lib/python3.10/site-packages/flwr/simulation/ray_transport/ray_client_proxy.py", line 148, in launch_and_fit
    return maybe_call_fit(
  File "/Users/dinukaperera/opt/anaconda3/envs/flower_tutorial/lib/python3.10/site-packages/flwr/client/client.py", line 184, in maybe_call_fit
    return client.fit(fit_ins)
  File "/Users/dinukaperera/opt/anaconda3/envs/flower_tutorial/lib/python3.10/site-packages/flwr/client/app.py", line 294, in _fit
    parameters: NDArrays = parameters_to_ndarrays(ins.parameters)
AttributeError: 'dict' object has no attribute 'parameters'
[2026-01-06 01:01:24,086][flwr][ERROR] - [36mray::launch_and_fit()[39m (pid=77245, ip=127.0.0.1)
  File "/Users/dinukaperera/opt/anaconda3/envs/flower_tutorial/lib/python3.10/site-packages/flwr/simulation/ray_transport/ray_client_proxy.py", line 148, in launch_and_fit
    return maybe_call_fit(
  File "/Users/dinukaperera/opt/anaconda3/envs/flower_tutorial/lib/python3.10/site-packages/flwr/client/client.py", line 184, in maybe_call_fit
    return client.fit(fit_ins)
  File "/Users/dinukaperera/opt/anaconda3/envs/flower_tutorial/lib/python3.10/site-packages/flwr/client/app.py", line 294, in _fit
    parameters: NDArrays = parameters_to_ndarrays(ins.parameters)
AttributeError: 'dict' object has no attribute 'parameters'
[2026-01-06 01:01:24,088][flwr][ERROR] - [36mray::launch_and_fit()[39m (pid=77243, ip=127.0.0.1)
  File "/Users/dinukaperera/opt/anaconda3/envs/flower_tutorial/lib/python3.10/site-packages/flwr/simulation/ray_transport/ray_client_proxy.py", line 148, in launch_and_fit
    return maybe_call_fit(
  File "/Users/dinukaperera/opt/anaconda3/envs/flower_tutorial/lib/python3.10/site-packages/flwr/client/client.py", line 184, in maybe_call_fit
    return client.fit(fit_ins)
  File "/Users/dinukaperera/opt/anaconda3/envs/flower_tutorial/lib/python3.10/site-packages/flwr/client/app.py", line 294, in _fit
    parameters: NDArrays = parameters_to_ndarrays(ins.parameters)
AttributeError: 'dict' object has no attribute 'parameters'
[2026-01-06 01:01:24,088][flwr][ERROR] - [36mray::launch_and_fit()[39m (pid=77244, ip=127.0.0.1)
  File "/Users/dinukaperera/opt/anaconda3/envs/flower_tutorial/lib/python3.10/site-packages/flwr/simulation/ray_transport/ray_client_proxy.py", line 148, in launch_and_fit
    return maybe_call_fit(
  File "/Users/dinukaperera/opt/anaconda3/envs/flower_tutorial/lib/python3.10/site-packages/flwr/client/client.py", line 184, in maybe_call_fit
    return client.fit(fit_ins)
  File "/Users/dinukaperera/opt/anaconda3/envs/flower_tutorial/lib/python3.10/site-packages/flwr/client/app.py", line 294, in _fit
    parameters: NDArrays = parameters_to_ndarrays(ins.parameters)
AttributeError: 'dict' object has no attribute 'parameters'
[2026-01-06 01:01:24,089][flwr][DEBUG] - fit_round 7 received 0 results and 10 failures
[2026-01-06 01:01:24,111][flwr][INFO] - fit progress: (7, 68.0167875289917, {'accuracy': 0.5075}, 7.844995541963726)
[2026-01-06 01:01:24,111][flwr][DEBUG] - evaluate_round 7: strategy sampled 25 clients (out of 100)
[2026-01-06 01:01:24,133][flwr][ERROR] - [36mray::launch_and_evaluate()[39m (pid=77243, ip=127.0.0.1)
  File "/Users/dinukaperera/opt/anaconda3/envs/flower_tutorial/lib/python3.10/site-packages/flwr/simulation/ray_transport/ray_client_proxy.py", line 160, in launch_and_evaluate
    return maybe_call_evaluate(
  File "/Users/dinukaperera/opt/anaconda3/envs/flower_tutorial/lib/python3.10/site-packages/flwr/client/client.py", line 205, in maybe_call_evaluate
    return client.evaluate(evaluate_ins)
  File "/Users/dinukaperera/opt/anaconda3/envs/flower_tutorial/lib/python3.10/site-packages/flwr/client/app.py", line 319, in _evaluate
    parameters: NDArrays = parameters_to_ndarrays(ins.parameters)
AttributeError: 'dict' object has no attribute 'parameters'
[2026-01-06 01:01:24,137][flwr][ERROR] - [36mray::launch_and_evaluate()[39m (pid=77244, ip=127.0.0.1)
  File "/Users/dinukaperera/opt/anaconda3/envs/flower_tutorial/lib/python3.10/site-packages/flwr/simulation/ray_transport/ray_client_proxy.py", line 160, in launch_and_evaluate
    return maybe_call_evaluate(
  File "/Users/dinukaperera/opt/anaconda3/envs/flower_tutorial/lib/python3.10/site-packages/flwr/client/client.py", line 205, in maybe_call_evaluate
    return client.evaluate(evaluate_ins)
  File "/Users/dinukaperera/opt/anaconda3/envs/flower_tutorial/lib/python3.10/site-packages/flwr/client/app.py", line 319, in _evaluate
    parameters: NDArrays = parameters_to_ndarrays(ins.parameters)
AttributeError: 'dict' object has no attribute 'parameters'
[2026-01-06 01:01:24,141][flwr][ERROR] - [36mray::launch_and_evaluate()[39m (pid=77243, ip=127.0.0.1)
  File "/Users/dinukaperera/opt/anaconda3/envs/flower_tutorial/lib/python3.10/site-packages/flwr/simulation/ray_transport/ray_client_proxy.py", line 160, in launch_and_evaluate
    return maybe_call_evaluate(
  File "/Users/dinukaperera/opt/anaconda3/envs/flower_tutorial/lib/python3.10/site-packages/flwr/client/client.py", line 205, in maybe_call_evaluate
    return client.evaluate(evaluate_ins)
  File "/Users/dinukaperera/opt/anaconda3/envs/flower_tutorial/lib/python3.10/site-packages/flwr/client/app.py", line 319, in _evaluate
    parameters: NDArrays = parameters_to_ndarrays(ins.parameters)
AttributeError: 'dict' object has no attribute 'parameters'
[2026-01-06 01:01:24,148][flwr][ERROR] - [36mray::launch_and_evaluate()[39m (pid=77244, ip=127.0.0.1)
  File "/Users/dinukaperera/opt/anaconda3/envs/flower_tutorial/lib/python3.10/site-packages/flwr/simulation/ray_transport/ray_client_proxy.py", line 160, in launch_and_evaluate
    return maybe_call_evaluate(
  File "/Users/dinukaperera/opt/anaconda3/envs/flower_tutorial/lib/python3.10/site-packages/flwr/client/client.py", line 205, in maybe_call_evaluate
    return client.evaluate(evaluate_ins)
  File "/Users/dinukaperera/opt/anaconda3/envs/flower_tutorial/lib/python3.10/site-packages/flwr/client/app.py", line 319, in _evaluate
    parameters: NDArrays = parameters_to_ndarrays(ins.parameters)
AttributeError: 'dict' object has no attribute 'parameters'
[2026-01-06 01:01:24,148][flwr][ERROR] - [36mray::launch_and_evaluate()[39m (pid=77244, ip=127.0.0.1)
  File "/Users/dinukaperera/opt/anaconda3/envs/flower_tutorial/lib/python3.10/site-packages/flwr/simulation/ray_transport/ray_client_proxy.py", line 160, in launch_and_evaluate
    return maybe_call_evaluate(
  File "/Users/dinukaperera/opt/anaconda3/envs/flower_tutorial/lib/python3.10/site-packages/flwr/client/client.py", line 205, in maybe_call_evaluate
    return client.evaluate(evaluate_ins)
  File "/Users/dinukaperera/opt/anaconda3/envs/flower_tutorial/lib/python3.10/site-packages/flwr/client/app.py", line 319, in _evaluate
    parameters: NDArrays = parameters_to_ndarrays(ins.parameters)
AttributeError: 'dict' object has no attribute 'parameters'
[2026-01-06 01:01:24,152][flwr][ERROR] - [36mray::launch_and_evaluate()[39m (pid=77243, ip=127.0.0.1)
  File "/Users/dinukaperera/opt/anaconda3/envs/flower_tutorial/lib/python3.10/site-packages/flwr/simulation/ray_transport/ray_client_proxy.py", line 160, in launch_and_evaluate
    return maybe_call_evaluate(
  File "/Users/dinukaperera/opt/anaconda3/envs/flower_tutorial/lib/python3.10/site-packages/flwr/client/client.py", line 205, in maybe_call_evaluate
    return client.evaluate(evaluate_ins)
  File "/Users/dinukaperera/opt/anaconda3/envs/flower_tutorial/lib/python3.10/site-packages/flwr/client/app.py", line 319, in _evaluate
    parameters: NDArrays = parameters_to_ndarrays(ins.parameters)
AttributeError: 'dict' object has no attribute 'parameters'
[2026-01-06 01:01:24,152][flwr][ERROR] - [36mray::launch_and_evaluate()[39m (pid=77245, ip=127.0.0.1)
  File "/Users/dinukaperera/opt/anaconda3/envs/flower_tutorial/lib/python3.10/site-packages/flwr/simulation/ray_transport/ray_client_proxy.py", line 160, in launch_and_evaluate
    return maybe_call_evaluate(
  File "/Users/dinukaperera/opt/anaconda3/envs/flower_tutorial/lib/python3.10/site-packages/flwr/client/client.py", line 205, in maybe_call_evaluate
    return client.evaluate(evaluate_ins)
  File "/Users/dinukaperera/opt/anaconda3/envs/flower_tutorial/lib/python3.10/site-packages/flwr/client/app.py", line 319, in _evaluate
    parameters: NDArrays = parameters_to_ndarrays(ins.parameters)
AttributeError: 'dict' object has no attribute 'parameters'
[2026-01-06 01:01:24,165][flwr][ERROR] - [36mray::launch_and_evaluate()[39m (pid=77245, ip=127.0.0.1)
  File "/Users/dinukaperera/opt/anaconda3/envs/flower_tutorial/lib/python3.10/site-packages/flwr/simulation/ray_transport/ray_client_proxy.py", line 160, in launch_and_evaluate
    return maybe_call_evaluate(
  File "/Users/dinukaperera/opt/anaconda3/envs/flower_tutorial/lib/python3.10/site-packages/flwr/client/client.py", line 205, in maybe_call_evaluate
    return client.evaluate(evaluate_ins)
  File "/Users/dinukaperera/opt/anaconda3/envs/flower_tutorial/lib/python3.10/site-packages/flwr/client/app.py", line 319, in _evaluate
    parameters: NDArrays = parameters_to_ndarrays(ins.parameters)
AttributeError: 'dict' object has no attribute 'parameters'
[2026-01-06 01:01:24,172][flwr][ERROR] - [36mray::launch_and_evaluate()[39m (pid=77243, ip=127.0.0.1)
  File "/Users/dinukaperera/opt/anaconda3/envs/flower_tutorial/lib/python3.10/site-packages/flwr/simulation/ray_transport/ray_client_proxy.py", line 160, in launch_and_evaluate
    return maybe_call_evaluate(
  File "/Users/dinukaperera/opt/anaconda3/envs/flower_tutorial/lib/python3.10/site-packages/flwr/client/client.py", line 205, in maybe_call_evaluate
    return client.evaluate(evaluate_ins)
  File "/Users/dinukaperera/opt/anaconda3/envs/flower_tutorial/lib/python3.10/site-packages/flwr/client/app.py", line 319, in _evaluate
    parameters: NDArrays = parameters_to_ndarrays(ins.parameters)
AttributeError: 'dict' object has no attribute 'parameters'
[2026-01-06 01:01:24,176][flwr][ERROR] - [36mray::launch_and_evaluate()[39m (pid=77245, ip=127.0.0.1)
  File "/Users/dinukaperera/opt/anaconda3/envs/flower_tutorial/lib/python3.10/site-packages/flwr/simulation/ray_transport/ray_client_proxy.py", line 160, in launch_and_evaluate
    return maybe_call_evaluate(
  File "/Users/dinukaperera/opt/anaconda3/envs/flower_tutorial/lib/python3.10/site-packages/flwr/client/client.py", line 205, in maybe_call_evaluate
    return client.evaluate(evaluate_ins)
  File "/Users/dinukaperera/opt/anaconda3/envs/flower_tutorial/lib/python3.10/site-packages/flwr/client/app.py", line 319, in _evaluate
    parameters: NDArrays = parameters_to_ndarrays(ins.parameters)
AttributeError: 'dict' object has no attribute 'parameters'
[2026-01-06 01:01:24,189][flwr][ERROR] - [36mray::launch_and_evaluate()[39m (pid=77245, ip=127.0.0.1)
  File "/Users/dinukaperera/opt/anaconda3/envs/flower_tutorial/lib/python3.10/site-packages/flwr/simulation/ray_transport/ray_client_proxy.py", line 160, in launch_and_evaluate
    return maybe_call_evaluate(
  File "/Users/dinukaperera/opt/anaconda3/envs/flower_tutorial/lib/python3.10/site-packages/flwr/client/client.py", line 205, in maybe_call_evaluate
    return client.evaluate(evaluate_ins)
  File "/Users/dinukaperera/opt/anaconda3/envs/flower_tutorial/lib/python3.10/site-packages/flwr/client/app.py", line 319, in _evaluate
    parameters: NDArrays = parameters_to_ndarrays(ins.parameters)
AttributeError: 'dict' object has no attribute 'parameters'
[2026-01-06 01:01:24,190][flwr][ERROR] - [36mray::launch_and_evaluate()[39m (pid=77243, ip=127.0.0.1)
  File "/Users/dinukaperera/opt/anaconda3/envs/flower_tutorial/lib/python3.10/site-packages/flwr/simulation/ray_transport/ray_client_proxy.py", line 160, in launch_and_evaluate
    return maybe_call_evaluate(
  File "/Users/dinukaperera/opt/anaconda3/envs/flower_tutorial/lib/python3.10/site-packages/flwr/client/client.py", line 205, in maybe_call_evaluate
    return client.evaluate(evaluate_ins)
  File "/Users/dinukaperera/opt/anaconda3/envs/flower_tutorial/lib/python3.10/site-packages/flwr/client/app.py", line 319, in _evaluate
    parameters: NDArrays = parameters_to_ndarrays(ins.parameters)
AttributeError: 'dict' object has no attribute 'parameters'
[2026-01-06 01:01:24,195][flwr][ERROR] - [36mray::launch_and_evaluate()[39m (pid=77250, ip=127.0.0.1)
  File "/Users/dinukaperera/opt/anaconda3/envs/flower_tutorial/lib/python3.10/site-packages/flwr/simulation/ray_transport/ray_client_proxy.py", line 160, in launch_and_evaluate
    return maybe_call_evaluate(
  File "/Users/dinukaperera/opt/anaconda3/envs/flower_tutorial/lib/python3.10/site-packages/flwr/client/client.py", line 205, in maybe_call_evaluate
    return client.evaluate(evaluate_ins)
  File "/Users/dinukaperera/opt/anaconda3/envs/flower_tutorial/lib/python3.10/site-packages/flwr/client/app.py", line 319, in _evaluate
    parameters: NDArrays = parameters_to_ndarrays(ins.parameters)
AttributeError: 'dict' object has no attribute 'parameters'
[2026-01-06 01:01:24,195][flwr][ERROR] - [36mray::launch_and_evaluate()[39m (pid=77244, ip=127.0.0.1)
  File "/Users/dinukaperera/opt/anaconda3/envs/flower_tutorial/lib/python3.10/site-packages/flwr/simulation/ray_transport/ray_client_proxy.py", line 160, in launch_and_evaluate
    return maybe_call_evaluate(
  File "/Users/dinukaperera/opt/anaconda3/envs/flower_tutorial/lib/python3.10/site-packages/flwr/client/client.py", line 205, in maybe_call_evaluate
    return client.evaluate(evaluate_ins)
  File "/Users/dinukaperera/opt/anaconda3/envs/flower_tutorial/lib/python3.10/site-packages/flwr/client/app.py", line 319, in _evaluate
    parameters: NDArrays = parameters_to_ndarrays(ins.parameters)
AttributeError: 'dict' object has no attribute 'parameters'
[2026-01-06 01:01:24,196][flwr][ERROR] - [36mray::launch_and_evaluate()[39m (pid=77245, ip=127.0.0.1)
  File "/Users/dinukaperera/opt/anaconda3/envs/flower_tutorial/lib/python3.10/site-packages/flwr/simulation/ray_transport/ray_client_proxy.py", line 160, in launch_and_evaluate
    return maybe_call_evaluate(
  File "/Users/dinukaperera/opt/anaconda3/envs/flower_tutorial/lib/python3.10/site-packages/flwr/client/client.py", line 205, in maybe_call_evaluate
    return client.evaluate(evaluate_ins)
  File "/Users/dinukaperera/opt/anaconda3/envs/flower_tutorial/lib/python3.10/site-packages/flwr/client/app.py", line 319, in _evaluate
    parameters: NDArrays = parameters_to_ndarrays(ins.parameters)
AttributeError: 'dict' object has no attribute 'parameters'
[2026-01-06 01:01:24,208][flwr][ERROR] - [36mray::launch_and_evaluate()[39m (pid=77250, ip=127.0.0.1)
  File "/Users/dinukaperera/opt/anaconda3/envs/flower_tutorial/lib/python3.10/site-packages/flwr/simulation/ray_transport/ray_client_proxy.py", line 160, in launch_and_evaluate
    return maybe_call_evaluate(
  File "/Users/dinukaperera/opt/anaconda3/envs/flower_tutorial/lib/python3.10/site-packages/flwr/client/client.py", line 205, in maybe_call_evaluate
    return client.evaluate(evaluate_ins)
  File "/Users/dinukaperera/opt/anaconda3/envs/flower_tutorial/lib/python3.10/site-packages/flwr/client/app.py", line 319, in _evaluate
    parameters: NDArrays = parameters_to_ndarrays(ins.parameters)
AttributeError: 'dict' object has no attribute 'parameters'
[2026-01-06 01:01:24,209][flwr][ERROR] - [36mray::launch_and_evaluate()[39m (pid=77245, ip=127.0.0.1)
  File "/Users/dinukaperera/opt/anaconda3/envs/flower_tutorial/lib/python3.10/site-packages/flwr/simulation/ray_transport/ray_client_proxy.py", line 160, in launch_and_evaluate
    return maybe_call_evaluate(
  File "/Users/dinukaperera/opt/anaconda3/envs/flower_tutorial/lib/python3.10/site-packages/flwr/client/client.py", line 205, in maybe_call_evaluate
    return client.evaluate(evaluate_ins)
  File "/Users/dinukaperera/opt/anaconda3/envs/flower_tutorial/lib/python3.10/site-packages/flwr/client/app.py", line 319, in _evaluate
    parameters: NDArrays = parameters_to_ndarrays(ins.parameters)
AttributeError: 'dict' object has no attribute 'parameters'
[2026-01-06 01:01:24,220][flwr][ERROR] - [36mray::launch_and_evaluate()[39m (pid=77245, ip=127.0.0.1)
  File "/Users/dinukaperera/opt/anaconda3/envs/flower_tutorial/lib/python3.10/site-packages/flwr/simulation/ray_transport/ray_client_proxy.py", line 160, in launch_and_evaluate
    return maybe_call_evaluate(
  File "/Users/dinukaperera/opt/anaconda3/envs/flower_tutorial/lib/python3.10/site-packages/flwr/client/client.py", line 205, in maybe_call_evaluate
    return client.evaluate(evaluate_ins)
  File "/Users/dinukaperera/opt/anaconda3/envs/flower_tutorial/lib/python3.10/site-packages/flwr/client/app.py", line 319, in _evaluate
    parameters: NDArrays = parameters_to_ndarrays(ins.parameters)
AttributeError: 'dict' object has no attribute 'parameters'
[2026-01-06 01:01:24,209][flwr][ERROR] - [36mray::launch_and_evaluate()[39m (pid=77243, ip=127.0.0.1)
  File "/Users/dinukaperera/opt/anaconda3/envs/flower_tutorial/lib/python3.10/site-packages/flwr/simulation/ray_transport/ray_client_proxy.py", line 160, in launch_and_evaluate
    return maybe_call_evaluate(
  File "/Users/dinukaperera/opt/anaconda3/envs/flower_tutorial/lib/python3.10/site-packages/flwr/client/client.py", line 205, in maybe_call_evaluate
    return client.evaluate(evaluate_ins)
  File "/Users/dinukaperera/opt/anaconda3/envs/flower_tutorial/lib/python3.10/site-packages/flwr/client/app.py", line 319, in _evaluate
    parameters: NDArrays = parameters_to_ndarrays(ins.parameters)
AttributeError: 'dict' object has no attribute 'parameters'
[2026-01-06 01:01:24,215][flwr][ERROR] - [36mray::launch_and_evaluate()[39m (pid=77245, ip=127.0.0.1)
  File "/Users/dinukaperera/opt/anaconda3/envs/flower_tutorial/lib/python3.10/site-packages/flwr/simulation/ray_transport/ray_client_proxy.py", line 160, in launch_and_evaluate
    return maybe_call_evaluate(
  File "/Users/dinukaperera/opt/anaconda3/envs/flower_tutorial/lib/python3.10/site-packages/flwr/client/client.py", line 205, in maybe_call_evaluate
    return client.evaluate(evaluate_ins)
  File "/Users/dinukaperera/opt/anaconda3/envs/flower_tutorial/lib/python3.10/site-packages/flwr/client/app.py", line 319, in _evaluate
    parameters: NDArrays = parameters_to_ndarrays(ins.parameters)
AttributeError: 'dict' object has no attribute 'parameters'
[2026-01-06 01:01:24,219][flwr][ERROR] - [36mray::launch_and_evaluate()[39m (pid=77243, ip=127.0.0.1)
  File "/Users/dinukaperera/opt/anaconda3/envs/flower_tutorial/lib/python3.10/site-packages/flwr/simulation/ray_transport/ray_client_proxy.py", line 160, in launch_and_evaluate
    return maybe_call_evaluate(
  File "/Users/dinukaperera/opt/anaconda3/envs/flower_tutorial/lib/python3.10/site-packages/flwr/client/client.py", line 205, in maybe_call_evaluate
    return client.evaluate(evaluate_ins)
  File "/Users/dinukaperera/opt/anaconda3/envs/flower_tutorial/lib/python3.10/site-packages/flwr/client/app.py", line 319, in _evaluate
    parameters: NDArrays = parameters_to_ndarrays(ins.parameters)
AttributeError: 'dict' object has no attribute 'parameters'
[2026-01-06 01:01:24,209][flwr][ERROR] - [36mray::launch_and_evaluate()[39m (pid=77243, ip=127.0.0.1)
  File "/Users/dinukaperera/opt/anaconda3/envs/flower_tutorial/lib/python3.10/site-packages/flwr/simulation/ray_transport/ray_client_proxy.py", line 160, in launch_and_evaluate
    return maybe_call_evaluate(
  File "/Users/dinukaperera/opt/anaconda3/envs/flower_tutorial/lib/python3.10/site-packages/flwr/client/client.py", line 205, in maybe_call_evaluate
    return client.evaluate(evaluate_ins)
  File "/Users/dinukaperera/opt/anaconda3/envs/flower_tutorial/lib/python3.10/site-packages/flwr/client/app.py", line 319, in _evaluate
    parameters: NDArrays = parameters_to_ndarrays(ins.parameters)
AttributeError: 'dict' object has no attribute 'parameters'
[2026-01-06 01:01:24,225][flwr][ERROR] - [36mray::launch_and_evaluate()[39m (pid=77243, ip=127.0.0.1)
  File "/Users/dinukaperera/opt/anaconda3/envs/flower_tutorial/lib/python3.10/site-packages/flwr/simulation/ray_transport/ray_client_proxy.py", line 160, in launch_and_evaluate
    return maybe_call_evaluate(
  File "/Users/dinukaperera/opt/anaconda3/envs/flower_tutorial/lib/python3.10/site-packages/flwr/client/client.py", line 205, in maybe_call_evaluate
    return client.evaluate(evaluate_ins)
  File "/Users/dinukaperera/opt/anaconda3/envs/flower_tutorial/lib/python3.10/site-packages/flwr/client/app.py", line 319, in _evaluate
    parameters: NDArrays = parameters_to_ndarrays(ins.parameters)
AttributeError: 'dict' object has no attribute 'parameters'
[2026-01-06 01:01:24,228][flwr][ERROR] - [36mray::launch_and_evaluate()[39m (pid=77245, ip=127.0.0.1)
  File "/Users/dinukaperera/opt/anaconda3/envs/flower_tutorial/lib/python3.10/site-packages/flwr/simulation/ray_transport/ray_client_proxy.py", line 160, in launch_and_evaluate
    return maybe_call_evaluate(
  File "/Users/dinukaperera/opt/anaconda3/envs/flower_tutorial/lib/python3.10/site-packages/flwr/client/client.py", line 205, in maybe_call_evaluate
    return client.evaluate(evaluate_ins)
  File "/Users/dinukaperera/opt/anaconda3/envs/flower_tutorial/lib/python3.10/site-packages/flwr/client/app.py", line 319, in _evaluate
    parameters: NDArrays = parameters_to_ndarrays(ins.parameters)
AttributeError: 'dict' object has no attribute 'parameters'
[2026-01-06 01:01:24,299][flwr][ERROR] - [36mray::launch_and_evaluate()[39m (pid=77250, ip=127.0.0.1)
  File "/Users/dinukaperera/opt/anaconda3/envs/flower_tutorial/lib/python3.10/site-packages/flwr/simulation/ray_transport/ray_client_proxy.py", line 160, in launch_and_evaluate
    return maybe_call_evaluate(
  File "/Users/dinukaperera/opt/anaconda3/envs/flower_tutorial/lib/python3.10/site-packages/flwr/client/client.py", line 205, in maybe_call_evaluate
    return client.evaluate(evaluate_ins)
  File "/Users/dinukaperera/opt/anaconda3/envs/flower_tutorial/lib/python3.10/site-packages/flwr/client/app.py", line 319, in _evaluate
    parameters: NDArrays = parameters_to_ndarrays(ins.parameters)
AttributeError: 'dict' object has no attribute 'parameters'
[2026-01-06 01:01:24,300][flwr][DEBUG] - evaluate_round 7 received 0 results and 25 failures
[2026-01-06 01:01:24,302][flwr][DEBUG] - fit_round 8: strategy sampled 10 clients (out of 100)
[2026-01-06 01:01:24,327][flwr][ERROR] - [36mray::launch_and_fit()[39m (pid=77245, ip=127.0.0.1)
  File "/Users/dinukaperera/opt/anaconda3/envs/flower_tutorial/lib/python3.10/site-packages/flwr/simulation/ray_transport/ray_client_proxy.py", line 148, in launch_and_fit
    return maybe_call_fit(
  File "/Users/dinukaperera/opt/anaconda3/envs/flower_tutorial/lib/python3.10/site-packages/flwr/client/client.py", line 184, in maybe_call_fit
    return client.fit(fit_ins)
  File "/Users/dinukaperera/opt/anaconda3/envs/flower_tutorial/lib/python3.10/site-packages/flwr/client/app.py", line 294, in _fit
    parameters: NDArrays = parameters_to_ndarrays(ins.parameters)
AttributeError: 'dict' object has no attribute 'parameters'
[2026-01-06 01:01:24,328][flwr][ERROR] - [36mray::launch_and_fit()[39m (pid=77250, ip=127.0.0.1)
  File "/Users/dinukaperera/opt/anaconda3/envs/flower_tutorial/lib/python3.10/site-packages/flwr/simulation/ray_transport/ray_client_proxy.py", line 148, in launch_and_fit
    return maybe_call_fit(
  File "/Users/dinukaperera/opt/anaconda3/envs/flower_tutorial/lib/python3.10/site-packages/flwr/client/client.py", line 184, in maybe_call_fit
    return client.fit(fit_ins)
  File "/Users/dinukaperera/opt/anaconda3/envs/flower_tutorial/lib/python3.10/site-packages/flwr/client/app.py", line 294, in _fit
    parameters: NDArrays = parameters_to_ndarrays(ins.parameters)
AttributeError: 'dict' object has no attribute 'parameters'
[2026-01-06 01:01:24,340][flwr][ERROR] - [36mray::launch_and_fit()[39m (pid=77250, ip=127.0.0.1)
  File "/Users/dinukaperera/opt/anaconda3/envs/flower_tutorial/lib/python3.10/site-packages/flwr/simulation/ray_transport/ray_client_proxy.py", line 148, in launch_and_fit
    return maybe_call_fit(
  File "/Users/dinukaperera/opt/anaconda3/envs/flower_tutorial/lib/python3.10/site-packages/flwr/client/client.py", line 184, in maybe_call_fit
    return client.fit(fit_ins)
  File "/Users/dinukaperera/opt/anaconda3/envs/flower_tutorial/lib/python3.10/site-packages/flwr/client/app.py", line 294, in _fit
    parameters: NDArrays = parameters_to_ndarrays(ins.parameters)
AttributeError: 'dict' object has no attribute 'parameters'
[2026-01-06 01:01:24,341][flwr][ERROR] - [36mray::launch_and_fit()[39m (pid=77244, ip=127.0.0.1)
  File "/Users/dinukaperera/opt/anaconda3/envs/flower_tutorial/lib/python3.10/site-packages/flwr/simulation/ray_transport/ray_client_proxy.py", line 148, in launch_and_fit
    return maybe_call_fit(
  File "/Users/dinukaperera/opt/anaconda3/envs/flower_tutorial/lib/python3.10/site-packages/flwr/client/client.py", line 184, in maybe_call_fit
    return client.fit(fit_ins)
  File "/Users/dinukaperera/opt/anaconda3/envs/flower_tutorial/lib/python3.10/site-packages/flwr/client/app.py", line 294, in _fit
    parameters: NDArrays = parameters_to_ndarrays(ins.parameters)
AttributeError: 'dict' object has no attribute 'parameters'
[2026-01-06 01:01:24,341][flwr][ERROR] - [36mray::launch_and_fit()[39m (pid=77245, ip=127.0.0.1)
  File "/Users/dinukaperera/opt/anaconda3/envs/flower_tutorial/lib/python3.10/site-packages/flwr/simulation/ray_transport/ray_client_proxy.py", line 148, in launch_and_fit
    return maybe_call_fit(
  File "/Users/dinukaperera/opt/anaconda3/envs/flower_tutorial/lib/python3.10/site-packages/flwr/client/client.py", line 184, in maybe_call_fit
    return client.fit(fit_ins)
  File "/Users/dinukaperera/opt/anaconda3/envs/flower_tutorial/lib/python3.10/site-packages/flwr/client/app.py", line 294, in _fit
    parameters: NDArrays = parameters_to_ndarrays(ins.parameters)
AttributeError: 'dict' object has no attribute 'parameters'
[2026-01-06 01:01:24,342][flwr][ERROR] - [36mray::launch_and_fit()[39m (pid=77249, ip=127.0.0.1)
  File "/Users/dinukaperera/opt/anaconda3/envs/flower_tutorial/lib/python3.10/site-packages/flwr/simulation/ray_transport/ray_client_proxy.py", line 148, in launch_and_fit
    return maybe_call_fit(
  File "/Users/dinukaperera/opt/anaconda3/envs/flower_tutorial/lib/python3.10/site-packages/flwr/client/client.py", line 184, in maybe_call_fit
    return client.fit(fit_ins)
  File "/Users/dinukaperera/opt/anaconda3/envs/flower_tutorial/lib/python3.10/site-packages/flwr/client/app.py", line 294, in _fit
    parameters: NDArrays = parameters_to_ndarrays(ins.parameters)
AttributeError: 'dict' object has no attribute 'parameters'
[2026-01-06 01:01:24,342][flwr][ERROR] - [36mray::launch_and_fit()[39m (pid=77243, ip=127.0.0.1)
  File "/Users/dinukaperera/opt/anaconda3/envs/flower_tutorial/lib/python3.10/site-packages/flwr/simulation/ray_transport/ray_client_proxy.py", line 148, in launch_and_fit
    return maybe_call_fit(
  File "/Users/dinukaperera/opt/anaconda3/envs/flower_tutorial/lib/python3.10/site-packages/flwr/client/client.py", line 184, in maybe_call_fit
    return client.fit(fit_ins)
  File "/Users/dinukaperera/opt/anaconda3/envs/flower_tutorial/lib/python3.10/site-packages/flwr/client/app.py", line 294, in _fit
    parameters: NDArrays = parameters_to_ndarrays(ins.parameters)
AttributeError: 'dict' object has no attribute 'parameters'
[2026-01-06 01:01:24,348][flwr][ERROR] - [36mray::launch_and_fit()[39m (pid=77249, ip=127.0.0.1)
  File "/Users/dinukaperera/opt/anaconda3/envs/flower_tutorial/lib/python3.10/site-packages/flwr/simulation/ray_transport/ray_client_proxy.py", line 148, in launch_and_fit
    return maybe_call_fit(
  File "/Users/dinukaperera/opt/anaconda3/envs/flower_tutorial/lib/python3.10/site-packages/flwr/client/client.py", line 184, in maybe_call_fit
    return client.fit(fit_ins)
  File "/Users/dinukaperera/opt/anaconda3/envs/flower_tutorial/lib/python3.10/site-packages/flwr/client/app.py", line 294, in _fit
    parameters: NDArrays = parameters_to_ndarrays(ins.parameters)
AttributeError: 'dict' object has no attribute 'parameters'
[2026-01-06 01:01:24,350][flwr][ERROR] - [36mray::launch_and_fit()[39m (pid=77243, ip=127.0.0.1)
  File "/Users/dinukaperera/opt/anaconda3/envs/flower_tutorial/lib/python3.10/site-packages/flwr/simulation/ray_transport/ray_client_proxy.py", line 148, in launch_and_fit
    return maybe_call_fit(
  File "/Users/dinukaperera/opt/anaconda3/envs/flower_tutorial/lib/python3.10/site-packages/flwr/client/client.py", line 184, in maybe_call_fit
    return client.fit(fit_ins)
  File "/Users/dinukaperera/opt/anaconda3/envs/flower_tutorial/lib/python3.10/site-packages/flwr/client/app.py", line 294, in _fit
    parameters: NDArrays = parameters_to_ndarrays(ins.parameters)
AttributeError: 'dict' object has no attribute 'parameters'
[2026-01-06 01:01:24,350][flwr][ERROR] - [36mray::launch_and_fit()[39m (pid=77244, ip=127.0.0.1)
  File "/Users/dinukaperera/opt/anaconda3/envs/flower_tutorial/lib/python3.10/site-packages/flwr/simulation/ray_transport/ray_client_proxy.py", line 148, in launch_and_fit
    return maybe_call_fit(
  File "/Users/dinukaperera/opt/anaconda3/envs/flower_tutorial/lib/python3.10/site-packages/flwr/client/client.py", line 184, in maybe_call_fit
    return client.fit(fit_ins)
  File "/Users/dinukaperera/opt/anaconda3/envs/flower_tutorial/lib/python3.10/site-packages/flwr/client/app.py", line 294, in _fit
    parameters: NDArrays = parameters_to_ndarrays(ins.parameters)
AttributeError: 'dict' object has no attribute 'parameters'
[2026-01-06 01:01:24,351][flwr][DEBUG] - fit_round 8 received 0 results and 10 failures
[2026-01-06 01:01:24,373][flwr][INFO] - fit progress: (8, 68.0167875289917, {'accuracy': 0.5075}, 8.107639166992158)
[2026-01-06 01:01:24,373][flwr][DEBUG] - evaluate_round 8: strategy sampled 25 clients (out of 100)
[2026-01-06 01:01:24,398][flwr][ERROR] - [36mray::launch_and_evaluate()[39m (pid=77249, ip=127.0.0.1)
  File "/Users/dinukaperera/opt/anaconda3/envs/flower_tutorial/lib/python3.10/site-packages/flwr/simulation/ray_transport/ray_client_proxy.py", line 160, in launch_and_evaluate
    return maybe_call_evaluate(
  File "/Users/dinukaperera/opt/anaconda3/envs/flower_tutorial/lib/python3.10/site-packages/flwr/client/client.py", line 205, in maybe_call_evaluate
    return client.evaluate(evaluate_ins)
  File "/Users/dinukaperera/opt/anaconda3/envs/flower_tutorial/lib/python3.10/site-packages/flwr/client/app.py", line 319, in _evaluate
    parameters: NDArrays = parameters_to_ndarrays(ins.parameters)
AttributeError: 'dict' object has no attribute 'parameters'
[2026-01-06 01:01:24,402][flwr][ERROR] - [36mray::launch_and_evaluate()[39m (pid=77243, ip=127.0.0.1)
  File "/Users/dinukaperera/opt/anaconda3/envs/flower_tutorial/lib/python3.10/site-packages/flwr/simulation/ray_transport/ray_client_proxy.py", line 160, in launch_and_evaluate
    return maybe_call_evaluate(
  File "/Users/dinukaperera/opt/anaconda3/envs/flower_tutorial/lib/python3.10/site-packages/flwr/client/client.py", line 205, in maybe_call_evaluate
    return client.evaluate(evaluate_ins)
  File "/Users/dinukaperera/opt/anaconda3/envs/flower_tutorial/lib/python3.10/site-packages/flwr/client/app.py", line 319, in _evaluate
    parameters: NDArrays = parameters_to_ndarrays(ins.parameters)
AttributeError: 'dict' object has no attribute 'parameters'
[2026-01-06 01:01:24,402][flwr][ERROR] - [36mray::launch_and_evaluate()[39m (pid=77244, ip=127.0.0.1)
  File "/Users/dinukaperera/opt/anaconda3/envs/flower_tutorial/lib/python3.10/site-packages/flwr/simulation/ray_transport/ray_client_proxy.py", line 160, in launch_and_evaluate
    return maybe_call_evaluate(
  File "/Users/dinukaperera/opt/anaconda3/envs/flower_tutorial/lib/python3.10/site-packages/flwr/client/client.py", line 205, in maybe_call_evaluate
    return client.evaluate(evaluate_ins)
  File "/Users/dinukaperera/opt/anaconda3/envs/flower_tutorial/lib/python3.10/site-packages/flwr/client/app.py", line 319, in _evaluate
    parameters: NDArrays = parameters_to_ndarrays(ins.parameters)
AttributeError: 'dict' object has no attribute 'parameters'
[2026-01-06 01:01:24,407][flwr][ERROR] - [36mray::launch_and_evaluate()[39m (pid=77244, ip=127.0.0.1)
  File "/Users/dinukaperera/opt/anaconda3/envs/flower_tutorial/lib/python3.10/site-packages/flwr/simulation/ray_transport/ray_client_proxy.py", line 160, in launch_and_evaluate
    return maybe_call_evaluate(
  File "/Users/dinukaperera/opt/anaconda3/envs/flower_tutorial/lib/python3.10/site-packages/flwr/client/client.py", line 205, in maybe_call_evaluate
    return client.evaluate(evaluate_ins)
  File "/Users/dinukaperera/opt/anaconda3/envs/flower_tutorial/lib/python3.10/site-packages/flwr/client/app.py", line 319, in _evaluate
    parameters: NDArrays = parameters_to_ndarrays(ins.parameters)
AttributeError: 'dict' object has no attribute 'parameters'
[2026-01-06 01:01:24,419][flwr][ERROR] - [36mray::launch_and_evaluate()[39m (pid=77244, ip=127.0.0.1)
  File "/Users/dinukaperera/opt/anaconda3/envs/flower_tutorial/lib/python3.10/site-packages/flwr/simulation/ray_transport/ray_client_proxy.py", line 160, in launch_and_evaluate
    return maybe_call_evaluate(
  File "/Users/dinukaperera/opt/anaconda3/envs/flower_tutorial/lib/python3.10/site-packages/flwr/client/client.py", line 205, in maybe_call_evaluate
    return client.evaluate(evaluate_ins)
  File "/Users/dinukaperera/opt/anaconda3/envs/flower_tutorial/lib/python3.10/site-packages/flwr/client/app.py", line 319, in _evaluate
    parameters: NDArrays = parameters_to_ndarrays(ins.parameters)
AttributeError: 'dict' object has no attribute 'parameters'
[2026-01-06 01:01:24,419][flwr][ERROR] - [36mray::launch_and_evaluate()[39m (pid=77243, ip=127.0.0.1)
  File "/Users/dinukaperera/opt/anaconda3/envs/flower_tutorial/lib/python3.10/site-packages/flwr/simulation/ray_transport/ray_client_proxy.py", line 160, in launch_and_evaluate
    return maybe_call_evaluate(
  File "/Users/dinukaperera/opt/anaconda3/envs/flower_tutorial/lib/python3.10/site-packages/flwr/client/client.py", line 205, in maybe_call_evaluate
    return client.evaluate(evaluate_ins)
  File "/Users/dinukaperera/opt/anaconda3/envs/flower_tutorial/lib/python3.10/site-packages/flwr/client/app.py", line 319, in _evaluate
    parameters: NDArrays = parameters_to_ndarrays(ins.parameters)
AttributeError: 'dict' object has no attribute 'parameters'
[2026-01-06 01:01:24,428][flwr][ERROR] - [36mray::launch_and_evaluate()[39m (pid=77244, ip=127.0.0.1)
  File "/Users/dinukaperera/opt/anaconda3/envs/flower_tutorial/lib/python3.10/site-packages/flwr/simulation/ray_transport/ray_client_proxy.py", line 160, in launch_and_evaluate
    return maybe_call_evaluate(
  File "/Users/dinukaperera/opt/anaconda3/envs/flower_tutorial/lib/python3.10/site-packages/flwr/client/client.py", line 205, in maybe_call_evaluate
    return client.evaluate(evaluate_ins)
  File "/Users/dinukaperera/opt/anaconda3/envs/flower_tutorial/lib/python3.10/site-packages/flwr/client/app.py", line 319, in _evaluate
    parameters: NDArrays = parameters_to_ndarrays(ins.parameters)
AttributeError: 'dict' object has no attribute 'parameters'
[2026-01-06 01:01:24,429][flwr][ERROR] - [36mray::launch_and_evaluate()[39m (pid=77243, ip=127.0.0.1)
  File "/Users/dinukaperera/opt/anaconda3/envs/flower_tutorial/lib/python3.10/site-packages/flwr/simulation/ray_transport/ray_client_proxy.py", line 160, in launch_and_evaluate
    return maybe_call_evaluate(
  File "/Users/dinukaperera/opt/anaconda3/envs/flower_tutorial/lib/python3.10/site-packages/flwr/client/client.py", line 205, in maybe_call_evaluate
    return client.evaluate(evaluate_ins)
  File "/Users/dinukaperera/opt/anaconda3/envs/flower_tutorial/lib/python3.10/site-packages/flwr/client/app.py", line 319, in _evaluate
    parameters: NDArrays = parameters_to_ndarrays(ins.parameters)
AttributeError: 'dict' object has no attribute 'parameters'
[2026-01-06 01:01:24,438][flwr][ERROR] - [36mray::launch_and_evaluate()[39m (pid=77243, ip=127.0.0.1)
  File "/Users/dinukaperera/opt/anaconda3/envs/flower_tutorial/lib/python3.10/site-packages/flwr/simulation/ray_transport/ray_client_proxy.py", line 160, in launch_and_evaluate
    return maybe_call_evaluate(
  File "/Users/dinukaperera/opt/anaconda3/envs/flower_tutorial/lib/python3.10/site-packages/flwr/client/client.py", line 205, in maybe_call_evaluate
    return client.evaluate(evaluate_ins)
  File "/Users/dinukaperera/opt/anaconda3/envs/flower_tutorial/lib/python3.10/site-packages/flwr/client/app.py", line 319, in _evaluate
    parameters: NDArrays = parameters_to_ndarrays(ins.parameters)
AttributeError: 'dict' object has no attribute 'parameters'
[2026-01-06 01:01:24,438][flwr][ERROR] - [36mray::launch_and_evaluate()[39m (pid=77245, ip=127.0.0.1)
  File "/Users/dinukaperera/opt/anaconda3/envs/flower_tutorial/lib/python3.10/site-packages/flwr/simulation/ray_transport/ray_client_proxy.py", line 160, in launch_and_evaluate
    return maybe_call_evaluate(
  File "/Users/dinukaperera/opt/anaconda3/envs/flower_tutorial/lib/python3.10/site-packages/flwr/client/client.py", line 205, in maybe_call_evaluate
    return client.evaluate(evaluate_ins)
  File "/Users/dinukaperera/opt/anaconda3/envs/flower_tutorial/lib/python3.10/site-packages/flwr/client/app.py", line 319, in _evaluate
    parameters: NDArrays = parameters_to_ndarrays(ins.parameters)
AttributeError: 'dict' object has no attribute 'parameters'
[2026-01-06 01:01:24,439][flwr][ERROR] - [36mray::launch_and_evaluate()[39m (pid=77244, ip=127.0.0.1)
  File "/Users/dinukaperera/opt/anaconda3/envs/flower_tutorial/lib/python3.10/site-packages/flwr/simulation/ray_transport/ray_client_proxy.py", line 160, in launch_and_evaluate
    return maybe_call_evaluate(
  File "/Users/dinukaperera/opt/anaconda3/envs/flower_tutorial/lib/python3.10/site-packages/flwr/client/client.py", line 205, in maybe_call_evaluate
    return client.evaluate(evaluate_ins)
  File "/Users/dinukaperera/opt/anaconda3/envs/flower_tutorial/lib/python3.10/site-packages/flwr/client/app.py", line 319, in _evaluate
    parameters: NDArrays = parameters_to_ndarrays(ins.parameters)
AttributeError: 'dict' object has no attribute 'parameters'
[2026-01-06 01:01:24,446][flwr][ERROR] - [36mray::launch_and_evaluate()[39m (pid=77245, ip=127.0.0.1)
  File "/Users/dinukaperera/opt/anaconda3/envs/flower_tutorial/lib/python3.10/site-packages/flwr/simulation/ray_transport/ray_client_proxy.py", line 160, in launch_and_evaluate
    return maybe_call_evaluate(
  File "/Users/dinukaperera/opt/anaconda3/envs/flower_tutorial/lib/python3.10/site-packages/flwr/client/client.py", line 205, in maybe_call_evaluate
    return client.evaluate(evaluate_ins)
  File "/Users/dinukaperera/opt/anaconda3/envs/flower_tutorial/lib/python3.10/site-packages/flwr/client/app.py", line 319, in _evaluate
    parameters: NDArrays = parameters_to_ndarrays(ins.parameters)
AttributeError: 'dict' object has no attribute 'parameters'
[2026-01-06 01:01:24,453][flwr][ERROR] - [36mray::launch_and_evaluate()[39m (pid=77245, ip=127.0.0.1)
  File "/Users/dinukaperera/opt/anaconda3/envs/flower_tutorial/lib/python3.10/site-packages/flwr/simulation/ray_transport/ray_client_proxy.py", line 160, in launch_and_evaluate
    return maybe_call_evaluate(
  File "/Users/dinukaperera/opt/anaconda3/envs/flower_tutorial/lib/python3.10/site-packages/flwr/client/client.py", line 205, in maybe_call_evaluate
    return client.evaluate(evaluate_ins)
  File "/Users/dinukaperera/opt/anaconda3/envs/flower_tutorial/lib/python3.10/site-packages/flwr/client/app.py", line 319, in _evaluate
    parameters: NDArrays = parameters_to_ndarrays(ins.parameters)
AttributeError: 'dict' object has no attribute 'parameters'
[2026-01-06 01:01:24,461][flwr][ERROR] - [36mray::launch_and_evaluate()[39m (pid=77245, ip=127.0.0.1)
  File "/Users/dinukaperera/opt/anaconda3/envs/flower_tutorial/lib/python3.10/site-packages/flwr/simulation/ray_transport/ray_client_proxy.py", line 160, in launch_and_evaluate
    return maybe_call_evaluate(
  File "/Users/dinukaperera/opt/anaconda3/envs/flower_tutorial/lib/python3.10/site-packages/flwr/client/client.py", line 205, in maybe_call_evaluate
    return client.evaluate(evaluate_ins)
  File "/Users/dinukaperera/opt/anaconda3/envs/flower_tutorial/lib/python3.10/site-packages/flwr/client/app.py", line 319, in _evaluate
    parameters: NDArrays = parameters_to_ndarrays(ins.parameters)
AttributeError: 'dict' object has no attribute 'parameters'
[2026-01-06 01:01:24,481][flwr][ERROR] - [36mray::launch_and_evaluate()[39m (pid=77250, ip=127.0.0.1)
  File "/Users/dinukaperera/opt/anaconda3/envs/flower_tutorial/lib/python3.10/site-packages/flwr/simulation/ray_transport/ray_client_proxy.py", line 160, in launch_and_evaluate
    return maybe_call_evaluate(
  File "/Users/dinukaperera/opt/anaconda3/envs/flower_tutorial/lib/python3.10/site-packages/flwr/client/client.py", line 205, in maybe_call_evaluate
    return client.evaluate(evaluate_ins)
  File "/Users/dinukaperera/opt/anaconda3/envs/flower_tutorial/lib/python3.10/site-packages/flwr/client/app.py", line 319, in _evaluate
    parameters: NDArrays = parameters_to_ndarrays(ins.parameters)
AttributeError: 'dict' object has no attribute 'parameters'
[2026-01-06 01:01:24,481][flwr][ERROR] - [36mray::launch_and_evaluate()[39m (pid=77245, ip=127.0.0.1)
  File "/Users/dinukaperera/opt/anaconda3/envs/flower_tutorial/lib/python3.10/site-packages/flwr/simulation/ray_transport/ray_client_proxy.py", line 160, in launch_and_evaluate
    return maybe_call_evaluate(
  File "/Users/dinukaperera/opt/anaconda3/envs/flower_tutorial/lib/python3.10/site-packages/flwr/client/client.py", line 205, in maybe_call_evaluate
    return client.evaluate(evaluate_ins)
  File "/Users/dinukaperera/opt/anaconda3/envs/flower_tutorial/lib/python3.10/site-packages/flwr/client/app.py", line 319, in _evaluate
    parameters: NDArrays = parameters_to_ndarrays(ins.parameters)
AttributeError: 'dict' object has no attribute 'parameters'
[2026-01-06 01:01:24,482][flwr][ERROR] - [36mray::launch_and_evaluate()[39m (pid=77243, ip=127.0.0.1)
  File "/Users/dinukaperera/opt/anaconda3/envs/flower_tutorial/lib/python3.10/site-packages/flwr/simulation/ray_transport/ray_client_proxy.py", line 160, in launch_and_evaluate
    return maybe_call_evaluate(
  File "/Users/dinukaperera/opt/anaconda3/envs/flower_tutorial/lib/python3.10/site-packages/flwr/client/client.py", line 205, in maybe_call_evaluate
    return client.evaluate(evaluate_ins)
  File "/Users/dinukaperera/opt/anaconda3/envs/flower_tutorial/lib/python3.10/site-packages/flwr/client/app.py", line 319, in _evaluate
    parameters: NDArrays = parameters_to_ndarrays(ins.parameters)
AttributeError: 'dict' object has no attribute 'parameters'
[2026-01-06 01:01:24,487][flwr][ERROR] - [36mray::launch_and_evaluate()[39m (pid=77252, ip=127.0.0.1)
  File "/Users/dinukaperera/opt/anaconda3/envs/flower_tutorial/lib/python3.10/site-packages/flwr/simulation/ray_transport/ray_client_proxy.py", line 160, in launch_and_evaluate
    return maybe_call_evaluate(
  File "/Users/dinukaperera/opt/anaconda3/envs/flower_tutorial/lib/python3.10/site-packages/flwr/client/client.py", line 205, in maybe_call_evaluate
    return client.evaluate(evaluate_ins)
  File "/Users/dinukaperera/opt/anaconda3/envs/flower_tutorial/lib/python3.10/site-packages/flwr/client/app.py", line 319, in _evaluate
    parameters: NDArrays = parameters_to_ndarrays(ins.parameters)
AttributeError: 'dict' object has no attribute 'parameters'
[2026-01-06 01:01:24,488][flwr][ERROR] - [36mray::launch_and_evaluate()[39m (pid=77245, ip=127.0.0.1)
  File "/Users/dinukaperera/opt/anaconda3/envs/flower_tutorial/lib/python3.10/site-packages/flwr/simulation/ray_transport/ray_client_proxy.py", line 160, in launch_and_evaluate
    return maybe_call_evaluate(
  File "/Users/dinukaperera/opt/anaconda3/envs/flower_tutorial/lib/python3.10/site-packages/flwr/client/client.py", line 205, in maybe_call_evaluate
    return client.evaluate(evaluate_ins)
  File "/Users/dinukaperera/opt/anaconda3/envs/flower_tutorial/lib/python3.10/site-packages/flwr/client/app.py", line 319, in _evaluate
    parameters: NDArrays = parameters_to_ndarrays(ins.parameters)
AttributeError: 'dict' object has no attribute 'parameters'
[2026-01-06 01:01:24,491][flwr][ERROR] - [36mray::launch_and_evaluate()[39m (pid=77243, ip=127.0.0.1)
  File "/Users/dinukaperera/opt/anaconda3/envs/flower_tutorial/lib/python3.10/site-packages/flwr/simulation/ray_transport/ray_client_proxy.py", line 160, in launch_and_evaluate
    return maybe_call_evaluate(
  File "/Users/dinukaperera/opt/anaconda3/envs/flower_tutorial/lib/python3.10/site-packages/flwr/client/client.py", line 205, in maybe_call_evaluate
    return client.evaluate(evaluate_ins)
  File "/Users/dinukaperera/opt/anaconda3/envs/flower_tutorial/lib/python3.10/site-packages/flwr/client/app.py", line 319, in _evaluate
    parameters: NDArrays = parameters_to_ndarrays(ins.parameters)
AttributeError: 'dict' object has no attribute 'parameters'
[2026-01-06 01:01:24,492][flwr][ERROR] - [36mray::launch_and_evaluate()[39m (pid=77247, ip=127.0.0.1)
  File "/Users/dinukaperera/opt/anaconda3/envs/flower_tutorial/lib/python3.10/site-packages/flwr/simulation/ray_transport/ray_client_proxy.py", line 160, in launch_and_evaluate
    return maybe_call_evaluate(
  File "/Users/dinukaperera/opt/anaconda3/envs/flower_tutorial/lib/python3.10/site-packages/flwr/client/client.py", line 205, in maybe_call_evaluate
    return client.evaluate(evaluate_ins)
  File "/Users/dinukaperera/opt/anaconda3/envs/flower_tutorial/lib/python3.10/site-packages/flwr/client/app.py", line 319, in _evaluate
    parameters: NDArrays = parameters_to_ndarrays(ins.parameters)
AttributeError: 'dict' object has no attribute 'parameters'
[2026-01-06 01:01:24,497][flwr][ERROR] - [36mray::launch_and_evaluate()[39m (pid=77252, ip=127.0.0.1)
  File "/Users/dinukaperera/opt/anaconda3/envs/flower_tutorial/lib/python3.10/site-packages/flwr/simulation/ray_transport/ray_client_proxy.py", line 160, in launch_and_evaluate
    return maybe_call_evaluate(
  File "/Users/dinukaperera/opt/anaconda3/envs/flower_tutorial/lib/python3.10/site-packages/flwr/client/client.py", line 205, in maybe_call_evaluate
    return client.evaluate(evaluate_ins)
  File "/Users/dinukaperera/opt/anaconda3/envs/flower_tutorial/lib/python3.10/site-packages/flwr/client/app.py", line 319, in _evaluate
    parameters: NDArrays = parameters_to_ndarrays(ins.parameters)
AttributeError: 'dict' object has no attribute 'parameters'
[2026-01-06 01:01:24,498][flwr][ERROR] - [36mray::launch_and_evaluate()[39m (pid=77245, ip=127.0.0.1)
  File "/Users/dinukaperera/opt/anaconda3/envs/flower_tutorial/lib/python3.10/site-packages/flwr/simulation/ray_transport/ray_client_proxy.py", line 160, in launch_and_evaluate
    return maybe_call_evaluate(
  File "/Users/dinukaperera/opt/anaconda3/envs/flower_tutorial/lib/python3.10/site-packages/flwr/client/client.py", line 205, in maybe_call_evaluate
    return client.evaluate(evaluate_ins)
  File "/Users/dinukaperera/opt/anaconda3/envs/flower_tutorial/lib/python3.10/site-packages/flwr/client/app.py", line 319, in _evaluate
    parameters: NDArrays = parameters_to_ndarrays(ins.parameters)
AttributeError: 'dict' object has no attribute 'parameters'
[2026-01-06 01:01:24,527][flwr][ERROR] - [36mray::launch_and_evaluate()[39m (pid=77244, ip=127.0.0.1)
  File "/Users/dinukaperera/opt/anaconda3/envs/flower_tutorial/lib/python3.10/site-packages/flwr/simulation/ray_transport/ray_client_proxy.py", line 160, in launch_and_evaluate
    return maybe_call_evaluate(
  File "/Users/dinukaperera/opt/anaconda3/envs/flower_tutorial/lib/python3.10/site-packages/flwr/client/client.py", line 205, in maybe_call_evaluate
    return client.evaluate(evaluate_ins)
  File "/Users/dinukaperera/opt/anaconda3/envs/flower_tutorial/lib/python3.10/site-packages/flwr/client/app.py", line 319, in _evaluate
    parameters: NDArrays = parameters_to_ndarrays(ins.parameters)
AttributeError: 'dict' object has no attribute 'parameters'
[2026-01-06 01:01:24,533][flwr][ERROR] - [36mray::launch_and_evaluate()[39m (pid=77249, ip=127.0.0.1)
  File "/Users/dinukaperera/opt/anaconda3/envs/flower_tutorial/lib/python3.10/site-packages/flwr/simulation/ray_transport/ray_client_proxy.py", line 160, in launch_and_evaluate
    return maybe_call_evaluate(
  File "/Users/dinukaperera/opt/anaconda3/envs/flower_tutorial/lib/python3.10/site-packages/flwr/client/client.py", line 205, in maybe_call_evaluate
    return client.evaluate(evaluate_ins)
  File "/Users/dinukaperera/opt/anaconda3/envs/flower_tutorial/lib/python3.10/site-packages/flwr/client/app.py", line 319, in _evaluate
    parameters: NDArrays = parameters_to_ndarrays(ins.parameters)
AttributeError: 'dict' object has no attribute 'parameters'
[2026-01-06 01:01:24,534][flwr][DEBUG] - evaluate_round 8 received 0 results and 25 failures
[2026-01-06 01:01:24,536][flwr][DEBUG] - fit_round 9: strategy sampled 10 clients (out of 100)
[2026-01-06 01:01:24,561][flwr][ERROR] - [36mray::launch_and_fit()[39m (pid=77249, ip=127.0.0.1)
  File "/Users/dinukaperera/opt/anaconda3/envs/flower_tutorial/lib/python3.10/site-packages/flwr/simulation/ray_transport/ray_client_proxy.py", line 148, in launch_and_fit
    return maybe_call_fit(
  File "/Users/dinukaperera/opt/anaconda3/envs/flower_tutorial/lib/python3.10/site-packages/flwr/client/client.py", line 184, in maybe_call_fit
    return client.fit(fit_ins)
  File "/Users/dinukaperera/opt/anaconda3/envs/flower_tutorial/lib/python3.10/site-packages/flwr/client/app.py", line 294, in _fit
    parameters: NDArrays = parameters_to_ndarrays(ins.parameters)
AttributeError: 'dict' object has no attribute 'parameters'
[2026-01-06 01:01:24,562][flwr][ERROR] - [36mray::launch_and_fit()[39m (pid=77244, ip=127.0.0.1)
  File "/Users/dinukaperera/opt/anaconda3/envs/flower_tutorial/lib/python3.10/site-packages/flwr/simulation/ray_transport/ray_client_proxy.py", line 148, in launch_and_fit
    return maybe_call_fit(
  File "/Users/dinukaperera/opt/anaconda3/envs/flower_tutorial/lib/python3.10/site-packages/flwr/client/client.py", line 184, in maybe_call_fit
    return client.fit(fit_ins)
  File "/Users/dinukaperera/opt/anaconda3/envs/flower_tutorial/lib/python3.10/site-packages/flwr/client/app.py", line 294, in _fit
    parameters: NDArrays = parameters_to_ndarrays(ins.parameters)
AttributeError: 'dict' object has no attribute 'parameters'
[2026-01-06 01:01:24,575][flwr][ERROR] - [36mray::launch_and_fit()[39m (pid=77245, ip=127.0.0.1)
  File "/Users/dinukaperera/opt/anaconda3/envs/flower_tutorial/lib/python3.10/site-packages/flwr/simulation/ray_transport/ray_client_proxy.py", line 148, in launch_and_fit
    return maybe_call_fit(
  File "/Users/dinukaperera/opt/anaconda3/envs/flower_tutorial/lib/python3.10/site-packages/flwr/client/client.py", line 184, in maybe_call_fit
    return client.fit(fit_ins)
  File "/Users/dinukaperera/opt/anaconda3/envs/flower_tutorial/lib/python3.10/site-packages/flwr/client/app.py", line 294, in _fit
    parameters: NDArrays = parameters_to_ndarrays(ins.parameters)
AttributeError: 'dict' object has no attribute 'parameters'
[2026-01-06 01:01:24,576][flwr][ERROR] - [36mray::launch_and_fit()[39m (pid=77244, ip=127.0.0.1)
  File "/Users/dinukaperera/opt/anaconda3/envs/flower_tutorial/lib/python3.10/site-packages/flwr/simulation/ray_transport/ray_client_proxy.py", line 148, in launch_and_fit
    return maybe_call_fit(
  File "/Users/dinukaperera/opt/anaconda3/envs/flower_tutorial/lib/python3.10/site-packages/flwr/client/client.py", line 184, in maybe_call_fit
    return client.fit(fit_ins)
  File "/Users/dinukaperera/opt/anaconda3/envs/flower_tutorial/lib/python3.10/site-packages/flwr/client/app.py", line 294, in _fit
    parameters: NDArrays = parameters_to_ndarrays(ins.parameters)
AttributeError: 'dict' object has no attribute 'parameters'
[2026-01-06 01:01:24,576][flwr][ERROR] - [36mray::launch_and_fit()[39m (pid=77249, ip=127.0.0.1)
  File "/Users/dinukaperera/opt/anaconda3/envs/flower_tutorial/lib/python3.10/site-packages/flwr/simulation/ray_transport/ray_client_proxy.py", line 148, in launch_and_fit
    return maybe_call_fit(
  File "/Users/dinukaperera/opt/anaconda3/envs/flower_tutorial/lib/python3.10/site-packages/flwr/client/client.py", line 184, in maybe_call_fit
    return client.fit(fit_ins)
  File "/Users/dinukaperera/opt/anaconda3/envs/flower_tutorial/lib/python3.10/site-packages/flwr/client/app.py", line 294, in _fit
    parameters: NDArrays = parameters_to_ndarrays(ins.parameters)
AttributeError: 'dict' object has no attribute 'parameters'
[2026-01-06 01:01:24,577][flwr][ERROR] - [36mray::launch_and_fit()[39m (pid=77252, ip=127.0.0.1)
  File "/Users/dinukaperera/opt/anaconda3/envs/flower_tutorial/lib/python3.10/site-packages/flwr/simulation/ray_transport/ray_client_proxy.py", line 148, in launch_and_fit
    return maybe_call_fit(
  File "/Users/dinukaperera/opt/anaconda3/envs/flower_tutorial/lib/python3.10/site-packages/flwr/client/client.py", line 184, in maybe_call_fit
    return client.fit(fit_ins)
  File "/Users/dinukaperera/opt/anaconda3/envs/flower_tutorial/lib/python3.10/site-packages/flwr/client/app.py", line 294, in _fit
    parameters: NDArrays = parameters_to_ndarrays(ins.parameters)
AttributeError: 'dict' object has no attribute 'parameters'
[2026-01-06 01:01:24,580][flwr][ERROR] - [36mray::launch_and_fit()[39m (pid=77243, ip=127.0.0.1)
  File "/Users/dinukaperera/opt/anaconda3/envs/flower_tutorial/lib/python3.10/site-packages/flwr/simulation/ray_transport/ray_client_proxy.py", line 148, in launch_and_fit
    return maybe_call_fit(
  File "/Users/dinukaperera/opt/anaconda3/envs/flower_tutorial/lib/python3.10/site-packages/flwr/client/client.py", line 184, in maybe_call_fit
    return client.fit(fit_ins)
  File "/Users/dinukaperera/opt/anaconda3/envs/flower_tutorial/lib/python3.10/site-packages/flwr/client/app.py", line 294, in _fit
    parameters: NDArrays = parameters_to_ndarrays(ins.parameters)
AttributeError: 'dict' object has no attribute 'parameters'
[2026-01-06 01:01:24,580][flwr][ERROR] - [36mray::launch_and_fit()[39m (pid=77247, ip=127.0.0.1)
  File "/Users/dinukaperera/opt/anaconda3/envs/flower_tutorial/lib/python3.10/site-packages/flwr/simulation/ray_transport/ray_client_proxy.py", line 148, in launch_and_fit
    return maybe_call_fit(
  File "/Users/dinukaperera/opt/anaconda3/envs/flower_tutorial/lib/python3.10/site-packages/flwr/client/client.py", line 184, in maybe_call_fit
    return client.fit(fit_ins)
  File "/Users/dinukaperera/opt/anaconda3/envs/flower_tutorial/lib/python3.10/site-packages/flwr/client/app.py", line 294, in _fit
    parameters: NDArrays = parameters_to_ndarrays(ins.parameters)
AttributeError: 'dict' object has no attribute 'parameters'
[2026-01-06 01:01:24,583][flwr][ERROR] - [36mray::launch_and_fit()[39m (pid=77252, ip=127.0.0.1)
  File "/Users/dinukaperera/opt/anaconda3/envs/flower_tutorial/lib/python3.10/site-packages/flwr/simulation/ray_transport/ray_client_proxy.py", line 148, in launch_and_fit
    return maybe_call_fit(
  File "/Users/dinukaperera/opt/anaconda3/envs/flower_tutorial/lib/python3.10/site-packages/flwr/client/client.py", line 184, in maybe_call_fit
    return client.fit(fit_ins)
  File "/Users/dinukaperera/opt/anaconda3/envs/flower_tutorial/lib/python3.10/site-packages/flwr/client/app.py", line 294, in _fit
    parameters: NDArrays = parameters_to_ndarrays(ins.parameters)
AttributeError: 'dict' object has no attribute 'parameters'
[2026-01-06 01:01:24,584][flwr][ERROR] - [36mray::launch_and_fit()[39m (pid=77245, ip=127.0.0.1)
  File "/Users/dinukaperera/opt/anaconda3/envs/flower_tutorial/lib/python3.10/site-packages/flwr/simulation/ray_transport/ray_client_proxy.py", line 148, in launch_and_fit
    return maybe_call_fit(
  File "/Users/dinukaperera/opt/anaconda3/envs/flower_tutorial/lib/python3.10/site-packages/flwr/client/client.py", line 184, in maybe_call_fit
    return client.fit(fit_ins)
  File "/Users/dinukaperera/opt/anaconda3/envs/flower_tutorial/lib/python3.10/site-packages/flwr/client/app.py", line 294, in _fit
    parameters: NDArrays = parameters_to_ndarrays(ins.parameters)
AttributeError: 'dict' object has no attribute 'parameters'
[2026-01-06 01:01:24,585][flwr][DEBUG] - fit_round 9 received 0 results and 10 failures
[2026-01-06 01:01:24,609][flwr][INFO] - fit progress: (9, 68.0167875289917, {'accuracy': 0.5075}, 8.343155291979201)
[2026-01-06 01:01:24,609][flwr][DEBUG] - evaluate_round 9: strategy sampled 25 clients (out of 100)
[2026-01-06 01:01:24,630][flwr][ERROR] - [36mray::launch_and_evaluate()[39m (pid=77245, ip=127.0.0.1)
  File "/Users/dinukaperera/opt/anaconda3/envs/flower_tutorial/lib/python3.10/site-packages/flwr/simulation/ray_transport/ray_client_proxy.py", line 160, in launch_and_evaluate
    return maybe_call_evaluate(
  File "/Users/dinukaperera/opt/anaconda3/envs/flower_tutorial/lib/python3.10/site-packages/flwr/client/client.py", line 205, in maybe_call_evaluate
    return client.evaluate(evaluate_ins)
  File "/Users/dinukaperera/opt/anaconda3/envs/flower_tutorial/lib/python3.10/site-packages/flwr/client/app.py", line 319, in _evaluate
    parameters: NDArrays = parameters_to_ndarrays(ins.parameters)
AttributeError: 'dict' object has no attribute 'parameters'
[2026-01-06 01:01:24,634][flwr][ERROR] - [36mray::launch_and_evaluate()[39m (pid=77252, ip=127.0.0.1)
  File "/Users/dinukaperera/opt/anaconda3/envs/flower_tutorial/lib/python3.10/site-packages/flwr/simulation/ray_transport/ray_client_proxy.py", line 160, in launch_and_evaluate
    return maybe_call_evaluate(
  File "/Users/dinukaperera/opt/anaconda3/envs/flower_tutorial/lib/python3.10/site-packages/flwr/client/client.py", line 205, in maybe_call_evaluate
    return client.evaluate(evaluate_ins)
  File "/Users/dinukaperera/opt/anaconda3/envs/flower_tutorial/lib/python3.10/site-packages/flwr/client/app.py", line 319, in _evaluate
    parameters: NDArrays = parameters_to_ndarrays(ins.parameters)
AttributeError: 'dict' object has no attribute 'parameters'
[2026-01-06 01:01:24,638][flwr][ERROR] - [36mray::launch_and_evaluate()[39m (pid=77247, ip=127.0.0.1)
  File "/Users/dinukaperera/opt/anaconda3/envs/flower_tutorial/lib/python3.10/site-packages/flwr/simulation/ray_transport/ray_client_proxy.py", line 160, in launch_and_evaluate
    return maybe_call_evaluate(
  File "/Users/dinukaperera/opt/anaconda3/envs/flower_tutorial/lib/python3.10/site-packages/flwr/client/client.py", line 205, in maybe_call_evaluate
    return client.evaluate(evaluate_ins)
  File "/Users/dinukaperera/opt/anaconda3/envs/flower_tutorial/lib/python3.10/site-packages/flwr/client/app.py", line 319, in _evaluate
    parameters: NDArrays = parameters_to_ndarrays(ins.parameters)
AttributeError: 'dict' object has no attribute 'parameters'
[2026-01-06 01:01:24,638][flwr][ERROR] - [36mray::launch_and_evaluate()[39m (pid=77243, ip=127.0.0.1)
  File "/Users/dinukaperera/opt/anaconda3/envs/flower_tutorial/lib/python3.10/site-packages/flwr/simulation/ray_transport/ray_client_proxy.py", line 160, in launch_and_evaluate
    return maybe_call_evaluate(
  File "/Users/dinukaperera/opt/anaconda3/envs/flower_tutorial/lib/python3.10/site-packages/flwr/client/client.py", line 205, in maybe_call_evaluate
    return client.evaluate(evaluate_ins)
  File "/Users/dinukaperera/opt/anaconda3/envs/flower_tutorial/lib/python3.10/site-packages/flwr/client/app.py", line 319, in _evaluate
    parameters: NDArrays = parameters_to_ndarrays(ins.parameters)
AttributeError: 'dict' object has no attribute 'parameters'
[2026-01-06 01:01:24,642][flwr][ERROR] - [36mray::launch_and_evaluate()[39m (pid=77245, ip=127.0.0.1)
  File "/Users/dinukaperera/opt/anaconda3/envs/flower_tutorial/lib/python3.10/site-packages/flwr/simulation/ray_transport/ray_client_proxy.py", line 160, in launch_and_evaluate
    return maybe_call_evaluate(
  File "/Users/dinukaperera/opt/anaconda3/envs/flower_tutorial/lib/python3.10/site-packages/flwr/client/client.py", line 205, in maybe_call_evaluate
    return client.evaluate(evaluate_ins)
  File "/Users/dinukaperera/opt/anaconda3/envs/flower_tutorial/lib/python3.10/site-packages/flwr/client/app.py", line 319, in _evaluate
    parameters: NDArrays = parameters_to_ndarrays(ins.parameters)
AttributeError: 'dict' object has no attribute 'parameters'
[2026-01-06 01:01:24,651][flwr][ERROR] - [36mray::launch_and_evaluate()[39m (pid=77245, ip=127.0.0.1)
  File "/Users/dinukaperera/opt/anaconda3/envs/flower_tutorial/lib/python3.10/site-packages/flwr/simulation/ray_transport/ray_client_proxy.py", line 160, in launch_and_evaluate
    return maybe_call_evaluate(
  File "/Users/dinukaperera/opt/anaconda3/envs/flower_tutorial/lib/python3.10/site-packages/flwr/client/client.py", line 205, in maybe_call_evaluate
    return client.evaluate(evaluate_ins)
  File "/Users/dinukaperera/opt/anaconda3/envs/flower_tutorial/lib/python3.10/site-packages/flwr/client/app.py", line 319, in _evaluate
    parameters: NDArrays = parameters_to_ndarrays(ins.parameters)
AttributeError: 'dict' object has no attribute 'parameters'
[2026-01-06 01:01:24,655][flwr][ERROR] - [36mray::launch_and_evaluate()[39m (pid=77243, ip=127.0.0.1)
  File "/Users/dinukaperera/opt/anaconda3/envs/flower_tutorial/lib/python3.10/site-packages/flwr/simulation/ray_transport/ray_client_proxy.py", line 160, in launch_and_evaluate
    return maybe_call_evaluate(
  File "/Users/dinukaperera/opt/anaconda3/envs/flower_tutorial/lib/python3.10/site-packages/flwr/client/client.py", line 205, in maybe_call_evaluate
    return client.evaluate(evaluate_ins)
  File "/Users/dinukaperera/opt/anaconda3/envs/flower_tutorial/lib/python3.10/site-packages/flwr/client/app.py", line 319, in _evaluate
    parameters: NDArrays = parameters_to_ndarrays(ins.parameters)
AttributeError: 'dict' object has no attribute 'parameters'
[2026-01-06 01:01:24,662][flwr][ERROR] - [36mray::launch_and_evaluate()[39m (pid=77243, ip=127.0.0.1)
  File "/Users/dinukaperera/opt/anaconda3/envs/flower_tutorial/lib/python3.10/site-packages/flwr/simulation/ray_transport/ray_client_proxy.py", line 160, in launch_and_evaluate
    return maybe_call_evaluate(
  File "/Users/dinukaperera/opt/anaconda3/envs/flower_tutorial/lib/python3.10/site-packages/flwr/client/client.py", line 205, in maybe_call_evaluate
    return client.evaluate(evaluate_ins)
  File "/Users/dinukaperera/opt/anaconda3/envs/flower_tutorial/lib/python3.10/site-packages/flwr/client/app.py", line 319, in _evaluate
    parameters: NDArrays = parameters_to_ndarrays(ins.parameters)
AttributeError: 'dict' object has no attribute 'parameters'
[2026-01-06 01:01:24,674][flwr][ERROR] - [36mray::launch_and_evaluate()[39m (pid=77245, ip=127.0.0.1)
  File "/Users/dinukaperera/opt/anaconda3/envs/flower_tutorial/lib/python3.10/site-packages/flwr/simulation/ray_transport/ray_client_proxy.py", line 160, in launch_and_evaluate
    return maybe_call_evaluate(
  File "/Users/dinukaperera/opt/anaconda3/envs/flower_tutorial/lib/python3.10/site-packages/flwr/client/client.py", line 205, in maybe_call_evaluate
    return client.evaluate(evaluate_ins)
  File "/Users/dinukaperera/opt/anaconda3/envs/flower_tutorial/lib/python3.10/site-packages/flwr/client/app.py", line 319, in _evaluate
    parameters: NDArrays = parameters_to_ndarrays(ins.parameters)
AttributeError: 'dict' object has no attribute 'parameters'
[2026-01-06 01:01:24,674][flwr][ERROR] - [36mray::launch_and_evaluate()[39m (pid=77247, ip=127.0.0.1)
  File "/Users/dinukaperera/opt/anaconda3/envs/flower_tutorial/lib/python3.10/site-packages/flwr/simulation/ray_transport/ray_client_proxy.py", line 160, in launch_and_evaluate
    return maybe_call_evaluate(
  File "/Users/dinukaperera/opt/anaconda3/envs/flower_tutorial/lib/python3.10/site-packages/flwr/client/client.py", line 205, in maybe_call_evaluate
    return client.evaluate(evaluate_ins)
  File "/Users/dinukaperera/opt/anaconda3/envs/flower_tutorial/lib/python3.10/site-packages/flwr/client/app.py", line 319, in _evaluate
    parameters: NDArrays = parameters_to_ndarrays(ins.parameters)
AttributeError: 'dict' object has no attribute 'parameters'
[2026-01-06 01:01:24,675][flwr][ERROR] - [36mray::launch_and_evaluate()[39m (pid=77245, ip=127.0.0.1)
  File "/Users/dinukaperera/opt/anaconda3/envs/flower_tutorial/lib/python3.10/site-packages/flwr/simulation/ray_transport/ray_client_proxy.py", line 160, in launch_and_evaluate
    return maybe_call_evaluate(
  File "/Users/dinukaperera/opt/anaconda3/envs/flower_tutorial/lib/python3.10/site-packages/flwr/client/client.py", line 205, in maybe_call_evaluate
    return client.evaluate(evaluate_ins)
  File "/Users/dinukaperera/opt/anaconda3/envs/flower_tutorial/lib/python3.10/site-packages/flwr/client/app.py", line 319, in _evaluate
    parameters: NDArrays = parameters_to_ndarrays(ins.parameters)
AttributeError: 'dict' object has no attribute 'parameters'
[2026-01-06 01:01:24,675][flwr][ERROR] - [36mray::launch_and_evaluate()[39m (pid=77243, ip=127.0.0.1)
  File "/Users/dinukaperera/opt/anaconda3/envs/flower_tutorial/lib/python3.10/site-packages/flwr/simulation/ray_transport/ray_client_proxy.py", line 160, in launch_and_evaluate
    return maybe_call_evaluate(
  File "/Users/dinukaperera/opt/anaconda3/envs/flower_tutorial/lib/python3.10/site-packages/flwr/client/client.py", line 205, in maybe_call_evaluate
    return client.evaluate(evaluate_ins)
  File "/Users/dinukaperera/opt/anaconda3/envs/flower_tutorial/lib/python3.10/site-packages/flwr/client/app.py", line 319, in _evaluate
    parameters: NDArrays = parameters_to_ndarrays(ins.parameters)
AttributeError: 'dict' object has no attribute 'parameters'
[2026-01-06 01:01:24,684][flwr][ERROR] - [36mray::launch_and_evaluate()[39m (pid=77247, ip=127.0.0.1)
  File "/Users/dinukaperera/opt/anaconda3/envs/flower_tutorial/lib/python3.10/site-packages/flwr/simulation/ray_transport/ray_client_proxy.py", line 160, in launch_and_evaluate
    return maybe_call_evaluate(
  File "/Users/dinukaperera/opt/anaconda3/envs/flower_tutorial/lib/python3.10/site-packages/flwr/client/client.py", line 205, in maybe_call_evaluate
    return client.evaluate(evaluate_ins)
  File "/Users/dinukaperera/opt/anaconda3/envs/flower_tutorial/lib/python3.10/site-packages/flwr/client/app.py", line 319, in _evaluate
    parameters: NDArrays = parameters_to_ndarrays(ins.parameters)
AttributeError: 'dict' object has no attribute 'parameters'
[2026-01-06 01:01:24,690][flwr][ERROR] - [36mray::launch_and_evaluate()[39m (pid=77245, ip=127.0.0.1)
  File "/Users/dinukaperera/opt/anaconda3/envs/flower_tutorial/lib/python3.10/site-packages/flwr/simulation/ray_transport/ray_client_proxy.py", line 160, in launch_and_evaluate
    return maybe_call_evaluate(
  File "/Users/dinukaperera/opt/anaconda3/envs/flower_tutorial/lib/python3.10/site-packages/flwr/client/client.py", line 205, in maybe_call_evaluate
    return client.evaluate(evaluate_ins)
  File "/Users/dinukaperera/opt/anaconda3/envs/flower_tutorial/lib/python3.10/site-packages/flwr/client/app.py", line 319, in _evaluate
    parameters: NDArrays = parameters_to_ndarrays(ins.parameters)
AttributeError: 'dict' object has no attribute 'parameters'
[2026-01-06 01:01:24,690][flwr][ERROR] - [36mray::launch_and_evaluate()[39m (pid=77243, ip=127.0.0.1)
  File "/Users/dinukaperera/opt/anaconda3/envs/flower_tutorial/lib/python3.10/site-packages/flwr/simulation/ray_transport/ray_client_proxy.py", line 160, in launch_and_evaluate
    return maybe_call_evaluate(
  File "/Users/dinukaperera/opt/anaconda3/envs/flower_tutorial/lib/python3.10/site-packages/flwr/client/client.py", line 205, in maybe_call_evaluate
    return client.evaluate(evaluate_ins)
  File "/Users/dinukaperera/opt/anaconda3/envs/flower_tutorial/lib/python3.10/site-packages/flwr/client/app.py", line 319, in _evaluate
    parameters: NDArrays = parameters_to_ndarrays(ins.parameters)
AttributeError: 'dict' object has no attribute 'parameters'
[2026-01-06 01:01:24,699][flwr][ERROR] - [36mray::launch_and_evaluate()[39m (pid=77247, ip=127.0.0.1)
  File "/Users/dinukaperera/opt/anaconda3/envs/flower_tutorial/lib/python3.10/site-packages/flwr/simulation/ray_transport/ray_client_proxy.py", line 160, in launch_and_evaluate
    return maybe_call_evaluate(
  File "/Users/dinukaperera/opt/anaconda3/envs/flower_tutorial/lib/python3.10/site-packages/flwr/client/client.py", line 205, in maybe_call_evaluate
    return client.evaluate(evaluate_ins)
  File "/Users/dinukaperera/opt/anaconda3/envs/flower_tutorial/lib/python3.10/site-packages/flwr/client/app.py", line 319, in _evaluate
    parameters: NDArrays = parameters_to_ndarrays(ins.parameters)
AttributeError: 'dict' object has no attribute 'parameters'
[2026-01-06 01:01:24,699][flwr][ERROR] - [36mray::launch_and_evaluate()[39m (pid=77245, ip=127.0.0.1)
  File "/Users/dinukaperera/opt/anaconda3/envs/flower_tutorial/lib/python3.10/site-packages/flwr/simulation/ray_transport/ray_client_proxy.py", line 160, in launch_and_evaluate
    return maybe_call_evaluate(
  File "/Users/dinukaperera/opt/anaconda3/envs/flower_tutorial/lib/python3.10/site-packages/flwr/client/client.py", line 205, in maybe_call_evaluate
    return client.evaluate(evaluate_ins)
  File "/Users/dinukaperera/opt/anaconda3/envs/flower_tutorial/lib/python3.10/site-packages/flwr/client/app.py", line 319, in _evaluate
    parameters: NDArrays = parameters_to_ndarrays(ins.parameters)
AttributeError: 'dict' object has no attribute 'parameters'
[2026-01-06 01:01:24,704][flwr][ERROR] - [36mray::launch_and_evaluate()[39m (pid=77243, ip=127.0.0.1)
  File "/Users/dinukaperera/opt/anaconda3/envs/flower_tutorial/lib/python3.10/site-packages/flwr/simulation/ray_transport/ray_client_proxy.py", line 160, in launch_and_evaluate
    return maybe_call_evaluate(
  File "/Users/dinukaperera/opt/anaconda3/envs/flower_tutorial/lib/python3.10/site-packages/flwr/client/client.py", line 205, in maybe_call_evaluate
    return client.evaluate(evaluate_ins)
  File "/Users/dinukaperera/opt/anaconda3/envs/flower_tutorial/lib/python3.10/site-packages/flwr/client/app.py", line 319, in _evaluate
    parameters: NDArrays = parameters_to_ndarrays(ins.parameters)
AttributeError: 'dict' object has no attribute 'parameters'
[2026-01-06 01:01:24,706][flwr][ERROR] - [36mray::launch_and_evaluate()[39m (pid=77247, ip=127.0.0.1)
  File "/Users/dinukaperera/opt/anaconda3/envs/flower_tutorial/lib/python3.10/site-packages/flwr/simulation/ray_transport/ray_client_proxy.py", line 160, in launch_and_evaluate
    return maybe_call_evaluate(
  File "/Users/dinukaperera/opt/anaconda3/envs/flower_tutorial/lib/python3.10/site-packages/flwr/client/client.py", line 205, in maybe_call_evaluate
    return client.evaluate(evaluate_ins)
  File "/Users/dinukaperera/opt/anaconda3/envs/flower_tutorial/lib/python3.10/site-packages/flwr/client/app.py", line 319, in _evaluate
    parameters: NDArrays = parameters_to_ndarrays(ins.parameters)
AttributeError: 'dict' object has no attribute 'parameters'
[2026-01-06 01:01:24,710][flwr][ERROR] - [36mray::launch_and_evaluate()[39m (pid=77245, ip=127.0.0.1)
  File "/Users/dinukaperera/opt/anaconda3/envs/flower_tutorial/lib/python3.10/site-packages/flwr/simulation/ray_transport/ray_client_proxy.py", line 160, in launch_and_evaluate
    return maybe_call_evaluate(
  File "/Users/dinukaperera/opt/anaconda3/envs/flower_tutorial/lib/python3.10/site-packages/flwr/client/client.py", line 205, in maybe_call_evaluate
    return client.evaluate(evaluate_ins)
  File "/Users/dinukaperera/opt/anaconda3/envs/flower_tutorial/lib/python3.10/site-packages/flwr/client/app.py", line 319, in _evaluate
    parameters: NDArrays = parameters_to_ndarrays(ins.parameters)
AttributeError: 'dict' object has no attribute 'parameters'
[2026-01-06 01:01:24,711][flwr][ERROR] - [36mray::launch_and_evaluate()[39m (pid=77247, ip=127.0.0.1)
  File "/Users/dinukaperera/opt/anaconda3/envs/flower_tutorial/lib/python3.10/site-packages/flwr/simulation/ray_transport/ray_client_proxy.py", line 160, in launch_and_evaluate
    return maybe_call_evaluate(
  File "/Users/dinukaperera/opt/anaconda3/envs/flower_tutorial/lib/python3.10/site-packages/flwr/client/client.py", line 205, in maybe_call_evaluate
    return client.evaluate(evaluate_ins)
  File "/Users/dinukaperera/opt/anaconda3/envs/flower_tutorial/lib/python3.10/site-packages/flwr/client/app.py", line 319, in _evaluate
    parameters: NDArrays = parameters_to_ndarrays(ins.parameters)
AttributeError: 'dict' object has no attribute 'parameters'
[2026-01-06 01:01:24,715][flwr][ERROR] - [36mray::launch_and_evaluate()[39m (pid=77243, ip=127.0.0.1)
  File "/Users/dinukaperera/opt/anaconda3/envs/flower_tutorial/lib/python3.10/site-packages/flwr/simulation/ray_transport/ray_client_proxy.py", line 160, in launch_and_evaluate
    return maybe_call_evaluate(
  File "/Users/dinukaperera/opt/anaconda3/envs/flower_tutorial/lib/python3.10/site-packages/flwr/client/client.py", line 205, in maybe_call_evaluate
    return client.evaluate(evaluate_ins)
  File "/Users/dinukaperera/opt/anaconda3/envs/flower_tutorial/lib/python3.10/site-packages/flwr/client/app.py", line 319, in _evaluate
    parameters: NDArrays = parameters_to_ndarrays(ins.parameters)
AttributeError: 'dict' object has no attribute 'parameters'
[2026-01-06 01:01:24,717][flwr][ERROR] - [36mray::launch_and_evaluate()[39m (pid=77245, ip=127.0.0.1)
  File "/Users/dinukaperera/opt/anaconda3/envs/flower_tutorial/lib/python3.10/site-packages/flwr/simulation/ray_transport/ray_client_proxy.py", line 160, in launch_and_evaluate
    return maybe_call_evaluate(
  File "/Users/dinukaperera/opt/anaconda3/envs/flower_tutorial/lib/python3.10/site-packages/flwr/client/client.py", line 205, in maybe_call_evaluate
    return client.evaluate(evaluate_ins)
  File "/Users/dinukaperera/opt/anaconda3/envs/flower_tutorial/lib/python3.10/site-packages/flwr/client/app.py", line 319, in _evaluate
    parameters: NDArrays = parameters_to_ndarrays(ins.parameters)
AttributeError: 'dict' object has no attribute 'parameters'
[2026-01-06 01:01:24,723][flwr][ERROR] - [36mray::launch_and_evaluate()[39m (pid=77243, ip=127.0.0.1)
  File "/Users/dinukaperera/opt/anaconda3/envs/flower_tutorial/lib/python3.10/site-packages/flwr/simulation/ray_transport/ray_client_proxy.py", line 160, in launch_and_evaluate
    return maybe_call_evaluate(
  File "/Users/dinukaperera/opt/anaconda3/envs/flower_tutorial/lib/python3.10/site-packages/flwr/client/client.py", line 205, in maybe_call_evaluate
    return client.evaluate(evaluate_ins)
  File "/Users/dinukaperera/opt/anaconda3/envs/flower_tutorial/lib/python3.10/site-packages/flwr/client/app.py", line 319, in _evaluate
    parameters: NDArrays = parameters_to_ndarrays(ins.parameters)
AttributeError: 'dict' object has no attribute 'parameters'
[2026-01-06 01:01:24,724][flwr][ERROR] - [36mray::launch_and_evaluate()[39m (pid=77247, ip=127.0.0.1)
  File "/Users/dinukaperera/opt/anaconda3/envs/flower_tutorial/lib/python3.10/site-packages/flwr/simulation/ray_transport/ray_client_proxy.py", line 160, in launch_and_evaluate
    return maybe_call_evaluate(
  File "/Users/dinukaperera/opt/anaconda3/envs/flower_tutorial/lib/python3.10/site-packages/flwr/client/client.py", line 205, in maybe_call_evaluate
    return client.evaluate(evaluate_ins)
  File "/Users/dinukaperera/opt/anaconda3/envs/flower_tutorial/lib/python3.10/site-packages/flwr/client/app.py", line 319, in _evaluate
    parameters: NDArrays = parameters_to_ndarrays(ins.parameters)
AttributeError: 'dict' object has no attribute 'parameters'
[2026-01-06 01:01:24,725][flwr][DEBUG] - evaluate_round 9 received 0 results and 25 failures
[2026-01-06 01:01:24,727][flwr][DEBUG] - fit_round 10: strategy sampled 10 clients (out of 100)
[2026-01-06 01:01:24,749][flwr][ERROR] - [36mray::launch_and_fit()[39m (pid=77247, ip=127.0.0.1)
  File "/Users/dinukaperera/opt/anaconda3/envs/flower_tutorial/lib/python3.10/site-packages/flwr/simulation/ray_transport/ray_client_proxy.py", line 148, in launch_and_fit
    return maybe_call_fit(
  File "/Users/dinukaperera/opt/anaconda3/envs/flower_tutorial/lib/python3.10/site-packages/flwr/client/client.py", line 184, in maybe_call_fit
    return client.fit(fit_ins)
  File "/Users/dinukaperera/opt/anaconda3/envs/flower_tutorial/lib/python3.10/site-packages/flwr/client/app.py", line 294, in _fit
    parameters: NDArrays = parameters_to_ndarrays(ins.parameters)
AttributeError: 'dict' object has no attribute 'parameters'
[2026-01-06 01:01:24,753][flwr][ERROR] - [36mray::launch_and_fit()[39m (pid=77243, ip=127.0.0.1)
  File "/Users/dinukaperera/opt/anaconda3/envs/flower_tutorial/lib/python3.10/site-packages/flwr/simulation/ray_transport/ray_client_proxy.py", line 148, in launch_and_fit
    return maybe_call_fit(
  File "/Users/dinukaperera/opt/anaconda3/envs/flower_tutorial/lib/python3.10/site-packages/flwr/client/client.py", line 184, in maybe_call_fit
    return client.fit(fit_ins)
  File "/Users/dinukaperera/opt/anaconda3/envs/flower_tutorial/lib/python3.10/site-packages/flwr/client/app.py", line 294, in _fit
    parameters: NDArrays = parameters_to_ndarrays(ins.parameters)
AttributeError: 'dict' object has no attribute 'parameters'
[2026-01-06 01:01:24,757][flwr][ERROR] - [36mray::launch_and_fit()[39m (pid=77247, ip=127.0.0.1)
  File "/Users/dinukaperera/opt/anaconda3/envs/flower_tutorial/lib/python3.10/site-packages/flwr/simulation/ray_transport/ray_client_proxy.py", line 148, in launch_and_fit
    return maybe_call_fit(
  File "/Users/dinukaperera/opt/anaconda3/envs/flower_tutorial/lib/python3.10/site-packages/flwr/client/client.py", line 184, in maybe_call_fit
    return client.fit(fit_ins)
  File "/Users/dinukaperera/opt/anaconda3/envs/flower_tutorial/lib/python3.10/site-packages/flwr/client/app.py", line 294, in _fit
    parameters: NDArrays = parameters_to_ndarrays(ins.parameters)
AttributeError: 'dict' object has no attribute 'parameters'
[2026-01-06 01:01:24,772][flwr][ERROR] - [36mray::launch_and_fit()[39m (pid=77243, ip=127.0.0.1)
  File "/Users/dinukaperera/opt/anaconda3/envs/flower_tutorial/lib/python3.10/site-packages/flwr/simulation/ray_transport/ray_client_proxy.py", line 148, in launch_and_fit
    return maybe_call_fit(
  File "/Users/dinukaperera/opt/anaconda3/envs/flower_tutorial/lib/python3.10/site-packages/flwr/client/client.py", line 184, in maybe_call_fit
    return client.fit(fit_ins)
  File "/Users/dinukaperera/opt/anaconda3/envs/flower_tutorial/lib/python3.10/site-packages/flwr/client/app.py", line 294, in _fit
    parameters: NDArrays = parameters_to_ndarrays(ins.parameters)
AttributeError: 'dict' object has no attribute 'parameters'
[2026-01-06 01:01:24,773][flwr][ERROR] - [36mray::launch_and_fit()[39m (pid=77247, ip=127.0.0.1)
  File "/Users/dinukaperera/opt/anaconda3/envs/flower_tutorial/lib/python3.10/site-packages/flwr/simulation/ray_transport/ray_client_proxy.py", line 148, in launch_and_fit
    return maybe_call_fit(
  File "/Users/dinukaperera/opt/anaconda3/envs/flower_tutorial/lib/python3.10/site-packages/flwr/client/client.py", line 184, in maybe_call_fit
    return client.fit(fit_ins)
  File "/Users/dinukaperera/opt/anaconda3/envs/flower_tutorial/lib/python3.10/site-packages/flwr/client/app.py", line 294, in _fit
    parameters: NDArrays = parameters_to_ndarrays(ins.parameters)
AttributeError: 'dict' object has no attribute 'parameters'
[2026-01-06 01:01:24,774][flwr][ERROR] - [36mray::launch_and_fit()[39m (pid=77249, ip=127.0.0.1)
  File "/Users/dinukaperera/opt/anaconda3/envs/flower_tutorial/lib/python3.10/site-packages/flwr/simulation/ray_transport/ray_client_proxy.py", line 148, in launch_and_fit
    return maybe_call_fit(
  File "/Users/dinukaperera/opt/anaconda3/envs/flower_tutorial/lib/python3.10/site-packages/flwr/client/client.py", line 184, in maybe_call_fit
    return client.fit(fit_ins)
  File "/Users/dinukaperera/opt/anaconda3/envs/flower_tutorial/lib/python3.10/site-packages/flwr/client/app.py", line 294, in _fit
    parameters: NDArrays = parameters_to_ndarrays(ins.parameters)
AttributeError: 'dict' object has no attribute 'parameters'
[2026-01-06 01:01:24,774][flwr][ERROR] - [36mray::launch_and_fit()[39m (pid=77252, ip=127.0.0.1)
  File "/Users/dinukaperera/opt/anaconda3/envs/flower_tutorial/lib/python3.10/site-packages/flwr/simulation/ray_transport/ray_client_proxy.py", line 148, in launch_and_fit
    return maybe_call_fit(
  File "/Users/dinukaperera/opt/anaconda3/envs/flower_tutorial/lib/python3.10/site-packages/flwr/client/client.py", line 184, in maybe_call_fit
    return client.fit(fit_ins)
  File "/Users/dinukaperera/opt/anaconda3/envs/flower_tutorial/lib/python3.10/site-packages/flwr/client/app.py", line 294, in _fit
    parameters: NDArrays = parameters_to_ndarrays(ins.parameters)
AttributeError: 'dict' object has no attribute 'parameters'
[2026-01-06 01:01:24,775][flwr][ERROR] - [36mray::launch_and_fit()[39m (pid=77245, ip=127.0.0.1)
  File "/Users/dinukaperera/opt/anaconda3/envs/flower_tutorial/lib/python3.10/site-packages/flwr/simulation/ray_transport/ray_client_proxy.py", line 148, in launch_and_fit
    return maybe_call_fit(
  File "/Users/dinukaperera/opt/anaconda3/envs/flower_tutorial/lib/python3.10/site-packages/flwr/client/client.py", line 184, in maybe_call_fit
    return client.fit(fit_ins)
  File "/Users/dinukaperera/opt/anaconda3/envs/flower_tutorial/lib/python3.10/site-packages/flwr/client/app.py", line 294, in _fit
    parameters: NDArrays = parameters_to_ndarrays(ins.parameters)
AttributeError: 'dict' object has no attribute 'parameters'
[2026-01-06 01:01:24,776][flwr][ERROR] - [36mray::launch_and_fit()[39m (pid=77250, ip=127.0.0.1)
  File "/Users/dinukaperera/opt/anaconda3/envs/flower_tutorial/lib/python3.10/site-packages/flwr/simulation/ray_transport/ray_client_proxy.py", line 148, in launch_and_fit
    return maybe_call_fit(
  File "/Users/dinukaperera/opt/anaconda3/envs/flower_tutorial/lib/python3.10/site-packages/flwr/client/client.py", line 184, in maybe_call_fit
    return client.fit(fit_ins)
  File "/Users/dinukaperera/opt/anaconda3/envs/flower_tutorial/lib/python3.10/site-packages/flwr/client/app.py", line 294, in _fit
    parameters: NDArrays = parameters_to_ndarrays(ins.parameters)
AttributeError: 'dict' object has no attribute 'parameters'
[2026-01-06 01:01:24,776][flwr][ERROR] - [36mray::launch_and_fit()[39m (pid=77244, ip=127.0.0.1)
  File "/Users/dinukaperera/opt/anaconda3/envs/flower_tutorial/lib/python3.10/site-packages/flwr/simulation/ray_transport/ray_client_proxy.py", line 148, in launch_and_fit
    return maybe_call_fit(
  File "/Users/dinukaperera/opt/anaconda3/envs/flower_tutorial/lib/python3.10/site-packages/flwr/client/client.py", line 184, in maybe_call_fit
    return client.fit(fit_ins)
  File "/Users/dinukaperera/opt/anaconda3/envs/flower_tutorial/lib/python3.10/site-packages/flwr/client/app.py", line 294, in _fit
    parameters: NDArrays = parameters_to_ndarrays(ins.parameters)
AttributeError: 'dict' object has no attribute 'parameters'
[2026-01-06 01:01:24,777][flwr][DEBUG] - fit_round 10 received 0 results and 10 failures
[2026-01-06 01:01:24,799][flwr][INFO] - fit progress: (10, 68.0167875289917, {'accuracy': 0.5075}, 8.533033124986105)
[2026-01-06 01:01:24,799][flwr][DEBUG] - evaluate_round 10: strategy sampled 25 clients (out of 100)
[2026-01-06 01:01:24,820][flwr][ERROR] - [36mray::launch_and_evaluate()[39m (pid=77244, ip=127.0.0.1)
  File "/Users/dinukaperera/opt/anaconda3/envs/flower_tutorial/lib/python3.10/site-packages/flwr/simulation/ray_transport/ray_client_proxy.py", line 160, in launch_and_evaluate
    return maybe_call_evaluate(
  File "/Users/dinukaperera/opt/anaconda3/envs/flower_tutorial/lib/python3.10/site-packages/flwr/client/client.py", line 205, in maybe_call_evaluate
    return client.evaluate(evaluate_ins)
  File "/Users/dinukaperera/opt/anaconda3/envs/flower_tutorial/lib/python3.10/site-packages/flwr/client/app.py", line 319, in _evaluate
    parameters: NDArrays = parameters_to_ndarrays(ins.parameters)
AttributeError: 'dict' object has no attribute 'parameters'
[2026-01-06 01:01:24,824][flwr][ERROR] - [36mray::launch_and_evaluate()[39m (pid=77250, ip=127.0.0.1)
  File "/Users/dinukaperera/opt/anaconda3/envs/flower_tutorial/lib/python3.10/site-packages/flwr/simulation/ray_transport/ray_client_proxy.py", line 160, in launch_and_evaluate
    return maybe_call_evaluate(
  File "/Users/dinukaperera/opt/anaconda3/envs/flower_tutorial/lib/python3.10/site-packages/flwr/client/client.py", line 205, in maybe_call_evaluate
    return client.evaluate(evaluate_ins)
  File "/Users/dinukaperera/opt/anaconda3/envs/flower_tutorial/lib/python3.10/site-packages/flwr/client/app.py", line 319, in _evaluate
    parameters: NDArrays = parameters_to_ndarrays(ins.parameters)
AttributeError: 'dict' object has no attribute 'parameters'
[2026-01-06 01:01:24,831][flwr][ERROR] - [36mray::launch_and_evaluate()[39m (pid=77252, ip=127.0.0.1)
  File "/Users/dinukaperera/opt/anaconda3/envs/flower_tutorial/lib/python3.10/site-packages/flwr/simulation/ray_transport/ray_client_proxy.py", line 160, in launch_and_evaluate
    return maybe_call_evaluate(
  File "/Users/dinukaperera/opt/anaconda3/envs/flower_tutorial/lib/python3.10/site-packages/flwr/client/client.py", line 205, in maybe_call_evaluate
    return client.evaluate(evaluate_ins)
  File "/Users/dinukaperera/opt/anaconda3/envs/flower_tutorial/lib/python3.10/site-packages/flwr/client/app.py", line 319, in _evaluate
    parameters: NDArrays = parameters_to_ndarrays(ins.parameters)
AttributeError: 'dict' object has no attribute 'parameters'
[2026-01-06 01:01:24,832][flwr][ERROR] - [36mray::launch_and_evaluate()[39m (pid=77245, ip=127.0.0.1)
  File "/Users/dinukaperera/opt/anaconda3/envs/flower_tutorial/lib/python3.10/site-packages/flwr/simulation/ray_transport/ray_client_proxy.py", line 160, in launch_and_evaluate
    return maybe_call_evaluate(
  File "/Users/dinukaperera/opt/anaconda3/envs/flower_tutorial/lib/python3.10/site-packages/flwr/client/client.py", line 205, in maybe_call_evaluate
    return client.evaluate(evaluate_ins)
  File "/Users/dinukaperera/opt/anaconda3/envs/flower_tutorial/lib/python3.10/site-packages/flwr/client/app.py", line 319, in _evaluate
    parameters: NDArrays = parameters_to_ndarrays(ins.parameters)
AttributeError: 'dict' object has no attribute 'parameters'
[2026-01-06 01:01:24,832][flwr][ERROR] - [36mray::launch_and_evaluate()[39m (pid=77244, ip=127.0.0.1)
  File "/Users/dinukaperera/opt/anaconda3/envs/flower_tutorial/lib/python3.10/site-packages/flwr/simulation/ray_transport/ray_client_proxy.py", line 160, in launch_and_evaluate
    return maybe_call_evaluate(
  File "/Users/dinukaperera/opt/anaconda3/envs/flower_tutorial/lib/python3.10/site-packages/flwr/client/client.py", line 205, in maybe_call_evaluate
    return client.evaluate(evaluate_ins)
  File "/Users/dinukaperera/opt/anaconda3/envs/flower_tutorial/lib/python3.10/site-packages/flwr/client/app.py", line 319, in _evaluate
    parameters: NDArrays = parameters_to_ndarrays(ins.parameters)
AttributeError: 'dict' object has no attribute 'parameters'
[2026-01-06 01:01:24,838][flwr][ERROR] - [36mray::launch_and_evaluate()[39m (pid=77244, ip=127.0.0.1)
  File "/Users/dinukaperera/opt/anaconda3/envs/flower_tutorial/lib/python3.10/site-packages/flwr/simulation/ray_transport/ray_client_proxy.py", line 160, in launch_and_evaluate
    return maybe_call_evaluate(
  File "/Users/dinukaperera/opt/anaconda3/envs/flower_tutorial/lib/python3.10/site-packages/flwr/client/client.py", line 205, in maybe_call_evaluate
    return client.evaluate(evaluate_ins)
  File "/Users/dinukaperera/opt/anaconda3/envs/flower_tutorial/lib/python3.10/site-packages/flwr/client/app.py", line 319, in _evaluate
    parameters: NDArrays = parameters_to_ndarrays(ins.parameters)
AttributeError: 'dict' object has no attribute 'parameters'
[2026-01-06 01:01:24,846][flwr][ERROR] - [36mray::launch_and_evaluate()[39m (pid=77252, ip=127.0.0.1)
  File "/Users/dinukaperera/opt/anaconda3/envs/flower_tutorial/lib/python3.10/site-packages/flwr/simulation/ray_transport/ray_client_proxy.py", line 160, in launch_and_evaluate
    return maybe_call_evaluate(
  File "/Users/dinukaperera/opt/anaconda3/envs/flower_tutorial/lib/python3.10/site-packages/flwr/client/client.py", line 205, in maybe_call_evaluate
    return client.evaluate(evaluate_ins)
  File "/Users/dinukaperera/opt/anaconda3/envs/flower_tutorial/lib/python3.10/site-packages/flwr/client/app.py", line 319, in _evaluate
    parameters: NDArrays = parameters_to_ndarrays(ins.parameters)
AttributeError: 'dict' object has no attribute 'parameters'
[2026-01-06 01:01:24,853][flwr][ERROR] - [36mray::launch_and_evaluate()[39m (pid=77252, ip=127.0.0.1)
  File "/Users/dinukaperera/opt/anaconda3/envs/flower_tutorial/lib/python3.10/site-packages/flwr/simulation/ray_transport/ray_client_proxy.py", line 160, in launch_and_evaluate
    return maybe_call_evaluate(
  File "/Users/dinukaperera/opt/anaconda3/envs/flower_tutorial/lib/python3.10/site-packages/flwr/client/client.py", line 205, in maybe_call_evaluate
    return client.evaluate(evaluate_ins)
  File "/Users/dinukaperera/opt/anaconda3/envs/flower_tutorial/lib/python3.10/site-packages/flwr/client/app.py", line 319, in _evaluate
    parameters: NDArrays = parameters_to_ndarrays(ins.parameters)
AttributeError: 'dict' object has no attribute 'parameters'
[2026-01-06 01:01:24,857][flwr][ERROR] - [36mray::launch_and_evaluate()[39m (pid=77244, ip=127.0.0.1)
  File "/Users/dinukaperera/opt/anaconda3/envs/flower_tutorial/lib/python3.10/site-packages/flwr/simulation/ray_transport/ray_client_proxy.py", line 160, in launch_and_evaluate
    return maybe_call_evaluate(
  File "/Users/dinukaperera/opt/anaconda3/envs/flower_tutorial/lib/python3.10/site-packages/flwr/client/client.py", line 205, in maybe_call_evaluate
    return client.evaluate(evaluate_ins)
  File "/Users/dinukaperera/opt/anaconda3/envs/flower_tutorial/lib/python3.10/site-packages/flwr/client/app.py", line 319, in _evaluate
    parameters: NDArrays = parameters_to_ndarrays(ins.parameters)
AttributeError: 'dict' object has no attribute 'parameters'
[2026-01-06 01:01:24,858][flwr][ERROR] - [36mray::launch_and_evaluate()[39m (pid=77252, ip=127.0.0.1)
  File "/Users/dinukaperera/opt/anaconda3/envs/flower_tutorial/lib/python3.10/site-packages/flwr/simulation/ray_transport/ray_client_proxy.py", line 160, in launch_and_evaluate
    return maybe_call_evaluate(
  File "/Users/dinukaperera/opt/anaconda3/envs/flower_tutorial/lib/python3.10/site-packages/flwr/client/client.py", line 205, in maybe_call_evaluate
    return client.evaluate(evaluate_ins)
  File "/Users/dinukaperera/opt/anaconda3/envs/flower_tutorial/lib/python3.10/site-packages/flwr/client/app.py", line 319, in _evaluate
    parameters: NDArrays = parameters_to_ndarrays(ins.parameters)
AttributeError: 'dict' object has no attribute 'parameters'
[2026-01-06 01:01:24,870][flwr][ERROR] - [36mray::launch_and_evaluate()[39m (pid=77252, ip=127.0.0.1)
  File "/Users/dinukaperera/opt/anaconda3/envs/flower_tutorial/lib/python3.10/site-packages/flwr/simulation/ray_transport/ray_client_proxy.py", line 160, in launch_and_evaluate
    return maybe_call_evaluate(
  File "/Users/dinukaperera/opt/anaconda3/envs/flower_tutorial/lib/python3.10/site-packages/flwr/client/client.py", line 205, in maybe_call_evaluate
    return client.evaluate(evaluate_ins)
  File "/Users/dinukaperera/opt/anaconda3/envs/flower_tutorial/lib/python3.10/site-packages/flwr/client/app.py", line 319, in _evaluate
    parameters: NDArrays = parameters_to_ndarrays(ins.parameters)
AttributeError: 'dict' object has no attribute 'parameters'
[2026-01-06 01:01:24,870][flwr][ERROR] - [36mray::launch_and_evaluate()[39m (pid=77245, ip=127.0.0.1)
  File "/Users/dinukaperera/opt/anaconda3/envs/flower_tutorial/lib/python3.10/site-packages/flwr/simulation/ray_transport/ray_client_proxy.py", line 160, in launch_and_evaluate
    return maybe_call_evaluate(
  File "/Users/dinukaperera/opt/anaconda3/envs/flower_tutorial/lib/python3.10/site-packages/flwr/client/client.py", line 205, in maybe_call_evaluate
    return client.evaluate(evaluate_ins)
  File "/Users/dinukaperera/opt/anaconda3/envs/flower_tutorial/lib/python3.10/site-packages/flwr/client/app.py", line 319, in _evaluate
    parameters: NDArrays = parameters_to_ndarrays(ins.parameters)
AttributeError: 'dict' object has no attribute 'parameters'
[2026-01-06 01:01:24,874][flwr][ERROR] - [36mray::launch_and_evaluate()[39m (pid=77244, ip=127.0.0.1)
  File "/Users/dinukaperera/opt/anaconda3/envs/flower_tutorial/lib/python3.10/site-packages/flwr/simulation/ray_transport/ray_client_proxy.py", line 160, in launch_and_evaluate
    return maybe_call_evaluate(
  File "/Users/dinukaperera/opt/anaconda3/envs/flower_tutorial/lib/python3.10/site-packages/flwr/client/client.py", line 205, in maybe_call_evaluate
    return client.evaluate(evaluate_ins)
  File "/Users/dinukaperera/opt/anaconda3/envs/flower_tutorial/lib/python3.10/site-packages/flwr/client/app.py", line 319, in _evaluate
    parameters: NDArrays = parameters_to_ndarrays(ins.parameters)
AttributeError: 'dict' object has no attribute 'parameters'
[2026-01-06 01:01:24,875][flwr][ERROR] - [36mray::launch_and_evaluate()[39m (pid=77250, ip=127.0.0.1)
  File "/Users/dinukaperera/opt/anaconda3/envs/flower_tutorial/lib/python3.10/site-packages/flwr/simulation/ray_transport/ray_client_proxy.py", line 160, in launch_and_evaluate
    return maybe_call_evaluate(
  File "/Users/dinukaperera/opt/anaconda3/envs/flower_tutorial/lib/python3.10/site-packages/flwr/client/client.py", line 205, in maybe_call_evaluate
    return client.evaluate(evaluate_ins)
  File "/Users/dinukaperera/opt/anaconda3/envs/flower_tutorial/lib/python3.10/site-packages/flwr/client/app.py", line 319, in _evaluate
    parameters: NDArrays = parameters_to_ndarrays(ins.parameters)
AttributeError: 'dict' object has no attribute 'parameters'
[2026-01-06 01:01:24,883][flwr][ERROR] - [36mray::launch_and_evaluate()[39m (pid=77245, ip=127.0.0.1)
  File "/Users/dinukaperera/opt/anaconda3/envs/flower_tutorial/lib/python3.10/site-packages/flwr/simulation/ray_transport/ray_client_proxy.py", line 160, in launch_and_evaluate
    return maybe_call_evaluate(
  File "/Users/dinukaperera/opt/anaconda3/envs/flower_tutorial/lib/python3.10/site-packages/flwr/client/client.py", line 205, in maybe_call_evaluate
    return client.evaluate(evaluate_ins)
  File "/Users/dinukaperera/opt/anaconda3/envs/flower_tutorial/lib/python3.10/site-packages/flwr/client/app.py", line 319, in _evaluate
    parameters: NDArrays = parameters_to_ndarrays(ins.parameters)
AttributeError: 'dict' object has no attribute 'parameters'
[2026-01-06 01:01:24,884][flwr][ERROR] - [36mray::launch_and_evaluate()[39m (pid=77250, ip=127.0.0.1)
  File "/Users/dinukaperera/opt/anaconda3/envs/flower_tutorial/lib/python3.10/site-packages/flwr/simulation/ray_transport/ray_client_proxy.py", line 160, in launch_and_evaluate
    return maybe_call_evaluate(
  File "/Users/dinukaperera/opt/anaconda3/envs/flower_tutorial/lib/python3.10/site-packages/flwr/client/client.py", line 205, in maybe_call_evaluate
    return client.evaluate(evaluate_ins)
  File "/Users/dinukaperera/opt/anaconda3/envs/flower_tutorial/lib/python3.10/site-packages/flwr/client/app.py", line 319, in _evaluate
    parameters: NDArrays = parameters_to_ndarrays(ins.parameters)
AttributeError: 'dict' object has no attribute 'parameters'
[2026-01-06 01:01:24,888][flwr][ERROR] - [36mray::launch_and_evaluate()[39m (pid=77244, ip=127.0.0.1)
  File "/Users/dinukaperera/opt/anaconda3/envs/flower_tutorial/lib/python3.10/site-packages/flwr/simulation/ray_transport/ray_client_proxy.py", line 160, in launch_and_evaluate
    return maybe_call_evaluate(
  File "/Users/dinukaperera/opt/anaconda3/envs/flower_tutorial/lib/python3.10/site-packages/flwr/client/client.py", line 205, in maybe_call_evaluate
    return client.evaluate(evaluate_ins)
  File "/Users/dinukaperera/opt/anaconda3/envs/flower_tutorial/lib/python3.10/site-packages/flwr/client/app.py", line 319, in _evaluate
    parameters: NDArrays = parameters_to_ndarrays(ins.parameters)
AttributeError: 'dict' object has no attribute 'parameters'
[2026-01-06 01:01:24,896][flwr][ERROR] - [36mray::launch_and_evaluate()[39m (pid=77244, ip=127.0.0.1)
  File "/Users/dinukaperera/opt/anaconda3/envs/flower_tutorial/lib/python3.10/site-packages/flwr/simulation/ray_transport/ray_client_proxy.py", line 160, in launch_and_evaluate
    return maybe_call_evaluate(
  File "/Users/dinukaperera/opt/anaconda3/envs/flower_tutorial/lib/python3.10/site-packages/flwr/client/client.py", line 205, in maybe_call_evaluate
    return client.evaluate(evaluate_ins)
  File "/Users/dinukaperera/opt/anaconda3/envs/flower_tutorial/lib/python3.10/site-packages/flwr/client/app.py", line 319, in _evaluate
    parameters: NDArrays = parameters_to_ndarrays(ins.parameters)
AttributeError: 'dict' object has no attribute 'parameters'
[2026-01-06 01:01:24,897][flwr][ERROR] - [36mray::launch_and_evaluate()[39m (pid=77245, ip=127.0.0.1)
  File "/Users/dinukaperera/opt/anaconda3/envs/flower_tutorial/lib/python3.10/site-packages/flwr/simulation/ray_transport/ray_client_proxy.py", line 160, in launch_and_evaluate
    return maybe_call_evaluate(
  File "/Users/dinukaperera/opt/anaconda3/envs/flower_tutorial/lib/python3.10/site-packages/flwr/client/client.py", line 205, in maybe_call_evaluate
    return client.evaluate(evaluate_ins)
  File "/Users/dinukaperera/opt/anaconda3/envs/flower_tutorial/lib/python3.10/site-packages/flwr/client/app.py", line 319, in _evaluate
    parameters: NDArrays = parameters_to_ndarrays(ins.parameters)
AttributeError: 'dict' object has no attribute 'parameters'
[2026-01-06 01:01:24,897][flwr][ERROR] - [36mray::launch_and_evaluate()[39m (pid=77250, ip=127.0.0.1)
  File "/Users/dinukaperera/opt/anaconda3/envs/flower_tutorial/lib/python3.10/site-packages/flwr/simulation/ray_transport/ray_client_proxy.py", line 160, in launch_and_evaluate
    return maybe_call_evaluate(
  File "/Users/dinukaperera/opt/anaconda3/envs/flower_tutorial/lib/python3.10/site-packages/flwr/client/client.py", line 205, in maybe_call_evaluate
    return client.evaluate(evaluate_ins)
  File "/Users/dinukaperera/opt/anaconda3/envs/flower_tutorial/lib/python3.10/site-packages/flwr/client/app.py", line 319, in _evaluate
    parameters: NDArrays = parameters_to_ndarrays(ins.parameters)
AttributeError: 'dict' object has no attribute 'parameters'
[2026-01-06 01:01:24,902][flwr][ERROR] - [36mray::launch_and_evaluate()[39m (pid=77244, ip=127.0.0.1)
  File "/Users/dinukaperera/opt/anaconda3/envs/flower_tutorial/lib/python3.10/site-packages/flwr/simulation/ray_transport/ray_client_proxy.py", line 160, in launch_and_evaluate
    return maybe_call_evaluate(
  File "/Users/dinukaperera/opt/anaconda3/envs/flower_tutorial/lib/python3.10/site-packages/flwr/client/client.py", line 205, in maybe_call_evaluate
    return client.evaluate(evaluate_ins)
  File "/Users/dinukaperera/opt/anaconda3/envs/flower_tutorial/lib/python3.10/site-packages/flwr/client/app.py", line 319, in _evaluate
    parameters: NDArrays = parameters_to_ndarrays(ins.parameters)
AttributeError: 'dict' object has no attribute 'parameters'
[2026-01-06 01:01:24,903][flwr][ERROR] - [36mray::launch_and_evaluate()[39m (pid=77245, ip=127.0.0.1)
  File "/Users/dinukaperera/opt/anaconda3/envs/flower_tutorial/lib/python3.10/site-packages/flwr/simulation/ray_transport/ray_client_proxy.py", line 160, in launch_and_evaluate
    return maybe_call_evaluate(
  File "/Users/dinukaperera/opt/anaconda3/envs/flower_tutorial/lib/python3.10/site-packages/flwr/client/client.py", line 205, in maybe_call_evaluate
    return client.evaluate(evaluate_ins)
  File "/Users/dinukaperera/opt/anaconda3/envs/flower_tutorial/lib/python3.10/site-packages/flwr/client/app.py", line 319, in _evaluate
    parameters: NDArrays = parameters_to_ndarrays(ins.parameters)
AttributeError: 'dict' object has no attribute 'parameters'
[2026-01-06 01:01:24,905][flwr][ERROR] - [36mray::launch_and_evaluate()[39m (pid=77250, ip=127.0.0.1)
  File "/Users/dinukaperera/opt/anaconda3/envs/flower_tutorial/lib/python3.10/site-packages/flwr/simulation/ray_transport/ray_client_proxy.py", line 160, in launch_and_evaluate
    return maybe_call_evaluate(
  File "/Users/dinukaperera/opt/anaconda3/envs/flower_tutorial/lib/python3.10/site-packages/flwr/client/client.py", line 205, in maybe_call_evaluate
    return client.evaluate(evaluate_ins)
  File "/Users/dinukaperera/opt/anaconda3/envs/flower_tutorial/lib/python3.10/site-packages/flwr/client/app.py", line 319, in _evaluate
    parameters: NDArrays = parameters_to_ndarrays(ins.parameters)
AttributeError: 'dict' object has no attribute 'parameters'
[2026-01-06 01:01:24,908][flwr][ERROR] - [36mray::launch_and_evaluate()[39m (pid=77244, ip=127.0.0.1)
  File "/Users/dinukaperera/opt/anaconda3/envs/flower_tutorial/lib/python3.10/site-packages/flwr/simulation/ray_transport/ray_client_proxy.py", line 160, in launch_and_evaluate
    return maybe_call_evaluate(
  File "/Users/dinukaperera/opt/anaconda3/envs/flower_tutorial/lib/python3.10/site-packages/flwr/client/client.py", line 205, in maybe_call_evaluate
    return client.evaluate(evaluate_ins)
  File "/Users/dinukaperera/opt/anaconda3/envs/flower_tutorial/lib/python3.10/site-packages/flwr/client/app.py", line 319, in _evaluate
    parameters: NDArrays = parameters_to_ndarrays(ins.parameters)
AttributeError: 'dict' object has no attribute 'parameters'
[2026-01-06 01:01:24,911][flwr][ERROR] - [36mray::launch_and_evaluate()[39m (pid=77245, ip=127.0.0.1)
  File "/Users/dinukaperera/opt/anaconda3/envs/flower_tutorial/lib/python3.10/site-packages/flwr/simulation/ray_transport/ray_client_proxy.py", line 160, in launch_and_evaluate
    return maybe_call_evaluate(
  File "/Users/dinukaperera/opt/anaconda3/envs/flower_tutorial/lib/python3.10/site-packages/flwr/client/client.py", line 205, in maybe_call_evaluate
    return client.evaluate(evaluate_ins)
  File "/Users/dinukaperera/opt/anaconda3/envs/flower_tutorial/lib/python3.10/site-packages/flwr/client/app.py", line 319, in _evaluate
    parameters: NDArrays = parameters_to_ndarrays(ins.parameters)
AttributeError: 'dict' object has no attribute 'parameters'
[2026-01-06 01:01:24,912][flwr][DEBUG] - evaluate_round 10 received 0 results and 25 failures
[2026-01-06 01:01:24,913][flwr][DEBUG] - fit_round 11: strategy sampled 10 clients (out of 100)
[2026-01-06 01:01:24,953][flwr][ERROR] - [36mray::launch_and_fit()[39m (pid=77244, ip=127.0.0.1)
  File "/Users/dinukaperera/opt/anaconda3/envs/flower_tutorial/lib/python3.10/site-packages/flwr/simulation/ray_transport/ray_client_proxy.py", line 148, in launch_and_fit
    return maybe_call_fit(
  File "/Users/dinukaperera/opt/anaconda3/envs/flower_tutorial/lib/python3.10/site-packages/flwr/client/client.py", line 184, in maybe_call_fit
    return client.fit(fit_ins)
  File "/Users/dinukaperera/opt/anaconda3/envs/flower_tutorial/lib/python3.10/site-packages/flwr/client/app.py", line 294, in _fit
    parameters: NDArrays = parameters_to_ndarrays(ins.parameters)
AttributeError: 'dict' object has no attribute 'parameters'
[2026-01-06 01:01:24,953][flwr][ERROR] - [36mray::launch_and_fit()[39m (pid=77250, ip=127.0.0.1)
  File "/Users/dinukaperera/opt/anaconda3/envs/flower_tutorial/lib/python3.10/site-packages/flwr/simulation/ray_transport/ray_client_proxy.py", line 148, in launch_and_fit
    return maybe_call_fit(
  File "/Users/dinukaperera/opt/anaconda3/envs/flower_tutorial/lib/python3.10/site-packages/flwr/client/client.py", line 184, in maybe_call_fit
    return client.fit(fit_ins)
  File "/Users/dinukaperera/opt/anaconda3/envs/flower_tutorial/lib/python3.10/site-packages/flwr/client/app.py", line 294, in _fit
    parameters: NDArrays = parameters_to_ndarrays(ins.parameters)
AttributeError: 'dict' object has no attribute 'parameters'
[2026-01-06 01:01:24,954][flwr][ERROR] - [36mray::launch_and_fit()[39m (pid=77245, ip=127.0.0.1)
  File "/Users/dinukaperera/opt/anaconda3/envs/flower_tutorial/lib/python3.10/site-packages/flwr/simulation/ray_transport/ray_client_proxy.py", line 148, in launch_and_fit
    return maybe_call_fit(
  File "/Users/dinukaperera/opt/anaconda3/envs/flower_tutorial/lib/python3.10/site-packages/flwr/client/client.py", line 184, in maybe_call_fit
    return client.fit(fit_ins)
  File "/Users/dinukaperera/opt/anaconda3/envs/flower_tutorial/lib/python3.10/site-packages/flwr/client/app.py", line 294, in _fit
    parameters: NDArrays = parameters_to_ndarrays(ins.parameters)
AttributeError: 'dict' object has no attribute 'parameters'
[2026-01-06 01:01:24,956][flwr][ERROR] - [36mray::launch_and_fit()[39m (pid=77249, ip=127.0.0.1)
  File "/Users/dinukaperera/opt/anaconda3/envs/flower_tutorial/lib/python3.10/site-packages/flwr/simulation/ray_transport/ray_client_proxy.py", line 148, in launch_and_fit
    return maybe_call_fit(
  File "/Users/dinukaperera/opt/anaconda3/envs/flower_tutorial/lib/python3.10/site-packages/flwr/client/client.py", line 184, in maybe_call_fit
    return client.fit(fit_ins)
  File "/Users/dinukaperera/opt/anaconda3/envs/flower_tutorial/lib/python3.10/site-packages/flwr/client/app.py", line 294, in _fit
    parameters: NDArrays = parameters_to_ndarrays(ins.parameters)
AttributeError: 'dict' object has no attribute 'parameters'
[2026-01-06 01:01:24,956][flwr][ERROR] - [36mray::launch_and_fit()[39m (pid=77252, ip=127.0.0.1)
  File "/Users/dinukaperera/opt/anaconda3/envs/flower_tutorial/lib/python3.10/site-packages/flwr/simulation/ray_transport/ray_client_proxy.py", line 148, in launch_and_fit
    return maybe_call_fit(
  File "/Users/dinukaperera/opt/anaconda3/envs/flower_tutorial/lib/python3.10/site-packages/flwr/client/client.py", line 184, in maybe_call_fit
    return client.fit(fit_ins)
  File "/Users/dinukaperera/opt/anaconda3/envs/flower_tutorial/lib/python3.10/site-packages/flwr/client/app.py", line 294, in _fit
    parameters: NDArrays = parameters_to_ndarrays(ins.parameters)
AttributeError: 'dict' object has no attribute 'parameters'
[2026-01-06 01:01:24,957][flwr][ERROR] - [36mray::launch_and_fit()[39m (pid=77247, ip=127.0.0.1)
  File "/Users/dinukaperera/opt/anaconda3/envs/flower_tutorial/lib/python3.10/site-packages/flwr/simulation/ray_transport/ray_client_proxy.py", line 148, in launch_and_fit
    return maybe_call_fit(
  File "/Users/dinukaperera/opt/anaconda3/envs/flower_tutorial/lib/python3.10/site-packages/flwr/client/client.py", line 184, in maybe_call_fit
    return client.fit(fit_ins)
  File "/Users/dinukaperera/opt/anaconda3/envs/flower_tutorial/lib/python3.10/site-packages/flwr/client/app.py", line 294, in _fit
    parameters: NDArrays = parameters_to_ndarrays(ins.parameters)
AttributeError: 'dict' object has no attribute 'parameters'
[2026-01-06 01:01:24,958][flwr][ERROR] - [36mray::launch_and_fit()[39m (pid=77244, ip=127.0.0.1)
  File "/Users/dinukaperera/opt/anaconda3/envs/flower_tutorial/lib/python3.10/site-packages/flwr/simulation/ray_transport/ray_client_proxy.py", line 148, in launch_and_fit
    return maybe_call_fit(
  File "/Users/dinukaperera/opt/anaconda3/envs/flower_tutorial/lib/python3.10/site-packages/flwr/client/client.py", line 184, in maybe_call_fit
    return client.fit(fit_ins)
  File "/Users/dinukaperera/opt/anaconda3/envs/flower_tutorial/lib/python3.10/site-packages/flwr/client/app.py", line 294, in _fit
    parameters: NDArrays = parameters_to_ndarrays(ins.parameters)
AttributeError: 'dict' object has no attribute 'parameters'
[2026-01-06 01:01:24,960][flwr][ERROR] - [36mray::launch_and_fit()[39m (pid=77250, ip=127.0.0.1)
  File "/Users/dinukaperera/opt/anaconda3/envs/flower_tutorial/lib/python3.10/site-packages/flwr/simulation/ray_transport/ray_client_proxy.py", line 148, in launch_and_fit
    return maybe_call_fit(
  File "/Users/dinukaperera/opt/anaconda3/envs/flower_tutorial/lib/python3.10/site-packages/flwr/client/client.py", line 184, in maybe_call_fit
    return client.fit(fit_ins)
  File "/Users/dinukaperera/opt/anaconda3/envs/flower_tutorial/lib/python3.10/site-packages/flwr/client/app.py", line 294, in _fit
    parameters: NDArrays = parameters_to_ndarrays(ins.parameters)
AttributeError: 'dict' object has no attribute 'parameters'
[2026-01-06 01:01:24,961][flwr][ERROR] - [36mray::launch_and_fit()[39m (pid=77245, ip=127.0.0.1)
  File "/Users/dinukaperera/opt/anaconda3/envs/flower_tutorial/lib/python3.10/site-packages/flwr/simulation/ray_transport/ray_client_proxy.py", line 148, in launch_and_fit
    return maybe_call_fit(
  File "/Users/dinukaperera/opt/anaconda3/envs/flower_tutorial/lib/python3.10/site-packages/flwr/client/client.py", line 184, in maybe_call_fit
    return client.fit(fit_ins)
  File "/Users/dinukaperera/opt/anaconda3/envs/flower_tutorial/lib/python3.10/site-packages/flwr/client/app.py", line 294, in _fit
    parameters: NDArrays = parameters_to_ndarrays(ins.parameters)
AttributeError: 'dict' object has no attribute 'parameters'
[2026-01-06 01:01:24,962][flwr][ERROR] - [36mray::launch_and_fit()[39m (pid=77249, ip=127.0.0.1)
  File "/Users/dinukaperera/opt/anaconda3/envs/flower_tutorial/lib/python3.10/site-packages/flwr/simulation/ray_transport/ray_client_proxy.py", line 148, in launch_and_fit
    return maybe_call_fit(
  File "/Users/dinukaperera/opt/anaconda3/envs/flower_tutorial/lib/python3.10/site-packages/flwr/client/client.py", line 184, in maybe_call_fit
    return client.fit(fit_ins)
  File "/Users/dinukaperera/opt/anaconda3/envs/flower_tutorial/lib/python3.10/site-packages/flwr/client/app.py", line 294, in _fit
    parameters: NDArrays = parameters_to_ndarrays(ins.parameters)
AttributeError: 'dict' object has no attribute 'parameters'
[2026-01-06 01:01:24,962][flwr][DEBUG] - fit_round 11 received 0 results and 10 failures
[2026-01-06 01:01:24,986][flwr][INFO] - fit progress: (11, 68.0167875289917, {'accuracy': 0.5075}, 8.720673458999954)
[2026-01-06 01:01:24,986][flwr][DEBUG] - evaluate_round 11: strategy sampled 25 clients (out of 100)
[2026-01-06 01:01:25,009][flwr][ERROR] - [36mray::launch_and_evaluate()[39m (pid=77249, ip=127.0.0.1)
  File "/Users/dinukaperera/opt/anaconda3/envs/flower_tutorial/lib/python3.10/site-packages/flwr/simulation/ray_transport/ray_client_proxy.py", line 160, in launch_and_evaluate
    return maybe_call_evaluate(
  File "/Users/dinukaperera/opt/anaconda3/envs/flower_tutorial/lib/python3.10/site-packages/flwr/client/client.py", line 205, in maybe_call_evaluate
    return client.evaluate(evaluate_ins)
  File "/Users/dinukaperera/opt/anaconda3/envs/flower_tutorial/lib/python3.10/site-packages/flwr/client/app.py", line 319, in _evaluate
    parameters: NDArrays = parameters_to_ndarrays(ins.parameters)
AttributeError: 'dict' object has no attribute 'parameters'
[2026-01-06 01:01:25,017][flwr][ERROR] - [36mray::launch_and_evaluate()[39m (pid=77249, ip=127.0.0.1)
  File "/Users/dinukaperera/opt/anaconda3/envs/flower_tutorial/lib/python3.10/site-packages/flwr/simulation/ray_transport/ray_client_proxy.py", line 160, in launch_and_evaluate
    return maybe_call_evaluate(
  File "/Users/dinukaperera/opt/anaconda3/envs/flower_tutorial/lib/python3.10/site-packages/flwr/client/client.py", line 205, in maybe_call_evaluate
    return client.evaluate(evaluate_ins)
  File "/Users/dinukaperera/opt/anaconda3/envs/flower_tutorial/lib/python3.10/site-packages/flwr/client/app.py", line 319, in _evaluate
    parameters: NDArrays = parameters_to_ndarrays(ins.parameters)
AttributeError: 'dict' object has no attribute 'parameters'
[2026-01-06 01:01:25,017][flwr][ERROR] - [36mray::launch_and_evaluate()[39m (pid=77250, ip=127.0.0.1)
  File "/Users/dinukaperera/opt/anaconda3/envs/flower_tutorial/lib/python3.10/site-packages/flwr/simulation/ray_transport/ray_client_proxy.py", line 160, in launch_and_evaluate
    return maybe_call_evaluate(
  File "/Users/dinukaperera/opt/anaconda3/envs/flower_tutorial/lib/python3.10/site-packages/flwr/client/client.py", line 205, in maybe_call_evaluate
    return client.evaluate(evaluate_ins)
  File "/Users/dinukaperera/opt/anaconda3/envs/flower_tutorial/lib/python3.10/site-packages/flwr/client/app.py", line 319, in _evaluate
    parameters: NDArrays = parameters_to_ndarrays(ins.parameters)
AttributeError: 'dict' object has no attribute 'parameters'
[2026-01-06 01:01:25,018][flwr][ERROR] - [36mray::launch_and_evaluate()[39m (pid=77245, ip=127.0.0.1)
  File "/Users/dinukaperera/opt/anaconda3/envs/flower_tutorial/lib/python3.10/site-packages/flwr/simulation/ray_transport/ray_client_proxy.py", line 160, in launch_and_evaluate
    return maybe_call_evaluate(
  File "/Users/dinukaperera/opt/anaconda3/envs/flower_tutorial/lib/python3.10/site-packages/flwr/client/client.py", line 205, in maybe_call_evaluate
    return client.evaluate(evaluate_ins)
  File "/Users/dinukaperera/opt/anaconda3/envs/flower_tutorial/lib/python3.10/site-packages/flwr/client/app.py", line 319, in _evaluate
    parameters: NDArrays = parameters_to_ndarrays(ins.parameters)
AttributeError: 'dict' object has no attribute 'parameters'
[2026-01-06 01:01:25,028][flwr][ERROR] - [36mray::launch_and_evaluate()[39m (pid=77249, ip=127.0.0.1)
  File "/Users/dinukaperera/opt/anaconda3/envs/flower_tutorial/lib/python3.10/site-packages/flwr/simulation/ray_transport/ray_client_proxy.py", line 160, in launch_and_evaluate
    return maybe_call_evaluate(
  File "/Users/dinukaperera/opt/anaconda3/envs/flower_tutorial/lib/python3.10/site-packages/flwr/client/client.py", line 205, in maybe_call_evaluate
    return client.evaluate(evaluate_ins)
  File "/Users/dinukaperera/opt/anaconda3/envs/flower_tutorial/lib/python3.10/site-packages/flwr/client/app.py", line 319, in _evaluate
    parameters: NDArrays = parameters_to_ndarrays(ins.parameters)
AttributeError: 'dict' object has no attribute 'parameters'
[2026-01-06 01:01:25,028][flwr][ERROR] - [36mray::launch_and_evaluate()[39m (pid=77244, ip=127.0.0.1)
  File "/Users/dinukaperera/opt/anaconda3/envs/flower_tutorial/lib/python3.10/site-packages/flwr/simulation/ray_transport/ray_client_proxy.py", line 160, in launch_and_evaluate
    return maybe_call_evaluate(
  File "/Users/dinukaperera/opt/anaconda3/envs/flower_tutorial/lib/python3.10/site-packages/flwr/client/client.py", line 205, in maybe_call_evaluate
    return client.evaluate(evaluate_ins)
  File "/Users/dinukaperera/opt/anaconda3/envs/flower_tutorial/lib/python3.10/site-packages/flwr/client/app.py", line 319, in _evaluate
    parameters: NDArrays = parameters_to_ndarrays(ins.parameters)
AttributeError: 'dict' object has no attribute 'parameters'
[2026-01-06 01:01:25,028][flwr][ERROR] - [36mray::launch_and_evaluate()[39m (pid=77250, ip=127.0.0.1)
  File "/Users/dinukaperera/opt/anaconda3/envs/flower_tutorial/lib/python3.10/site-packages/flwr/simulation/ray_transport/ray_client_proxy.py", line 160, in launch_and_evaluate
    return maybe_call_evaluate(
  File "/Users/dinukaperera/opt/anaconda3/envs/flower_tutorial/lib/python3.10/site-packages/flwr/client/client.py", line 205, in maybe_call_evaluate
    return client.evaluate(evaluate_ins)
  File "/Users/dinukaperera/opt/anaconda3/envs/flower_tutorial/lib/python3.10/site-packages/flwr/client/app.py", line 319, in _evaluate
    parameters: NDArrays = parameters_to_ndarrays(ins.parameters)
AttributeError: 'dict' object has no attribute 'parameters'
[2026-01-06 01:01:25,028][flwr][ERROR] - [36mray::launch_and_evaluate()[39m (pid=77245, ip=127.0.0.1)
  File "/Users/dinukaperera/opt/anaconda3/envs/flower_tutorial/lib/python3.10/site-packages/flwr/simulation/ray_transport/ray_client_proxy.py", line 160, in launch_and_evaluate
    return maybe_call_evaluate(
  File "/Users/dinukaperera/opt/anaconda3/envs/flower_tutorial/lib/python3.10/site-packages/flwr/client/client.py", line 205, in maybe_call_evaluate
    return client.evaluate(evaluate_ins)
  File "/Users/dinukaperera/opt/anaconda3/envs/flower_tutorial/lib/python3.10/site-packages/flwr/client/app.py", line 319, in _evaluate
    parameters: NDArrays = parameters_to_ndarrays(ins.parameters)
AttributeError: 'dict' object has no attribute 'parameters'
[2026-01-06 01:01:25,045][flwr][ERROR] - [36mray::launch_and_evaluate()[39m (pid=77250, ip=127.0.0.1)
  File "/Users/dinukaperera/opt/anaconda3/envs/flower_tutorial/lib/python3.10/site-packages/flwr/simulation/ray_transport/ray_client_proxy.py", line 160, in launch_and_evaluate
    return maybe_call_evaluate(
  File "/Users/dinukaperera/opt/anaconda3/envs/flower_tutorial/lib/python3.10/site-packages/flwr/client/client.py", line 205, in maybe_call_evaluate
    return client.evaluate(evaluate_ins)
  File "/Users/dinukaperera/opt/anaconda3/envs/flower_tutorial/lib/python3.10/site-packages/flwr/client/app.py", line 319, in _evaluate
    parameters: NDArrays = parameters_to_ndarrays(ins.parameters)
AttributeError: 'dict' object has no attribute 'parameters'
[2026-01-06 01:01:25,057][flwr][ERROR] - [36mray::launch_and_evaluate()[39m (pid=77249, ip=127.0.0.1)
  File "/Users/dinukaperera/opt/anaconda3/envs/flower_tutorial/lib/python3.10/site-packages/flwr/simulation/ray_transport/ray_client_proxy.py", line 160, in launch_and_evaluate
    return maybe_call_evaluate(
  File "/Users/dinukaperera/opt/anaconda3/envs/flower_tutorial/lib/python3.10/site-packages/flwr/client/client.py", line 205, in maybe_call_evaluate
    return client.evaluate(evaluate_ins)
  File "/Users/dinukaperera/opt/anaconda3/envs/flower_tutorial/lib/python3.10/site-packages/flwr/client/app.py", line 319, in _evaluate
    parameters: NDArrays = parameters_to_ndarrays(ins.parameters)
AttributeError: 'dict' object has no attribute 'parameters'
[2026-01-06 01:01:25,057][flwr][ERROR] - [36mray::launch_and_evaluate()[39m (pid=77247, ip=127.0.0.1)
  File "/Users/dinukaperera/opt/anaconda3/envs/flower_tutorial/lib/python3.10/site-packages/flwr/simulation/ray_transport/ray_client_proxy.py", line 160, in launch_and_evaluate
    return maybe_call_evaluate(
  File "/Users/dinukaperera/opt/anaconda3/envs/flower_tutorial/lib/python3.10/site-packages/flwr/client/client.py", line 205, in maybe_call_evaluate
    return client.evaluate(evaluate_ins)
  File "/Users/dinukaperera/opt/anaconda3/envs/flower_tutorial/lib/python3.10/site-packages/flwr/client/app.py", line 319, in _evaluate
    parameters: NDArrays = parameters_to_ndarrays(ins.parameters)
AttributeError: 'dict' object has no attribute 'parameters'
[2026-01-06 01:01:25,057][flwr][ERROR] - [36mray::launch_and_evaluate()[39m (pid=77250, ip=127.0.0.1)
  File "/Users/dinukaperera/opt/anaconda3/envs/flower_tutorial/lib/python3.10/site-packages/flwr/simulation/ray_transport/ray_client_proxy.py", line 160, in launch_and_evaluate
    return maybe_call_evaluate(
  File "/Users/dinukaperera/opt/anaconda3/envs/flower_tutorial/lib/python3.10/site-packages/flwr/client/client.py", line 205, in maybe_call_evaluate
    return client.evaluate(evaluate_ins)
  File "/Users/dinukaperera/opt/anaconda3/envs/flower_tutorial/lib/python3.10/site-packages/flwr/client/app.py", line 319, in _evaluate
    parameters: NDArrays = parameters_to_ndarrays(ins.parameters)
AttributeError: 'dict' object has no attribute 'parameters'
[2026-01-06 01:01:25,058][flwr][ERROR] - [36mray::launch_and_evaluate()[39m (pid=77245, ip=127.0.0.1)
  File "/Users/dinukaperera/opt/anaconda3/envs/flower_tutorial/lib/python3.10/site-packages/flwr/simulation/ray_transport/ray_client_proxy.py", line 160, in launch_and_evaluate
    return maybe_call_evaluate(
  File "/Users/dinukaperera/opt/anaconda3/envs/flower_tutorial/lib/python3.10/site-packages/flwr/client/client.py", line 205, in maybe_call_evaluate
    return client.evaluate(evaluate_ins)
  File "/Users/dinukaperera/opt/anaconda3/envs/flower_tutorial/lib/python3.10/site-packages/flwr/client/app.py", line 319, in _evaluate
    parameters: NDArrays = parameters_to_ndarrays(ins.parameters)
AttributeError: 'dict' object has no attribute 'parameters'
[2026-01-06 01:01:25,058][flwr][ERROR] - [36mray::launch_and_evaluate()[39m (pid=77244, ip=127.0.0.1)
  File "/Users/dinukaperera/opt/anaconda3/envs/flower_tutorial/lib/python3.10/site-packages/flwr/simulation/ray_transport/ray_client_proxy.py", line 160, in launch_and_evaluate
    return maybe_call_evaluate(
  File "/Users/dinukaperera/opt/anaconda3/envs/flower_tutorial/lib/python3.10/site-packages/flwr/client/client.py", line 205, in maybe_call_evaluate
    return client.evaluate(evaluate_ins)
  File "/Users/dinukaperera/opt/anaconda3/envs/flower_tutorial/lib/python3.10/site-packages/flwr/client/app.py", line 319, in _evaluate
    parameters: NDArrays = parameters_to_ndarrays(ins.parameters)
AttributeError: 'dict' object has no attribute 'parameters'
[2026-01-06 01:01:25,072][flwr][ERROR] - [36mray::launch_and_evaluate()[39m (pid=77245, ip=127.0.0.1)
  File "/Users/dinukaperera/opt/anaconda3/envs/flower_tutorial/lib/python3.10/site-packages/flwr/simulation/ray_transport/ray_client_proxy.py", line 160, in launch_and_evaluate
    return maybe_call_evaluate(
  File "/Users/dinukaperera/opt/anaconda3/envs/flower_tutorial/lib/python3.10/site-packages/flwr/client/client.py", line 205, in maybe_call_evaluate
    return client.evaluate(evaluate_ins)
  File "/Users/dinukaperera/opt/anaconda3/envs/flower_tutorial/lib/python3.10/site-packages/flwr/client/app.py", line 319, in _evaluate
    parameters: NDArrays = parameters_to_ndarrays(ins.parameters)
AttributeError: 'dict' object has no attribute 'parameters'
[2026-01-06 01:01:25,083][flwr][ERROR] - [36mray::launch_and_evaluate()[39m (pid=77245, ip=127.0.0.1)
  File "/Users/dinukaperera/opt/anaconda3/envs/flower_tutorial/lib/python3.10/site-packages/flwr/simulation/ray_transport/ray_client_proxy.py", line 160, in launch_and_evaluate
    return maybe_call_evaluate(
  File "/Users/dinukaperera/opt/anaconda3/envs/flower_tutorial/lib/python3.10/site-packages/flwr/client/client.py", line 205, in maybe_call_evaluate
    return client.evaluate(evaluate_ins)
  File "/Users/dinukaperera/opt/anaconda3/envs/flower_tutorial/lib/python3.10/site-packages/flwr/client/app.py", line 319, in _evaluate
    parameters: NDArrays = parameters_to_ndarrays(ins.parameters)
AttributeError: 'dict' object has no attribute 'parameters'
[2026-01-06 01:01:25,093][flwr][ERROR] - [36mray::launch_and_evaluate()[39m (pid=77250, ip=127.0.0.1)
  File "/Users/dinukaperera/opt/anaconda3/envs/flower_tutorial/lib/python3.10/site-packages/flwr/simulation/ray_transport/ray_client_proxy.py", line 160, in launch_and_evaluate
    return maybe_call_evaluate(
  File "/Users/dinukaperera/opt/anaconda3/envs/flower_tutorial/lib/python3.10/site-packages/flwr/client/client.py", line 205, in maybe_call_evaluate
    return client.evaluate(evaluate_ins)
  File "/Users/dinukaperera/opt/anaconda3/envs/flower_tutorial/lib/python3.10/site-packages/flwr/client/app.py", line 319, in _evaluate
    parameters: NDArrays = parameters_to_ndarrays(ins.parameters)
AttributeError: 'dict' object has no attribute 'parameters'
[2026-01-06 01:01:25,088][flwr][ERROR] - [36mray::launch_and_evaluate()[39m (pid=77249, ip=127.0.0.1)
  File "/Users/dinukaperera/opt/anaconda3/envs/flower_tutorial/lib/python3.10/site-packages/flwr/simulation/ray_transport/ray_client_proxy.py", line 160, in launch_and_evaluate
    return maybe_call_evaluate(
  File "/Users/dinukaperera/opt/anaconda3/envs/flower_tutorial/lib/python3.10/site-packages/flwr/client/client.py", line 205, in maybe_call_evaluate
    return client.evaluate(evaluate_ins)
  File "/Users/dinukaperera/opt/anaconda3/envs/flower_tutorial/lib/python3.10/site-packages/flwr/client/app.py", line 319, in _evaluate
    parameters: NDArrays = parameters_to_ndarrays(ins.parameters)
AttributeError: 'dict' object has no attribute 'parameters'
[2026-01-06 01:01:25,089][flwr][ERROR] - [36mray::launch_and_evaluate()[39m (pid=77250, ip=127.0.0.1)
  File "/Users/dinukaperera/opt/anaconda3/envs/flower_tutorial/lib/python3.10/site-packages/flwr/simulation/ray_transport/ray_client_proxy.py", line 160, in launch_and_evaluate
    return maybe_call_evaluate(
  File "/Users/dinukaperera/opt/anaconda3/envs/flower_tutorial/lib/python3.10/site-packages/flwr/client/client.py", line 205, in maybe_call_evaluate
    return client.evaluate(evaluate_ins)
  File "/Users/dinukaperera/opt/anaconda3/envs/flower_tutorial/lib/python3.10/site-packages/flwr/client/app.py", line 319, in _evaluate
    parameters: NDArrays = parameters_to_ndarrays(ins.parameters)
AttributeError: 'dict' object has no attribute 'parameters'
[2026-01-06 01:01:25,092][flwr][ERROR] - [36mray::launch_and_evaluate()[39m (pid=77247, ip=127.0.0.1)
  File "/Users/dinukaperera/opt/anaconda3/envs/flower_tutorial/lib/python3.10/site-packages/flwr/simulation/ray_transport/ray_client_proxy.py", line 160, in launch_and_evaluate
    return maybe_call_evaluate(
  File "/Users/dinukaperera/opt/anaconda3/envs/flower_tutorial/lib/python3.10/site-packages/flwr/client/client.py", line 205, in maybe_call_evaluate
    return client.evaluate(evaluate_ins)
  File "/Users/dinukaperera/opt/anaconda3/envs/flower_tutorial/lib/python3.10/site-packages/flwr/client/app.py", line 319, in _evaluate
    parameters: NDArrays = parameters_to_ndarrays(ins.parameters)
AttributeError: 'dict' object has no attribute 'parameters'
[2026-01-06 01:01:25,093][flwr][ERROR] - [36mray::launch_and_evaluate()[39m (pid=77245, ip=127.0.0.1)
  File "/Users/dinukaperera/opt/anaconda3/envs/flower_tutorial/lib/python3.10/site-packages/flwr/simulation/ray_transport/ray_client_proxy.py", line 160, in launch_and_evaluate
    return maybe_call_evaluate(
  File "/Users/dinukaperera/opt/anaconda3/envs/flower_tutorial/lib/python3.10/site-packages/flwr/client/client.py", line 205, in maybe_call_evaluate
    return client.evaluate(evaluate_ins)
  File "/Users/dinukaperera/opt/anaconda3/envs/flower_tutorial/lib/python3.10/site-packages/flwr/client/app.py", line 319, in _evaluate
    parameters: NDArrays = parameters_to_ndarrays(ins.parameters)
AttributeError: 'dict' object has no attribute 'parameters'
[2026-01-06 01:01:25,083][flwr][ERROR] - [36mray::launch_and_evaluate()[39m (pid=77247, ip=127.0.0.1)
  File "/Users/dinukaperera/opt/anaconda3/envs/flower_tutorial/lib/python3.10/site-packages/flwr/simulation/ray_transport/ray_client_proxy.py", line 160, in launch_and_evaluate
    return maybe_call_evaluate(
  File "/Users/dinukaperera/opt/anaconda3/envs/flower_tutorial/lib/python3.10/site-packages/flwr/client/client.py", line 205, in maybe_call_evaluate
    return client.evaluate(evaluate_ins)
  File "/Users/dinukaperera/opt/anaconda3/envs/flower_tutorial/lib/python3.10/site-packages/flwr/client/app.py", line 319, in _evaluate
    parameters: NDArrays = parameters_to_ndarrays(ins.parameters)
AttributeError: 'dict' object has no attribute 'parameters'
[2026-01-06 01:01:25,096][flwr][ERROR] - [36mray::launch_and_evaluate()[39m (pid=77249, ip=127.0.0.1)
  File "/Users/dinukaperera/opt/anaconda3/envs/flower_tutorial/lib/python3.10/site-packages/flwr/simulation/ray_transport/ray_client_proxy.py", line 160, in launch_and_evaluate
    return maybe_call_evaluate(
  File "/Users/dinukaperera/opt/anaconda3/envs/flower_tutorial/lib/python3.10/site-packages/flwr/client/client.py", line 205, in maybe_call_evaluate
    return client.evaluate(evaluate_ins)
  File "/Users/dinukaperera/opt/anaconda3/envs/flower_tutorial/lib/python3.10/site-packages/flwr/client/app.py", line 319, in _evaluate
    parameters: NDArrays = parameters_to_ndarrays(ins.parameters)
AttributeError: 'dict' object has no attribute 'parameters'
[2026-01-06 01:01:25,100][flwr][ERROR] - [36mray::launch_and_evaluate()[39m (pid=77250, ip=127.0.0.1)
  File "/Users/dinukaperera/opt/anaconda3/envs/flower_tutorial/lib/python3.10/site-packages/flwr/simulation/ray_transport/ray_client_proxy.py", line 160, in launch_and_evaluate
    return maybe_call_evaluate(
  File "/Users/dinukaperera/opt/anaconda3/envs/flower_tutorial/lib/python3.10/site-packages/flwr/client/client.py", line 205, in maybe_call_evaluate
    return client.evaluate(evaluate_ins)
  File "/Users/dinukaperera/opt/anaconda3/envs/flower_tutorial/lib/python3.10/site-packages/flwr/client/app.py", line 319, in _evaluate
    parameters: NDArrays = parameters_to_ndarrays(ins.parameters)
AttributeError: 'dict' object has no attribute 'parameters'
[2026-01-06 01:01:25,101][flwr][ERROR] - [36mray::launch_and_evaluate()[39m (pid=77247, ip=127.0.0.1)
  File "/Users/dinukaperera/opt/anaconda3/envs/flower_tutorial/lib/python3.10/site-packages/flwr/simulation/ray_transport/ray_client_proxy.py", line 160, in launch_and_evaluate
    return maybe_call_evaluate(
  File "/Users/dinukaperera/opt/anaconda3/envs/flower_tutorial/lib/python3.10/site-packages/flwr/client/client.py", line 205, in maybe_call_evaluate
    return client.evaluate(evaluate_ins)
  File "/Users/dinukaperera/opt/anaconda3/envs/flower_tutorial/lib/python3.10/site-packages/flwr/client/app.py", line 319, in _evaluate
    parameters: NDArrays = parameters_to_ndarrays(ins.parameters)
AttributeError: 'dict' object has no attribute 'parameters'
[2026-01-06 01:01:25,102][flwr][DEBUG] - evaluate_round 11 received 0 results and 25 failures
[2026-01-06 01:01:25,103][flwr][DEBUG] - fit_round 12: strategy sampled 10 clients (out of 100)
[2026-01-06 01:01:25,122][flwr][ERROR] - [36mray::launch_and_fit()[39m (pid=77247, ip=127.0.0.1)
  File "/Users/dinukaperera/opt/anaconda3/envs/flower_tutorial/lib/python3.10/site-packages/flwr/simulation/ray_transport/ray_client_proxy.py", line 148, in launch_and_fit
    return maybe_call_fit(
  File "/Users/dinukaperera/opt/anaconda3/envs/flower_tutorial/lib/python3.10/site-packages/flwr/client/client.py", line 184, in maybe_call_fit
    return client.fit(fit_ins)
  File "/Users/dinukaperera/opt/anaconda3/envs/flower_tutorial/lib/python3.10/site-packages/flwr/client/app.py", line 294, in _fit
    parameters: NDArrays = parameters_to_ndarrays(ins.parameters)
AttributeError: 'dict' object has no attribute 'parameters'
[2026-01-06 01:01:25,126][flwr][ERROR] - [36mray::launch_and_fit()[39m (pid=77250, ip=127.0.0.1)
  File "/Users/dinukaperera/opt/anaconda3/envs/flower_tutorial/lib/python3.10/site-packages/flwr/simulation/ray_transport/ray_client_proxy.py", line 148, in launch_and_fit
    return maybe_call_fit(
  File "/Users/dinukaperera/opt/anaconda3/envs/flower_tutorial/lib/python3.10/site-packages/flwr/client/client.py", line 184, in maybe_call_fit
    return client.fit(fit_ins)
  File "/Users/dinukaperera/opt/anaconda3/envs/flower_tutorial/lib/python3.10/site-packages/flwr/client/app.py", line 294, in _fit
    parameters: NDArrays = parameters_to_ndarrays(ins.parameters)
AttributeError: 'dict' object has no attribute 'parameters'
[2026-01-06 01:01:25,142][flwr][ERROR] - [36mray::launch_and_fit()[39m (pid=77247, ip=127.0.0.1)
  File "/Users/dinukaperera/opt/anaconda3/envs/flower_tutorial/lib/python3.10/site-packages/flwr/simulation/ray_transport/ray_client_proxy.py", line 148, in launch_and_fit
    return maybe_call_fit(
  File "/Users/dinukaperera/opt/anaconda3/envs/flower_tutorial/lib/python3.10/site-packages/flwr/client/client.py", line 184, in maybe_call_fit
    return client.fit(fit_ins)
  File "/Users/dinukaperera/opt/anaconda3/envs/flower_tutorial/lib/python3.10/site-packages/flwr/client/app.py", line 294, in _fit
    parameters: NDArrays = parameters_to_ndarrays(ins.parameters)
AttributeError: 'dict' object has no attribute 'parameters'
[2026-01-06 01:01:25,144][flwr][ERROR] - [36mray::launch_and_fit()[39m (pid=77250, ip=127.0.0.1)
  File "/Users/dinukaperera/opt/anaconda3/envs/flower_tutorial/lib/python3.10/site-packages/flwr/simulation/ray_transport/ray_client_proxy.py", line 148, in launch_and_fit
    return maybe_call_fit(
  File "/Users/dinukaperera/opt/anaconda3/envs/flower_tutorial/lib/python3.10/site-packages/flwr/client/client.py", line 184, in maybe_call_fit
    return client.fit(fit_ins)
  File "/Users/dinukaperera/opt/anaconda3/envs/flower_tutorial/lib/python3.10/site-packages/flwr/client/app.py", line 294, in _fit
    parameters: NDArrays = parameters_to_ndarrays(ins.parameters)
AttributeError: 'dict' object has no attribute 'parameters'
[2026-01-06 01:01:25,150][flwr][ERROR] - [36mray::launch_and_fit()[39m (pid=77250, ip=127.0.0.1)
  File "/Users/dinukaperera/opt/anaconda3/envs/flower_tutorial/lib/python3.10/site-packages/flwr/simulation/ray_transport/ray_client_proxy.py", line 148, in launch_and_fit
    return maybe_call_fit(
  File "/Users/dinukaperera/opt/anaconda3/envs/flower_tutorial/lib/python3.10/site-packages/flwr/client/client.py", line 184, in maybe_call_fit
    return client.fit(fit_ins)
  File "/Users/dinukaperera/opt/anaconda3/envs/flower_tutorial/lib/python3.10/site-packages/flwr/client/app.py", line 294, in _fit
    parameters: NDArrays = parameters_to_ndarrays(ins.parameters)
AttributeError: 'dict' object has no attribute 'parameters'
[2026-01-06 01:01:25,150][flwr][ERROR] - [36mray::launch_and_fit()[39m (pid=77247, ip=127.0.0.1)
  File "/Users/dinukaperera/opt/anaconda3/envs/flower_tutorial/lib/python3.10/site-packages/flwr/simulation/ray_transport/ray_client_proxy.py", line 148, in launch_and_fit
    return maybe_call_fit(
  File "/Users/dinukaperera/opt/anaconda3/envs/flower_tutorial/lib/python3.10/site-packages/flwr/client/client.py", line 184, in maybe_call_fit
    return client.fit(fit_ins)
  File "/Users/dinukaperera/opt/anaconda3/envs/flower_tutorial/lib/python3.10/site-packages/flwr/client/app.py", line 294, in _fit
    parameters: NDArrays = parameters_to_ndarrays(ins.parameters)
AttributeError: 'dict' object has no attribute 'parameters'
[2026-01-06 01:01:25,152][flwr][ERROR] - [36mray::launch_and_fit()[39m (pid=77249, ip=127.0.0.1)
  File "/Users/dinukaperera/opt/anaconda3/envs/flower_tutorial/lib/python3.10/site-packages/flwr/simulation/ray_transport/ray_client_proxy.py", line 148, in launch_and_fit
    return maybe_call_fit(
  File "/Users/dinukaperera/opt/anaconda3/envs/flower_tutorial/lib/python3.10/site-packages/flwr/client/client.py", line 184, in maybe_call_fit
    return client.fit(fit_ins)
  File "/Users/dinukaperera/opt/anaconda3/envs/flower_tutorial/lib/python3.10/site-packages/flwr/client/app.py", line 294, in _fit
    parameters: NDArrays = parameters_to_ndarrays(ins.parameters)
AttributeError: 'dict' object has no attribute 'parameters'
[2026-01-06 01:01:25,154][flwr][ERROR] - [36mray::launch_and_fit()[39m (pid=77245, ip=127.0.0.1)
  File "/Users/dinukaperera/opt/anaconda3/envs/flower_tutorial/lib/python3.10/site-packages/flwr/simulation/ray_transport/ray_client_proxy.py", line 148, in launch_and_fit
    return maybe_call_fit(
  File "/Users/dinukaperera/opt/anaconda3/envs/flower_tutorial/lib/python3.10/site-packages/flwr/client/client.py", line 184, in maybe_call_fit
    return client.fit(fit_ins)
  File "/Users/dinukaperera/opt/anaconda3/envs/flower_tutorial/lib/python3.10/site-packages/flwr/client/app.py", line 294, in _fit
    parameters: NDArrays = parameters_to_ndarrays(ins.parameters)
AttributeError: 'dict' object has no attribute 'parameters'
[2026-01-06 01:01:25,155][flwr][ERROR] - [36mray::launch_and_fit()[39m (pid=77244, ip=127.0.0.1)
  File "/Users/dinukaperera/opt/anaconda3/envs/flower_tutorial/lib/python3.10/site-packages/flwr/simulation/ray_transport/ray_client_proxy.py", line 148, in launch_and_fit
    return maybe_call_fit(
  File "/Users/dinukaperera/opt/anaconda3/envs/flower_tutorial/lib/python3.10/site-packages/flwr/client/client.py", line 184, in maybe_call_fit
    return client.fit(fit_ins)
  File "/Users/dinukaperera/opt/anaconda3/envs/flower_tutorial/lib/python3.10/site-packages/flwr/client/app.py", line 294, in _fit
    parameters: NDArrays = parameters_to_ndarrays(ins.parameters)
AttributeError: 'dict' object has no attribute 'parameters'
[2026-01-06 01:01:25,155][flwr][ERROR] - [36mray::launch_and_fit()[39m (pid=77252, ip=127.0.0.1)
  File "/Users/dinukaperera/opt/anaconda3/envs/flower_tutorial/lib/python3.10/site-packages/flwr/simulation/ray_transport/ray_client_proxy.py", line 148, in launch_and_fit
    return maybe_call_fit(
  File "/Users/dinukaperera/opt/anaconda3/envs/flower_tutorial/lib/python3.10/site-packages/flwr/client/client.py", line 184, in maybe_call_fit
    return client.fit(fit_ins)
  File "/Users/dinukaperera/opt/anaconda3/envs/flower_tutorial/lib/python3.10/site-packages/flwr/client/app.py", line 294, in _fit
    parameters: NDArrays = parameters_to_ndarrays(ins.parameters)
AttributeError: 'dict' object has no attribute 'parameters'
[2026-01-06 01:01:25,156][flwr][DEBUG] - fit_round 12 received 0 results and 10 failures
[2026-01-06 01:01:25,179][flwr][INFO] - fit progress: (12, 68.0167875289917, {'accuracy': 0.5075}, 8.913120666984469)
[2026-01-06 01:01:25,179][flwr][DEBUG] - evaluate_round 12: strategy sampled 25 clients (out of 100)
[2026-01-06 01:01:25,196][flwr][ERROR] - [36mray::launch_and_evaluate()[39m (pid=77252, ip=127.0.0.1)
  File "/Users/dinukaperera/opt/anaconda3/envs/flower_tutorial/lib/python3.10/site-packages/flwr/simulation/ray_transport/ray_client_proxy.py", line 160, in launch_and_evaluate
    return maybe_call_evaluate(
  File "/Users/dinukaperera/opt/anaconda3/envs/flower_tutorial/lib/python3.10/site-packages/flwr/client/client.py", line 205, in maybe_call_evaluate
    return client.evaluate(evaluate_ins)
  File "/Users/dinukaperera/opt/anaconda3/envs/flower_tutorial/lib/python3.10/site-packages/flwr/client/app.py", line 319, in _evaluate
    parameters: NDArrays = parameters_to_ndarrays(ins.parameters)
AttributeError: 'dict' object has no attribute 'parameters'
[2026-01-06 01:01:25,207][flwr][ERROR] - [36mray::launch_and_evaluate()[39m (pid=77252, ip=127.0.0.1)
  File "/Users/dinukaperera/opt/anaconda3/envs/flower_tutorial/lib/python3.10/site-packages/flwr/simulation/ray_transport/ray_client_proxy.py", line 160, in launch_and_evaluate
    return maybe_call_evaluate(
  File "/Users/dinukaperera/opt/anaconda3/envs/flower_tutorial/lib/python3.10/site-packages/flwr/client/client.py", line 205, in maybe_call_evaluate
    return client.evaluate(evaluate_ins)
  File "/Users/dinukaperera/opt/anaconda3/envs/flower_tutorial/lib/python3.10/site-packages/flwr/client/app.py", line 319, in _evaluate
    parameters: NDArrays = parameters_to_ndarrays(ins.parameters)
AttributeError: 'dict' object has no attribute 'parameters'
[2026-01-06 01:01:25,208][flwr][ERROR] - [36mray::launch_and_evaluate()[39m (pid=77244, ip=127.0.0.1)
  File "/Users/dinukaperera/opt/anaconda3/envs/flower_tutorial/lib/python3.10/site-packages/flwr/simulation/ray_transport/ray_client_proxy.py", line 160, in launch_and_evaluate
    return maybe_call_evaluate(
  File "/Users/dinukaperera/opt/anaconda3/envs/flower_tutorial/lib/python3.10/site-packages/flwr/client/client.py", line 205, in maybe_call_evaluate
    return client.evaluate(evaluate_ins)
  File "/Users/dinukaperera/opt/anaconda3/envs/flower_tutorial/lib/python3.10/site-packages/flwr/client/app.py", line 319, in _evaluate
    parameters: NDArrays = parameters_to_ndarrays(ins.parameters)
AttributeError: 'dict' object has no attribute 'parameters'
[2026-01-06 01:01:25,212][flwr][ERROR] - [36mray::launch_and_evaluate()[39m (pid=77252, ip=127.0.0.1)
  File "/Users/dinukaperera/opt/anaconda3/envs/flower_tutorial/lib/python3.10/site-packages/flwr/simulation/ray_transport/ray_client_proxy.py", line 160, in launch_and_evaluate
    return maybe_call_evaluate(
  File "/Users/dinukaperera/opt/anaconda3/envs/flower_tutorial/lib/python3.10/site-packages/flwr/client/client.py", line 205, in maybe_call_evaluate
    return client.evaluate(evaluate_ins)
  File "/Users/dinukaperera/opt/anaconda3/envs/flower_tutorial/lib/python3.10/site-packages/flwr/client/app.py", line 319, in _evaluate
    parameters: NDArrays = parameters_to_ndarrays(ins.parameters)
AttributeError: 'dict' object has no attribute 'parameters'
[2026-01-06 01:01:25,213][flwr][ERROR] - [36mray::launch_and_evaluate()[39m (pid=77244, ip=127.0.0.1)
  File "/Users/dinukaperera/opt/anaconda3/envs/flower_tutorial/lib/python3.10/site-packages/flwr/simulation/ray_transport/ray_client_proxy.py", line 160, in launch_and_evaluate
    return maybe_call_evaluate(
  File "/Users/dinukaperera/opt/anaconda3/envs/flower_tutorial/lib/python3.10/site-packages/flwr/client/client.py", line 205, in maybe_call_evaluate
    return client.evaluate(evaluate_ins)
  File "/Users/dinukaperera/opt/anaconda3/envs/flower_tutorial/lib/python3.10/site-packages/flwr/client/app.py", line 319, in _evaluate
    parameters: NDArrays = parameters_to_ndarrays(ins.parameters)
AttributeError: 'dict' object has no attribute 'parameters'
[2026-01-06 01:01:25,225][flwr][ERROR] - [36mray::launch_and_evaluate()[39m (pid=77252, ip=127.0.0.1)
  File "/Users/dinukaperera/opt/anaconda3/envs/flower_tutorial/lib/python3.10/site-packages/flwr/simulation/ray_transport/ray_client_proxy.py", line 160, in launch_and_evaluate
    return maybe_call_evaluate(
  File "/Users/dinukaperera/opt/anaconda3/envs/flower_tutorial/lib/python3.10/site-packages/flwr/client/client.py", line 205, in maybe_call_evaluate
    return client.evaluate(evaluate_ins)
  File "/Users/dinukaperera/opt/anaconda3/envs/flower_tutorial/lib/python3.10/site-packages/flwr/client/app.py", line 319, in _evaluate
    parameters: NDArrays = parameters_to_ndarrays(ins.parameters)
AttributeError: 'dict' object has no attribute 'parameters'
[2026-01-06 01:01:25,225][flwr][ERROR] - [36mray::launch_and_evaluate()[39m (pid=77245, ip=127.0.0.1)
  File "/Users/dinukaperera/opt/anaconda3/envs/flower_tutorial/lib/python3.10/site-packages/flwr/simulation/ray_transport/ray_client_proxy.py", line 160, in launch_and_evaluate
    return maybe_call_evaluate(
  File "/Users/dinukaperera/opt/anaconda3/envs/flower_tutorial/lib/python3.10/site-packages/flwr/client/client.py", line 205, in maybe_call_evaluate
    return client.evaluate(evaluate_ins)
  File "/Users/dinukaperera/opt/anaconda3/envs/flower_tutorial/lib/python3.10/site-packages/flwr/client/app.py", line 319, in _evaluate
    parameters: NDArrays = parameters_to_ndarrays(ins.parameters)
AttributeError: 'dict' object has no attribute 'parameters'
[2026-01-06 01:01:25,233][flwr][ERROR] - [36mray::launch_and_evaluate()[39m (pid=77244, ip=127.0.0.1)
  File "/Users/dinukaperera/opt/anaconda3/envs/flower_tutorial/lib/python3.10/site-packages/flwr/simulation/ray_transport/ray_client_proxy.py", line 160, in launch_and_evaluate
    return maybe_call_evaluate(
  File "/Users/dinukaperera/opt/anaconda3/envs/flower_tutorial/lib/python3.10/site-packages/flwr/client/client.py", line 205, in maybe_call_evaluate
    return client.evaluate(evaluate_ins)
  File "/Users/dinukaperera/opt/anaconda3/envs/flower_tutorial/lib/python3.10/site-packages/flwr/client/app.py", line 319, in _evaluate
    parameters: NDArrays = parameters_to_ndarrays(ins.parameters)
AttributeError: 'dict' object has no attribute 'parameters'
[2026-01-06 01:01:25,237][flwr][ERROR] - [36mray::launch_and_evaluate()[39m (pid=77245, ip=127.0.0.1)
  File "/Users/dinukaperera/opt/anaconda3/envs/flower_tutorial/lib/python3.10/site-packages/flwr/simulation/ray_transport/ray_client_proxy.py", line 160, in launch_and_evaluate
    return maybe_call_evaluate(
  File "/Users/dinukaperera/opt/anaconda3/envs/flower_tutorial/lib/python3.10/site-packages/flwr/client/client.py", line 205, in maybe_call_evaluate
    return client.evaluate(evaluate_ins)
  File "/Users/dinukaperera/opt/anaconda3/envs/flower_tutorial/lib/python3.10/site-packages/flwr/client/app.py", line 319, in _evaluate
    parameters: NDArrays = parameters_to_ndarrays(ins.parameters)
AttributeError: 'dict' object has no attribute 'parameters'
[2026-01-06 01:01:25,250][flwr][ERROR] - [36mray::launch_and_evaluate()[39m (pid=77245, ip=127.0.0.1)
  File "/Users/dinukaperera/opt/anaconda3/envs/flower_tutorial/lib/python3.10/site-packages/flwr/simulation/ray_transport/ray_client_proxy.py", line 160, in launch_and_evaluate
    return maybe_call_evaluate(
  File "/Users/dinukaperera/opt/anaconda3/envs/flower_tutorial/lib/python3.10/site-packages/flwr/client/client.py", line 205, in maybe_call_evaluate
    return client.evaluate(evaluate_ins)
  File "/Users/dinukaperera/opt/anaconda3/envs/flower_tutorial/lib/python3.10/site-packages/flwr/client/app.py", line 319, in _evaluate
    parameters: NDArrays = parameters_to_ndarrays(ins.parameters)
AttributeError: 'dict' object has no attribute 'parameters'
[2026-01-06 01:01:25,255][flwr][ERROR] - [36mray::launch_and_evaluate()[39m (pid=77252, ip=127.0.0.1)
  File "/Users/dinukaperera/opt/anaconda3/envs/flower_tutorial/lib/python3.10/site-packages/flwr/simulation/ray_transport/ray_client_proxy.py", line 160, in launch_and_evaluate
    return maybe_call_evaluate(
  File "/Users/dinukaperera/opt/anaconda3/envs/flower_tutorial/lib/python3.10/site-packages/flwr/client/client.py", line 205, in maybe_call_evaluate
    return client.evaluate(evaluate_ins)
  File "/Users/dinukaperera/opt/anaconda3/envs/flower_tutorial/lib/python3.10/site-packages/flwr/client/app.py", line 319, in _evaluate
    parameters: NDArrays = parameters_to_ndarrays(ins.parameters)
AttributeError: 'dict' object has no attribute 'parameters'
[2026-01-06 01:01:25,255][flwr][ERROR] - [36mray::launch_and_evaluate()[39m (pid=77249, ip=127.0.0.1)
  File "/Users/dinukaperera/opt/anaconda3/envs/flower_tutorial/lib/python3.10/site-packages/flwr/simulation/ray_transport/ray_client_proxy.py", line 160, in launch_and_evaluate
    return maybe_call_evaluate(
  File "/Users/dinukaperera/opt/anaconda3/envs/flower_tutorial/lib/python3.10/site-packages/flwr/client/client.py", line 205, in maybe_call_evaluate
    return client.evaluate(evaluate_ins)
  File "/Users/dinukaperera/opt/anaconda3/envs/flower_tutorial/lib/python3.10/site-packages/flwr/client/app.py", line 319, in _evaluate
    parameters: NDArrays = parameters_to_ndarrays(ins.parameters)
AttributeError: 'dict' object has no attribute 'parameters'
[2026-01-06 01:01:25,256][flwr][ERROR] - [36mray::launch_and_evaluate()[39m (pid=77245, ip=127.0.0.1)
  File "/Users/dinukaperera/opt/anaconda3/envs/flower_tutorial/lib/python3.10/site-packages/flwr/simulation/ray_transport/ray_client_proxy.py", line 160, in launch_and_evaluate
    return maybe_call_evaluate(
  File "/Users/dinukaperera/opt/anaconda3/envs/flower_tutorial/lib/python3.10/site-packages/flwr/client/client.py", line 205, in maybe_call_evaluate
    return client.evaluate(evaluate_ins)
  File "/Users/dinukaperera/opt/anaconda3/envs/flower_tutorial/lib/python3.10/site-packages/flwr/client/app.py", line 319, in _evaluate
    parameters: NDArrays = parameters_to_ndarrays(ins.parameters)
AttributeError: 'dict' object has no attribute 'parameters'
[2026-01-06 01:01:25,256][flwr][ERROR] - [36mray::launch_and_evaluate()[39m (pid=77244, ip=127.0.0.1)
  File "/Users/dinukaperera/opt/anaconda3/envs/flower_tutorial/lib/python3.10/site-packages/flwr/simulation/ray_transport/ray_client_proxy.py", line 160, in launch_and_evaluate
    return maybe_call_evaluate(
  File "/Users/dinukaperera/opt/anaconda3/envs/flower_tutorial/lib/python3.10/site-packages/flwr/client/client.py", line 205, in maybe_call_evaluate
    return client.evaluate(evaluate_ins)
  File "/Users/dinukaperera/opt/anaconda3/envs/flower_tutorial/lib/python3.10/site-packages/flwr/client/app.py", line 319, in _evaluate
    parameters: NDArrays = parameters_to_ndarrays(ins.parameters)
AttributeError: 'dict' object has no attribute 'parameters'
[2026-01-06 01:01:25,261][flwr][ERROR] - [36mray::launch_and_evaluate()[39m (pid=77244, ip=127.0.0.1)
  File "/Users/dinukaperera/opt/anaconda3/envs/flower_tutorial/lib/python3.10/site-packages/flwr/simulation/ray_transport/ray_client_proxy.py", line 160, in launch_and_evaluate
    return maybe_call_evaluate(
  File "/Users/dinukaperera/opt/anaconda3/envs/flower_tutorial/lib/python3.10/site-packages/flwr/client/client.py", line 205, in maybe_call_evaluate
    return client.evaluate(evaluate_ins)
  File "/Users/dinukaperera/opt/anaconda3/envs/flower_tutorial/lib/python3.10/site-packages/flwr/client/app.py", line 319, in _evaluate
    parameters: NDArrays = parameters_to_ndarrays(ins.parameters)
AttributeError: 'dict' object has no attribute 'parameters'
[2026-01-06 01:01:25,266][flwr][ERROR] - [36mray::launch_and_evaluate()[39m (pid=77249, ip=127.0.0.1)
  File "/Users/dinukaperera/opt/anaconda3/envs/flower_tutorial/lib/python3.10/site-packages/flwr/simulation/ray_transport/ray_client_proxy.py", line 160, in launch_and_evaluate
    return maybe_call_evaluate(
  File "/Users/dinukaperera/opt/anaconda3/envs/flower_tutorial/lib/python3.10/site-packages/flwr/client/client.py", line 205, in maybe_call_evaluate
    return client.evaluate(evaluate_ins)
  File "/Users/dinukaperera/opt/anaconda3/envs/flower_tutorial/lib/python3.10/site-packages/flwr/client/app.py", line 319, in _evaluate
    parameters: NDArrays = parameters_to_ndarrays(ins.parameters)
AttributeError: 'dict' object has no attribute 'parameters'
[2026-01-06 01:01:25,270][flwr][ERROR] - [36mray::launch_and_evaluate()[39m (pid=77252, ip=127.0.0.1)
  File "/Users/dinukaperera/opt/anaconda3/envs/flower_tutorial/lib/python3.10/site-packages/flwr/simulation/ray_transport/ray_client_proxy.py", line 160, in launch_and_evaluate
    return maybe_call_evaluate(
  File "/Users/dinukaperera/opt/anaconda3/envs/flower_tutorial/lib/python3.10/site-packages/flwr/client/client.py", line 205, in maybe_call_evaluate
    return client.evaluate(evaluate_ins)
  File "/Users/dinukaperera/opt/anaconda3/envs/flower_tutorial/lib/python3.10/site-packages/flwr/client/app.py", line 319, in _evaluate
    parameters: NDArrays = parameters_to_ndarrays(ins.parameters)
AttributeError: 'dict' object has no attribute 'parameters'
[2026-01-06 01:01:25,270][flwr][ERROR] - [36mray::launch_and_evaluate()[39m (pid=77245, ip=127.0.0.1)
  File "/Users/dinukaperera/opt/anaconda3/envs/flower_tutorial/lib/python3.10/site-packages/flwr/simulation/ray_transport/ray_client_proxy.py", line 160, in launch_and_evaluate
    return maybe_call_evaluate(
  File "/Users/dinukaperera/opt/anaconda3/envs/flower_tutorial/lib/python3.10/site-packages/flwr/client/client.py", line 205, in maybe_call_evaluate
    return client.evaluate(evaluate_ins)
  File "/Users/dinukaperera/opt/anaconda3/envs/flower_tutorial/lib/python3.10/site-packages/flwr/client/app.py", line 319, in _evaluate
    parameters: NDArrays = parameters_to_ndarrays(ins.parameters)
AttributeError: 'dict' object has no attribute 'parameters'
[2026-01-06 01:01:25,274][flwr][ERROR] - [36mray::launch_and_evaluate()[39m (pid=77244, ip=127.0.0.1)
  File "/Users/dinukaperera/opt/anaconda3/envs/flower_tutorial/lib/python3.10/site-packages/flwr/simulation/ray_transport/ray_client_proxy.py", line 160, in launch_and_evaluate
    return maybe_call_evaluate(
  File "/Users/dinukaperera/opt/anaconda3/envs/flower_tutorial/lib/python3.10/site-packages/flwr/client/client.py", line 205, in maybe_call_evaluate
    return client.evaluate(evaluate_ins)
  File "/Users/dinukaperera/opt/anaconda3/envs/flower_tutorial/lib/python3.10/site-packages/flwr/client/app.py", line 319, in _evaluate
    parameters: NDArrays = parameters_to_ndarrays(ins.parameters)
AttributeError: 'dict' object has no attribute 'parameters'
[2026-01-06 01:01:25,282][flwr][ERROR] - [36mray::launch_and_evaluate()[39m (pid=77244, ip=127.0.0.1)
  File "/Users/dinukaperera/opt/anaconda3/envs/flower_tutorial/lib/python3.10/site-packages/flwr/simulation/ray_transport/ray_client_proxy.py", line 160, in launch_and_evaluate
    return maybe_call_evaluate(
  File "/Users/dinukaperera/opt/anaconda3/envs/flower_tutorial/lib/python3.10/site-packages/flwr/client/client.py", line 205, in maybe_call_evaluate
    return client.evaluate(evaluate_ins)
  File "/Users/dinukaperera/opt/anaconda3/envs/flower_tutorial/lib/python3.10/site-packages/flwr/client/app.py", line 319, in _evaluate
    parameters: NDArrays = parameters_to_ndarrays(ins.parameters)
AttributeError: 'dict' object has no attribute 'parameters'
[2026-01-06 01:01:25,288][flwr][ERROR] - [36mray::launch_and_evaluate()[39m (pid=77244, ip=127.0.0.1)
  File "/Users/dinukaperera/opt/anaconda3/envs/flower_tutorial/lib/python3.10/site-packages/flwr/simulation/ray_transport/ray_client_proxy.py", line 160, in launch_and_evaluate
    return maybe_call_evaluate(
  File "/Users/dinukaperera/opt/anaconda3/envs/flower_tutorial/lib/python3.10/site-packages/flwr/client/client.py", line 205, in maybe_call_evaluate
    return client.evaluate(evaluate_ins)
  File "/Users/dinukaperera/opt/anaconda3/envs/flower_tutorial/lib/python3.10/site-packages/flwr/client/app.py", line 319, in _evaluate
    parameters: NDArrays = parameters_to_ndarrays(ins.parameters)
AttributeError: 'dict' object has no attribute 'parameters'
[2026-01-06 01:01:25,289][flwr][ERROR] - [36mray::launch_and_evaluate()[39m (pid=77245, ip=127.0.0.1)
  File "/Users/dinukaperera/opt/anaconda3/envs/flower_tutorial/lib/python3.10/site-packages/flwr/simulation/ray_transport/ray_client_proxy.py", line 160, in launch_and_evaluate
    return maybe_call_evaluate(
  File "/Users/dinukaperera/opt/anaconda3/envs/flower_tutorial/lib/python3.10/site-packages/flwr/client/client.py", line 205, in maybe_call_evaluate
    return client.evaluate(evaluate_ins)
  File "/Users/dinukaperera/opt/anaconda3/envs/flower_tutorial/lib/python3.10/site-packages/flwr/client/app.py", line 319, in _evaluate
    parameters: NDArrays = parameters_to_ndarrays(ins.parameters)
AttributeError: 'dict' object has no attribute 'parameters'
[2026-01-06 01:01:25,290][flwr][ERROR] - [36mray::launch_and_evaluate()[39m (pid=77252, ip=127.0.0.1)
  File "/Users/dinukaperera/opt/anaconda3/envs/flower_tutorial/lib/python3.10/site-packages/flwr/simulation/ray_transport/ray_client_proxy.py", line 160, in launch_and_evaluate
    return maybe_call_evaluate(
  File "/Users/dinukaperera/opt/anaconda3/envs/flower_tutorial/lib/python3.10/site-packages/flwr/client/client.py", line 205, in maybe_call_evaluate
    return client.evaluate(evaluate_ins)
  File "/Users/dinukaperera/opt/anaconda3/envs/flower_tutorial/lib/python3.10/site-packages/flwr/client/app.py", line 319, in _evaluate
    parameters: NDArrays = parameters_to_ndarrays(ins.parameters)
AttributeError: 'dict' object has no attribute 'parameters'
[2026-01-06 01:01:25,291][flwr][ERROR] - [36mray::launch_and_evaluate()[39m (pid=77249, ip=127.0.0.1)
  File "/Users/dinukaperera/opt/anaconda3/envs/flower_tutorial/lib/python3.10/site-packages/flwr/simulation/ray_transport/ray_client_proxy.py", line 160, in launch_and_evaluate
    return maybe_call_evaluate(
  File "/Users/dinukaperera/opt/anaconda3/envs/flower_tutorial/lib/python3.10/site-packages/flwr/client/client.py", line 205, in maybe_call_evaluate
    return client.evaluate(evaluate_ins)
  File "/Users/dinukaperera/opt/anaconda3/envs/flower_tutorial/lib/python3.10/site-packages/flwr/client/app.py", line 319, in _evaluate
    parameters: NDArrays = parameters_to_ndarrays(ins.parameters)
AttributeError: 'dict' object has no attribute 'parameters'
[2026-01-06 01:01:25,291][flwr][ERROR] - [36mray::launch_and_evaluate()[39m (pid=77247, ip=127.0.0.1)
  File "/Users/dinukaperera/opt/anaconda3/envs/flower_tutorial/lib/python3.10/site-packages/flwr/simulation/ray_transport/ray_client_proxy.py", line 160, in launch_and_evaluate
    return maybe_call_evaluate(
  File "/Users/dinukaperera/opt/anaconda3/envs/flower_tutorial/lib/python3.10/site-packages/flwr/client/client.py", line 205, in maybe_call_evaluate
    return client.evaluate(evaluate_ins)
  File "/Users/dinukaperera/opt/anaconda3/envs/flower_tutorial/lib/python3.10/site-packages/flwr/client/app.py", line 319, in _evaluate
    parameters: NDArrays = parameters_to_ndarrays(ins.parameters)
AttributeError: 'dict' object has no attribute 'parameters'
[2026-01-06 01:01:25,292][flwr][DEBUG] - evaluate_round 12 received 0 results and 25 failures
[2026-01-06 01:01:25,295][flwr][DEBUG] - fit_round 13: strategy sampled 10 clients (out of 100)
[2026-01-06 01:01:25,334][flwr][ERROR] - [36mray::launch_and_fit()[39m (pid=77249, ip=127.0.0.1)
  File "/Users/dinukaperera/opt/anaconda3/envs/flower_tutorial/lib/python3.10/site-packages/flwr/simulation/ray_transport/ray_client_proxy.py", line 148, in launch_and_fit
    return maybe_call_fit(
  File "/Users/dinukaperera/opt/anaconda3/envs/flower_tutorial/lib/python3.10/site-packages/flwr/client/client.py", line 184, in maybe_call_fit
    return client.fit(fit_ins)
  File "/Users/dinukaperera/opt/anaconda3/envs/flower_tutorial/lib/python3.10/site-packages/flwr/client/app.py", line 294, in _fit
    parameters: NDArrays = parameters_to_ndarrays(ins.parameters)
AttributeError: 'dict' object has no attribute 'parameters'
[2026-01-06 01:01:25,335][flwr][ERROR] - [36mray::launch_and_fit()[39m (pid=77252, ip=127.0.0.1)
  File "/Users/dinukaperera/opt/anaconda3/envs/flower_tutorial/lib/python3.10/site-packages/flwr/simulation/ray_transport/ray_client_proxy.py", line 148, in launch_and_fit
    return maybe_call_fit(
  File "/Users/dinukaperera/opt/anaconda3/envs/flower_tutorial/lib/python3.10/site-packages/flwr/client/client.py", line 184, in maybe_call_fit
    return client.fit(fit_ins)
  File "/Users/dinukaperera/opt/anaconda3/envs/flower_tutorial/lib/python3.10/site-packages/flwr/client/app.py", line 294, in _fit
    parameters: NDArrays = parameters_to_ndarrays(ins.parameters)
AttributeError: 'dict' object has no attribute 'parameters'
[2026-01-06 01:01:25,335][flwr][ERROR] - [36mray::launch_and_fit()[39m (pid=77245, ip=127.0.0.1)
  File "/Users/dinukaperera/opt/anaconda3/envs/flower_tutorial/lib/python3.10/site-packages/flwr/simulation/ray_transport/ray_client_proxy.py", line 148, in launch_and_fit
    return maybe_call_fit(
  File "/Users/dinukaperera/opt/anaconda3/envs/flower_tutorial/lib/python3.10/site-packages/flwr/client/client.py", line 184, in maybe_call_fit
    return client.fit(fit_ins)
  File "/Users/dinukaperera/opt/anaconda3/envs/flower_tutorial/lib/python3.10/site-packages/flwr/client/app.py", line 294, in _fit
    parameters: NDArrays = parameters_to_ndarrays(ins.parameters)
AttributeError: 'dict' object has no attribute 'parameters'
[2026-01-06 01:01:25,336][flwr][ERROR] - [36mray::launch_and_fit()[39m (pid=77244, ip=127.0.0.1)
  File "/Users/dinukaperera/opt/anaconda3/envs/flower_tutorial/lib/python3.10/site-packages/flwr/simulation/ray_transport/ray_client_proxy.py", line 148, in launch_and_fit
    return maybe_call_fit(
  File "/Users/dinukaperera/opt/anaconda3/envs/flower_tutorial/lib/python3.10/site-packages/flwr/client/client.py", line 184, in maybe_call_fit
    return client.fit(fit_ins)
  File "/Users/dinukaperera/opt/anaconda3/envs/flower_tutorial/lib/python3.10/site-packages/flwr/client/app.py", line 294, in _fit
    parameters: NDArrays = parameters_to_ndarrays(ins.parameters)
AttributeError: 'dict' object has no attribute 'parameters'
[2026-01-06 01:01:25,338][flwr][ERROR] - [36mray::launch_and_fit()[39m (pid=77250, ip=127.0.0.1)
  File "/Users/dinukaperera/opt/anaconda3/envs/flower_tutorial/lib/python3.10/site-packages/flwr/simulation/ray_transport/ray_client_proxy.py", line 148, in launch_and_fit
    return maybe_call_fit(
  File "/Users/dinukaperera/opt/anaconda3/envs/flower_tutorial/lib/python3.10/site-packages/flwr/client/client.py", line 184, in maybe_call_fit
    return client.fit(fit_ins)
  File "/Users/dinukaperera/opt/anaconda3/envs/flower_tutorial/lib/python3.10/site-packages/flwr/client/app.py", line 294, in _fit
    parameters: NDArrays = parameters_to_ndarrays(ins.parameters)
AttributeError: 'dict' object has no attribute 'parameters'
[2026-01-06 01:01:25,339][flwr][ERROR] - [36mray::launch_and_fit()[39m (pid=77243, ip=127.0.0.1)
  File "/Users/dinukaperera/opt/anaconda3/envs/flower_tutorial/lib/python3.10/site-packages/flwr/simulation/ray_transport/ray_client_proxy.py", line 148, in launch_and_fit
    return maybe_call_fit(
  File "/Users/dinukaperera/opt/anaconda3/envs/flower_tutorial/lib/python3.10/site-packages/flwr/client/client.py", line 184, in maybe_call_fit
    return client.fit(fit_ins)
  File "/Users/dinukaperera/opt/anaconda3/envs/flower_tutorial/lib/python3.10/site-packages/flwr/client/app.py", line 294, in _fit
    parameters: NDArrays = parameters_to_ndarrays(ins.parameters)
AttributeError: 'dict' object has no attribute 'parameters'
[2026-01-06 01:01:25,342][flwr][ERROR] - [36mray::launch_and_fit()[39m (pid=77245, ip=127.0.0.1)
  File "/Users/dinukaperera/opt/anaconda3/envs/flower_tutorial/lib/python3.10/site-packages/flwr/simulation/ray_transport/ray_client_proxy.py", line 148, in launch_and_fit
    return maybe_call_fit(
  File "/Users/dinukaperera/opt/anaconda3/envs/flower_tutorial/lib/python3.10/site-packages/flwr/client/client.py", line 184, in maybe_call_fit
    return client.fit(fit_ins)
  File "/Users/dinukaperera/opt/anaconda3/envs/flower_tutorial/lib/python3.10/site-packages/flwr/client/app.py", line 294, in _fit
    parameters: NDArrays = parameters_to_ndarrays(ins.parameters)
AttributeError: 'dict' object has no attribute 'parameters'
[2026-01-06 01:01:25,343][flwr][ERROR] - [36mray::launch_and_fit()[39m (pid=77252, ip=127.0.0.1)
  File "/Users/dinukaperera/opt/anaconda3/envs/flower_tutorial/lib/python3.10/site-packages/flwr/simulation/ray_transport/ray_client_proxy.py", line 148, in launch_and_fit
    return maybe_call_fit(
  File "/Users/dinukaperera/opt/anaconda3/envs/flower_tutorial/lib/python3.10/site-packages/flwr/client/client.py", line 184, in maybe_call_fit
    return client.fit(fit_ins)
  File "/Users/dinukaperera/opt/anaconda3/envs/flower_tutorial/lib/python3.10/site-packages/flwr/client/app.py", line 294, in _fit
    parameters: NDArrays = parameters_to_ndarrays(ins.parameters)
AttributeError: 'dict' object has no attribute 'parameters'
[2026-01-06 01:01:25,343][flwr][ERROR] - [36mray::launch_and_fit()[39m (pid=77244, ip=127.0.0.1)
  File "/Users/dinukaperera/opt/anaconda3/envs/flower_tutorial/lib/python3.10/site-packages/flwr/simulation/ray_transport/ray_client_proxy.py", line 148, in launch_and_fit
    return maybe_call_fit(
  File "/Users/dinukaperera/opt/anaconda3/envs/flower_tutorial/lib/python3.10/site-packages/flwr/client/client.py", line 184, in maybe_call_fit
    return client.fit(fit_ins)
  File "/Users/dinukaperera/opt/anaconda3/envs/flower_tutorial/lib/python3.10/site-packages/flwr/client/app.py", line 294, in _fit
    parameters: NDArrays = parameters_to_ndarrays(ins.parameters)
AttributeError: 'dict' object has no attribute 'parameters'
[2026-01-06 01:01:25,389][flwr][ERROR] - [36mray::launch_and_fit()[39m (pid=77247, ip=127.0.0.1)
  File "/Users/dinukaperera/opt/anaconda3/envs/flower_tutorial/lib/python3.10/site-packages/flwr/simulation/ray_transport/ray_client_proxy.py", line 148, in launch_and_fit
    return maybe_call_fit(
  File "/Users/dinukaperera/opt/anaconda3/envs/flower_tutorial/lib/python3.10/site-packages/flwr/client/client.py", line 184, in maybe_call_fit
    return client.fit(fit_ins)
  File "/Users/dinukaperera/opt/anaconda3/envs/flower_tutorial/lib/python3.10/site-packages/flwr/client/app.py", line 294, in _fit
    parameters: NDArrays = parameters_to_ndarrays(ins.parameters)
AttributeError: 'dict' object has no attribute 'parameters'
[2026-01-06 01:01:25,393][flwr][DEBUG] - fit_round 13 received 0 results and 10 failures
[2026-01-06 01:01:25,415][flwr][INFO] - fit progress: (13, 68.0167875289917, {'accuracy': 0.5075}, 9.149505833978765)
[2026-01-06 01:01:25,415][flwr][DEBUG] - evaluate_round 13: strategy sampled 25 clients (out of 100)
[2026-01-06 01:01:25,434][flwr][ERROR] - [36mray::launch_and_evaluate()[39m (pid=77247, ip=127.0.0.1)
  File "/Users/dinukaperera/opt/anaconda3/envs/flower_tutorial/lib/python3.10/site-packages/flwr/simulation/ray_transport/ray_client_proxy.py", line 160, in launch_and_evaluate
    return maybe_call_evaluate(
  File "/Users/dinukaperera/opt/anaconda3/envs/flower_tutorial/lib/python3.10/site-packages/flwr/client/client.py", line 205, in maybe_call_evaluate
    return client.evaluate(evaluate_ins)
  File "/Users/dinukaperera/opt/anaconda3/envs/flower_tutorial/lib/python3.10/site-packages/flwr/client/app.py", line 319, in _evaluate
    parameters: NDArrays = parameters_to_ndarrays(ins.parameters)
AttributeError: 'dict' object has no attribute 'parameters'
[2026-01-06 01:01:25,438][flwr][ERROR] - [36mray::launch_and_evaluate()[39m (pid=77244, ip=127.0.0.1)
  File "/Users/dinukaperera/opt/anaconda3/envs/flower_tutorial/lib/python3.10/site-packages/flwr/simulation/ray_transport/ray_client_proxy.py", line 160, in launch_and_evaluate
    return maybe_call_evaluate(
  File "/Users/dinukaperera/opt/anaconda3/envs/flower_tutorial/lib/python3.10/site-packages/flwr/client/client.py", line 205, in maybe_call_evaluate
    return client.evaluate(evaluate_ins)
  File "/Users/dinukaperera/opt/anaconda3/envs/flower_tutorial/lib/python3.10/site-packages/flwr/client/app.py", line 319, in _evaluate
    parameters: NDArrays = parameters_to_ndarrays(ins.parameters)
AttributeError: 'dict' object has no attribute 'parameters'
[2026-01-06 01:01:25,444][flwr][ERROR] - [36mray::launch_and_evaluate()[39m (pid=77247, ip=127.0.0.1)
  File "/Users/dinukaperera/opt/anaconda3/envs/flower_tutorial/lib/python3.10/site-packages/flwr/simulation/ray_transport/ray_client_proxy.py", line 160, in launch_and_evaluate
    return maybe_call_evaluate(
  File "/Users/dinukaperera/opt/anaconda3/envs/flower_tutorial/lib/python3.10/site-packages/flwr/client/client.py", line 205, in maybe_call_evaluate
    return client.evaluate(evaluate_ins)
  File "/Users/dinukaperera/opt/anaconda3/envs/flower_tutorial/lib/python3.10/site-packages/flwr/client/app.py", line 319, in _evaluate
    parameters: NDArrays = parameters_to_ndarrays(ins.parameters)
AttributeError: 'dict' object has no attribute 'parameters'
[2026-01-06 01:01:25,448][flwr][ERROR] - [36mray::launch_and_evaluate()[39m (pid=77244, ip=127.0.0.1)
  File "/Users/dinukaperera/opt/anaconda3/envs/flower_tutorial/lib/python3.10/site-packages/flwr/simulation/ray_transport/ray_client_proxy.py", line 160, in launch_and_evaluate
    return maybe_call_evaluate(
  File "/Users/dinukaperera/opt/anaconda3/envs/flower_tutorial/lib/python3.10/site-packages/flwr/client/client.py", line 205, in maybe_call_evaluate
    return client.evaluate(evaluate_ins)
  File "/Users/dinukaperera/opt/anaconda3/envs/flower_tutorial/lib/python3.10/site-packages/flwr/client/app.py", line 319, in _evaluate
    parameters: NDArrays = parameters_to_ndarrays(ins.parameters)
AttributeError: 'dict' object has no attribute 'parameters'
[2026-01-06 01:01:25,452][flwr][ERROR] - [36mray::launch_and_evaluate()[39m (pid=77244, ip=127.0.0.1)
  File "/Users/dinukaperera/opt/anaconda3/envs/flower_tutorial/lib/python3.10/site-packages/flwr/simulation/ray_transport/ray_client_proxy.py", line 160, in launch_and_evaluate
    return maybe_call_evaluate(
  File "/Users/dinukaperera/opt/anaconda3/envs/flower_tutorial/lib/python3.10/site-packages/flwr/client/client.py", line 205, in maybe_call_evaluate
    return client.evaluate(evaluate_ins)
  File "/Users/dinukaperera/opt/anaconda3/envs/flower_tutorial/lib/python3.10/site-packages/flwr/client/app.py", line 319, in _evaluate
    parameters: NDArrays = parameters_to_ndarrays(ins.parameters)
AttributeError: 'dict' object has no attribute 'parameters'
[2026-01-06 01:01:25,452][flwr][ERROR] - [36mray::launch_and_evaluate()[39m (pid=77247, ip=127.0.0.1)
  File "/Users/dinukaperera/opt/anaconda3/envs/flower_tutorial/lib/python3.10/site-packages/flwr/simulation/ray_transport/ray_client_proxy.py", line 160, in launch_and_evaluate
    return maybe_call_evaluate(
  File "/Users/dinukaperera/opt/anaconda3/envs/flower_tutorial/lib/python3.10/site-packages/flwr/client/client.py", line 205, in maybe_call_evaluate
    return client.evaluate(evaluate_ins)
  File "/Users/dinukaperera/opt/anaconda3/envs/flower_tutorial/lib/python3.10/site-packages/flwr/client/app.py", line 319, in _evaluate
    parameters: NDArrays = parameters_to_ndarrays(ins.parameters)
AttributeError: 'dict' object has no attribute 'parameters'
[2026-01-06 01:01:25,471][flwr][ERROR] - [36mray::launch_and_evaluate()[39m (pid=77244, ip=127.0.0.1)
  File "/Users/dinukaperera/opt/anaconda3/envs/flower_tutorial/lib/python3.10/site-packages/flwr/simulation/ray_transport/ray_client_proxy.py", line 160, in launch_and_evaluate
    return maybe_call_evaluate(
  File "/Users/dinukaperera/opt/anaconda3/envs/flower_tutorial/lib/python3.10/site-packages/flwr/client/client.py", line 205, in maybe_call_evaluate
    return client.evaluate(evaluate_ins)
  File "/Users/dinukaperera/opt/anaconda3/envs/flower_tutorial/lib/python3.10/site-packages/flwr/client/app.py", line 319, in _evaluate
    parameters: NDArrays = parameters_to_ndarrays(ins.parameters)
AttributeError: 'dict' object has no attribute 'parameters'
[2026-01-06 01:01:25,471][flwr][ERROR] - [36mray::launch_and_evaluate()[39m (pid=77247, ip=127.0.0.1)
  File "/Users/dinukaperera/opt/anaconda3/envs/flower_tutorial/lib/python3.10/site-packages/flwr/simulation/ray_transport/ray_client_proxy.py", line 160, in launch_and_evaluate
    return maybe_call_evaluate(
  File "/Users/dinukaperera/opt/anaconda3/envs/flower_tutorial/lib/python3.10/site-packages/flwr/client/client.py", line 205, in maybe_call_evaluate
    return client.evaluate(evaluate_ins)
  File "/Users/dinukaperera/opt/anaconda3/envs/flower_tutorial/lib/python3.10/site-packages/flwr/client/app.py", line 319, in _evaluate
    parameters: NDArrays = parameters_to_ndarrays(ins.parameters)
AttributeError: 'dict' object has no attribute 'parameters'
[2026-01-06 01:01:25,479][flwr][ERROR] - [36mray::launch_and_evaluate()[39m (pid=77244, ip=127.0.0.1)
  File "/Users/dinukaperera/opt/anaconda3/envs/flower_tutorial/lib/python3.10/site-packages/flwr/simulation/ray_transport/ray_client_proxy.py", line 160, in launch_and_evaluate
    return maybe_call_evaluate(
  File "/Users/dinukaperera/opt/anaconda3/envs/flower_tutorial/lib/python3.10/site-packages/flwr/client/client.py", line 205, in maybe_call_evaluate
    return client.evaluate(evaluate_ins)
  File "/Users/dinukaperera/opt/anaconda3/envs/flower_tutorial/lib/python3.10/site-packages/flwr/client/app.py", line 319, in _evaluate
    parameters: NDArrays = parameters_to_ndarrays(ins.parameters)
AttributeError: 'dict' object has no attribute 'parameters'
[2026-01-06 01:01:25,483][flwr][ERROR] - [36mray::launch_and_evaluate()[39m (pid=77247, ip=127.0.0.1)
  File "/Users/dinukaperera/opt/anaconda3/envs/flower_tutorial/lib/python3.10/site-packages/flwr/simulation/ray_transport/ray_client_proxy.py", line 160, in launch_and_evaluate
    return maybe_call_evaluate(
  File "/Users/dinukaperera/opt/anaconda3/envs/flower_tutorial/lib/python3.10/site-packages/flwr/client/client.py", line 205, in maybe_call_evaluate
    return client.evaluate(evaluate_ins)
  File "/Users/dinukaperera/opt/anaconda3/envs/flower_tutorial/lib/python3.10/site-packages/flwr/client/app.py", line 319, in _evaluate
    parameters: NDArrays = parameters_to_ndarrays(ins.parameters)
AttributeError: 'dict' object has no attribute 'parameters'
[2026-01-06 01:01:25,495][flwr][ERROR] - [36mray::launch_and_evaluate()[39m (pid=77247, ip=127.0.0.1)
  File "/Users/dinukaperera/opt/anaconda3/envs/flower_tutorial/lib/python3.10/site-packages/flwr/simulation/ray_transport/ray_client_proxy.py", line 160, in launch_and_evaluate
    return maybe_call_evaluate(
  File "/Users/dinukaperera/opt/anaconda3/envs/flower_tutorial/lib/python3.10/site-packages/flwr/client/client.py", line 205, in maybe_call_evaluate
    return client.evaluate(evaluate_ins)
  File "/Users/dinukaperera/opt/anaconda3/envs/flower_tutorial/lib/python3.10/site-packages/flwr/client/app.py", line 319, in _evaluate
    parameters: NDArrays = parameters_to_ndarrays(ins.parameters)
AttributeError: 'dict' object has no attribute 'parameters'
[2026-01-06 01:01:25,496][flwr][ERROR] - [36mray::launch_and_evaluate()[39m (pid=77243, ip=127.0.0.1)
  File "/Users/dinukaperera/opt/anaconda3/envs/flower_tutorial/lib/python3.10/site-packages/flwr/simulation/ray_transport/ray_client_proxy.py", line 160, in launch_and_evaluate
    return maybe_call_evaluate(
  File "/Users/dinukaperera/opt/anaconda3/envs/flower_tutorial/lib/python3.10/site-packages/flwr/client/client.py", line 205, in maybe_call_evaluate
    return client.evaluate(evaluate_ins)
  File "/Users/dinukaperera/opt/anaconda3/envs/flower_tutorial/lib/python3.10/site-packages/flwr/client/app.py", line 319, in _evaluate
    parameters: NDArrays = parameters_to_ndarrays(ins.parameters)
AttributeError: 'dict' object has no attribute 'parameters'
[2026-01-06 01:01:25,496][flwr][ERROR] - [36mray::launch_and_evaluate()[39m (pid=77252, ip=127.0.0.1)
  File "/Users/dinukaperera/opt/anaconda3/envs/flower_tutorial/lib/python3.10/site-packages/flwr/simulation/ray_transport/ray_client_proxy.py", line 160, in launch_and_evaluate
    return maybe_call_evaluate(
  File "/Users/dinukaperera/opt/anaconda3/envs/flower_tutorial/lib/python3.10/site-packages/flwr/client/client.py", line 205, in maybe_call_evaluate
    return client.evaluate(evaluate_ins)
  File "/Users/dinukaperera/opt/anaconda3/envs/flower_tutorial/lib/python3.10/site-packages/flwr/client/app.py", line 319, in _evaluate
    parameters: NDArrays = parameters_to_ndarrays(ins.parameters)
AttributeError: 'dict' object has no attribute 'parameters'
[2026-01-06 01:01:25,497][flwr][ERROR] - [36mray::launch_and_evaluate()[39m (pid=77245, ip=127.0.0.1)
  File "/Users/dinukaperera/opt/anaconda3/envs/flower_tutorial/lib/python3.10/site-packages/flwr/simulation/ray_transport/ray_client_proxy.py", line 160, in launch_and_evaluate
    return maybe_call_evaluate(
  File "/Users/dinukaperera/opt/anaconda3/envs/flower_tutorial/lib/python3.10/site-packages/flwr/client/client.py", line 205, in maybe_call_evaluate
    return client.evaluate(evaluate_ins)
  File "/Users/dinukaperera/opt/anaconda3/envs/flower_tutorial/lib/python3.10/site-packages/flwr/client/app.py", line 319, in _evaluate
    parameters: NDArrays = parameters_to_ndarrays(ins.parameters)
AttributeError: 'dict' object has no attribute 'parameters'
[2026-01-06 01:01:25,498][flwr][ERROR] - [36mray::launch_and_evaluate()[39m (pid=77244, ip=127.0.0.1)
  File "/Users/dinukaperera/opt/anaconda3/envs/flower_tutorial/lib/python3.10/site-packages/flwr/simulation/ray_transport/ray_client_proxy.py", line 160, in launch_and_evaluate
    return maybe_call_evaluate(
  File "/Users/dinukaperera/opt/anaconda3/envs/flower_tutorial/lib/python3.10/site-packages/flwr/client/client.py", line 205, in maybe_call_evaluate
    return client.evaluate(evaluate_ins)
  File "/Users/dinukaperera/opt/anaconda3/envs/flower_tutorial/lib/python3.10/site-packages/flwr/client/app.py", line 319, in _evaluate
    parameters: NDArrays = parameters_to_ndarrays(ins.parameters)
AttributeError: 'dict' object has no attribute 'parameters'
[2026-01-06 01:01:25,509][flwr][ERROR] - [36mray::launch_and_evaluate()[39m (pid=77245, ip=127.0.0.1)
  File "/Users/dinukaperera/opt/anaconda3/envs/flower_tutorial/lib/python3.10/site-packages/flwr/simulation/ray_transport/ray_client_proxy.py", line 160, in launch_and_evaluate
    return maybe_call_evaluate(
  File "/Users/dinukaperera/opt/anaconda3/envs/flower_tutorial/lib/python3.10/site-packages/flwr/client/client.py", line 205, in maybe_call_evaluate
    return client.evaluate(evaluate_ins)
  File "/Users/dinukaperera/opt/anaconda3/envs/flower_tutorial/lib/python3.10/site-packages/flwr/client/app.py", line 319, in _evaluate
    parameters: NDArrays = parameters_to_ndarrays(ins.parameters)
AttributeError: 'dict' object has no attribute 'parameters'
[2026-01-06 01:01:25,510][flwr][ERROR] - [36mray::launch_and_evaluate()[39m (pid=77247, ip=127.0.0.1)
  File "/Users/dinukaperera/opt/anaconda3/envs/flower_tutorial/lib/python3.10/site-packages/flwr/simulation/ray_transport/ray_client_proxy.py", line 160, in launch_and_evaluate
    return maybe_call_evaluate(
  File "/Users/dinukaperera/opt/anaconda3/envs/flower_tutorial/lib/python3.10/site-packages/flwr/client/client.py", line 205, in maybe_call_evaluate
    return client.evaluate(evaluate_ins)
  File "/Users/dinukaperera/opt/anaconda3/envs/flower_tutorial/lib/python3.10/site-packages/flwr/client/app.py", line 319, in _evaluate
    parameters: NDArrays = parameters_to_ndarrays(ins.parameters)
AttributeError: 'dict' object has no attribute 'parameters'
[2026-01-06 01:01:25,510][flwr][ERROR] - [36mray::launch_and_evaluate()[39m (pid=77243, ip=127.0.0.1)
  File "/Users/dinukaperera/opt/anaconda3/envs/flower_tutorial/lib/python3.10/site-packages/flwr/simulation/ray_transport/ray_client_proxy.py", line 160, in launch_and_evaluate
    return maybe_call_evaluate(
  File "/Users/dinukaperera/opt/anaconda3/envs/flower_tutorial/lib/python3.10/site-packages/flwr/client/client.py", line 205, in maybe_call_evaluate
    return client.evaluate(evaluate_ins)
  File "/Users/dinukaperera/opt/anaconda3/envs/flower_tutorial/lib/python3.10/site-packages/flwr/client/app.py", line 319, in _evaluate
    parameters: NDArrays = parameters_to_ndarrays(ins.parameters)
AttributeError: 'dict' object has no attribute 'parameters'
[2026-01-06 01:01:25,510][flwr][ERROR] - [36mray::launch_and_evaluate()[39m (pid=77252, ip=127.0.0.1)
  File "/Users/dinukaperera/opt/anaconda3/envs/flower_tutorial/lib/python3.10/site-packages/flwr/simulation/ray_transport/ray_client_proxy.py", line 160, in launch_and_evaluate
    return maybe_call_evaluate(
  File "/Users/dinukaperera/opt/anaconda3/envs/flower_tutorial/lib/python3.10/site-packages/flwr/client/client.py", line 205, in maybe_call_evaluate
    return client.evaluate(evaluate_ins)
  File "/Users/dinukaperera/opt/anaconda3/envs/flower_tutorial/lib/python3.10/site-packages/flwr/client/app.py", line 319, in _evaluate
    parameters: NDArrays = parameters_to_ndarrays(ins.parameters)
AttributeError: 'dict' object has no attribute 'parameters'
[2026-01-06 01:01:25,520][flwr][ERROR] - [36mray::launch_and_evaluate()[39m (pid=77247, ip=127.0.0.1)
  File "/Users/dinukaperera/opt/anaconda3/envs/flower_tutorial/lib/python3.10/site-packages/flwr/simulation/ray_transport/ray_client_proxy.py", line 160, in launch_and_evaluate
    return maybe_call_evaluate(
  File "/Users/dinukaperera/opt/anaconda3/envs/flower_tutorial/lib/python3.10/site-packages/flwr/client/client.py", line 205, in maybe_call_evaluate
    return client.evaluate(evaluate_ins)
  File "/Users/dinukaperera/opt/anaconda3/envs/flower_tutorial/lib/python3.10/site-packages/flwr/client/app.py", line 319, in _evaluate
    parameters: NDArrays = parameters_to_ndarrays(ins.parameters)
AttributeError: 'dict' object has no attribute 'parameters'
[2026-01-06 01:01:25,520][flwr][ERROR] - [36mray::launch_and_evaluate()[39m (pid=77245, ip=127.0.0.1)
  File "/Users/dinukaperera/opt/anaconda3/envs/flower_tutorial/lib/python3.10/site-packages/flwr/simulation/ray_transport/ray_client_proxy.py", line 160, in launch_and_evaluate
    return maybe_call_evaluate(
  File "/Users/dinukaperera/opt/anaconda3/envs/flower_tutorial/lib/python3.10/site-packages/flwr/client/client.py", line 205, in maybe_call_evaluate
    return client.evaluate(evaluate_ins)
  File "/Users/dinukaperera/opt/anaconda3/envs/flower_tutorial/lib/python3.10/site-packages/flwr/client/app.py", line 319, in _evaluate
    parameters: NDArrays = parameters_to_ndarrays(ins.parameters)
AttributeError: 'dict' object has no attribute 'parameters'
[2026-01-06 01:01:25,521][flwr][ERROR] - [36mray::launch_and_evaluate()[39m (pid=77243, ip=127.0.0.1)
  File "/Users/dinukaperera/opt/anaconda3/envs/flower_tutorial/lib/python3.10/site-packages/flwr/simulation/ray_transport/ray_client_proxy.py", line 160, in launch_and_evaluate
    return maybe_call_evaluate(
  File "/Users/dinukaperera/opt/anaconda3/envs/flower_tutorial/lib/python3.10/site-packages/flwr/client/client.py", line 205, in maybe_call_evaluate
    return client.evaluate(evaluate_ins)
  File "/Users/dinukaperera/opt/anaconda3/envs/flower_tutorial/lib/python3.10/site-packages/flwr/client/app.py", line 319, in _evaluate
    parameters: NDArrays = parameters_to_ndarrays(ins.parameters)
AttributeError: 'dict' object has no attribute 'parameters'
[2026-01-06 01:01:25,522][flwr][ERROR] - [36mray::launch_and_evaluate()[39m (pid=77252, ip=127.0.0.1)
  File "/Users/dinukaperera/opt/anaconda3/envs/flower_tutorial/lib/python3.10/site-packages/flwr/simulation/ray_transport/ray_client_proxy.py", line 160, in launch_and_evaluate
    return maybe_call_evaluate(
  File "/Users/dinukaperera/opt/anaconda3/envs/flower_tutorial/lib/python3.10/site-packages/flwr/client/client.py", line 205, in maybe_call_evaluate
    return client.evaluate(evaluate_ins)
  File "/Users/dinukaperera/opt/anaconda3/envs/flower_tutorial/lib/python3.10/site-packages/flwr/client/app.py", line 319, in _evaluate
    parameters: NDArrays = parameters_to_ndarrays(ins.parameters)
AttributeError: 'dict' object has no attribute 'parameters'
[2026-01-06 01:01:25,525][flwr][ERROR] - [36mray::launch_and_evaluate()[39m (pid=77245, ip=127.0.0.1)
  File "/Users/dinukaperera/opt/anaconda3/envs/flower_tutorial/lib/python3.10/site-packages/flwr/simulation/ray_transport/ray_client_proxy.py", line 160, in launch_and_evaluate
    return maybe_call_evaluate(
  File "/Users/dinukaperera/opt/anaconda3/envs/flower_tutorial/lib/python3.10/site-packages/flwr/client/client.py", line 205, in maybe_call_evaluate
    return client.evaluate(evaluate_ins)
  File "/Users/dinukaperera/opt/anaconda3/envs/flower_tutorial/lib/python3.10/site-packages/flwr/client/app.py", line 319, in _evaluate
    parameters: NDArrays = parameters_to_ndarrays(ins.parameters)
AttributeError: 'dict' object has no attribute 'parameters'
[2026-01-06 01:01:25,528][flwr][ERROR] - [36mray::launch_and_evaluate()[39m (pid=77252, ip=127.0.0.1)
  File "/Users/dinukaperera/opt/anaconda3/envs/flower_tutorial/lib/python3.10/site-packages/flwr/simulation/ray_transport/ray_client_proxy.py", line 160, in launch_and_evaluate
    return maybe_call_evaluate(
  File "/Users/dinukaperera/opt/anaconda3/envs/flower_tutorial/lib/python3.10/site-packages/flwr/client/client.py", line 205, in maybe_call_evaluate
    return client.evaluate(evaluate_ins)
  File "/Users/dinukaperera/opt/anaconda3/envs/flower_tutorial/lib/python3.10/site-packages/flwr/client/app.py", line 319, in _evaluate
    parameters: NDArrays = parameters_to_ndarrays(ins.parameters)
AttributeError: 'dict' object has no attribute 'parameters'
[2026-01-06 01:01:25,529][flwr][DEBUG] - evaluate_round 13 received 0 results and 25 failures
[2026-01-06 01:01:25,530][flwr][DEBUG] - fit_round 14: strategy sampled 10 clients (out of 100)
[2026-01-06 01:01:25,569][flwr][ERROR] - [36mray::launch_and_fit()[39m (pid=77252, ip=127.0.0.1)
  File "/Users/dinukaperera/opt/anaconda3/envs/flower_tutorial/lib/python3.10/site-packages/flwr/simulation/ray_transport/ray_client_proxy.py", line 148, in launch_and_fit
    return maybe_call_fit(
  File "/Users/dinukaperera/opt/anaconda3/envs/flower_tutorial/lib/python3.10/site-packages/flwr/client/client.py", line 184, in maybe_call_fit
    return client.fit(fit_ins)
  File "/Users/dinukaperera/opt/anaconda3/envs/flower_tutorial/lib/python3.10/site-packages/flwr/client/app.py", line 294, in _fit
    parameters: NDArrays = parameters_to_ndarrays(ins.parameters)
AttributeError: 'dict' object has no attribute 'parameters'
[2026-01-06 01:01:25,570][flwr][ERROR] - [36mray::launch_and_fit()[39m (pid=77245, ip=127.0.0.1)
  File "/Users/dinukaperera/opt/anaconda3/envs/flower_tutorial/lib/python3.10/site-packages/flwr/simulation/ray_transport/ray_client_proxy.py", line 148, in launch_and_fit
    return maybe_call_fit(
  File "/Users/dinukaperera/opt/anaconda3/envs/flower_tutorial/lib/python3.10/site-packages/flwr/client/client.py", line 184, in maybe_call_fit
    return client.fit(fit_ins)
  File "/Users/dinukaperera/opt/anaconda3/envs/flower_tutorial/lib/python3.10/site-packages/flwr/client/app.py", line 294, in _fit
    parameters: NDArrays = parameters_to_ndarrays(ins.parameters)
AttributeError: 'dict' object has no attribute 'parameters'
[2026-01-06 01:01:25,572][flwr][ERROR] - [36mray::launch_and_fit()[39m (pid=77252, ip=127.0.0.1)
  File "/Users/dinukaperera/opt/anaconda3/envs/flower_tutorial/lib/python3.10/site-packages/flwr/simulation/ray_transport/ray_client_proxy.py", line 148, in launch_and_fit
    return maybe_call_fit(
  File "/Users/dinukaperera/opt/anaconda3/envs/flower_tutorial/lib/python3.10/site-packages/flwr/client/client.py", line 184, in maybe_call_fit
    return client.fit(fit_ins)
  File "/Users/dinukaperera/opt/anaconda3/envs/flower_tutorial/lib/python3.10/site-packages/flwr/client/app.py", line 294, in _fit
    parameters: NDArrays = parameters_to_ndarrays(ins.parameters)
AttributeError: 'dict' object has no attribute 'parameters'
[2026-01-06 01:01:25,573][flwr][ERROR] - [36mray::launch_and_fit()[39m (pid=77243, ip=127.0.0.1)
  File "/Users/dinukaperera/opt/anaconda3/envs/flower_tutorial/lib/python3.10/site-packages/flwr/simulation/ray_transport/ray_client_proxy.py", line 148, in launch_and_fit
    return maybe_call_fit(
  File "/Users/dinukaperera/opt/anaconda3/envs/flower_tutorial/lib/python3.10/site-packages/flwr/client/client.py", line 184, in maybe_call_fit
    return client.fit(fit_ins)
  File "/Users/dinukaperera/opt/anaconda3/envs/flower_tutorial/lib/python3.10/site-packages/flwr/client/app.py", line 294, in _fit
    parameters: NDArrays = parameters_to_ndarrays(ins.parameters)
AttributeError: 'dict' object has no attribute 'parameters'
[2026-01-06 01:01:25,576][flwr][ERROR] - [36mray::launch_and_fit()[39m (pid=77245, ip=127.0.0.1)
  File "/Users/dinukaperera/opt/anaconda3/envs/flower_tutorial/lib/python3.10/site-packages/flwr/simulation/ray_transport/ray_client_proxy.py", line 148, in launch_and_fit
    return maybe_call_fit(
  File "/Users/dinukaperera/opt/anaconda3/envs/flower_tutorial/lib/python3.10/site-packages/flwr/client/client.py", line 184, in maybe_call_fit
    return client.fit(fit_ins)
  File "/Users/dinukaperera/opt/anaconda3/envs/flower_tutorial/lib/python3.10/site-packages/flwr/client/app.py", line 294, in _fit
    parameters: NDArrays = parameters_to_ndarrays(ins.parameters)
AttributeError: 'dict' object has no attribute 'parameters'
[2026-01-06 01:01:25,577][flwr][ERROR] - [36mray::launch_and_fit()[39m (pid=77247, ip=127.0.0.1)
  File "/Users/dinukaperera/opt/anaconda3/envs/flower_tutorial/lib/python3.10/site-packages/flwr/simulation/ray_transport/ray_client_proxy.py", line 148, in launch_and_fit
    return maybe_call_fit(
  File "/Users/dinukaperera/opt/anaconda3/envs/flower_tutorial/lib/python3.10/site-packages/flwr/client/client.py", line 184, in maybe_call_fit
    return client.fit(fit_ins)
  File "/Users/dinukaperera/opt/anaconda3/envs/flower_tutorial/lib/python3.10/site-packages/flwr/client/app.py", line 294, in _fit
    parameters: NDArrays = parameters_to_ndarrays(ins.parameters)
AttributeError: 'dict' object has no attribute 'parameters'
[2026-01-06 01:01:25,579][flwr][ERROR] - [36mray::launch_and_fit()[39m (pid=77249, ip=127.0.0.1)
  File "/Users/dinukaperera/opt/anaconda3/envs/flower_tutorial/lib/python3.10/site-packages/flwr/simulation/ray_transport/ray_client_proxy.py", line 148, in launch_and_fit
    return maybe_call_fit(
  File "/Users/dinukaperera/opt/anaconda3/envs/flower_tutorial/lib/python3.10/site-packages/flwr/client/client.py", line 184, in maybe_call_fit
    return client.fit(fit_ins)
  File "/Users/dinukaperera/opt/anaconda3/envs/flower_tutorial/lib/python3.10/site-packages/flwr/client/app.py", line 294, in _fit
    parameters: NDArrays = parameters_to_ndarrays(ins.parameters)
AttributeError: 'dict' object has no attribute 'parameters'
[2026-01-06 01:01:25,579][flwr][ERROR] - [36mray::launch_and_fit()[39m (pid=77244, ip=127.0.0.1)
  File "/Users/dinukaperera/opt/anaconda3/envs/flower_tutorial/lib/python3.10/site-packages/flwr/simulation/ray_transport/ray_client_proxy.py", line 148, in launch_and_fit
    return maybe_call_fit(
  File "/Users/dinukaperera/opt/anaconda3/envs/flower_tutorial/lib/python3.10/site-packages/flwr/client/client.py", line 184, in maybe_call_fit
    return client.fit(fit_ins)
  File "/Users/dinukaperera/opt/anaconda3/envs/flower_tutorial/lib/python3.10/site-packages/flwr/client/app.py", line 294, in _fit
    parameters: NDArrays = parameters_to_ndarrays(ins.parameters)
AttributeError: 'dict' object has no attribute 'parameters'
[2026-01-06 01:01:25,580][flwr][ERROR] - [36mray::launch_and_fit()[39m (pid=77250, ip=127.0.0.1)
  File "/Users/dinukaperera/opt/anaconda3/envs/flower_tutorial/lib/python3.10/site-packages/flwr/simulation/ray_transport/ray_client_proxy.py", line 148, in launch_and_fit
    return maybe_call_fit(
  File "/Users/dinukaperera/opt/anaconda3/envs/flower_tutorial/lib/python3.10/site-packages/flwr/client/client.py", line 184, in maybe_call_fit
    return client.fit(fit_ins)
  File "/Users/dinukaperera/opt/anaconda3/envs/flower_tutorial/lib/python3.10/site-packages/flwr/client/app.py", line 294, in _fit
    parameters: NDArrays = parameters_to_ndarrays(ins.parameters)
AttributeError: 'dict' object has no attribute 'parameters'
[2026-01-06 01:01:25,580][flwr][ERROR] - [36mray::launch_and_fit()[39m (pid=77243, ip=127.0.0.1)
  File "/Users/dinukaperera/opt/anaconda3/envs/flower_tutorial/lib/python3.10/site-packages/flwr/simulation/ray_transport/ray_client_proxy.py", line 148, in launch_and_fit
    return maybe_call_fit(
  File "/Users/dinukaperera/opt/anaconda3/envs/flower_tutorial/lib/python3.10/site-packages/flwr/client/client.py", line 184, in maybe_call_fit
    return client.fit(fit_ins)
  File "/Users/dinukaperera/opt/anaconda3/envs/flower_tutorial/lib/python3.10/site-packages/flwr/client/app.py", line 294, in _fit
    parameters: NDArrays = parameters_to_ndarrays(ins.parameters)
AttributeError: 'dict' object has no attribute 'parameters'
[2026-01-06 01:01:25,582][flwr][DEBUG] - fit_round 14 received 0 results and 10 failures
[2026-01-06 01:01:25,603][flwr][INFO] - fit progress: (14, 68.0167875289917, {'accuracy': 0.5075}, 9.337809624965303)
[2026-01-06 01:01:25,604][flwr][DEBUG] - evaluate_round 14: strategy sampled 25 clients (out of 100)
[2026-01-06 01:01:25,632][flwr][ERROR] - [36mray::launch_and_evaluate()[39m (pid=77243, ip=127.0.0.1)
  File "/Users/dinukaperera/opt/anaconda3/envs/flower_tutorial/lib/python3.10/site-packages/flwr/simulation/ray_transport/ray_client_proxy.py", line 160, in launch_and_evaluate
    return maybe_call_evaluate(
  File "/Users/dinukaperera/opt/anaconda3/envs/flower_tutorial/lib/python3.10/site-packages/flwr/client/client.py", line 205, in maybe_call_evaluate
    return client.evaluate(evaluate_ins)
  File "/Users/dinukaperera/opt/anaconda3/envs/flower_tutorial/lib/python3.10/site-packages/flwr/client/app.py", line 319, in _evaluate
    parameters: NDArrays = parameters_to_ndarrays(ins.parameters)
AttributeError: 'dict' object has no attribute 'parameters'
[2026-01-06 01:01:25,633][flwr][ERROR] - [36mray::launch_and_evaluate()[39m (pid=77243, ip=127.0.0.1)
  File "/Users/dinukaperera/opt/anaconda3/envs/flower_tutorial/lib/python3.10/site-packages/flwr/simulation/ray_transport/ray_client_proxy.py", line 160, in launch_and_evaluate
    return maybe_call_evaluate(
  File "/Users/dinukaperera/opt/anaconda3/envs/flower_tutorial/lib/python3.10/site-packages/flwr/client/client.py", line 205, in maybe_call_evaluate
    return client.evaluate(evaluate_ins)
  File "/Users/dinukaperera/opt/anaconda3/envs/flower_tutorial/lib/python3.10/site-packages/flwr/client/app.py", line 319, in _evaluate
    parameters: NDArrays = parameters_to_ndarrays(ins.parameters)
AttributeError: 'dict' object has no attribute 'parameters'
[2026-01-06 01:01:25,638][flwr][ERROR] - [36mray::launch_and_evaluate()[39m (pid=77250, ip=127.0.0.1)
  File "/Users/dinukaperera/opt/anaconda3/envs/flower_tutorial/lib/python3.10/site-packages/flwr/simulation/ray_transport/ray_client_proxy.py", line 160, in launch_and_evaluate
    return maybe_call_evaluate(
  File "/Users/dinukaperera/opt/anaconda3/envs/flower_tutorial/lib/python3.10/site-packages/flwr/client/client.py", line 205, in maybe_call_evaluate
    return client.evaluate(evaluate_ins)
  File "/Users/dinukaperera/opt/anaconda3/envs/flower_tutorial/lib/python3.10/site-packages/flwr/client/app.py", line 319, in _evaluate
    parameters: NDArrays = parameters_to_ndarrays(ins.parameters)
AttributeError: 'dict' object has no attribute 'parameters'
[2026-01-06 01:01:25,638][flwr][ERROR] - [36mray::launch_and_evaluate()[39m (pid=77244, ip=127.0.0.1)
  File "/Users/dinukaperera/opt/anaconda3/envs/flower_tutorial/lib/python3.10/site-packages/flwr/simulation/ray_transport/ray_client_proxy.py", line 160, in launch_and_evaluate
    return maybe_call_evaluate(
  File "/Users/dinukaperera/opt/anaconda3/envs/flower_tutorial/lib/python3.10/site-packages/flwr/client/client.py", line 205, in maybe_call_evaluate
    return client.evaluate(evaluate_ins)
  File "/Users/dinukaperera/opt/anaconda3/envs/flower_tutorial/lib/python3.10/site-packages/flwr/client/app.py", line 319, in _evaluate
    parameters: NDArrays = parameters_to_ndarrays(ins.parameters)
AttributeError: 'dict' object has no attribute 'parameters'
[2026-01-06 01:01:25,645][flwr][ERROR] - [36mray::launch_and_evaluate()[39m (pid=77249, ip=127.0.0.1)
  File "/Users/dinukaperera/opt/anaconda3/envs/flower_tutorial/lib/python3.10/site-packages/flwr/simulation/ray_transport/ray_client_proxy.py", line 160, in launch_and_evaluate
    return maybe_call_evaluate(
  File "/Users/dinukaperera/opt/anaconda3/envs/flower_tutorial/lib/python3.10/site-packages/flwr/client/client.py", line 205, in maybe_call_evaluate
    return client.evaluate(evaluate_ins)
  File "/Users/dinukaperera/opt/anaconda3/envs/flower_tutorial/lib/python3.10/site-packages/flwr/client/app.py", line 319, in _evaluate
    parameters: NDArrays = parameters_to_ndarrays(ins.parameters)
AttributeError: 'dict' object has no attribute 'parameters'
[2026-01-06 01:01:25,646][flwr][ERROR] - [36mray::launch_and_evaluate()[39m (pid=77247, ip=127.0.0.1)
  File "/Users/dinukaperera/opt/anaconda3/envs/flower_tutorial/lib/python3.10/site-packages/flwr/simulation/ray_transport/ray_client_proxy.py", line 160, in launch_and_evaluate
    return maybe_call_evaluate(
  File "/Users/dinukaperera/opt/anaconda3/envs/flower_tutorial/lib/python3.10/site-packages/flwr/client/client.py", line 205, in maybe_call_evaluate
    return client.evaluate(evaluate_ins)
  File "/Users/dinukaperera/opt/anaconda3/envs/flower_tutorial/lib/python3.10/site-packages/flwr/client/app.py", line 319, in _evaluate
    parameters: NDArrays = parameters_to_ndarrays(ins.parameters)
AttributeError: 'dict' object has no attribute 'parameters'
[2026-01-06 01:01:25,647][flwr][ERROR] - [36mray::launch_and_evaluate()[39m (pid=77250, ip=127.0.0.1)
  File "/Users/dinukaperera/opt/anaconda3/envs/flower_tutorial/lib/python3.10/site-packages/flwr/simulation/ray_transport/ray_client_proxy.py", line 160, in launch_and_evaluate
    return maybe_call_evaluate(
  File "/Users/dinukaperera/opt/anaconda3/envs/flower_tutorial/lib/python3.10/site-packages/flwr/client/client.py", line 205, in maybe_call_evaluate
    return client.evaluate(evaluate_ins)
  File "/Users/dinukaperera/opt/anaconda3/envs/flower_tutorial/lib/python3.10/site-packages/flwr/client/app.py", line 319, in _evaluate
    parameters: NDArrays = parameters_to_ndarrays(ins.parameters)
AttributeError: 'dict' object has no attribute 'parameters'
[2026-01-06 01:01:25,647][flwr][ERROR] - [36mray::launch_and_evaluate()[39m (pid=77243, ip=127.0.0.1)
  File "/Users/dinukaperera/opt/anaconda3/envs/flower_tutorial/lib/python3.10/site-packages/flwr/simulation/ray_transport/ray_client_proxy.py", line 160, in launch_and_evaluate
    return maybe_call_evaluate(
  File "/Users/dinukaperera/opt/anaconda3/envs/flower_tutorial/lib/python3.10/site-packages/flwr/client/client.py", line 205, in maybe_call_evaluate
    return client.evaluate(evaluate_ins)
  File "/Users/dinukaperera/opt/anaconda3/envs/flower_tutorial/lib/python3.10/site-packages/flwr/client/app.py", line 319, in _evaluate
    parameters: NDArrays = parameters_to_ndarrays(ins.parameters)
AttributeError: 'dict' object has no attribute 'parameters'
[2026-01-06 01:01:25,655][flwr][ERROR] - [36mray::launch_and_evaluate()[39m (pid=77250, ip=127.0.0.1)
  File "/Users/dinukaperera/opt/anaconda3/envs/flower_tutorial/lib/python3.10/site-packages/flwr/simulation/ray_transport/ray_client_proxy.py", line 160, in launch_and_evaluate
    return maybe_call_evaluate(
  File "/Users/dinukaperera/opt/anaconda3/envs/flower_tutorial/lib/python3.10/site-packages/flwr/client/client.py", line 205, in maybe_call_evaluate
    return client.evaluate(evaluate_ins)
  File "/Users/dinukaperera/opt/anaconda3/envs/flower_tutorial/lib/python3.10/site-packages/flwr/client/app.py", line 319, in _evaluate
    parameters: NDArrays = parameters_to_ndarrays(ins.parameters)
AttributeError: 'dict' object has no attribute 'parameters'
[2026-01-06 01:01:25,655][flwr][ERROR] - [36mray::launch_and_evaluate()[39m (pid=77247, ip=127.0.0.1)
  File "/Users/dinukaperera/opt/anaconda3/envs/flower_tutorial/lib/python3.10/site-packages/flwr/simulation/ray_transport/ray_client_proxy.py", line 160, in launch_and_evaluate
    return maybe_call_evaluate(
  File "/Users/dinukaperera/opt/anaconda3/envs/flower_tutorial/lib/python3.10/site-packages/flwr/client/client.py", line 205, in maybe_call_evaluate
    return client.evaluate(evaluate_ins)
  File "/Users/dinukaperera/opt/anaconda3/envs/flower_tutorial/lib/python3.10/site-packages/flwr/client/app.py", line 319, in _evaluate
    parameters: NDArrays = parameters_to_ndarrays(ins.parameters)
AttributeError: 'dict' object has no attribute 'parameters'
[2026-01-06 01:01:25,677][flwr][ERROR] - [36mray::launch_and_evaluate()[39m (pid=77249, ip=127.0.0.1)
  File "/Users/dinukaperera/opt/anaconda3/envs/flower_tutorial/lib/python3.10/site-packages/flwr/simulation/ray_transport/ray_client_proxy.py", line 160, in launch_and_evaluate
    return maybe_call_evaluate(
  File "/Users/dinukaperera/opt/anaconda3/envs/flower_tutorial/lib/python3.10/site-packages/flwr/client/client.py", line 205, in maybe_call_evaluate
    return client.evaluate(evaluate_ins)
  File "/Users/dinukaperera/opt/anaconda3/envs/flower_tutorial/lib/python3.10/site-packages/flwr/client/app.py", line 319, in _evaluate
    parameters: NDArrays = parameters_to_ndarrays(ins.parameters)
AttributeError: 'dict' object has no attribute 'parameters'
[2026-01-06 01:01:25,678][flwr][ERROR] - [36mray::launch_and_evaluate()[39m (pid=77249, ip=127.0.0.1)
  File "/Users/dinukaperera/opt/anaconda3/envs/flower_tutorial/lib/python3.10/site-packages/flwr/simulation/ray_transport/ray_client_proxy.py", line 160, in launch_and_evaluate
    return maybe_call_evaluate(
  File "/Users/dinukaperera/opt/anaconda3/envs/flower_tutorial/lib/python3.10/site-packages/flwr/client/client.py", line 205, in maybe_call_evaluate
    return client.evaluate(evaluate_ins)
  File "/Users/dinukaperera/opt/anaconda3/envs/flower_tutorial/lib/python3.10/site-packages/flwr/client/app.py", line 319, in _evaluate
    parameters: NDArrays = parameters_to_ndarrays(ins.parameters)
AttributeError: 'dict' object has no attribute 'parameters'
[2026-01-06 01:01:25,683][flwr][ERROR] - [36mray::launch_and_evaluate()[39m (pid=77247, ip=127.0.0.1)
  File "/Users/dinukaperera/opt/anaconda3/envs/flower_tutorial/lib/python3.10/site-packages/flwr/simulation/ray_transport/ray_client_proxy.py", line 160, in launch_and_evaluate
    return maybe_call_evaluate(
  File "/Users/dinukaperera/opt/anaconda3/envs/flower_tutorial/lib/python3.10/site-packages/flwr/client/client.py", line 205, in maybe_call_evaluate
    return client.evaluate(evaluate_ins)
  File "/Users/dinukaperera/opt/anaconda3/envs/flower_tutorial/lib/python3.10/site-packages/flwr/client/app.py", line 319, in _evaluate
    parameters: NDArrays = parameters_to_ndarrays(ins.parameters)
AttributeError: 'dict' object has no attribute 'parameters'
[2026-01-06 01:01:25,683][flwr][ERROR] - [36mray::launch_and_evaluate()[39m (pid=77250, ip=127.0.0.1)
  File "/Users/dinukaperera/opt/anaconda3/envs/flower_tutorial/lib/python3.10/site-packages/flwr/simulation/ray_transport/ray_client_proxy.py", line 160, in launch_and_evaluate
    return maybe_call_evaluate(
  File "/Users/dinukaperera/opt/anaconda3/envs/flower_tutorial/lib/python3.10/site-packages/flwr/client/client.py", line 205, in maybe_call_evaluate
    return client.evaluate(evaluate_ins)
  File "/Users/dinukaperera/opt/anaconda3/envs/flower_tutorial/lib/python3.10/site-packages/flwr/client/app.py", line 319, in _evaluate
    parameters: NDArrays = parameters_to_ndarrays(ins.parameters)
AttributeError: 'dict' object has no attribute 'parameters'
[2026-01-06 01:01:25,683][flwr][ERROR] - [36mray::launch_and_evaluate()[39m (pid=77243, ip=127.0.0.1)
  File "/Users/dinukaperera/opt/anaconda3/envs/flower_tutorial/lib/python3.10/site-packages/flwr/simulation/ray_transport/ray_client_proxy.py", line 160, in launch_and_evaluate
    return maybe_call_evaluate(
  File "/Users/dinukaperera/opt/anaconda3/envs/flower_tutorial/lib/python3.10/site-packages/flwr/client/client.py", line 205, in maybe_call_evaluate
    return client.evaluate(evaluate_ins)
  File "/Users/dinukaperera/opt/anaconda3/envs/flower_tutorial/lib/python3.10/site-packages/flwr/client/app.py", line 319, in _evaluate
    parameters: NDArrays = parameters_to_ndarrays(ins.parameters)
AttributeError: 'dict' object has no attribute 'parameters'
[2026-01-06 01:01:25,689][flwr][ERROR] - [36mray::launch_and_evaluate()[39m (pid=77244, ip=127.0.0.1)
  File "/Users/dinukaperera/opt/anaconda3/envs/flower_tutorial/lib/python3.10/site-packages/flwr/simulation/ray_transport/ray_client_proxy.py", line 160, in launch_and_evaluate
    return maybe_call_evaluate(
  File "/Users/dinukaperera/opt/anaconda3/envs/flower_tutorial/lib/python3.10/site-packages/flwr/client/client.py", line 205, in maybe_call_evaluate
    return client.evaluate(evaluate_ins)
  File "/Users/dinukaperera/opt/anaconda3/envs/flower_tutorial/lib/python3.10/site-packages/flwr/client/app.py", line 319, in _evaluate
    parameters: NDArrays = parameters_to_ndarrays(ins.parameters)
AttributeError: 'dict' object has no attribute 'parameters'
[2026-01-06 01:01:25,689][flwr][ERROR] - [36mray::launch_and_evaluate()[39m (pid=77249, ip=127.0.0.1)
  File "/Users/dinukaperera/opt/anaconda3/envs/flower_tutorial/lib/python3.10/site-packages/flwr/simulation/ray_transport/ray_client_proxy.py", line 160, in launch_and_evaluate
    return maybe_call_evaluate(
  File "/Users/dinukaperera/opt/anaconda3/envs/flower_tutorial/lib/python3.10/site-packages/flwr/client/client.py", line 205, in maybe_call_evaluate
    return client.evaluate(evaluate_ins)
  File "/Users/dinukaperera/opt/anaconda3/envs/flower_tutorial/lib/python3.10/site-packages/flwr/client/app.py", line 319, in _evaluate
    parameters: NDArrays = parameters_to_ndarrays(ins.parameters)
AttributeError: 'dict' object has no attribute 'parameters'
[2026-01-06 01:01:25,689][flwr][ERROR] - [36mray::launch_and_evaluate()[39m (pid=77247, ip=127.0.0.1)
  File "/Users/dinukaperera/opt/anaconda3/envs/flower_tutorial/lib/python3.10/site-packages/flwr/simulation/ray_transport/ray_client_proxy.py", line 160, in launch_and_evaluate
    return maybe_call_evaluate(
  File "/Users/dinukaperera/opt/anaconda3/envs/flower_tutorial/lib/python3.10/site-packages/flwr/client/client.py", line 205, in maybe_call_evaluate
    return client.evaluate(evaluate_ins)
  File "/Users/dinukaperera/opt/anaconda3/envs/flower_tutorial/lib/python3.10/site-packages/flwr/client/app.py", line 319, in _evaluate
    parameters: NDArrays = parameters_to_ndarrays(ins.parameters)
AttributeError: 'dict' object has no attribute 'parameters'
[2026-01-06 01:01:25,690][flwr][ERROR] - [36mray::launch_and_evaluate()[39m (pid=77243, ip=127.0.0.1)
  File "/Users/dinukaperera/opt/anaconda3/envs/flower_tutorial/lib/python3.10/site-packages/flwr/simulation/ray_transport/ray_client_proxy.py", line 160, in launch_and_evaluate
    return maybe_call_evaluate(
  File "/Users/dinukaperera/opt/anaconda3/envs/flower_tutorial/lib/python3.10/site-packages/flwr/client/client.py", line 205, in maybe_call_evaluate
    return client.evaluate(evaluate_ins)
  File "/Users/dinukaperera/opt/anaconda3/envs/flower_tutorial/lib/python3.10/site-packages/flwr/client/app.py", line 319, in _evaluate
    parameters: NDArrays = parameters_to_ndarrays(ins.parameters)
AttributeError: 'dict' object has no attribute 'parameters'
[2026-01-06 01:01:25,698][flwr][ERROR] - [36mray::launch_and_evaluate()[39m (pid=77243, ip=127.0.0.1)
  File "/Users/dinukaperera/opt/anaconda3/envs/flower_tutorial/lib/python3.10/site-packages/flwr/simulation/ray_transport/ray_client_proxy.py", line 160, in launch_and_evaluate
    return maybe_call_evaluate(
  File "/Users/dinukaperera/opt/anaconda3/envs/flower_tutorial/lib/python3.10/site-packages/flwr/client/client.py", line 205, in maybe_call_evaluate
    return client.evaluate(evaluate_ins)
  File "/Users/dinukaperera/opt/anaconda3/envs/flower_tutorial/lib/python3.10/site-packages/flwr/client/app.py", line 319, in _evaluate
    parameters: NDArrays = parameters_to_ndarrays(ins.parameters)
AttributeError: 'dict' object has no attribute 'parameters'
[2026-01-06 01:01:25,703][flwr][ERROR] - [36mray::launch_and_evaluate()[39m (pid=77244, ip=127.0.0.1)
  File "/Users/dinukaperera/opt/anaconda3/envs/flower_tutorial/lib/python3.10/site-packages/flwr/simulation/ray_transport/ray_client_proxy.py", line 160, in launch_and_evaluate
    return maybe_call_evaluate(
  File "/Users/dinukaperera/opt/anaconda3/envs/flower_tutorial/lib/python3.10/site-packages/flwr/client/client.py", line 205, in maybe_call_evaluate
    return client.evaluate(evaluate_ins)
  File "/Users/dinukaperera/opt/anaconda3/envs/flower_tutorial/lib/python3.10/site-packages/flwr/client/app.py", line 319, in _evaluate
    parameters: NDArrays = parameters_to_ndarrays(ins.parameters)
AttributeError: 'dict' object has no attribute 'parameters'
[2026-01-06 01:01:25,709][flwr][ERROR] - [36mray::launch_and_evaluate()[39m (pid=77244, ip=127.0.0.1)
  File "/Users/dinukaperera/opt/anaconda3/envs/flower_tutorial/lib/python3.10/site-packages/flwr/simulation/ray_transport/ray_client_proxy.py", line 160, in launch_and_evaluate
    return maybe_call_evaluate(
  File "/Users/dinukaperera/opt/anaconda3/envs/flower_tutorial/lib/python3.10/site-packages/flwr/client/client.py", line 205, in maybe_call_evaluate
    return client.evaluate(evaluate_ins)
  File "/Users/dinukaperera/opt/anaconda3/envs/flower_tutorial/lib/python3.10/site-packages/flwr/client/app.py", line 319, in _evaluate
    parameters: NDArrays = parameters_to_ndarrays(ins.parameters)
AttributeError: 'dict' object has no attribute 'parameters'
[2026-01-06 01:01:25,713][flwr][ERROR] - [36mray::launch_and_evaluate()[39m (pid=77243, ip=127.0.0.1)
  File "/Users/dinukaperera/opt/anaconda3/envs/flower_tutorial/lib/python3.10/site-packages/flwr/simulation/ray_transport/ray_client_proxy.py", line 160, in launch_and_evaluate
    return maybe_call_evaluate(
  File "/Users/dinukaperera/opt/anaconda3/envs/flower_tutorial/lib/python3.10/site-packages/flwr/client/client.py", line 205, in maybe_call_evaluate
    return client.evaluate(evaluate_ins)
  File "/Users/dinukaperera/opt/anaconda3/envs/flower_tutorial/lib/python3.10/site-packages/flwr/client/app.py", line 319, in _evaluate
    parameters: NDArrays = parameters_to_ndarrays(ins.parameters)
AttributeError: 'dict' object has no attribute 'parameters'
[2026-01-06 01:01:25,713][flwr][ERROR] - [36mray::launch_and_evaluate()[39m (pid=77247, ip=127.0.0.1)
  File "/Users/dinukaperera/opt/anaconda3/envs/flower_tutorial/lib/python3.10/site-packages/flwr/simulation/ray_transport/ray_client_proxy.py", line 160, in launch_and_evaluate
    return maybe_call_evaluate(
  File "/Users/dinukaperera/opt/anaconda3/envs/flower_tutorial/lib/python3.10/site-packages/flwr/client/client.py", line 205, in maybe_call_evaluate
    return client.evaluate(evaluate_ins)
  File "/Users/dinukaperera/opt/anaconda3/envs/flower_tutorial/lib/python3.10/site-packages/flwr/client/app.py", line 319, in _evaluate
    parameters: NDArrays = parameters_to_ndarrays(ins.parameters)
AttributeError: 'dict' object has no attribute 'parameters'
[2026-01-06 01:01:25,714][flwr][ERROR] - [36mray::launch_and_evaluate()[39m (pid=77249, ip=127.0.0.1)
  File "/Users/dinukaperera/opt/anaconda3/envs/flower_tutorial/lib/python3.10/site-packages/flwr/simulation/ray_transport/ray_client_proxy.py", line 160, in launch_and_evaluate
    return maybe_call_evaluate(
  File "/Users/dinukaperera/opt/anaconda3/envs/flower_tutorial/lib/python3.10/site-packages/flwr/client/client.py", line 205, in maybe_call_evaluate
    return client.evaluate(evaluate_ins)
  File "/Users/dinukaperera/opt/anaconda3/envs/flower_tutorial/lib/python3.10/site-packages/flwr/client/app.py", line 319, in _evaluate
    parameters: NDArrays = parameters_to_ndarrays(ins.parameters)
AttributeError: 'dict' object has no attribute 'parameters'
[2026-01-06 01:01:25,715][flwr][DEBUG] - evaluate_round 14 received 0 results and 25 failures
[2026-01-06 01:01:25,716][flwr][DEBUG] - fit_round 15: strategy sampled 10 clients (out of 100)
[2026-01-06 01:01:25,738][flwr][ERROR] - [36mray::launch_and_fit()[39m (pid=77247, ip=127.0.0.1)
  File "/Users/dinukaperera/opt/anaconda3/envs/flower_tutorial/lib/python3.10/site-packages/flwr/simulation/ray_transport/ray_client_proxy.py", line 148, in launch_and_fit
    return maybe_call_fit(
  File "/Users/dinukaperera/opt/anaconda3/envs/flower_tutorial/lib/python3.10/site-packages/flwr/client/client.py", line 184, in maybe_call_fit
    return client.fit(fit_ins)
  File "/Users/dinukaperera/opt/anaconda3/envs/flower_tutorial/lib/python3.10/site-packages/flwr/client/app.py", line 294, in _fit
    parameters: NDArrays = parameters_to_ndarrays(ins.parameters)
AttributeError: 'dict' object has no attribute 'parameters'
[2026-01-06 01:01:25,738][flwr][ERROR] - [36mray::launch_and_fit()[39m (pid=77244, ip=127.0.0.1)
  File "/Users/dinukaperera/opt/anaconda3/envs/flower_tutorial/lib/python3.10/site-packages/flwr/simulation/ray_transport/ray_client_proxy.py", line 148, in launch_and_fit
    return maybe_call_fit(
  File "/Users/dinukaperera/opt/anaconda3/envs/flower_tutorial/lib/python3.10/site-packages/flwr/client/client.py", line 184, in maybe_call_fit
    return client.fit(fit_ins)
  File "/Users/dinukaperera/opt/anaconda3/envs/flower_tutorial/lib/python3.10/site-packages/flwr/client/app.py", line 294, in _fit
    parameters: NDArrays = parameters_to_ndarrays(ins.parameters)
AttributeError: 'dict' object has no attribute 'parameters'
[2026-01-06 01:01:25,741][flwr][ERROR] - [36mray::launch_and_fit()[39m (pid=77249, ip=127.0.0.1)
  File "/Users/dinukaperera/opt/anaconda3/envs/flower_tutorial/lib/python3.10/site-packages/flwr/simulation/ray_transport/ray_client_proxy.py", line 148, in launch_and_fit
    return maybe_call_fit(
  File "/Users/dinukaperera/opt/anaconda3/envs/flower_tutorial/lib/python3.10/site-packages/flwr/client/client.py", line 184, in maybe_call_fit
    return client.fit(fit_ins)
  File "/Users/dinukaperera/opt/anaconda3/envs/flower_tutorial/lib/python3.10/site-packages/flwr/client/app.py", line 294, in _fit
    parameters: NDArrays = parameters_to_ndarrays(ins.parameters)
AttributeError: 'dict' object has no attribute 'parameters'
[2026-01-06 01:01:25,742][flwr][ERROR] - [36mray::launch_and_fit()[39m (pid=77243, ip=127.0.0.1)
  File "/Users/dinukaperera/opt/anaconda3/envs/flower_tutorial/lib/python3.10/site-packages/flwr/simulation/ray_transport/ray_client_proxy.py", line 148, in launch_and_fit
    return maybe_call_fit(
  File "/Users/dinukaperera/opt/anaconda3/envs/flower_tutorial/lib/python3.10/site-packages/flwr/client/client.py", line 184, in maybe_call_fit
    return client.fit(fit_ins)
  File "/Users/dinukaperera/opt/anaconda3/envs/flower_tutorial/lib/python3.10/site-packages/flwr/client/app.py", line 294, in _fit
    parameters: NDArrays = parameters_to_ndarrays(ins.parameters)
AttributeError: 'dict' object has no attribute 'parameters'
[2026-01-06 01:01:25,757][flwr][ERROR] - [36mray::launch_and_fit()[39m (pid=77249, ip=127.0.0.1)
  File "/Users/dinukaperera/opt/anaconda3/envs/flower_tutorial/lib/python3.10/site-packages/flwr/simulation/ray_transport/ray_client_proxy.py", line 148, in launch_and_fit
    return maybe_call_fit(
  File "/Users/dinukaperera/opt/anaconda3/envs/flower_tutorial/lib/python3.10/site-packages/flwr/client/client.py", line 184, in maybe_call_fit
    return client.fit(fit_ins)
  File "/Users/dinukaperera/opt/anaconda3/envs/flower_tutorial/lib/python3.10/site-packages/flwr/client/app.py", line 294, in _fit
    parameters: NDArrays = parameters_to_ndarrays(ins.parameters)
AttributeError: 'dict' object has no attribute 'parameters'
[2026-01-06 01:01:25,762][flwr][ERROR] - [36mray::launch_and_fit()[39m (pid=77250, ip=127.0.0.1)
  File "/Users/dinukaperera/opt/anaconda3/envs/flower_tutorial/lib/python3.10/site-packages/flwr/simulation/ray_transport/ray_client_proxy.py", line 148, in launch_and_fit
    return maybe_call_fit(
  File "/Users/dinukaperera/opt/anaconda3/envs/flower_tutorial/lib/python3.10/site-packages/flwr/client/client.py", line 184, in maybe_call_fit
    return client.fit(fit_ins)
  File "/Users/dinukaperera/opt/anaconda3/envs/flower_tutorial/lib/python3.10/site-packages/flwr/client/app.py", line 294, in _fit
    parameters: NDArrays = parameters_to_ndarrays(ins.parameters)
AttributeError: 'dict' object has no attribute 'parameters'
[2026-01-06 01:01:25,763][flwr][ERROR] - [36mray::launch_and_fit()[39m (pid=77244, ip=127.0.0.1)
  File "/Users/dinukaperera/opt/anaconda3/envs/flower_tutorial/lib/python3.10/site-packages/flwr/simulation/ray_transport/ray_client_proxy.py", line 148, in launch_and_fit
    return maybe_call_fit(
  File "/Users/dinukaperera/opt/anaconda3/envs/flower_tutorial/lib/python3.10/site-packages/flwr/client/client.py", line 184, in maybe_call_fit
    return client.fit(fit_ins)
  File "/Users/dinukaperera/opt/anaconda3/envs/flower_tutorial/lib/python3.10/site-packages/flwr/client/app.py", line 294, in _fit
    parameters: NDArrays = parameters_to_ndarrays(ins.parameters)
AttributeError: 'dict' object has no attribute 'parameters'
[2026-01-06 01:01:25,763][flwr][ERROR] - [36mray::launch_and_fit()[39m (pid=77247, ip=127.0.0.1)
  File "/Users/dinukaperera/opt/anaconda3/envs/flower_tutorial/lib/python3.10/site-packages/flwr/simulation/ray_transport/ray_client_proxy.py", line 148, in launch_and_fit
    return maybe_call_fit(
  File "/Users/dinukaperera/opt/anaconda3/envs/flower_tutorial/lib/python3.10/site-packages/flwr/client/client.py", line 184, in maybe_call_fit
    return client.fit(fit_ins)
  File "/Users/dinukaperera/opt/anaconda3/envs/flower_tutorial/lib/python3.10/site-packages/flwr/client/app.py", line 294, in _fit
    parameters: NDArrays = parameters_to_ndarrays(ins.parameters)
AttributeError: 'dict' object has no attribute 'parameters'
[2026-01-06 01:01:25,764][flwr][ERROR] - [36mray::launch_and_fit()[39m (pid=77243, ip=127.0.0.1)
  File "/Users/dinukaperera/opt/anaconda3/envs/flower_tutorial/lib/python3.10/site-packages/flwr/simulation/ray_transport/ray_client_proxy.py", line 148, in launch_and_fit
    return maybe_call_fit(
  File "/Users/dinukaperera/opt/anaconda3/envs/flower_tutorial/lib/python3.10/site-packages/flwr/client/client.py", line 184, in maybe_call_fit
    return client.fit(fit_ins)
  File "/Users/dinukaperera/opt/anaconda3/envs/flower_tutorial/lib/python3.10/site-packages/flwr/client/app.py", line 294, in _fit
    parameters: NDArrays = parameters_to_ndarrays(ins.parameters)
AttributeError: 'dict' object has no attribute 'parameters'
[2026-01-06 01:01:25,764][flwr][ERROR] - [36mray::launch_and_fit()[39m (pid=77245, ip=127.0.0.1)
  File "/Users/dinukaperera/opt/anaconda3/envs/flower_tutorial/lib/python3.10/site-packages/flwr/simulation/ray_transport/ray_client_proxy.py", line 148, in launch_and_fit
    return maybe_call_fit(
  File "/Users/dinukaperera/opt/anaconda3/envs/flower_tutorial/lib/python3.10/site-packages/flwr/client/client.py", line 184, in maybe_call_fit
    return client.fit(fit_ins)
  File "/Users/dinukaperera/opt/anaconda3/envs/flower_tutorial/lib/python3.10/site-packages/flwr/client/app.py", line 294, in _fit
    parameters: NDArrays = parameters_to_ndarrays(ins.parameters)
AttributeError: 'dict' object has no attribute 'parameters'
[2026-01-06 01:01:25,766][flwr][DEBUG] - fit_round 15 received 0 results and 10 failures
[2026-01-06 01:01:25,787][flwr][INFO] - fit progress: (15, 68.0167875289917, {'accuracy': 0.5075}, 9.52189858397469)
[2026-01-06 01:01:25,788][flwr][DEBUG] - evaluate_round 15: strategy sampled 25 clients (out of 100)
[2026-01-06 01:01:25,810][flwr][ERROR] - [36mray::launch_and_evaluate()[39m (pid=77245, ip=127.0.0.1)
  File "/Users/dinukaperera/opt/anaconda3/envs/flower_tutorial/lib/python3.10/site-packages/flwr/simulation/ray_transport/ray_client_proxy.py", line 160, in launch_and_evaluate
    return maybe_call_evaluate(
  File "/Users/dinukaperera/opt/anaconda3/envs/flower_tutorial/lib/python3.10/site-packages/flwr/client/client.py", line 205, in maybe_call_evaluate
    return client.evaluate(evaluate_ins)
  File "/Users/dinukaperera/opt/anaconda3/envs/flower_tutorial/lib/python3.10/site-packages/flwr/client/app.py", line 319, in _evaluate
    parameters: NDArrays = parameters_to_ndarrays(ins.parameters)
AttributeError: 'dict' object has no attribute 'parameters'
[2026-01-06 01:01:25,811][flwr][ERROR] - [36mray::launch_and_evaluate()[39m (pid=77243, ip=127.0.0.1)
  File "/Users/dinukaperera/opt/anaconda3/envs/flower_tutorial/lib/python3.10/site-packages/flwr/simulation/ray_transport/ray_client_proxy.py", line 160, in launch_and_evaluate
    return maybe_call_evaluate(
  File "/Users/dinukaperera/opt/anaconda3/envs/flower_tutorial/lib/python3.10/site-packages/flwr/client/client.py", line 205, in maybe_call_evaluate
    return client.evaluate(evaluate_ins)
  File "/Users/dinukaperera/opt/anaconda3/envs/flower_tutorial/lib/python3.10/site-packages/flwr/client/app.py", line 319, in _evaluate
    parameters: NDArrays = parameters_to_ndarrays(ins.parameters)
AttributeError: 'dict' object has no attribute 'parameters'
[2026-01-06 01:01:25,814][flwr][ERROR] - [36mray::launch_and_evaluate()[39m (pid=77245, ip=127.0.0.1)
  File "/Users/dinukaperera/opt/anaconda3/envs/flower_tutorial/lib/python3.10/site-packages/flwr/simulation/ray_transport/ray_client_proxy.py", line 160, in launch_and_evaluate
    return maybe_call_evaluate(
  File "/Users/dinukaperera/opt/anaconda3/envs/flower_tutorial/lib/python3.10/site-packages/flwr/client/client.py", line 205, in maybe_call_evaluate
    return client.evaluate(evaluate_ins)
  File "/Users/dinukaperera/opt/anaconda3/envs/flower_tutorial/lib/python3.10/site-packages/flwr/client/app.py", line 319, in _evaluate
    parameters: NDArrays = parameters_to_ndarrays(ins.parameters)
AttributeError: 'dict' object has no attribute 'parameters'
[2026-01-06 01:01:25,819][flwr][ERROR] - [36mray::launch_and_evaluate()[39m (pid=77247, ip=127.0.0.1)
  File "/Users/dinukaperera/opt/anaconda3/envs/flower_tutorial/lib/python3.10/site-packages/flwr/simulation/ray_transport/ray_client_proxy.py", line 160, in launch_and_evaluate
    return maybe_call_evaluate(
  File "/Users/dinukaperera/opt/anaconda3/envs/flower_tutorial/lib/python3.10/site-packages/flwr/client/client.py", line 205, in maybe_call_evaluate
    return client.evaluate(evaluate_ins)
  File "/Users/dinukaperera/opt/anaconda3/envs/flower_tutorial/lib/python3.10/site-packages/flwr/client/app.py", line 319, in _evaluate
    parameters: NDArrays = parameters_to_ndarrays(ins.parameters)
AttributeError: 'dict' object has no attribute 'parameters'
[2026-01-06 01:01:25,823][flwr][ERROR] - [36mray::launch_and_evaluate()[39m (pid=77247, ip=127.0.0.1)
  File "/Users/dinukaperera/opt/anaconda3/envs/flower_tutorial/lib/python3.10/site-packages/flwr/simulation/ray_transport/ray_client_proxy.py", line 160, in launch_and_evaluate
    return maybe_call_evaluate(
  File "/Users/dinukaperera/opt/anaconda3/envs/flower_tutorial/lib/python3.10/site-packages/flwr/client/client.py", line 205, in maybe_call_evaluate
    return client.evaluate(evaluate_ins)
  File "/Users/dinukaperera/opt/anaconda3/envs/flower_tutorial/lib/python3.10/site-packages/flwr/client/app.py", line 319, in _evaluate
    parameters: NDArrays = parameters_to_ndarrays(ins.parameters)
AttributeError: 'dict' object has no attribute 'parameters'
[2026-01-06 01:01:25,840][flwr][ERROR] - [36mray::launch_and_evaluate()[39m (pid=77247, ip=127.0.0.1)
  File "/Users/dinukaperera/opt/anaconda3/envs/flower_tutorial/lib/python3.10/site-packages/flwr/simulation/ray_transport/ray_client_proxy.py", line 160, in launch_and_evaluate
    return maybe_call_evaluate(
  File "/Users/dinukaperera/opt/anaconda3/envs/flower_tutorial/lib/python3.10/site-packages/flwr/client/client.py", line 205, in maybe_call_evaluate
    return client.evaluate(evaluate_ins)
  File "/Users/dinukaperera/opt/anaconda3/envs/flower_tutorial/lib/python3.10/site-packages/flwr/client/app.py", line 319, in _evaluate
    parameters: NDArrays = parameters_to_ndarrays(ins.parameters)
AttributeError: 'dict' object has no attribute 'parameters'
[2026-01-06 01:01:25,841][flwr][ERROR] - [36mray::launch_and_evaluate()[39m (pid=77245, ip=127.0.0.1)
  File "/Users/dinukaperera/opt/anaconda3/envs/flower_tutorial/lib/python3.10/site-packages/flwr/simulation/ray_transport/ray_client_proxy.py", line 160, in launch_and_evaluate
    return maybe_call_evaluate(
  File "/Users/dinukaperera/opt/anaconda3/envs/flower_tutorial/lib/python3.10/site-packages/flwr/client/client.py", line 205, in maybe_call_evaluate
    return client.evaluate(evaluate_ins)
  File "/Users/dinukaperera/opt/anaconda3/envs/flower_tutorial/lib/python3.10/site-packages/flwr/client/app.py", line 319, in _evaluate
    parameters: NDArrays = parameters_to_ndarrays(ins.parameters)
AttributeError: 'dict' object has no attribute 'parameters'
[2026-01-06 01:01:25,841][flwr][ERROR] - [36mray::launch_and_evaluate()[39m (pid=77243, ip=127.0.0.1)
  File "/Users/dinukaperera/opt/anaconda3/envs/flower_tutorial/lib/python3.10/site-packages/flwr/simulation/ray_transport/ray_client_proxy.py", line 160, in launch_and_evaluate
    return maybe_call_evaluate(
  File "/Users/dinukaperera/opt/anaconda3/envs/flower_tutorial/lib/python3.10/site-packages/flwr/client/client.py", line 205, in maybe_call_evaluate
    return client.evaluate(evaluate_ins)
  File "/Users/dinukaperera/opt/anaconda3/envs/flower_tutorial/lib/python3.10/site-packages/flwr/client/app.py", line 319, in _evaluate
    parameters: NDArrays = parameters_to_ndarrays(ins.parameters)
AttributeError: 'dict' object has no attribute 'parameters'
[2026-01-06 01:01:25,850][flwr][ERROR] - [36mray::launch_and_evaluate()[39m (pid=77243, ip=127.0.0.1)
  File "/Users/dinukaperera/opt/anaconda3/envs/flower_tutorial/lib/python3.10/site-packages/flwr/simulation/ray_transport/ray_client_proxy.py", line 160, in launch_and_evaluate
    return maybe_call_evaluate(
  File "/Users/dinukaperera/opt/anaconda3/envs/flower_tutorial/lib/python3.10/site-packages/flwr/client/client.py", line 205, in maybe_call_evaluate
    return client.evaluate(evaluate_ins)
  File "/Users/dinukaperera/opt/anaconda3/envs/flower_tutorial/lib/python3.10/site-packages/flwr/client/app.py", line 319, in _evaluate
    parameters: NDArrays = parameters_to_ndarrays(ins.parameters)
AttributeError: 'dict' object has no attribute 'parameters'
[2026-01-06 01:01:25,860][flwr][ERROR] - [36mray::launch_and_evaluate()[39m (pid=77250, ip=127.0.0.1)
  File "/Users/dinukaperera/opt/anaconda3/envs/flower_tutorial/lib/python3.10/site-packages/flwr/simulation/ray_transport/ray_client_proxy.py", line 160, in launch_and_evaluate
    return maybe_call_evaluate(
  File "/Users/dinukaperera/opt/anaconda3/envs/flower_tutorial/lib/python3.10/site-packages/flwr/client/client.py", line 205, in maybe_call_evaluate
    return client.evaluate(evaluate_ins)
  File "/Users/dinukaperera/opt/anaconda3/envs/flower_tutorial/lib/python3.10/site-packages/flwr/client/app.py", line 319, in _evaluate
    parameters: NDArrays = parameters_to_ndarrays(ins.parameters)
AttributeError: 'dict' object has no attribute 'parameters'
[2026-01-06 01:01:25,860][flwr][ERROR] - [36mray::launch_and_evaluate()[39m (pid=77245, ip=127.0.0.1)
  File "/Users/dinukaperera/opt/anaconda3/envs/flower_tutorial/lib/python3.10/site-packages/flwr/simulation/ray_transport/ray_client_proxy.py", line 160, in launch_and_evaluate
    return maybe_call_evaluate(
  File "/Users/dinukaperera/opt/anaconda3/envs/flower_tutorial/lib/python3.10/site-packages/flwr/client/client.py", line 205, in maybe_call_evaluate
    return client.evaluate(evaluate_ins)
  File "/Users/dinukaperera/opt/anaconda3/envs/flower_tutorial/lib/python3.10/site-packages/flwr/client/app.py", line 319, in _evaluate
    parameters: NDArrays = parameters_to_ndarrays(ins.parameters)
AttributeError: 'dict' object has no attribute 'parameters'
[2026-01-06 01:01:25,860][flwr][ERROR] - [36mray::launch_and_evaluate()[39m (pid=77247, ip=127.0.0.1)
  File "/Users/dinukaperera/opt/anaconda3/envs/flower_tutorial/lib/python3.10/site-packages/flwr/simulation/ray_transport/ray_client_proxy.py", line 160, in launch_and_evaluate
    return maybe_call_evaluate(
  File "/Users/dinukaperera/opt/anaconda3/envs/flower_tutorial/lib/python3.10/site-packages/flwr/client/client.py", line 205, in maybe_call_evaluate
    return client.evaluate(evaluate_ins)
  File "/Users/dinukaperera/opt/anaconda3/envs/flower_tutorial/lib/python3.10/site-packages/flwr/client/app.py", line 319, in _evaluate
    parameters: NDArrays = parameters_to_ndarrays(ins.parameters)
AttributeError: 'dict' object has no attribute 'parameters'
[2026-01-06 01:01:25,861][flwr][ERROR] - [36mray::launch_and_evaluate()[39m (pid=77243, ip=127.0.0.1)
  File "/Users/dinukaperera/opt/anaconda3/envs/flower_tutorial/lib/python3.10/site-packages/flwr/simulation/ray_transport/ray_client_proxy.py", line 160, in launch_and_evaluate
    return maybe_call_evaluate(
  File "/Users/dinukaperera/opt/anaconda3/envs/flower_tutorial/lib/python3.10/site-packages/flwr/client/client.py", line 205, in maybe_call_evaluate
    return client.evaluate(evaluate_ins)
  File "/Users/dinukaperera/opt/anaconda3/envs/flower_tutorial/lib/python3.10/site-packages/flwr/client/app.py", line 319, in _evaluate
    parameters: NDArrays = parameters_to_ndarrays(ins.parameters)
AttributeError: 'dict' object has no attribute 'parameters'
[2026-01-06 01:01:25,861][flwr][ERROR] - [36mray::launch_and_evaluate()[39m (pid=77244, ip=127.0.0.1)
  File "/Users/dinukaperera/opt/anaconda3/envs/flower_tutorial/lib/python3.10/site-packages/flwr/simulation/ray_transport/ray_client_proxy.py", line 160, in launch_and_evaluate
    return maybe_call_evaluate(
  File "/Users/dinukaperera/opt/anaconda3/envs/flower_tutorial/lib/python3.10/site-packages/flwr/client/client.py", line 205, in maybe_call_evaluate
    return client.evaluate(evaluate_ins)
  File "/Users/dinukaperera/opt/anaconda3/envs/flower_tutorial/lib/python3.10/site-packages/flwr/client/app.py", line 319, in _evaluate
    parameters: NDArrays = parameters_to_ndarrays(ins.parameters)
AttributeError: 'dict' object has no attribute 'parameters'
[2026-01-06 01:01:25,861][flwr][ERROR] - [36mray::launch_and_evaluate()[39m (pid=77245, ip=127.0.0.1)
  File "/Users/dinukaperera/opt/anaconda3/envs/flower_tutorial/lib/python3.10/site-packages/flwr/simulation/ray_transport/ray_client_proxy.py", line 160, in launch_and_evaluate
    return maybe_call_evaluate(
  File "/Users/dinukaperera/opt/anaconda3/envs/flower_tutorial/lib/python3.10/site-packages/flwr/client/client.py", line 205, in maybe_call_evaluate
    return client.evaluate(evaluate_ins)
  File "/Users/dinukaperera/opt/anaconda3/envs/flower_tutorial/lib/python3.10/site-packages/flwr/client/app.py", line 319, in _evaluate
    parameters: NDArrays = parameters_to_ndarrays(ins.parameters)
AttributeError: 'dict' object has no attribute 'parameters'
[2026-01-06 01:01:25,870][flwr][ERROR] - [36mray::launch_and_evaluate()[39m (pid=77245, ip=127.0.0.1)
  File "/Users/dinukaperera/opt/anaconda3/envs/flower_tutorial/lib/python3.10/site-packages/flwr/simulation/ray_transport/ray_client_proxy.py", line 160, in launch_and_evaluate
    return maybe_call_evaluate(
  File "/Users/dinukaperera/opt/anaconda3/envs/flower_tutorial/lib/python3.10/site-packages/flwr/client/client.py", line 205, in maybe_call_evaluate
    return client.evaluate(evaluate_ins)
  File "/Users/dinukaperera/opt/anaconda3/envs/flower_tutorial/lib/python3.10/site-packages/flwr/client/app.py", line 319, in _evaluate
    parameters: NDArrays = parameters_to_ndarrays(ins.parameters)
AttributeError: 'dict' object has no attribute 'parameters'
[2026-01-06 01:01:25,874][flwr][ERROR] - [36mray::launch_and_evaluate()[39m (pid=77244, ip=127.0.0.1)
  File "/Users/dinukaperera/opt/anaconda3/envs/flower_tutorial/lib/python3.10/site-packages/flwr/simulation/ray_transport/ray_client_proxy.py", line 160, in launch_and_evaluate
    return maybe_call_evaluate(
  File "/Users/dinukaperera/opt/anaconda3/envs/flower_tutorial/lib/python3.10/site-packages/flwr/client/client.py", line 205, in maybe_call_evaluate
    return client.evaluate(evaluate_ins)
  File "/Users/dinukaperera/opt/anaconda3/envs/flower_tutorial/lib/python3.10/site-packages/flwr/client/app.py", line 319, in _evaluate
    parameters: NDArrays = parameters_to_ndarrays(ins.parameters)
AttributeError: 'dict' object has no attribute 'parameters'
[2026-01-06 01:01:25,893][flwr][ERROR] - [36mray::launch_and_evaluate()[39m (pid=77250, ip=127.0.0.1)
  File "/Users/dinukaperera/opt/anaconda3/envs/flower_tutorial/lib/python3.10/site-packages/flwr/simulation/ray_transport/ray_client_proxy.py", line 160, in launch_and_evaluate
    return maybe_call_evaluate(
  File "/Users/dinukaperera/opt/anaconda3/envs/flower_tutorial/lib/python3.10/site-packages/flwr/client/client.py", line 205, in maybe_call_evaluate
    return client.evaluate(evaluate_ins)
  File "/Users/dinukaperera/opt/anaconda3/envs/flower_tutorial/lib/python3.10/site-packages/flwr/client/app.py", line 319, in _evaluate
    parameters: NDArrays = parameters_to_ndarrays(ins.parameters)
AttributeError: 'dict' object has no attribute 'parameters'
[2026-01-06 01:01:25,882][flwr][ERROR] - [36mray::launch_and_evaluate()[39m (pid=77244, ip=127.0.0.1)
  File "/Users/dinukaperera/opt/anaconda3/envs/flower_tutorial/lib/python3.10/site-packages/flwr/simulation/ray_transport/ray_client_proxy.py", line 160, in launch_and_evaluate
    return maybe_call_evaluate(
  File "/Users/dinukaperera/opt/anaconda3/envs/flower_tutorial/lib/python3.10/site-packages/flwr/client/client.py", line 205, in maybe_call_evaluate
    return client.evaluate(evaluate_ins)
  File "/Users/dinukaperera/opt/anaconda3/envs/flower_tutorial/lib/python3.10/site-packages/flwr/client/app.py", line 319, in _evaluate
    parameters: NDArrays = parameters_to_ndarrays(ins.parameters)
AttributeError: 'dict' object has no attribute 'parameters'
[2026-01-06 01:01:25,890][flwr][ERROR] - [36mray::launch_and_evaluate()[39m (pid=77250, ip=127.0.0.1)
  File "/Users/dinukaperera/opt/anaconda3/envs/flower_tutorial/lib/python3.10/site-packages/flwr/simulation/ray_transport/ray_client_proxy.py", line 160, in launch_and_evaluate
    return maybe_call_evaluate(
  File "/Users/dinukaperera/opt/anaconda3/envs/flower_tutorial/lib/python3.10/site-packages/flwr/client/client.py", line 205, in maybe_call_evaluate
    return client.evaluate(evaluate_ins)
  File "/Users/dinukaperera/opt/anaconda3/envs/flower_tutorial/lib/python3.10/site-packages/flwr/client/app.py", line 319, in _evaluate
    parameters: NDArrays = parameters_to_ndarrays(ins.parameters)
AttributeError: 'dict' object has no attribute 'parameters'
[2026-01-06 01:01:25,893][flwr][ERROR] - [36mray::launch_and_evaluate()[39m (pid=77244, ip=127.0.0.1)
  File "/Users/dinukaperera/opt/anaconda3/envs/flower_tutorial/lib/python3.10/site-packages/flwr/simulation/ray_transport/ray_client_proxy.py", line 160, in launch_and_evaluate
    return maybe_call_evaluate(
  File "/Users/dinukaperera/opt/anaconda3/envs/flower_tutorial/lib/python3.10/site-packages/flwr/client/client.py", line 205, in maybe_call_evaluate
    return client.evaluate(evaluate_ins)
  File "/Users/dinukaperera/opt/anaconda3/envs/flower_tutorial/lib/python3.10/site-packages/flwr/client/app.py", line 319, in _evaluate
    parameters: NDArrays = parameters_to_ndarrays(ins.parameters)
AttributeError: 'dict' object has no attribute 'parameters'
[2026-01-06 01:01:25,875][flwr][ERROR] - [36mray::launch_and_evaluate()[39m (pid=77250, ip=127.0.0.1)
  File "/Users/dinukaperera/opt/anaconda3/envs/flower_tutorial/lib/python3.10/site-packages/flwr/simulation/ray_transport/ray_client_proxy.py", line 160, in launch_and_evaluate
    return maybe_call_evaluate(
  File "/Users/dinukaperera/opt/anaconda3/envs/flower_tutorial/lib/python3.10/site-packages/flwr/client/client.py", line 205, in maybe_call_evaluate
    return client.evaluate(evaluate_ins)
  File "/Users/dinukaperera/opt/anaconda3/envs/flower_tutorial/lib/python3.10/site-packages/flwr/client/app.py", line 319, in _evaluate
    parameters: NDArrays = parameters_to_ndarrays(ins.parameters)
AttributeError: 'dict' object has no attribute 'parameters'
[2026-01-06 01:01:25,897][flwr][ERROR] - [36mray::launch_and_evaluate()[39m (pid=77245, ip=127.0.0.1)
  File "/Users/dinukaperera/opt/anaconda3/envs/flower_tutorial/lib/python3.10/site-packages/flwr/simulation/ray_transport/ray_client_proxy.py", line 160, in launch_and_evaluate
    return maybe_call_evaluate(
  File "/Users/dinukaperera/opt/anaconda3/envs/flower_tutorial/lib/python3.10/site-packages/flwr/client/client.py", line 205, in maybe_call_evaluate
    return client.evaluate(evaluate_ins)
  File "/Users/dinukaperera/opt/anaconda3/envs/flower_tutorial/lib/python3.10/site-packages/flwr/client/app.py", line 319, in _evaluate
    parameters: NDArrays = parameters_to_ndarrays(ins.parameters)
AttributeError: 'dict' object has no attribute 'parameters'
[2026-01-06 01:01:25,898][flwr][ERROR] - [36mray::launch_and_evaluate()[39m (pid=77243, ip=127.0.0.1)
  File "/Users/dinukaperera/opt/anaconda3/envs/flower_tutorial/lib/python3.10/site-packages/flwr/simulation/ray_transport/ray_client_proxy.py", line 160, in launch_and_evaluate
    return maybe_call_evaluate(
  File "/Users/dinukaperera/opt/anaconda3/envs/flower_tutorial/lib/python3.10/site-packages/flwr/client/client.py", line 205, in maybe_call_evaluate
    return client.evaluate(evaluate_ins)
  File "/Users/dinukaperera/opt/anaconda3/envs/flower_tutorial/lib/python3.10/site-packages/flwr/client/app.py", line 319, in _evaluate
    parameters: NDArrays = parameters_to_ndarrays(ins.parameters)
AttributeError: 'dict' object has no attribute 'parameters'
[2026-01-06 01:01:25,898][flwr][ERROR] - [36mray::launch_and_evaluate()[39m (pid=77247, ip=127.0.0.1)
  File "/Users/dinukaperera/opt/anaconda3/envs/flower_tutorial/lib/python3.10/site-packages/flwr/simulation/ray_transport/ray_client_proxy.py", line 160, in launch_and_evaluate
    return maybe_call_evaluate(
  File "/Users/dinukaperera/opt/anaconda3/envs/flower_tutorial/lib/python3.10/site-packages/flwr/client/client.py", line 205, in maybe_call_evaluate
    return client.evaluate(evaluate_ins)
  File "/Users/dinukaperera/opt/anaconda3/envs/flower_tutorial/lib/python3.10/site-packages/flwr/client/app.py", line 319, in _evaluate
    parameters: NDArrays = parameters_to_ndarrays(ins.parameters)
AttributeError: 'dict' object has no attribute 'parameters'
[2026-01-06 01:01:25,900][flwr][DEBUG] - evaluate_round 15 received 0 results and 25 failures
[2026-01-06 01:01:25,901][flwr][DEBUG] - fit_round 16: strategy sampled 10 clients (out of 100)
[2026-01-06 01:01:25,937][flwr][ERROR] - [36mray::launch_and_fit()[39m (pid=77247, ip=127.0.0.1)
  File "/Users/dinukaperera/opt/anaconda3/envs/flower_tutorial/lib/python3.10/site-packages/flwr/simulation/ray_transport/ray_client_proxy.py", line 148, in launch_and_fit
    return maybe_call_fit(
  File "/Users/dinukaperera/opt/anaconda3/envs/flower_tutorial/lib/python3.10/site-packages/flwr/client/client.py", line 184, in maybe_call_fit
    return client.fit(fit_ins)
  File "/Users/dinukaperera/opt/anaconda3/envs/flower_tutorial/lib/python3.10/site-packages/flwr/client/app.py", line 294, in _fit
    parameters: NDArrays = parameters_to_ndarrays(ins.parameters)
AttributeError: 'dict' object has no attribute 'parameters'
[2026-01-06 01:01:25,939][flwr][ERROR] - [36mray::launch_and_fit()[39m (pid=77243, ip=127.0.0.1)
  File "/Users/dinukaperera/opt/anaconda3/envs/flower_tutorial/lib/python3.10/site-packages/flwr/simulation/ray_transport/ray_client_proxy.py", line 148, in launch_and_fit
    return maybe_call_fit(
  File "/Users/dinukaperera/opt/anaconda3/envs/flower_tutorial/lib/python3.10/site-packages/flwr/client/client.py", line 184, in maybe_call_fit
    return client.fit(fit_ins)
  File "/Users/dinukaperera/opt/anaconda3/envs/flower_tutorial/lib/python3.10/site-packages/flwr/client/app.py", line 294, in _fit
    parameters: NDArrays = parameters_to_ndarrays(ins.parameters)
AttributeError: 'dict' object has no attribute 'parameters'
[2026-01-06 01:01:25,945][flwr][ERROR] - [36mray::launch_and_fit()[39m (pid=77247, ip=127.0.0.1)
  File "/Users/dinukaperera/opt/anaconda3/envs/flower_tutorial/lib/python3.10/site-packages/flwr/simulation/ray_transport/ray_client_proxy.py", line 148, in launch_and_fit
    return maybe_call_fit(
  File "/Users/dinukaperera/opt/anaconda3/envs/flower_tutorial/lib/python3.10/site-packages/flwr/client/client.py", line 184, in maybe_call_fit
    return client.fit(fit_ins)
  File "/Users/dinukaperera/opt/anaconda3/envs/flower_tutorial/lib/python3.10/site-packages/flwr/client/app.py", line 294, in _fit
    parameters: NDArrays = parameters_to_ndarrays(ins.parameters)
AttributeError: 'dict' object has no attribute 'parameters'
[2026-01-06 01:01:25,946][flwr][ERROR] - [36mray::launch_and_fit()[39m (pid=77245, ip=127.0.0.1)
  File "/Users/dinukaperera/opt/anaconda3/envs/flower_tutorial/lib/python3.10/site-packages/flwr/simulation/ray_transport/ray_client_proxy.py", line 148, in launch_and_fit
    return maybe_call_fit(
  File "/Users/dinukaperera/opt/anaconda3/envs/flower_tutorial/lib/python3.10/site-packages/flwr/client/client.py", line 184, in maybe_call_fit
    return client.fit(fit_ins)
  File "/Users/dinukaperera/opt/anaconda3/envs/flower_tutorial/lib/python3.10/site-packages/flwr/client/app.py", line 294, in _fit
    parameters: NDArrays = parameters_to_ndarrays(ins.parameters)
AttributeError: 'dict' object has no attribute 'parameters'
[2026-01-06 01:01:25,947][flwr][ERROR] - [36mray::launch_and_fit()[39m (pid=77250, ip=127.0.0.1)
  File "/Users/dinukaperera/opt/anaconda3/envs/flower_tutorial/lib/python3.10/site-packages/flwr/simulation/ray_transport/ray_client_proxy.py", line 148, in launch_and_fit
    return maybe_call_fit(
  File "/Users/dinukaperera/opt/anaconda3/envs/flower_tutorial/lib/python3.10/site-packages/flwr/client/client.py", line 184, in maybe_call_fit
    return client.fit(fit_ins)
  File "/Users/dinukaperera/opt/anaconda3/envs/flower_tutorial/lib/python3.10/site-packages/flwr/client/app.py", line 294, in _fit
    parameters: NDArrays = parameters_to_ndarrays(ins.parameters)
AttributeError: 'dict' object has no attribute 'parameters'
[2026-01-06 01:01:25,948][flwr][ERROR] - [36mray::launch_and_fit()[39m (pid=77244, ip=127.0.0.1)
  File "/Users/dinukaperera/opt/anaconda3/envs/flower_tutorial/lib/python3.10/site-packages/flwr/simulation/ray_transport/ray_client_proxy.py", line 148, in launch_and_fit
    return maybe_call_fit(
  File "/Users/dinukaperera/opt/anaconda3/envs/flower_tutorial/lib/python3.10/site-packages/flwr/client/client.py", line 184, in maybe_call_fit
    return client.fit(fit_ins)
  File "/Users/dinukaperera/opt/anaconda3/envs/flower_tutorial/lib/python3.10/site-packages/flwr/client/app.py", line 294, in _fit
    parameters: NDArrays = parameters_to_ndarrays(ins.parameters)
AttributeError: 'dict' object has no attribute 'parameters'
[2026-01-06 01:01:25,948][flwr][ERROR] - [36mray::launch_and_fit()[39m (pid=77243, ip=127.0.0.1)
  File "/Users/dinukaperera/opt/anaconda3/envs/flower_tutorial/lib/python3.10/site-packages/flwr/simulation/ray_transport/ray_client_proxy.py", line 148, in launch_and_fit
    return maybe_call_fit(
  File "/Users/dinukaperera/opt/anaconda3/envs/flower_tutorial/lib/python3.10/site-packages/flwr/client/client.py", line 184, in maybe_call_fit
    return client.fit(fit_ins)
  File "/Users/dinukaperera/opt/anaconda3/envs/flower_tutorial/lib/python3.10/site-packages/flwr/client/app.py", line 294, in _fit
    parameters: NDArrays = parameters_to_ndarrays(ins.parameters)
AttributeError: 'dict' object has no attribute 'parameters'
[2026-01-06 01:01:25,948][flwr][ERROR] - [36mray::launch_and_fit()[39m (pid=77249, ip=127.0.0.1)
  File "/Users/dinukaperera/opt/anaconda3/envs/flower_tutorial/lib/python3.10/site-packages/flwr/simulation/ray_transport/ray_client_proxy.py", line 148, in launch_and_fit
    return maybe_call_fit(
  File "/Users/dinukaperera/opt/anaconda3/envs/flower_tutorial/lib/python3.10/site-packages/flwr/client/client.py", line 184, in maybe_call_fit
    return client.fit(fit_ins)
  File "/Users/dinukaperera/opt/anaconda3/envs/flower_tutorial/lib/python3.10/site-packages/flwr/client/app.py", line 294, in _fit
    parameters: NDArrays = parameters_to_ndarrays(ins.parameters)
AttributeError: 'dict' object has no attribute 'parameters'
[2026-01-06 01:01:25,950][flwr][ERROR] - [36mray::launch_and_fit()[39m (pid=77252, ip=127.0.0.1)
  File "/Users/dinukaperera/opt/anaconda3/envs/flower_tutorial/lib/python3.10/site-packages/flwr/simulation/ray_transport/ray_client_proxy.py", line 148, in launch_and_fit
    return maybe_call_fit(
  File "/Users/dinukaperera/opt/anaconda3/envs/flower_tutorial/lib/python3.10/site-packages/flwr/client/client.py", line 184, in maybe_call_fit
    return client.fit(fit_ins)
  File "/Users/dinukaperera/opt/anaconda3/envs/flower_tutorial/lib/python3.10/site-packages/flwr/client/app.py", line 294, in _fit
    parameters: NDArrays = parameters_to_ndarrays(ins.parameters)
AttributeError: 'dict' object has no attribute 'parameters'
[2026-01-06 01:01:25,956][flwr][ERROR] - [36mray::launch_and_fit()[39m (pid=77246, ip=127.0.0.1)
  File "/Users/dinukaperera/opt/anaconda3/envs/flower_tutorial/lib/python3.10/site-packages/flwr/simulation/ray_transport/ray_client_proxy.py", line 148, in launch_and_fit
    return maybe_call_fit(
  File "/Users/dinukaperera/opt/anaconda3/envs/flower_tutorial/lib/python3.10/site-packages/flwr/client/client.py", line 184, in maybe_call_fit
    return client.fit(fit_ins)
  File "/Users/dinukaperera/opt/anaconda3/envs/flower_tutorial/lib/python3.10/site-packages/flwr/client/app.py", line 294, in _fit
    parameters: NDArrays = parameters_to_ndarrays(ins.parameters)
AttributeError: 'dict' object has no attribute 'parameters'
[2026-01-06 01:01:25,957][flwr][DEBUG] - fit_round 16 received 0 results and 10 failures
[2026-01-06 01:01:25,980][flwr][INFO] - fit progress: (16, 68.0167875289917, {'accuracy': 0.5075}, 9.71400941698812)
[2026-01-06 01:01:25,980][flwr][DEBUG] - evaluate_round 16: strategy sampled 25 clients (out of 100)
[2026-01-06 01:01:26,008][flwr][ERROR] - [36mray::launch_and_evaluate()[39m (pid=77246, ip=127.0.0.1)
  File "/Users/dinukaperera/opt/anaconda3/envs/flower_tutorial/lib/python3.10/site-packages/flwr/simulation/ray_transport/ray_client_proxy.py", line 160, in launch_and_evaluate
    return maybe_call_evaluate(
  File "/Users/dinukaperera/opt/anaconda3/envs/flower_tutorial/lib/python3.10/site-packages/flwr/client/client.py", line 205, in maybe_call_evaluate
    return client.evaluate(evaluate_ins)
  File "/Users/dinukaperera/opt/anaconda3/envs/flower_tutorial/lib/python3.10/site-packages/flwr/client/app.py", line 319, in _evaluate
    parameters: NDArrays = parameters_to_ndarrays(ins.parameters)
AttributeError: 'dict' object has no attribute 'parameters'
[2026-01-06 01:01:26,008][flwr][ERROR] - [36mray::launch_and_evaluate()[39m (pid=77252, ip=127.0.0.1)
  File "/Users/dinukaperera/opt/anaconda3/envs/flower_tutorial/lib/python3.10/site-packages/flwr/simulation/ray_transport/ray_client_proxy.py", line 160, in launch_and_evaluate
    return maybe_call_evaluate(
  File "/Users/dinukaperera/opt/anaconda3/envs/flower_tutorial/lib/python3.10/site-packages/flwr/client/client.py", line 205, in maybe_call_evaluate
    return client.evaluate(evaluate_ins)
  File "/Users/dinukaperera/opt/anaconda3/envs/flower_tutorial/lib/python3.10/site-packages/flwr/client/app.py", line 319, in _evaluate
    parameters: NDArrays = parameters_to_ndarrays(ins.parameters)
AttributeError: 'dict' object has no attribute 'parameters'
[2026-01-06 01:01:26,016][flwr][ERROR] - [36mray::launch_and_evaluate()[39m (pid=77243, ip=127.0.0.1)
  File "/Users/dinukaperera/opt/anaconda3/envs/flower_tutorial/lib/python3.10/site-packages/flwr/simulation/ray_transport/ray_client_proxy.py", line 160, in launch_and_evaluate
    return maybe_call_evaluate(
  File "/Users/dinukaperera/opt/anaconda3/envs/flower_tutorial/lib/python3.10/site-packages/flwr/client/client.py", line 205, in maybe_call_evaluate
    return client.evaluate(evaluate_ins)
  File "/Users/dinukaperera/opt/anaconda3/envs/flower_tutorial/lib/python3.10/site-packages/flwr/client/app.py", line 319, in _evaluate
    parameters: NDArrays = parameters_to_ndarrays(ins.parameters)
AttributeError: 'dict' object has no attribute 'parameters'
[2026-01-06 01:01:26,017][flwr][ERROR] - [36mray::launch_and_evaluate()[39m (pid=77246, ip=127.0.0.1)
  File "/Users/dinukaperera/opt/anaconda3/envs/flower_tutorial/lib/python3.10/site-packages/flwr/simulation/ray_transport/ray_client_proxy.py", line 160, in launch_and_evaluate
    return maybe_call_evaluate(
  File "/Users/dinukaperera/opt/anaconda3/envs/flower_tutorial/lib/python3.10/site-packages/flwr/client/client.py", line 205, in maybe_call_evaluate
    return client.evaluate(evaluate_ins)
  File "/Users/dinukaperera/opt/anaconda3/envs/flower_tutorial/lib/python3.10/site-packages/flwr/client/app.py", line 319, in _evaluate
    parameters: NDArrays = parameters_to_ndarrays(ins.parameters)
AttributeError: 'dict' object has no attribute 'parameters'
[2026-01-06 01:01:26,017][flwr][ERROR] - [36mray::launch_and_evaluate()[39m (pid=77252, ip=127.0.0.1)
  File "/Users/dinukaperera/opt/anaconda3/envs/flower_tutorial/lib/python3.10/site-packages/flwr/simulation/ray_transport/ray_client_proxy.py", line 160, in launch_and_evaluate
    return maybe_call_evaluate(
  File "/Users/dinukaperera/opt/anaconda3/envs/flower_tutorial/lib/python3.10/site-packages/flwr/client/client.py", line 205, in maybe_call_evaluate
    return client.evaluate(evaluate_ins)
  File "/Users/dinukaperera/opt/anaconda3/envs/flower_tutorial/lib/python3.10/site-packages/flwr/client/app.py", line 319, in _evaluate
    parameters: NDArrays = parameters_to_ndarrays(ins.parameters)
AttributeError: 'dict' object has no attribute 'parameters'
[2026-01-06 01:01:26,024][flwr][ERROR] - [36mray::launch_and_evaluate()[39m (pid=77244, ip=127.0.0.1)
  File "/Users/dinukaperera/opt/anaconda3/envs/flower_tutorial/lib/python3.10/site-packages/flwr/simulation/ray_transport/ray_client_proxy.py", line 160, in launch_and_evaluate
    return maybe_call_evaluate(
  File "/Users/dinukaperera/opt/anaconda3/envs/flower_tutorial/lib/python3.10/site-packages/flwr/client/client.py", line 205, in maybe_call_evaluate
    return client.evaluate(evaluate_ins)
  File "/Users/dinukaperera/opt/anaconda3/envs/flower_tutorial/lib/python3.10/site-packages/flwr/client/app.py", line 319, in _evaluate
    parameters: NDArrays = parameters_to_ndarrays(ins.parameters)
AttributeError: 'dict' object has no attribute 'parameters'
[2026-01-06 01:01:26,024][flwr][ERROR] - [36mray::launch_and_evaluate()[39m (pid=77246, ip=127.0.0.1)
  File "/Users/dinukaperera/opt/anaconda3/envs/flower_tutorial/lib/python3.10/site-packages/flwr/simulation/ray_transport/ray_client_proxy.py", line 160, in launch_and_evaluate
    return maybe_call_evaluate(
  File "/Users/dinukaperera/opt/anaconda3/envs/flower_tutorial/lib/python3.10/site-packages/flwr/client/client.py", line 205, in maybe_call_evaluate
    return client.evaluate(evaluate_ins)
  File "/Users/dinukaperera/opt/anaconda3/envs/flower_tutorial/lib/python3.10/site-packages/flwr/client/app.py", line 319, in _evaluate
    parameters: NDArrays = parameters_to_ndarrays(ins.parameters)
AttributeError: 'dict' object has no attribute 'parameters'
[2026-01-06 01:01:26,026][flwr][ERROR] - [36mray::launch_and_evaluate()[39m (pid=77252, ip=127.0.0.1)
  File "/Users/dinukaperera/opt/anaconda3/envs/flower_tutorial/lib/python3.10/site-packages/flwr/simulation/ray_transport/ray_client_proxy.py", line 160, in launch_and_evaluate
    return maybe_call_evaluate(
  File "/Users/dinukaperera/opt/anaconda3/envs/flower_tutorial/lib/python3.10/site-packages/flwr/client/client.py", line 205, in maybe_call_evaluate
    return client.evaluate(evaluate_ins)
  File "/Users/dinukaperera/opt/anaconda3/envs/flower_tutorial/lib/python3.10/site-packages/flwr/client/app.py", line 319, in _evaluate
    parameters: NDArrays = parameters_to_ndarrays(ins.parameters)
AttributeError: 'dict' object has no attribute 'parameters'
[2026-01-06 01:01:26,034][flwr][ERROR] - [36mray::launch_and_evaluate()[39m (pid=77244, ip=127.0.0.1)
  File "/Users/dinukaperera/opt/anaconda3/envs/flower_tutorial/lib/python3.10/site-packages/flwr/simulation/ray_transport/ray_client_proxy.py", line 160, in launch_and_evaluate
    return maybe_call_evaluate(
  File "/Users/dinukaperera/opt/anaconda3/envs/flower_tutorial/lib/python3.10/site-packages/flwr/client/client.py", line 205, in maybe_call_evaluate
    return client.evaluate(evaluate_ins)
  File "/Users/dinukaperera/opt/anaconda3/envs/flower_tutorial/lib/python3.10/site-packages/flwr/client/app.py", line 319, in _evaluate
    parameters: NDArrays = parameters_to_ndarrays(ins.parameters)
AttributeError: 'dict' object has no attribute 'parameters'
[2026-01-06 01:01:26,034][flwr][ERROR] - [36mray::launch_and_evaluate()[39m (pid=77246, ip=127.0.0.1)
  File "/Users/dinukaperera/opt/anaconda3/envs/flower_tutorial/lib/python3.10/site-packages/flwr/simulation/ray_transport/ray_client_proxy.py", line 160, in launch_and_evaluate
    return maybe_call_evaluate(
  File "/Users/dinukaperera/opt/anaconda3/envs/flower_tutorial/lib/python3.10/site-packages/flwr/client/client.py", line 205, in maybe_call_evaluate
    return client.evaluate(evaluate_ins)
  File "/Users/dinukaperera/opt/anaconda3/envs/flower_tutorial/lib/python3.10/site-packages/flwr/client/app.py", line 319, in _evaluate
    parameters: NDArrays = parameters_to_ndarrays(ins.parameters)
AttributeError: 'dict' object has no attribute 'parameters'
[2026-01-06 01:01:26,037][flwr][ERROR] - [36mray::launch_and_evaluate()[39m (pid=77252, ip=127.0.0.1)
  File "/Users/dinukaperera/opt/anaconda3/envs/flower_tutorial/lib/python3.10/site-packages/flwr/simulation/ray_transport/ray_client_proxy.py", line 160, in launch_and_evaluate
    return maybe_call_evaluate(
  File "/Users/dinukaperera/opt/anaconda3/envs/flower_tutorial/lib/python3.10/site-packages/flwr/client/client.py", line 205, in maybe_call_evaluate
    return client.evaluate(evaluate_ins)
  File "/Users/dinukaperera/opt/anaconda3/envs/flower_tutorial/lib/python3.10/site-packages/flwr/client/app.py", line 319, in _evaluate
    parameters: NDArrays = parameters_to_ndarrays(ins.parameters)
AttributeError: 'dict' object has no attribute 'parameters'
[2026-01-06 01:01:26,038][flwr][ERROR] - [36mray::launch_and_evaluate()[39m (pid=77243, ip=127.0.0.1)
  File "/Users/dinukaperera/opt/anaconda3/envs/flower_tutorial/lib/python3.10/site-packages/flwr/simulation/ray_transport/ray_client_proxy.py", line 160, in launch_and_evaluate
    return maybe_call_evaluate(
  File "/Users/dinukaperera/opt/anaconda3/envs/flower_tutorial/lib/python3.10/site-packages/flwr/client/client.py", line 205, in maybe_call_evaluate
    return client.evaluate(evaluate_ins)
  File "/Users/dinukaperera/opt/anaconda3/envs/flower_tutorial/lib/python3.10/site-packages/flwr/client/app.py", line 319, in _evaluate
    parameters: NDArrays = parameters_to_ndarrays(ins.parameters)
AttributeError: 'dict' object has no attribute 'parameters'
[2026-01-06 01:01:26,049][flwr][ERROR] - [36mray::launch_and_evaluate()[39m (pid=77243, ip=127.0.0.1)
  File "/Users/dinukaperera/opt/anaconda3/envs/flower_tutorial/lib/python3.10/site-packages/flwr/simulation/ray_transport/ray_client_proxy.py", line 160, in launch_and_evaluate
    return maybe_call_evaluate(
  File "/Users/dinukaperera/opt/anaconda3/envs/flower_tutorial/lib/python3.10/site-packages/flwr/client/client.py", line 205, in maybe_call_evaluate
    return client.evaluate(evaluate_ins)
  File "/Users/dinukaperera/opt/anaconda3/envs/flower_tutorial/lib/python3.10/site-packages/flwr/client/app.py", line 319, in _evaluate
    parameters: NDArrays = parameters_to_ndarrays(ins.parameters)
AttributeError: 'dict' object has no attribute 'parameters'
[2026-01-06 01:01:26,050][flwr][ERROR] - [36mray::launch_and_evaluate()[39m (pid=77246, ip=127.0.0.1)
  File "/Users/dinukaperera/opt/anaconda3/envs/flower_tutorial/lib/python3.10/site-packages/flwr/simulation/ray_transport/ray_client_proxy.py", line 160, in launch_and_evaluate
    return maybe_call_evaluate(
  File "/Users/dinukaperera/opt/anaconda3/envs/flower_tutorial/lib/python3.10/site-packages/flwr/client/client.py", line 205, in maybe_call_evaluate
    return client.evaluate(evaluate_ins)
  File "/Users/dinukaperera/opt/anaconda3/envs/flower_tutorial/lib/python3.10/site-packages/flwr/client/app.py", line 319, in _evaluate
    parameters: NDArrays = parameters_to_ndarrays(ins.parameters)
AttributeError: 'dict' object has no attribute 'parameters'
[2026-01-06 01:01:26,061][flwr][ERROR] - [36mray::launch_and_evaluate()[39m (pid=77246, ip=127.0.0.1)
  File "/Users/dinukaperera/opt/anaconda3/envs/flower_tutorial/lib/python3.10/site-packages/flwr/simulation/ray_transport/ray_client_proxy.py", line 160, in launch_and_evaluate
    return maybe_call_evaluate(
  File "/Users/dinukaperera/opt/anaconda3/envs/flower_tutorial/lib/python3.10/site-packages/flwr/client/client.py", line 205, in maybe_call_evaluate
    return client.evaluate(evaluate_ins)
  File "/Users/dinukaperera/opt/anaconda3/envs/flower_tutorial/lib/python3.10/site-packages/flwr/client/app.py", line 319, in _evaluate
    parameters: NDArrays = parameters_to_ndarrays(ins.parameters)
AttributeError: 'dict' object has no attribute 'parameters'
[2026-01-06 01:01:26,070][flwr][ERROR] - [36mray::launch_and_evaluate()[39m (pid=77252, ip=127.0.0.1)
  File "/Users/dinukaperera/opt/anaconda3/envs/flower_tutorial/lib/python3.10/site-packages/flwr/simulation/ray_transport/ray_client_proxy.py", line 160, in launch_and_evaluate
    return maybe_call_evaluate(
  File "/Users/dinukaperera/opt/anaconda3/envs/flower_tutorial/lib/python3.10/site-packages/flwr/client/client.py", line 205, in maybe_call_evaluate
    return client.evaluate(evaluate_ins)
  File "/Users/dinukaperera/opt/anaconda3/envs/flower_tutorial/lib/python3.10/site-packages/flwr/client/app.py", line 319, in _evaluate
    parameters: NDArrays = parameters_to_ndarrays(ins.parameters)
AttributeError: 'dict' object has no attribute 'parameters'
[2026-01-06 01:01:26,071][flwr][ERROR] - [36mray::launch_and_evaluate()[39m (pid=77246, ip=127.0.0.1)
  File "/Users/dinukaperera/opt/anaconda3/envs/flower_tutorial/lib/python3.10/site-packages/flwr/simulation/ray_transport/ray_client_proxy.py", line 160, in launch_and_evaluate
    return maybe_call_evaluate(
  File "/Users/dinukaperera/opt/anaconda3/envs/flower_tutorial/lib/python3.10/site-packages/flwr/client/client.py", line 205, in maybe_call_evaluate
    return client.evaluate(evaluate_ins)
  File "/Users/dinukaperera/opt/anaconda3/envs/flower_tutorial/lib/python3.10/site-packages/flwr/client/app.py", line 319, in _evaluate
    parameters: NDArrays = parameters_to_ndarrays(ins.parameters)
AttributeError: 'dict' object has no attribute 'parameters'
[2026-01-06 01:01:26,072][flwr][ERROR] - [36mray::launch_and_evaluate()[39m (pid=77243, ip=127.0.0.1)
  File "/Users/dinukaperera/opt/anaconda3/envs/flower_tutorial/lib/python3.10/site-packages/flwr/simulation/ray_transport/ray_client_proxy.py", line 160, in launch_and_evaluate
    return maybe_call_evaluate(
  File "/Users/dinukaperera/opt/anaconda3/envs/flower_tutorial/lib/python3.10/site-packages/flwr/client/client.py", line 205, in maybe_call_evaluate
    return client.evaluate(evaluate_ins)
  File "/Users/dinukaperera/opt/anaconda3/envs/flower_tutorial/lib/python3.10/site-packages/flwr/client/app.py", line 319, in _evaluate
    parameters: NDArrays = parameters_to_ndarrays(ins.parameters)
AttributeError: 'dict' object has no attribute 'parameters'
[2026-01-06 01:01:26,076][flwr][ERROR] - [36mray::launch_and_evaluate()[39m (pid=77252, ip=127.0.0.1)
  File "/Users/dinukaperera/opt/anaconda3/envs/flower_tutorial/lib/python3.10/site-packages/flwr/simulation/ray_transport/ray_client_proxy.py", line 160, in launch_and_evaluate
    return maybe_call_evaluate(
  File "/Users/dinukaperera/opt/anaconda3/envs/flower_tutorial/lib/python3.10/site-packages/flwr/client/client.py", line 205, in maybe_call_evaluate
    return client.evaluate(evaluate_ins)
  File "/Users/dinukaperera/opt/anaconda3/envs/flower_tutorial/lib/python3.10/site-packages/flwr/client/app.py", line 319, in _evaluate
    parameters: NDArrays = parameters_to_ndarrays(ins.parameters)
AttributeError: 'dict' object has no attribute 'parameters'
[2026-01-06 01:01:26,080][flwr][ERROR] - [36mray::launch_and_evaluate()[39m (pid=77246, ip=127.0.0.1)
  File "/Users/dinukaperera/opt/anaconda3/envs/flower_tutorial/lib/python3.10/site-packages/flwr/simulation/ray_transport/ray_client_proxy.py", line 160, in launch_and_evaluate
    return maybe_call_evaluate(
  File "/Users/dinukaperera/opt/anaconda3/envs/flower_tutorial/lib/python3.10/site-packages/flwr/client/client.py", line 205, in maybe_call_evaluate
    return client.evaluate(evaluate_ins)
  File "/Users/dinukaperera/opt/anaconda3/envs/flower_tutorial/lib/python3.10/site-packages/flwr/client/app.py", line 319, in _evaluate
    parameters: NDArrays = parameters_to_ndarrays(ins.parameters)
AttributeError: 'dict' object has no attribute 'parameters'
[2026-01-06 01:01:26,081][flwr][ERROR] - [36mray::launch_and_evaluate()[39m (pid=77243, ip=127.0.0.1)
  File "/Users/dinukaperera/opt/anaconda3/envs/flower_tutorial/lib/python3.10/site-packages/flwr/simulation/ray_transport/ray_client_proxy.py", line 160, in launch_and_evaluate
    return maybe_call_evaluate(
  File "/Users/dinukaperera/opt/anaconda3/envs/flower_tutorial/lib/python3.10/site-packages/flwr/client/client.py", line 205, in maybe_call_evaluate
    return client.evaluate(evaluate_ins)
  File "/Users/dinukaperera/opt/anaconda3/envs/flower_tutorial/lib/python3.10/site-packages/flwr/client/app.py", line 319, in _evaluate
    parameters: NDArrays = parameters_to_ndarrays(ins.parameters)
AttributeError: 'dict' object has no attribute 'parameters'
[2026-01-06 01:01:26,081][flwr][ERROR] - [36mray::launch_and_evaluate()[39m (pid=77244, ip=127.0.0.1)
  File "/Users/dinukaperera/opt/anaconda3/envs/flower_tutorial/lib/python3.10/site-packages/flwr/simulation/ray_transport/ray_client_proxy.py", line 160, in launch_and_evaluate
    return maybe_call_evaluate(
  File "/Users/dinukaperera/opt/anaconda3/envs/flower_tutorial/lib/python3.10/site-packages/flwr/client/client.py", line 205, in maybe_call_evaluate
    return client.evaluate(evaluate_ins)
  File "/Users/dinukaperera/opt/anaconda3/envs/flower_tutorial/lib/python3.10/site-packages/flwr/client/app.py", line 319, in _evaluate
    parameters: NDArrays = parameters_to_ndarrays(ins.parameters)
AttributeError: 'dict' object has no attribute 'parameters'
[2026-01-06 01:01:26,083][flwr][ERROR] - [36mray::launch_and_evaluate()[39m (pid=77252, ip=127.0.0.1)
  File "/Users/dinukaperera/opt/anaconda3/envs/flower_tutorial/lib/python3.10/site-packages/flwr/simulation/ray_transport/ray_client_proxy.py", line 160, in launch_and_evaluate
    return maybe_call_evaluate(
  File "/Users/dinukaperera/opt/anaconda3/envs/flower_tutorial/lib/python3.10/site-packages/flwr/client/client.py", line 205, in maybe_call_evaluate
    return client.evaluate(evaluate_ins)
  File "/Users/dinukaperera/opt/anaconda3/envs/flower_tutorial/lib/python3.10/site-packages/flwr/client/app.py", line 319, in _evaluate
    parameters: NDArrays = parameters_to_ndarrays(ins.parameters)
AttributeError: 'dict' object has no attribute 'parameters'
[2026-01-06 01:01:26,087][flwr][ERROR] - [36mray::launch_and_evaluate()[39m (pid=77244, ip=127.0.0.1)
  File "/Users/dinukaperera/opt/anaconda3/envs/flower_tutorial/lib/python3.10/site-packages/flwr/simulation/ray_transport/ray_client_proxy.py", line 160, in launch_and_evaluate
    return maybe_call_evaluate(
  File "/Users/dinukaperera/opt/anaconda3/envs/flower_tutorial/lib/python3.10/site-packages/flwr/client/client.py", line 205, in maybe_call_evaluate
    return client.evaluate(evaluate_ins)
  File "/Users/dinukaperera/opt/anaconda3/envs/flower_tutorial/lib/python3.10/site-packages/flwr/client/app.py", line 319, in _evaluate
    parameters: NDArrays = parameters_to_ndarrays(ins.parameters)
AttributeError: 'dict' object has no attribute 'parameters'
[2026-01-06 01:01:26,089][flwr][ERROR] - [36mray::launch_and_evaluate()[39m (pid=77246, ip=127.0.0.1)
  File "/Users/dinukaperera/opt/anaconda3/envs/flower_tutorial/lib/python3.10/site-packages/flwr/simulation/ray_transport/ray_client_proxy.py", line 160, in launch_and_evaluate
    return maybe_call_evaluate(
  File "/Users/dinukaperera/opt/anaconda3/envs/flower_tutorial/lib/python3.10/site-packages/flwr/client/client.py", line 205, in maybe_call_evaluate
    return client.evaluate(evaluate_ins)
  File "/Users/dinukaperera/opt/anaconda3/envs/flower_tutorial/lib/python3.10/site-packages/flwr/client/app.py", line 319, in _evaluate
    parameters: NDArrays = parameters_to_ndarrays(ins.parameters)
AttributeError: 'dict' object has no attribute 'parameters'
[2026-01-06 01:01:26,089][flwr][DEBUG] - evaluate_round 16 received 0 results and 25 failures
[2026-01-06 01:01:26,091][flwr][DEBUG] - fit_round 17: strategy sampled 10 clients (out of 100)
[2026-01-06 01:01:26,121][flwr][ERROR] - [36mray::launch_and_fit()[39m (pid=77246, ip=127.0.0.1)
  File "/Users/dinukaperera/opt/anaconda3/envs/flower_tutorial/lib/python3.10/site-packages/flwr/simulation/ray_transport/ray_client_proxy.py", line 148, in launch_and_fit
    return maybe_call_fit(
  File "/Users/dinukaperera/opt/anaconda3/envs/flower_tutorial/lib/python3.10/site-packages/flwr/client/client.py", line 184, in maybe_call_fit
    return client.fit(fit_ins)
  File "/Users/dinukaperera/opt/anaconda3/envs/flower_tutorial/lib/python3.10/site-packages/flwr/client/app.py", line 294, in _fit
    parameters: NDArrays = parameters_to_ndarrays(ins.parameters)
AttributeError: 'dict' object has no attribute 'parameters'
[2026-01-06 01:01:26,125][flwr][ERROR] - [36mray::launch_and_fit()[39m (pid=77244, ip=127.0.0.1)
  File "/Users/dinukaperera/opt/anaconda3/envs/flower_tutorial/lib/python3.10/site-packages/flwr/simulation/ray_transport/ray_client_proxy.py", line 148, in launch_and_fit
    return maybe_call_fit(
  File "/Users/dinukaperera/opt/anaconda3/envs/flower_tutorial/lib/python3.10/site-packages/flwr/client/client.py", line 184, in maybe_call_fit
    return client.fit(fit_ins)
  File "/Users/dinukaperera/opt/anaconda3/envs/flower_tutorial/lib/python3.10/site-packages/flwr/client/app.py", line 294, in _fit
    parameters: NDArrays = parameters_to_ndarrays(ins.parameters)
AttributeError: 'dict' object has no attribute 'parameters'
[2026-01-06 01:01:26,131][flwr][ERROR] - [36mray::launch_and_fit()[39m (pid=77246, ip=127.0.0.1)
  File "/Users/dinukaperera/opt/anaconda3/envs/flower_tutorial/lib/python3.10/site-packages/flwr/simulation/ray_transport/ray_client_proxy.py", line 148, in launch_and_fit
    return maybe_call_fit(
  File "/Users/dinukaperera/opt/anaconda3/envs/flower_tutorial/lib/python3.10/site-packages/flwr/client/client.py", line 184, in maybe_call_fit
    return client.fit(fit_ins)
  File "/Users/dinukaperera/opt/anaconda3/envs/flower_tutorial/lib/python3.10/site-packages/flwr/client/app.py", line 294, in _fit
    parameters: NDArrays = parameters_to_ndarrays(ins.parameters)
AttributeError: 'dict' object has no attribute 'parameters'
[2026-01-06 01:01:26,138][flwr][ERROR] - [36mray::launch_and_fit()[39m (pid=77246, ip=127.0.0.1)
  File "/Users/dinukaperera/opt/anaconda3/envs/flower_tutorial/lib/python3.10/site-packages/flwr/simulation/ray_transport/ray_client_proxy.py", line 148, in launch_and_fit
    return maybe_call_fit(
  File "/Users/dinukaperera/opt/anaconda3/envs/flower_tutorial/lib/python3.10/site-packages/flwr/client/client.py", line 184, in maybe_call_fit
    return client.fit(fit_ins)
  File "/Users/dinukaperera/opt/anaconda3/envs/flower_tutorial/lib/python3.10/site-packages/flwr/client/app.py", line 294, in _fit
    parameters: NDArrays = parameters_to_ndarrays(ins.parameters)
AttributeError: 'dict' object has no attribute 'parameters'
[2026-01-06 01:01:26,139][flwr][ERROR] - [36mray::launch_and_fit()[39m (pid=77243, ip=127.0.0.1)
  File "/Users/dinukaperera/opt/anaconda3/envs/flower_tutorial/lib/python3.10/site-packages/flwr/simulation/ray_transport/ray_client_proxy.py", line 148, in launch_and_fit
    return maybe_call_fit(
  File "/Users/dinukaperera/opt/anaconda3/envs/flower_tutorial/lib/python3.10/site-packages/flwr/client/client.py", line 184, in maybe_call_fit
    return client.fit(fit_ins)
  File "/Users/dinukaperera/opt/anaconda3/envs/flower_tutorial/lib/python3.10/site-packages/flwr/client/app.py", line 294, in _fit
    parameters: NDArrays = parameters_to_ndarrays(ins.parameters)
AttributeError: 'dict' object has no attribute 'parameters'
[2026-01-06 01:01:26,139][flwr][ERROR] - [36mray::launch_and_fit()[39m (pid=77252, ip=127.0.0.1)
  File "/Users/dinukaperera/opt/anaconda3/envs/flower_tutorial/lib/python3.10/site-packages/flwr/simulation/ray_transport/ray_client_proxy.py", line 148, in launch_and_fit
    return maybe_call_fit(
  File "/Users/dinukaperera/opt/anaconda3/envs/flower_tutorial/lib/python3.10/site-packages/flwr/client/client.py", line 184, in maybe_call_fit
    return client.fit(fit_ins)
  File "/Users/dinukaperera/opt/anaconda3/envs/flower_tutorial/lib/python3.10/site-packages/flwr/client/app.py", line 294, in _fit
    parameters: NDArrays = parameters_to_ndarrays(ins.parameters)
AttributeError: 'dict' object has no attribute 'parameters'
[2026-01-06 01:01:26,140][flwr][ERROR] - [36mray::launch_and_fit()[39m (pid=77249, ip=127.0.0.1)
  File "/Users/dinukaperera/opt/anaconda3/envs/flower_tutorial/lib/python3.10/site-packages/flwr/simulation/ray_transport/ray_client_proxy.py", line 148, in launch_and_fit
    return maybe_call_fit(
  File "/Users/dinukaperera/opt/anaconda3/envs/flower_tutorial/lib/python3.10/site-packages/flwr/client/client.py", line 184, in maybe_call_fit
    return client.fit(fit_ins)
  File "/Users/dinukaperera/opt/anaconda3/envs/flower_tutorial/lib/python3.10/site-packages/flwr/client/app.py", line 294, in _fit
    parameters: NDArrays = parameters_to_ndarrays(ins.parameters)
AttributeError: 'dict' object has no attribute 'parameters'
[2026-01-06 01:01:26,140][flwr][ERROR] - [36mray::launch_and_fit()[39m (pid=77250, ip=127.0.0.1)
  File "/Users/dinukaperera/opt/anaconda3/envs/flower_tutorial/lib/python3.10/site-packages/flwr/simulation/ray_transport/ray_client_proxy.py", line 148, in launch_and_fit
    return maybe_call_fit(
  File "/Users/dinukaperera/opt/anaconda3/envs/flower_tutorial/lib/python3.10/site-packages/flwr/client/client.py", line 184, in maybe_call_fit
    return client.fit(fit_ins)
  File "/Users/dinukaperera/opt/anaconda3/envs/flower_tutorial/lib/python3.10/site-packages/flwr/client/app.py", line 294, in _fit
    parameters: NDArrays = parameters_to_ndarrays(ins.parameters)
AttributeError: 'dict' object has no attribute 'parameters'
[2026-01-06 01:01:26,140][flwr][ERROR] - [36mray::launch_and_fit()[39m (pid=77244, ip=127.0.0.1)
  File "/Users/dinukaperera/opt/anaconda3/envs/flower_tutorial/lib/python3.10/site-packages/flwr/simulation/ray_transport/ray_client_proxy.py", line 148, in launch_and_fit
    return maybe_call_fit(
  File "/Users/dinukaperera/opt/anaconda3/envs/flower_tutorial/lib/python3.10/site-packages/flwr/client/client.py", line 184, in maybe_call_fit
    return client.fit(fit_ins)
  File "/Users/dinukaperera/opt/anaconda3/envs/flower_tutorial/lib/python3.10/site-packages/flwr/client/app.py", line 294, in _fit
    parameters: NDArrays = parameters_to_ndarrays(ins.parameters)
AttributeError: 'dict' object has no attribute 'parameters'
[2026-01-06 01:01:26,141][flwr][ERROR] - [36mray::launch_and_fit()[39m (pid=77245, ip=127.0.0.1)
  File "/Users/dinukaperera/opt/anaconda3/envs/flower_tutorial/lib/python3.10/site-packages/flwr/simulation/ray_transport/ray_client_proxy.py", line 148, in launch_and_fit
    return maybe_call_fit(
  File "/Users/dinukaperera/opt/anaconda3/envs/flower_tutorial/lib/python3.10/site-packages/flwr/client/client.py", line 184, in maybe_call_fit
    return client.fit(fit_ins)
  File "/Users/dinukaperera/opt/anaconda3/envs/flower_tutorial/lib/python3.10/site-packages/flwr/client/app.py", line 294, in _fit
    parameters: NDArrays = parameters_to_ndarrays(ins.parameters)
AttributeError: 'dict' object has no attribute 'parameters'
[2026-01-06 01:01:26,143][flwr][DEBUG] - fit_round 17 received 0 results and 10 failures
[2026-01-06 01:01:26,164][flwr][INFO] - fit progress: (17, 68.0167875289917, {'accuracy': 0.5075}, 9.89854479196947)
[2026-01-06 01:01:26,164][flwr][DEBUG] - evaluate_round 17: strategy sampled 25 clients (out of 100)
[2026-01-06 01:01:26,186][flwr][ERROR] - [36mray::launch_and_evaluate()[39m (pid=77245, ip=127.0.0.1)
  File "/Users/dinukaperera/opt/anaconda3/envs/flower_tutorial/lib/python3.10/site-packages/flwr/simulation/ray_transport/ray_client_proxy.py", line 160, in launch_and_evaluate
    return maybe_call_evaluate(
  File "/Users/dinukaperera/opt/anaconda3/envs/flower_tutorial/lib/python3.10/site-packages/flwr/client/client.py", line 205, in maybe_call_evaluate
    return client.evaluate(evaluate_ins)
  File "/Users/dinukaperera/opt/anaconda3/envs/flower_tutorial/lib/python3.10/site-packages/flwr/client/app.py", line 319, in _evaluate
    parameters: NDArrays = parameters_to_ndarrays(ins.parameters)
AttributeError: 'dict' object has no attribute 'parameters'
[2026-01-06 01:01:26,194][flwr][ERROR] - [36mray::launch_and_evaluate()[39m (pid=77244, ip=127.0.0.1)
  File "/Users/dinukaperera/opt/anaconda3/envs/flower_tutorial/lib/python3.10/site-packages/flwr/simulation/ray_transport/ray_client_proxy.py", line 160, in launch_and_evaluate
    return maybe_call_evaluate(
  File "/Users/dinukaperera/opt/anaconda3/envs/flower_tutorial/lib/python3.10/site-packages/flwr/client/client.py", line 205, in maybe_call_evaluate
    return client.evaluate(evaluate_ins)
  File "/Users/dinukaperera/opt/anaconda3/envs/flower_tutorial/lib/python3.10/site-packages/flwr/client/app.py", line 319, in _evaluate
    parameters: NDArrays = parameters_to_ndarrays(ins.parameters)
AttributeError: 'dict' object has no attribute 'parameters'
[2026-01-06 01:01:26,194][flwr][ERROR] - [36mray::launch_and_evaluate()[39m (pid=77249, ip=127.0.0.1)
  File "/Users/dinukaperera/opt/anaconda3/envs/flower_tutorial/lib/python3.10/site-packages/flwr/simulation/ray_transport/ray_client_proxy.py", line 160, in launch_and_evaluate
    return maybe_call_evaluate(
  File "/Users/dinukaperera/opt/anaconda3/envs/flower_tutorial/lib/python3.10/site-packages/flwr/client/client.py", line 205, in maybe_call_evaluate
    return client.evaluate(evaluate_ins)
  File "/Users/dinukaperera/opt/anaconda3/envs/flower_tutorial/lib/python3.10/site-packages/flwr/client/app.py", line 319, in _evaluate
    parameters: NDArrays = parameters_to_ndarrays(ins.parameters)
AttributeError: 'dict' object has no attribute 'parameters'
[2026-01-06 01:01:26,195][flwr][ERROR] - [36mray::launch_and_evaluate()[39m (pid=77250, ip=127.0.0.1)
  File "/Users/dinukaperera/opt/anaconda3/envs/flower_tutorial/lib/python3.10/site-packages/flwr/simulation/ray_transport/ray_client_proxy.py", line 160, in launch_and_evaluate
    return maybe_call_evaluate(
  File "/Users/dinukaperera/opt/anaconda3/envs/flower_tutorial/lib/python3.10/site-packages/flwr/client/client.py", line 205, in maybe_call_evaluate
    return client.evaluate(evaluate_ins)
  File "/Users/dinukaperera/opt/anaconda3/envs/flower_tutorial/lib/python3.10/site-packages/flwr/client/app.py", line 319, in _evaluate
    parameters: NDArrays = parameters_to_ndarrays(ins.parameters)
AttributeError: 'dict' object has no attribute 'parameters'
[2026-01-06 01:01:26,199][flwr][ERROR] - [36mray::launch_and_evaluate()[39m (pid=77245, ip=127.0.0.1)
  File "/Users/dinukaperera/opt/anaconda3/envs/flower_tutorial/lib/python3.10/site-packages/flwr/simulation/ray_transport/ray_client_proxy.py", line 160, in launch_and_evaluate
    return maybe_call_evaluate(
  File "/Users/dinukaperera/opt/anaconda3/envs/flower_tutorial/lib/python3.10/site-packages/flwr/client/client.py", line 205, in maybe_call_evaluate
    return client.evaluate(evaluate_ins)
  File "/Users/dinukaperera/opt/anaconda3/envs/flower_tutorial/lib/python3.10/site-packages/flwr/client/app.py", line 319, in _evaluate
    parameters: NDArrays = parameters_to_ndarrays(ins.parameters)
AttributeError: 'dict' object has no attribute 'parameters'
[2026-01-06 01:01:26,208][flwr][ERROR] - [36mray::launch_and_evaluate()[39m (pid=77245, ip=127.0.0.1)
  File "/Users/dinukaperera/opt/anaconda3/envs/flower_tutorial/lib/python3.10/site-packages/flwr/simulation/ray_transport/ray_client_proxy.py", line 160, in launch_and_evaluate
    return maybe_call_evaluate(
  File "/Users/dinukaperera/opt/anaconda3/envs/flower_tutorial/lib/python3.10/site-packages/flwr/client/client.py", line 205, in maybe_call_evaluate
    return client.evaluate(evaluate_ins)
  File "/Users/dinukaperera/opt/anaconda3/envs/flower_tutorial/lib/python3.10/site-packages/flwr/client/app.py", line 319, in _evaluate
    parameters: NDArrays = parameters_to_ndarrays(ins.parameters)
AttributeError: 'dict' object has no attribute 'parameters'
[2026-01-06 01:01:26,208][flwr][ERROR] - [36mray::launch_and_evaluate()[39m (pid=77250, ip=127.0.0.1)
  File "/Users/dinukaperera/opt/anaconda3/envs/flower_tutorial/lib/python3.10/site-packages/flwr/simulation/ray_transport/ray_client_proxy.py", line 160, in launch_and_evaluate
    return maybe_call_evaluate(
  File "/Users/dinukaperera/opt/anaconda3/envs/flower_tutorial/lib/python3.10/site-packages/flwr/client/client.py", line 205, in maybe_call_evaluate
    return client.evaluate(evaluate_ins)
  File "/Users/dinukaperera/opt/anaconda3/envs/flower_tutorial/lib/python3.10/site-packages/flwr/client/app.py", line 319, in _evaluate
    parameters: NDArrays = parameters_to_ndarrays(ins.parameters)
AttributeError: 'dict' object has no attribute 'parameters'
[2026-01-06 01:01:26,212][flwr][ERROR] - [36mray::launch_and_evaluate()[39m (pid=77244, ip=127.0.0.1)
  File "/Users/dinukaperera/opt/anaconda3/envs/flower_tutorial/lib/python3.10/site-packages/flwr/simulation/ray_transport/ray_client_proxy.py", line 160, in launch_and_evaluate
    return maybe_call_evaluate(
  File "/Users/dinukaperera/opt/anaconda3/envs/flower_tutorial/lib/python3.10/site-packages/flwr/client/client.py", line 205, in maybe_call_evaluate
    return client.evaluate(evaluate_ins)
  File "/Users/dinukaperera/opt/anaconda3/envs/flower_tutorial/lib/python3.10/site-packages/flwr/client/app.py", line 319, in _evaluate
    parameters: NDArrays = parameters_to_ndarrays(ins.parameters)
AttributeError: 'dict' object has no attribute 'parameters'
[2026-01-06 01:01:26,212][flwr][ERROR] - [36mray::launch_and_evaluate()[39m (pid=77249, ip=127.0.0.1)
  File "/Users/dinukaperera/opt/anaconda3/envs/flower_tutorial/lib/python3.10/site-packages/flwr/simulation/ray_transport/ray_client_proxy.py", line 160, in launch_and_evaluate
    return maybe_call_evaluate(
  File "/Users/dinukaperera/opt/anaconda3/envs/flower_tutorial/lib/python3.10/site-packages/flwr/client/client.py", line 205, in maybe_call_evaluate
    return client.evaluate(evaluate_ins)
  File "/Users/dinukaperera/opt/anaconda3/envs/flower_tutorial/lib/python3.10/site-packages/flwr/client/app.py", line 319, in _evaluate
    parameters: NDArrays = parameters_to_ndarrays(ins.parameters)
AttributeError: 'dict' object has no attribute 'parameters'
[2026-01-06 01:01:26,230][flwr][ERROR] - [36mray::launch_and_evaluate()[39m (pid=77244, ip=127.0.0.1)
  File "/Users/dinukaperera/opt/anaconda3/envs/flower_tutorial/lib/python3.10/site-packages/flwr/simulation/ray_transport/ray_client_proxy.py", line 160, in launch_and_evaluate
    return maybe_call_evaluate(
  File "/Users/dinukaperera/opt/anaconda3/envs/flower_tutorial/lib/python3.10/site-packages/flwr/client/client.py", line 205, in maybe_call_evaluate
    return client.evaluate(evaluate_ins)
  File "/Users/dinukaperera/opt/anaconda3/envs/flower_tutorial/lib/python3.10/site-packages/flwr/client/app.py", line 319, in _evaluate
    parameters: NDArrays = parameters_to_ndarrays(ins.parameters)
AttributeError: 'dict' object has no attribute 'parameters'
[2026-01-06 01:01:26,231][flwr][ERROR] - [36mray::launch_and_evaluate()[39m (pid=77250, ip=127.0.0.1)
  File "/Users/dinukaperera/opt/anaconda3/envs/flower_tutorial/lib/python3.10/site-packages/flwr/simulation/ray_transport/ray_client_proxy.py", line 160, in launch_and_evaluate
    return maybe_call_evaluate(
  File "/Users/dinukaperera/opt/anaconda3/envs/flower_tutorial/lib/python3.10/site-packages/flwr/client/client.py", line 205, in maybe_call_evaluate
    return client.evaluate(evaluate_ins)
  File "/Users/dinukaperera/opt/anaconda3/envs/flower_tutorial/lib/python3.10/site-packages/flwr/client/app.py", line 319, in _evaluate
    parameters: NDArrays = parameters_to_ndarrays(ins.parameters)
AttributeError: 'dict' object has no attribute 'parameters'
[2026-01-06 01:01:26,231][flwr][ERROR] - [36mray::launch_and_evaluate()[39m (pid=77245, ip=127.0.0.1)
  File "/Users/dinukaperera/opt/anaconda3/envs/flower_tutorial/lib/python3.10/site-packages/flwr/simulation/ray_transport/ray_client_proxy.py", line 160, in launch_and_evaluate
    return maybe_call_evaluate(
  File "/Users/dinukaperera/opt/anaconda3/envs/flower_tutorial/lib/python3.10/site-packages/flwr/client/client.py", line 205, in maybe_call_evaluate
    return client.evaluate(evaluate_ins)
  File "/Users/dinukaperera/opt/anaconda3/envs/flower_tutorial/lib/python3.10/site-packages/flwr/client/app.py", line 319, in _evaluate
    parameters: NDArrays = parameters_to_ndarrays(ins.parameters)
AttributeError: 'dict' object has no attribute 'parameters'
[2026-01-06 01:01:26,232][flwr][ERROR] - [36mray::launch_and_evaluate()[39m (pid=77249, ip=127.0.0.1)
  File "/Users/dinukaperera/opt/anaconda3/envs/flower_tutorial/lib/python3.10/site-packages/flwr/simulation/ray_transport/ray_client_proxy.py", line 160, in launch_and_evaluate
    return maybe_call_evaluate(
  File "/Users/dinukaperera/opt/anaconda3/envs/flower_tutorial/lib/python3.10/site-packages/flwr/client/client.py", line 205, in maybe_call_evaluate
    return client.evaluate(evaluate_ins)
  File "/Users/dinukaperera/opt/anaconda3/envs/flower_tutorial/lib/python3.10/site-packages/flwr/client/app.py", line 319, in _evaluate
    parameters: NDArrays = parameters_to_ndarrays(ins.parameters)
AttributeError: 'dict' object has no attribute 'parameters'
[2026-01-06 01:01:26,239][flwr][ERROR] - [36mray::launch_and_evaluate()[39m (pid=77245, ip=127.0.0.1)
  File "/Users/dinukaperera/opt/anaconda3/envs/flower_tutorial/lib/python3.10/site-packages/flwr/simulation/ray_transport/ray_client_proxy.py", line 160, in launch_and_evaluate
    return maybe_call_evaluate(
  File "/Users/dinukaperera/opt/anaconda3/envs/flower_tutorial/lib/python3.10/site-packages/flwr/client/client.py", line 205, in maybe_call_evaluate
    return client.evaluate(evaluate_ins)
  File "/Users/dinukaperera/opt/anaconda3/envs/flower_tutorial/lib/python3.10/site-packages/flwr/client/app.py", line 319, in _evaluate
    parameters: NDArrays = parameters_to_ndarrays(ins.parameters)
AttributeError: 'dict' object has no attribute 'parameters'
[2026-01-06 01:01:26,243][flwr][ERROR] - [36mray::launch_and_evaluate()[39m (pid=77250, ip=127.0.0.1)
  File "/Users/dinukaperera/opt/anaconda3/envs/flower_tutorial/lib/python3.10/site-packages/flwr/simulation/ray_transport/ray_client_proxy.py", line 160, in launch_and_evaluate
    return maybe_call_evaluate(
  File "/Users/dinukaperera/opt/anaconda3/envs/flower_tutorial/lib/python3.10/site-packages/flwr/client/client.py", line 205, in maybe_call_evaluate
    return client.evaluate(evaluate_ins)
  File "/Users/dinukaperera/opt/anaconda3/envs/flower_tutorial/lib/python3.10/site-packages/flwr/client/app.py", line 319, in _evaluate
    parameters: NDArrays = parameters_to_ndarrays(ins.parameters)
AttributeError: 'dict' object has no attribute 'parameters'
[2026-01-06 01:01:26,243][flwr][ERROR] - [36mray::launch_and_evaluate()[39m (pid=77249, ip=127.0.0.1)
  File "/Users/dinukaperera/opt/anaconda3/envs/flower_tutorial/lib/python3.10/site-packages/flwr/simulation/ray_transport/ray_client_proxy.py", line 160, in launch_and_evaluate
    return maybe_call_evaluate(
  File "/Users/dinukaperera/opt/anaconda3/envs/flower_tutorial/lib/python3.10/site-packages/flwr/client/client.py", line 205, in maybe_call_evaluate
    return client.evaluate(evaluate_ins)
  File "/Users/dinukaperera/opt/anaconda3/envs/flower_tutorial/lib/python3.10/site-packages/flwr/client/app.py", line 319, in _evaluate
    parameters: NDArrays = parameters_to_ndarrays(ins.parameters)
AttributeError: 'dict' object has no attribute 'parameters'
[2026-01-06 01:01:26,255][flwr][ERROR] - [36mray::launch_and_evaluate()[39m (pid=77250, ip=127.0.0.1)
  File "/Users/dinukaperera/opt/anaconda3/envs/flower_tutorial/lib/python3.10/site-packages/flwr/simulation/ray_transport/ray_client_proxy.py", line 160, in launch_and_evaluate
    return maybe_call_evaluate(
  File "/Users/dinukaperera/opt/anaconda3/envs/flower_tutorial/lib/python3.10/site-packages/flwr/client/client.py", line 205, in maybe_call_evaluate
    return client.evaluate(evaluate_ins)
  File "/Users/dinukaperera/opt/anaconda3/envs/flower_tutorial/lib/python3.10/site-packages/flwr/client/app.py", line 319, in _evaluate
    parameters: NDArrays = parameters_to_ndarrays(ins.parameters)
AttributeError: 'dict' object has no attribute 'parameters'
[2026-01-06 01:01:26,256][flwr][ERROR] - [36mray::launch_and_evaluate()[39m (pid=77245, ip=127.0.0.1)
  File "/Users/dinukaperera/opt/anaconda3/envs/flower_tutorial/lib/python3.10/site-packages/flwr/simulation/ray_transport/ray_client_proxy.py", line 160, in launch_and_evaluate
    return maybe_call_evaluate(
  File "/Users/dinukaperera/opt/anaconda3/envs/flower_tutorial/lib/python3.10/site-packages/flwr/client/client.py", line 205, in maybe_call_evaluate
    return client.evaluate(evaluate_ins)
  File "/Users/dinukaperera/opt/anaconda3/envs/flower_tutorial/lib/python3.10/site-packages/flwr/client/app.py", line 319, in _evaluate
    parameters: NDArrays = parameters_to_ndarrays(ins.parameters)
AttributeError: 'dict' object has no attribute 'parameters'
[2026-01-06 01:01:26,259][flwr][ERROR] - [36mray::launch_and_evaluate()[39m (pid=77250, ip=127.0.0.1)
  File "/Users/dinukaperera/opt/anaconda3/envs/flower_tutorial/lib/python3.10/site-packages/flwr/simulation/ray_transport/ray_client_proxy.py", line 160, in launch_and_evaluate
    return maybe_call_evaluate(
  File "/Users/dinukaperera/opt/anaconda3/envs/flower_tutorial/lib/python3.10/site-packages/flwr/client/client.py", line 205, in maybe_call_evaluate
    return client.evaluate(evaluate_ins)
  File "/Users/dinukaperera/opt/anaconda3/envs/flower_tutorial/lib/python3.10/site-packages/flwr/client/app.py", line 319, in _evaluate
    parameters: NDArrays = parameters_to_ndarrays(ins.parameters)
AttributeError: 'dict' object has no attribute 'parameters'
[2026-01-06 01:01:26,260][flwr][ERROR] - [36mray::launch_and_evaluate()[39m (pid=77249, ip=127.0.0.1)
  File "/Users/dinukaperera/opt/anaconda3/envs/flower_tutorial/lib/python3.10/site-packages/flwr/simulation/ray_transport/ray_client_proxy.py", line 160, in launch_and_evaluate
    return maybe_call_evaluate(
  File "/Users/dinukaperera/opt/anaconda3/envs/flower_tutorial/lib/python3.10/site-packages/flwr/client/client.py", line 205, in maybe_call_evaluate
    return client.evaluate(evaluate_ins)
  File "/Users/dinukaperera/opt/anaconda3/envs/flower_tutorial/lib/python3.10/site-packages/flwr/client/app.py", line 319, in _evaluate
    parameters: NDArrays = parameters_to_ndarrays(ins.parameters)
AttributeError: 'dict' object has no attribute 'parameters'
[2026-01-06 01:01:26,268][flwr][ERROR] - [36mray::launch_and_evaluate()[39m (pid=77250, ip=127.0.0.1)
  File "/Users/dinukaperera/opt/anaconda3/envs/flower_tutorial/lib/python3.10/site-packages/flwr/simulation/ray_transport/ray_client_proxy.py", line 160, in launch_and_evaluate
    return maybe_call_evaluate(
  File "/Users/dinukaperera/opt/anaconda3/envs/flower_tutorial/lib/python3.10/site-packages/flwr/client/client.py", line 205, in maybe_call_evaluate
    return client.evaluate(evaluate_ins)
  File "/Users/dinukaperera/opt/anaconda3/envs/flower_tutorial/lib/python3.10/site-packages/flwr/client/app.py", line 319, in _evaluate
    parameters: NDArrays = parameters_to_ndarrays(ins.parameters)
AttributeError: 'dict' object has no attribute 'parameters'
[2026-01-06 01:01:26,271][flwr][ERROR] - [36mray::launch_and_evaluate()[39m (pid=77249, ip=127.0.0.1)
  File "/Users/dinukaperera/opt/anaconda3/envs/flower_tutorial/lib/python3.10/site-packages/flwr/simulation/ray_transport/ray_client_proxy.py", line 160, in launch_and_evaluate
    return maybe_call_evaluate(
  File "/Users/dinukaperera/opt/anaconda3/envs/flower_tutorial/lib/python3.10/site-packages/flwr/client/client.py", line 205, in maybe_call_evaluate
    return client.evaluate(evaluate_ins)
  File "/Users/dinukaperera/opt/anaconda3/envs/flower_tutorial/lib/python3.10/site-packages/flwr/client/app.py", line 319, in _evaluate
    parameters: NDArrays = parameters_to_ndarrays(ins.parameters)
AttributeError: 'dict' object has no attribute 'parameters'
[2026-01-06 01:01:26,271][flwr][ERROR] - [36mray::launch_and_evaluate()[39m (pid=77245, ip=127.0.0.1)
  File "/Users/dinukaperera/opt/anaconda3/envs/flower_tutorial/lib/python3.10/site-packages/flwr/simulation/ray_transport/ray_client_proxy.py", line 160, in launch_and_evaluate
    return maybe_call_evaluate(
  File "/Users/dinukaperera/opt/anaconda3/envs/flower_tutorial/lib/python3.10/site-packages/flwr/client/client.py", line 205, in maybe_call_evaluate
    return client.evaluate(evaluate_ins)
  File "/Users/dinukaperera/opt/anaconda3/envs/flower_tutorial/lib/python3.10/site-packages/flwr/client/app.py", line 319, in _evaluate
    parameters: NDArrays = parameters_to_ndarrays(ins.parameters)
AttributeError: 'dict' object has no attribute 'parameters'
[2026-01-06 01:01:26,271][flwr][ERROR] - [36mray::launch_and_evaluate()[39m (pid=77244, ip=127.0.0.1)
  File "/Users/dinukaperera/opt/anaconda3/envs/flower_tutorial/lib/python3.10/site-packages/flwr/simulation/ray_transport/ray_client_proxy.py", line 160, in launch_and_evaluate
    return maybe_call_evaluate(
  File "/Users/dinukaperera/opt/anaconda3/envs/flower_tutorial/lib/python3.10/site-packages/flwr/client/client.py", line 205, in maybe_call_evaluate
    return client.evaluate(evaluate_ins)
  File "/Users/dinukaperera/opt/anaconda3/envs/flower_tutorial/lib/python3.10/site-packages/flwr/client/app.py", line 319, in _evaluate
    parameters: NDArrays = parameters_to_ndarrays(ins.parameters)
AttributeError: 'dict' object has no attribute 'parameters'
[2026-01-06 01:01:26,272][flwr][ERROR] - [36mray::launch_and_evaluate()[39m (pid=77252, ip=127.0.0.1)
  File "/Users/dinukaperera/opt/anaconda3/envs/flower_tutorial/lib/python3.10/site-packages/flwr/simulation/ray_transport/ray_client_proxy.py", line 160, in launch_and_evaluate
    return maybe_call_evaluate(
  File "/Users/dinukaperera/opt/anaconda3/envs/flower_tutorial/lib/python3.10/site-packages/flwr/client/client.py", line 205, in maybe_call_evaluate
    return client.evaluate(evaluate_ins)
  File "/Users/dinukaperera/opt/anaconda3/envs/flower_tutorial/lib/python3.10/site-packages/flwr/client/app.py", line 319, in _evaluate
    parameters: NDArrays = parameters_to_ndarrays(ins.parameters)
AttributeError: 'dict' object has no attribute 'parameters'
[2026-01-06 01:01:26,273][flwr][DEBUG] - evaluate_round 17 received 0 results and 25 failures
[2026-01-06 01:01:26,274][flwr][DEBUG] - fit_round 18: strategy sampled 10 clients (out of 100)
[2026-01-06 01:01:26,303][flwr][ERROR] - [36mray::launch_and_fit()[39m (pid=77244, ip=127.0.0.1)
  File "/Users/dinukaperera/opt/anaconda3/envs/flower_tutorial/lib/python3.10/site-packages/flwr/simulation/ray_transport/ray_client_proxy.py", line 148, in launch_and_fit
    return maybe_call_fit(
  File "/Users/dinukaperera/opt/anaconda3/envs/flower_tutorial/lib/python3.10/site-packages/flwr/client/client.py", line 184, in maybe_call_fit
    return client.fit(fit_ins)
  File "/Users/dinukaperera/opt/anaconda3/envs/flower_tutorial/lib/python3.10/site-packages/flwr/client/app.py", line 294, in _fit
    parameters: NDArrays = parameters_to_ndarrays(ins.parameters)
AttributeError: 'dict' object has no attribute 'parameters'
[2026-01-06 01:01:26,303][flwr][ERROR] - [36mray::launch_and_fit()[39m (pid=77245, ip=127.0.0.1)
  File "/Users/dinukaperera/opt/anaconda3/envs/flower_tutorial/lib/python3.10/site-packages/flwr/simulation/ray_transport/ray_client_proxy.py", line 148, in launch_and_fit
    return maybe_call_fit(
  File "/Users/dinukaperera/opt/anaconda3/envs/flower_tutorial/lib/python3.10/site-packages/flwr/client/client.py", line 184, in maybe_call_fit
    return client.fit(fit_ins)
  File "/Users/dinukaperera/opt/anaconda3/envs/flower_tutorial/lib/python3.10/site-packages/flwr/client/app.py", line 294, in _fit
    parameters: NDArrays = parameters_to_ndarrays(ins.parameters)
AttributeError: 'dict' object has no attribute 'parameters'
[2026-01-06 01:01:26,304][flwr][ERROR] - [36mray::launch_and_fit()[39m (pid=77252, ip=127.0.0.1)
  File "/Users/dinukaperera/opt/anaconda3/envs/flower_tutorial/lib/python3.10/site-packages/flwr/simulation/ray_transport/ray_client_proxy.py", line 148, in launch_and_fit
    return maybe_call_fit(
  File "/Users/dinukaperera/opt/anaconda3/envs/flower_tutorial/lib/python3.10/site-packages/flwr/client/client.py", line 184, in maybe_call_fit
    return client.fit(fit_ins)
  File "/Users/dinukaperera/opt/anaconda3/envs/flower_tutorial/lib/python3.10/site-packages/flwr/client/app.py", line 294, in _fit
    parameters: NDArrays = parameters_to_ndarrays(ins.parameters)
AttributeError: 'dict' object has no attribute 'parameters'
[2026-01-06 01:01:26,307][flwr][ERROR] - [36mray::launch_and_fit()[39m (pid=77243, ip=127.0.0.1)
  File "/Users/dinukaperera/opt/anaconda3/envs/flower_tutorial/lib/python3.10/site-packages/flwr/simulation/ray_transport/ray_client_proxy.py", line 148, in launch_and_fit
    return maybe_call_fit(
  File "/Users/dinukaperera/opt/anaconda3/envs/flower_tutorial/lib/python3.10/site-packages/flwr/client/client.py", line 184, in maybe_call_fit
    return client.fit(fit_ins)
  File "/Users/dinukaperera/opt/anaconda3/envs/flower_tutorial/lib/python3.10/site-packages/flwr/client/app.py", line 294, in _fit
    parameters: NDArrays = parameters_to_ndarrays(ins.parameters)
AttributeError: 'dict' object has no attribute 'parameters'
[2026-01-06 01:01:26,307][flwr][ERROR] - [36mray::launch_and_fit()[39m (pid=77249, ip=127.0.0.1)
  File "/Users/dinukaperera/opt/anaconda3/envs/flower_tutorial/lib/python3.10/site-packages/flwr/simulation/ray_transport/ray_client_proxy.py", line 148, in launch_and_fit
    return maybe_call_fit(
  File "/Users/dinukaperera/opt/anaconda3/envs/flower_tutorial/lib/python3.10/site-packages/flwr/client/client.py", line 184, in maybe_call_fit
    return client.fit(fit_ins)
  File "/Users/dinukaperera/opt/anaconda3/envs/flower_tutorial/lib/python3.10/site-packages/flwr/client/app.py", line 294, in _fit
    parameters: NDArrays = parameters_to_ndarrays(ins.parameters)
AttributeError: 'dict' object has no attribute 'parameters'
[2026-01-06 01:01:26,309][flwr][ERROR] - [36mray::launch_and_fit()[39m (pid=77250, ip=127.0.0.1)
  File "/Users/dinukaperera/opt/anaconda3/envs/flower_tutorial/lib/python3.10/site-packages/flwr/simulation/ray_transport/ray_client_proxy.py", line 148, in launch_and_fit
    return maybe_call_fit(
  File "/Users/dinukaperera/opt/anaconda3/envs/flower_tutorial/lib/python3.10/site-packages/flwr/client/client.py", line 184, in maybe_call_fit
    return client.fit(fit_ins)
  File "/Users/dinukaperera/opt/anaconda3/envs/flower_tutorial/lib/python3.10/site-packages/flwr/client/app.py", line 294, in _fit
    parameters: NDArrays = parameters_to_ndarrays(ins.parameters)
AttributeError: 'dict' object has no attribute 'parameters'
[2026-01-06 01:01:26,324][flwr][ERROR] - [36mray::launch_and_fit()[39m (pid=77250, ip=127.0.0.1)
  File "/Users/dinukaperera/opt/anaconda3/envs/flower_tutorial/lib/python3.10/site-packages/flwr/simulation/ray_transport/ray_client_proxy.py", line 148, in launch_and_fit
    return maybe_call_fit(
  File "/Users/dinukaperera/opt/anaconda3/envs/flower_tutorial/lib/python3.10/site-packages/flwr/client/client.py", line 184, in maybe_call_fit
    return client.fit(fit_ins)
  File "/Users/dinukaperera/opt/anaconda3/envs/flower_tutorial/lib/python3.10/site-packages/flwr/client/app.py", line 294, in _fit
    parameters: NDArrays = parameters_to_ndarrays(ins.parameters)
AttributeError: 'dict' object has no attribute 'parameters'
[2026-01-06 01:01:26,325][flwr][ERROR] - [36mray::launch_and_fit()[39m (pid=77245, ip=127.0.0.1)
  File "/Users/dinukaperera/opt/anaconda3/envs/flower_tutorial/lib/python3.10/site-packages/flwr/simulation/ray_transport/ray_client_proxy.py", line 148, in launch_and_fit
    return maybe_call_fit(
  File "/Users/dinukaperera/opt/anaconda3/envs/flower_tutorial/lib/python3.10/site-packages/flwr/client/client.py", line 184, in maybe_call_fit
    return client.fit(fit_ins)
  File "/Users/dinukaperera/opt/anaconda3/envs/flower_tutorial/lib/python3.10/site-packages/flwr/client/app.py", line 294, in _fit
    parameters: NDArrays = parameters_to_ndarrays(ins.parameters)
AttributeError: 'dict' object has no attribute 'parameters'
[2026-01-06 01:01:26,325][flwr][ERROR] - [36mray::launch_and_fit()[39m (pid=77243, ip=127.0.0.1)
  File "/Users/dinukaperera/opt/anaconda3/envs/flower_tutorial/lib/python3.10/site-packages/flwr/simulation/ray_transport/ray_client_proxy.py", line 148, in launch_and_fit
    return maybe_call_fit(
  File "/Users/dinukaperera/opt/anaconda3/envs/flower_tutorial/lib/python3.10/site-packages/flwr/client/client.py", line 184, in maybe_call_fit
    return client.fit(fit_ins)
  File "/Users/dinukaperera/opt/anaconda3/envs/flower_tutorial/lib/python3.10/site-packages/flwr/client/app.py", line 294, in _fit
    parameters: NDArrays = parameters_to_ndarrays(ins.parameters)
AttributeError: 'dict' object has no attribute 'parameters'
[2026-01-06 01:01:26,326][flwr][ERROR] - [36mray::launch_and_fit()[39m (pid=77249, ip=127.0.0.1)
  File "/Users/dinukaperera/opt/anaconda3/envs/flower_tutorial/lib/python3.10/site-packages/flwr/simulation/ray_transport/ray_client_proxy.py", line 148, in launch_and_fit
    return maybe_call_fit(
  File "/Users/dinukaperera/opt/anaconda3/envs/flower_tutorial/lib/python3.10/site-packages/flwr/client/client.py", line 184, in maybe_call_fit
    return client.fit(fit_ins)
  File "/Users/dinukaperera/opt/anaconda3/envs/flower_tutorial/lib/python3.10/site-packages/flwr/client/app.py", line 294, in _fit
    parameters: NDArrays = parameters_to_ndarrays(ins.parameters)
AttributeError: 'dict' object has no attribute 'parameters'
[2026-01-06 01:01:26,326][flwr][DEBUG] - fit_round 18 received 0 results and 10 failures
[2026-01-06 01:01:26,349][flwr][INFO] - fit progress: (18, 68.0167875289917, {'accuracy': 0.5075}, 10.083547333953902)
[2026-01-06 01:01:26,349][flwr][DEBUG] - evaluate_round 18: strategy sampled 25 clients (out of 100)
[2026-01-06 01:01:26,371][flwr][ERROR] - [36mray::launch_and_evaluate()[39m (pid=77249, ip=127.0.0.1)
  File "/Users/dinukaperera/opt/anaconda3/envs/flower_tutorial/lib/python3.10/site-packages/flwr/simulation/ray_transport/ray_client_proxy.py", line 160, in launch_and_evaluate
    return maybe_call_evaluate(
  File "/Users/dinukaperera/opt/anaconda3/envs/flower_tutorial/lib/python3.10/site-packages/flwr/client/client.py", line 205, in maybe_call_evaluate
    return client.evaluate(evaluate_ins)
  File "/Users/dinukaperera/opt/anaconda3/envs/flower_tutorial/lib/python3.10/site-packages/flwr/client/app.py", line 319, in _evaluate
    parameters: NDArrays = parameters_to_ndarrays(ins.parameters)
AttributeError: 'dict' object has no attribute 'parameters'
[2026-01-06 01:01:26,379][flwr][ERROR] - [36mray::launch_and_evaluate()[39m (pid=77249, ip=127.0.0.1)
  File "/Users/dinukaperera/opt/anaconda3/envs/flower_tutorial/lib/python3.10/site-packages/flwr/simulation/ray_transport/ray_client_proxy.py", line 160, in launch_and_evaluate
    return maybe_call_evaluate(
  File "/Users/dinukaperera/opt/anaconda3/envs/flower_tutorial/lib/python3.10/site-packages/flwr/client/client.py", line 205, in maybe_call_evaluate
    return client.evaluate(evaluate_ins)
  File "/Users/dinukaperera/opt/anaconda3/envs/flower_tutorial/lib/python3.10/site-packages/flwr/client/app.py", line 319, in _evaluate
    parameters: NDArrays = parameters_to_ndarrays(ins.parameters)
AttributeError: 'dict' object has no attribute 'parameters'
[2026-01-06 01:01:26,379][flwr][ERROR] - [36mray::launch_and_evaluate()[39m (pid=77245, ip=127.0.0.1)
  File "/Users/dinukaperera/opt/anaconda3/envs/flower_tutorial/lib/python3.10/site-packages/flwr/simulation/ray_transport/ray_client_proxy.py", line 160, in launch_and_evaluate
    return maybe_call_evaluate(
  File "/Users/dinukaperera/opt/anaconda3/envs/flower_tutorial/lib/python3.10/site-packages/flwr/client/client.py", line 205, in maybe_call_evaluate
    return client.evaluate(evaluate_ins)
  File "/Users/dinukaperera/opt/anaconda3/envs/flower_tutorial/lib/python3.10/site-packages/flwr/client/app.py", line 319, in _evaluate
    parameters: NDArrays = parameters_to_ndarrays(ins.parameters)
AttributeError: 'dict' object has no attribute 'parameters'
[2026-01-06 01:01:26,384][flwr][ERROR] - [36mray::launch_and_evaluate()[39m (pid=77243, ip=127.0.0.1)
  File "/Users/dinukaperera/opt/anaconda3/envs/flower_tutorial/lib/python3.10/site-packages/flwr/simulation/ray_transport/ray_client_proxy.py", line 160, in launch_and_evaluate
    return maybe_call_evaluate(
  File "/Users/dinukaperera/opt/anaconda3/envs/flower_tutorial/lib/python3.10/site-packages/flwr/client/client.py", line 205, in maybe_call_evaluate
    return client.evaluate(evaluate_ins)
  File "/Users/dinukaperera/opt/anaconda3/envs/flower_tutorial/lib/python3.10/site-packages/flwr/client/app.py", line 319, in _evaluate
    parameters: NDArrays = parameters_to_ndarrays(ins.parameters)
AttributeError: 'dict' object has no attribute 'parameters'
[2026-01-06 01:01:26,384][flwr][ERROR] - [36mray::launch_and_evaluate()[39m (pid=77250, ip=127.0.0.1)
  File "/Users/dinukaperera/opt/anaconda3/envs/flower_tutorial/lib/python3.10/site-packages/flwr/simulation/ray_transport/ray_client_proxy.py", line 160, in launch_and_evaluate
    return maybe_call_evaluate(
  File "/Users/dinukaperera/opt/anaconda3/envs/flower_tutorial/lib/python3.10/site-packages/flwr/client/client.py", line 205, in maybe_call_evaluate
    return client.evaluate(evaluate_ins)
  File "/Users/dinukaperera/opt/anaconda3/envs/flower_tutorial/lib/python3.10/site-packages/flwr/client/app.py", line 319, in _evaluate
    parameters: NDArrays = parameters_to_ndarrays(ins.parameters)
AttributeError: 'dict' object has no attribute 'parameters'
[2026-01-06 01:01:26,394][flwr][ERROR] - [36mray::launch_and_evaluate()[39m (pid=77249, ip=127.0.0.1)
  File "/Users/dinukaperera/opt/anaconda3/envs/flower_tutorial/lib/python3.10/site-packages/flwr/simulation/ray_transport/ray_client_proxy.py", line 160, in launch_and_evaluate
    return maybe_call_evaluate(
  File "/Users/dinukaperera/opt/anaconda3/envs/flower_tutorial/lib/python3.10/site-packages/flwr/client/client.py", line 205, in maybe_call_evaluate
    return client.evaluate(evaluate_ins)
  File "/Users/dinukaperera/opt/anaconda3/envs/flower_tutorial/lib/python3.10/site-packages/flwr/client/app.py", line 319, in _evaluate
    parameters: NDArrays = parameters_to_ndarrays(ins.parameters)
AttributeError: 'dict' object has no attribute 'parameters'
[2026-01-06 01:01:26,395][flwr][ERROR] - [36mray::launch_and_evaluate()[39m (pid=77243, ip=127.0.0.1)
  File "/Users/dinukaperera/opt/anaconda3/envs/flower_tutorial/lib/python3.10/site-packages/flwr/simulation/ray_transport/ray_client_proxy.py", line 160, in launch_and_evaluate
    return maybe_call_evaluate(
  File "/Users/dinukaperera/opt/anaconda3/envs/flower_tutorial/lib/python3.10/site-packages/flwr/client/client.py", line 205, in maybe_call_evaluate
    return client.evaluate(evaluate_ins)
  File "/Users/dinukaperera/opt/anaconda3/envs/flower_tutorial/lib/python3.10/site-packages/flwr/client/app.py", line 319, in _evaluate
    parameters: NDArrays = parameters_to_ndarrays(ins.parameters)
AttributeError: 'dict' object has no attribute 'parameters'
[2026-01-06 01:01:26,402][flwr][ERROR] - [36mray::launch_and_evaluate()[39m (pid=77250, ip=127.0.0.1)
  File "/Users/dinukaperera/opt/anaconda3/envs/flower_tutorial/lib/python3.10/site-packages/flwr/simulation/ray_transport/ray_client_proxy.py", line 160, in launch_and_evaluate
    return maybe_call_evaluate(
  File "/Users/dinukaperera/opt/anaconda3/envs/flower_tutorial/lib/python3.10/site-packages/flwr/client/client.py", line 205, in maybe_call_evaluate
    return client.evaluate(evaluate_ins)
  File "/Users/dinukaperera/opt/anaconda3/envs/flower_tutorial/lib/python3.10/site-packages/flwr/client/app.py", line 319, in _evaluate
    parameters: NDArrays = parameters_to_ndarrays(ins.parameters)
AttributeError: 'dict' object has no attribute 'parameters'
[2026-01-06 01:01:26,405][flwr][ERROR] - [36mray::launch_and_evaluate()[39m (pid=77243, ip=127.0.0.1)
  File "/Users/dinukaperera/opt/anaconda3/envs/flower_tutorial/lib/python3.10/site-packages/flwr/simulation/ray_transport/ray_client_proxy.py", line 160, in launch_and_evaluate
    return maybe_call_evaluate(
  File "/Users/dinukaperera/opt/anaconda3/envs/flower_tutorial/lib/python3.10/site-packages/flwr/client/client.py", line 205, in maybe_call_evaluate
    return client.evaluate(evaluate_ins)
  File "/Users/dinukaperera/opt/anaconda3/envs/flower_tutorial/lib/python3.10/site-packages/flwr/client/app.py", line 319, in _evaluate
    parameters: NDArrays = parameters_to_ndarrays(ins.parameters)
AttributeError: 'dict' object has no attribute 'parameters'
[2026-01-06 01:01:26,405][flwr][ERROR] - [36mray::launch_and_evaluate()[39m (pid=77249, ip=127.0.0.1)
  File "/Users/dinukaperera/opt/anaconda3/envs/flower_tutorial/lib/python3.10/site-packages/flwr/simulation/ray_transport/ray_client_proxy.py", line 160, in launch_and_evaluate
    return maybe_call_evaluate(
  File "/Users/dinukaperera/opt/anaconda3/envs/flower_tutorial/lib/python3.10/site-packages/flwr/client/client.py", line 205, in maybe_call_evaluate
    return client.evaluate(evaluate_ins)
  File "/Users/dinukaperera/opt/anaconda3/envs/flower_tutorial/lib/python3.10/site-packages/flwr/client/app.py", line 319, in _evaluate
    parameters: NDArrays = parameters_to_ndarrays(ins.parameters)
AttributeError: 'dict' object has no attribute 'parameters'
[2026-01-06 01:01:26,418][flwr][ERROR] - [36mray::launch_and_evaluate()[39m (pid=77250, ip=127.0.0.1)
  File "/Users/dinukaperera/opt/anaconda3/envs/flower_tutorial/lib/python3.10/site-packages/flwr/simulation/ray_transport/ray_client_proxy.py", line 160, in launch_and_evaluate
    return maybe_call_evaluate(
  File "/Users/dinukaperera/opt/anaconda3/envs/flower_tutorial/lib/python3.10/site-packages/flwr/client/client.py", line 205, in maybe_call_evaluate
    return client.evaluate(evaluate_ins)
  File "/Users/dinukaperera/opt/anaconda3/envs/flower_tutorial/lib/python3.10/site-packages/flwr/client/app.py", line 319, in _evaluate
    parameters: NDArrays = parameters_to_ndarrays(ins.parameters)
AttributeError: 'dict' object has no attribute 'parameters'
[2026-01-06 01:01:26,422][flwr][ERROR] - [36mray::launch_and_evaluate()[39m (pid=77245, ip=127.0.0.1)
  File "/Users/dinukaperera/opt/anaconda3/envs/flower_tutorial/lib/python3.10/site-packages/flwr/simulation/ray_transport/ray_client_proxy.py", line 160, in launch_and_evaluate
    return maybe_call_evaluate(
  File "/Users/dinukaperera/opt/anaconda3/envs/flower_tutorial/lib/python3.10/site-packages/flwr/client/client.py", line 205, in maybe_call_evaluate
    return client.evaluate(evaluate_ins)
  File "/Users/dinukaperera/opt/anaconda3/envs/flower_tutorial/lib/python3.10/site-packages/flwr/client/app.py", line 319, in _evaluate
    parameters: NDArrays = parameters_to_ndarrays(ins.parameters)
AttributeError: 'dict' object has no attribute 'parameters'
[2026-01-06 01:01:26,426][flwr][ERROR] - [36mray::launch_and_evaluate()[39m (pid=77243, ip=127.0.0.1)
  File "/Users/dinukaperera/opt/anaconda3/envs/flower_tutorial/lib/python3.10/site-packages/flwr/simulation/ray_transport/ray_client_proxy.py", line 160, in launch_and_evaluate
    return maybe_call_evaluate(
  File "/Users/dinukaperera/opt/anaconda3/envs/flower_tutorial/lib/python3.10/site-packages/flwr/client/client.py", line 205, in maybe_call_evaluate
    return client.evaluate(evaluate_ins)
  File "/Users/dinukaperera/opt/anaconda3/envs/flower_tutorial/lib/python3.10/site-packages/flwr/client/app.py", line 319, in _evaluate
    parameters: NDArrays = parameters_to_ndarrays(ins.parameters)
AttributeError: 'dict' object has no attribute 'parameters'
[2026-01-06 01:01:26,427][flwr][ERROR] - [36mray::launch_and_evaluate()[39m (pid=77249, ip=127.0.0.1)
  File "/Users/dinukaperera/opt/anaconda3/envs/flower_tutorial/lib/python3.10/site-packages/flwr/simulation/ray_transport/ray_client_proxy.py", line 160, in launch_and_evaluate
    return maybe_call_evaluate(
  File "/Users/dinukaperera/opt/anaconda3/envs/flower_tutorial/lib/python3.10/site-packages/flwr/client/client.py", line 205, in maybe_call_evaluate
    return client.evaluate(evaluate_ins)
  File "/Users/dinukaperera/opt/anaconda3/envs/flower_tutorial/lib/python3.10/site-packages/flwr/client/app.py", line 319, in _evaluate
    parameters: NDArrays = parameters_to_ndarrays(ins.parameters)
AttributeError: 'dict' object has no attribute 'parameters'
[2026-01-06 01:01:26,431][flwr][ERROR] - [36mray::launch_and_evaluate()[39m (pid=77245, ip=127.0.0.1)
  File "/Users/dinukaperera/opt/anaconda3/envs/flower_tutorial/lib/python3.10/site-packages/flwr/simulation/ray_transport/ray_client_proxy.py", line 160, in launch_and_evaluate
    return maybe_call_evaluate(
  File "/Users/dinukaperera/opt/anaconda3/envs/flower_tutorial/lib/python3.10/site-packages/flwr/client/client.py", line 205, in maybe_call_evaluate
    return client.evaluate(evaluate_ins)
  File "/Users/dinukaperera/opt/anaconda3/envs/flower_tutorial/lib/python3.10/site-packages/flwr/client/app.py", line 319, in _evaluate
    parameters: NDArrays = parameters_to_ndarrays(ins.parameters)
AttributeError: 'dict' object has no attribute 'parameters'
[2026-01-06 01:01:26,440][flwr][ERROR] - [36mray::launch_and_evaluate()[39m (pid=77243, ip=127.0.0.1)
  File "/Users/dinukaperera/opt/anaconda3/envs/flower_tutorial/lib/python3.10/site-packages/flwr/simulation/ray_transport/ray_client_proxy.py", line 160, in launch_and_evaluate
    return maybe_call_evaluate(
  File "/Users/dinukaperera/opt/anaconda3/envs/flower_tutorial/lib/python3.10/site-packages/flwr/client/client.py", line 205, in maybe_call_evaluate
    return client.evaluate(evaluate_ins)
  File "/Users/dinukaperera/opt/anaconda3/envs/flower_tutorial/lib/python3.10/site-packages/flwr/client/app.py", line 319, in _evaluate
    parameters: NDArrays = parameters_to_ndarrays(ins.parameters)
AttributeError: 'dict' object has no attribute 'parameters'
[2026-01-06 01:01:26,440][flwr][ERROR] - [36mray::launch_and_evaluate()[39m (pid=77250, ip=127.0.0.1)
  File "/Users/dinukaperera/opt/anaconda3/envs/flower_tutorial/lib/python3.10/site-packages/flwr/simulation/ray_transport/ray_client_proxy.py", line 160, in launch_and_evaluate
    return maybe_call_evaluate(
  File "/Users/dinukaperera/opt/anaconda3/envs/flower_tutorial/lib/python3.10/site-packages/flwr/client/client.py", line 205, in maybe_call_evaluate
    return client.evaluate(evaluate_ins)
  File "/Users/dinukaperera/opt/anaconda3/envs/flower_tutorial/lib/python3.10/site-packages/flwr/client/app.py", line 319, in _evaluate
    parameters: NDArrays = parameters_to_ndarrays(ins.parameters)
AttributeError: 'dict' object has no attribute 'parameters'
[2026-01-06 01:01:26,448][flwr][ERROR] - [36mray::launch_and_evaluate()[39m (pid=77245, ip=127.0.0.1)
  File "/Users/dinukaperera/opt/anaconda3/envs/flower_tutorial/lib/python3.10/site-packages/flwr/simulation/ray_transport/ray_client_proxy.py", line 160, in launch_and_evaluate
    return maybe_call_evaluate(
  File "/Users/dinukaperera/opt/anaconda3/envs/flower_tutorial/lib/python3.10/site-packages/flwr/client/client.py", line 205, in maybe_call_evaluate
    return client.evaluate(evaluate_ins)
  File "/Users/dinukaperera/opt/anaconda3/envs/flower_tutorial/lib/python3.10/site-packages/flwr/client/app.py", line 319, in _evaluate
    parameters: NDArrays = parameters_to_ndarrays(ins.parameters)
AttributeError: 'dict' object has no attribute 'parameters'
[2026-01-06 01:01:26,449][flwr][ERROR] - [36mray::launch_and_evaluate()[39m (pid=77243, ip=127.0.0.1)
  File "/Users/dinukaperera/opt/anaconda3/envs/flower_tutorial/lib/python3.10/site-packages/flwr/simulation/ray_transport/ray_client_proxy.py", line 160, in launch_and_evaluate
    return maybe_call_evaluate(
  File "/Users/dinukaperera/opt/anaconda3/envs/flower_tutorial/lib/python3.10/site-packages/flwr/client/client.py", line 205, in maybe_call_evaluate
    return client.evaluate(evaluate_ins)
  File "/Users/dinukaperera/opt/anaconda3/envs/flower_tutorial/lib/python3.10/site-packages/flwr/client/app.py", line 319, in _evaluate
    parameters: NDArrays = parameters_to_ndarrays(ins.parameters)
AttributeError: 'dict' object has no attribute 'parameters'
[2026-01-06 01:01:26,454][flwr][ERROR] - [36mray::launch_and_evaluate()[39m (pid=77243, ip=127.0.0.1)
  File "/Users/dinukaperera/opt/anaconda3/envs/flower_tutorial/lib/python3.10/site-packages/flwr/simulation/ray_transport/ray_client_proxy.py", line 160, in launch_and_evaluate
    return maybe_call_evaluate(
  File "/Users/dinukaperera/opt/anaconda3/envs/flower_tutorial/lib/python3.10/site-packages/flwr/client/client.py", line 205, in maybe_call_evaluate
    return client.evaluate(evaluate_ins)
  File "/Users/dinukaperera/opt/anaconda3/envs/flower_tutorial/lib/python3.10/site-packages/flwr/client/app.py", line 319, in _evaluate
    parameters: NDArrays = parameters_to_ndarrays(ins.parameters)
AttributeError: 'dict' object has no attribute 'parameters'
[2026-01-06 01:01:26,456][flwr][ERROR] - [36mray::launch_and_evaluate()[39m (pid=77250, ip=127.0.0.1)
  File "/Users/dinukaperera/opt/anaconda3/envs/flower_tutorial/lib/python3.10/site-packages/flwr/simulation/ray_transport/ray_client_proxy.py", line 160, in launch_and_evaluate
    return maybe_call_evaluate(
  File "/Users/dinukaperera/opt/anaconda3/envs/flower_tutorial/lib/python3.10/site-packages/flwr/client/client.py", line 205, in maybe_call_evaluate
    return client.evaluate(evaluate_ins)
  File "/Users/dinukaperera/opt/anaconda3/envs/flower_tutorial/lib/python3.10/site-packages/flwr/client/app.py", line 319, in _evaluate
    parameters: NDArrays = parameters_to_ndarrays(ins.parameters)
AttributeError: 'dict' object has no attribute 'parameters'
[2026-01-06 01:01:26,457][flwr][ERROR] - [36mray::launch_and_evaluate()[39m (pid=77245, ip=127.0.0.1)
  File "/Users/dinukaperera/opt/anaconda3/envs/flower_tutorial/lib/python3.10/site-packages/flwr/simulation/ray_transport/ray_client_proxy.py", line 160, in launch_and_evaluate
    return maybe_call_evaluate(
  File "/Users/dinukaperera/opt/anaconda3/envs/flower_tutorial/lib/python3.10/site-packages/flwr/client/client.py", line 205, in maybe_call_evaluate
    return client.evaluate(evaluate_ins)
  File "/Users/dinukaperera/opt/anaconda3/envs/flower_tutorial/lib/python3.10/site-packages/flwr/client/app.py", line 319, in _evaluate
    parameters: NDArrays = parameters_to_ndarrays(ins.parameters)
AttributeError: 'dict' object has no attribute 'parameters'
[2026-01-06 01:01:26,457][flwr][ERROR] - [36mray::launch_and_evaluate()[39m (pid=77249, ip=127.0.0.1)
  File "/Users/dinukaperera/opt/anaconda3/envs/flower_tutorial/lib/python3.10/site-packages/flwr/simulation/ray_transport/ray_client_proxy.py", line 160, in launch_and_evaluate
    return maybe_call_evaluate(
  File "/Users/dinukaperera/opt/anaconda3/envs/flower_tutorial/lib/python3.10/site-packages/flwr/client/client.py", line 205, in maybe_call_evaluate
    return client.evaluate(evaluate_ins)
  File "/Users/dinukaperera/opt/anaconda3/envs/flower_tutorial/lib/python3.10/site-packages/flwr/client/app.py", line 319, in _evaluate
    parameters: NDArrays = parameters_to_ndarrays(ins.parameters)
AttributeError: 'dict' object has no attribute 'parameters'
[2026-01-06 01:01:26,460][flwr][ERROR] - [36mray::launch_and_evaluate()[39m (pid=77243, ip=127.0.0.1)
  File "/Users/dinukaperera/opt/anaconda3/envs/flower_tutorial/lib/python3.10/site-packages/flwr/simulation/ray_transport/ray_client_proxy.py", line 160, in launch_and_evaluate
    return maybe_call_evaluate(
  File "/Users/dinukaperera/opt/anaconda3/envs/flower_tutorial/lib/python3.10/site-packages/flwr/client/client.py", line 205, in maybe_call_evaluate
    return client.evaluate(evaluate_ins)
  File "/Users/dinukaperera/opt/anaconda3/envs/flower_tutorial/lib/python3.10/site-packages/flwr/client/app.py", line 319, in _evaluate
    parameters: NDArrays = parameters_to_ndarrays(ins.parameters)
AttributeError: 'dict' object has no attribute 'parameters'
[2026-01-06 01:01:26,463][flwr][ERROR] - [36mray::launch_and_evaluate()[39m (pid=77249, ip=127.0.0.1)
  File "/Users/dinukaperera/opt/anaconda3/envs/flower_tutorial/lib/python3.10/site-packages/flwr/simulation/ray_transport/ray_client_proxy.py", line 160, in launch_and_evaluate
    return maybe_call_evaluate(
  File "/Users/dinukaperera/opt/anaconda3/envs/flower_tutorial/lib/python3.10/site-packages/flwr/client/client.py", line 205, in maybe_call_evaluate
    return client.evaluate(evaluate_ins)
  File "/Users/dinukaperera/opt/anaconda3/envs/flower_tutorial/lib/python3.10/site-packages/flwr/client/app.py", line 319, in _evaluate
    parameters: NDArrays = parameters_to_ndarrays(ins.parameters)
AttributeError: 'dict' object has no attribute 'parameters'
[2026-01-06 01:01:26,463][flwr][DEBUG] - evaluate_round 18 received 0 results and 25 failures
[2026-01-06 01:01:26,464][flwr][DEBUG] - fit_round 19: strategy sampled 10 clients (out of 100)
[2026-01-06 01:01:26,489][flwr][ERROR] - [36mray::launch_and_fit()[39m (pid=77249, ip=127.0.0.1)
  File "/Users/dinukaperera/opt/anaconda3/envs/flower_tutorial/lib/python3.10/site-packages/flwr/simulation/ray_transport/ray_client_proxy.py", line 148, in launch_and_fit
    return maybe_call_fit(
  File "/Users/dinukaperera/opt/anaconda3/envs/flower_tutorial/lib/python3.10/site-packages/flwr/client/client.py", line 184, in maybe_call_fit
    return client.fit(fit_ins)
  File "/Users/dinukaperera/opt/anaconda3/envs/flower_tutorial/lib/python3.10/site-packages/flwr/client/app.py", line 294, in _fit
    parameters: NDArrays = parameters_to_ndarrays(ins.parameters)
AttributeError: 'dict' object has no attribute 'parameters'
[2026-01-06 01:01:26,502][flwr][ERROR] - [36mray::launch_and_fit()[39m (pid=77249, ip=127.0.0.1)
  File "/Users/dinukaperera/opt/anaconda3/envs/flower_tutorial/lib/python3.10/site-packages/flwr/simulation/ray_transport/ray_client_proxy.py", line 148, in launch_and_fit
    return maybe_call_fit(
  File "/Users/dinukaperera/opt/anaconda3/envs/flower_tutorial/lib/python3.10/site-packages/flwr/client/client.py", line 184, in maybe_call_fit
    return client.fit(fit_ins)
  File "/Users/dinukaperera/opt/anaconda3/envs/flower_tutorial/lib/python3.10/site-packages/flwr/client/app.py", line 294, in _fit
    parameters: NDArrays = parameters_to_ndarrays(ins.parameters)
AttributeError: 'dict' object has no attribute 'parameters'
[2026-01-06 01:01:26,504][flwr][ERROR] - [36mray::launch_and_fit()[39m (pid=77249, ip=127.0.0.1)
  File "/Users/dinukaperera/opt/anaconda3/envs/flower_tutorial/lib/python3.10/site-packages/flwr/simulation/ray_transport/ray_client_proxy.py", line 148, in launch_and_fit
    return maybe_call_fit(
  File "/Users/dinukaperera/opt/anaconda3/envs/flower_tutorial/lib/python3.10/site-packages/flwr/client/client.py", line 184, in maybe_call_fit
    return client.fit(fit_ins)
  File "/Users/dinukaperera/opt/anaconda3/envs/flower_tutorial/lib/python3.10/site-packages/flwr/client/app.py", line 294, in _fit
    parameters: NDArrays = parameters_to_ndarrays(ins.parameters)
AttributeError: 'dict' object has no attribute 'parameters'
[2026-01-06 01:01:26,511][flwr][ERROR] - [36mray::launch_and_fit()[39m (pid=77249, ip=127.0.0.1)
  File "/Users/dinukaperera/opt/anaconda3/envs/flower_tutorial/lib/python3.10/site-packages/flwr/simulation/ray_transport/ray_client_proxy.py", line 148, in launch_and_fit
    return maybe_call_fit(
  File "/Users/dinukaperera/opt/anaconda3/envs/flower_tutorial/lib/python3.10/site-packages/flwr/client/client.py", line 184, in maybe_call_fit
    return client.fit(fit_ins)
  File "/Users/dinukaperera/opt/anaconda3/envs/flower_tutorial/lib/python3.10/site-packages/flwr/client/app.py", line 294, in _fit
    parameters: NDArrays = parameters_to_ndarrays(ins.parameters)
AttributeError: 'dict' object has no attribute 'parameters'
[2026-01-06 01:01:26,512][flwr][ERROR] - [36mray::launch_and_fit()[39m (pid=77250, ip=127.0.0.1)
  File "/Users/dinukaperera/opt/anaconda3/envs/flower_tutorial/lib/python3.10/site-packages/flwr/simulation/ray_transport/ray_client_proxy.py", line 148, in launch_and_fit
    return maybe_call_fit(
  File "/Users/dinukaperera/opt/anaconda3/envs/flower_tutorial/lib/python3.10/site-packages/flwr/client/client.py", line 184, in maybe_call_fit
    return client.fit(fit_ins)
  File "/Users/dinukaperera/opt/anaconda3/envs/flower_tutorial/lib/python3.10/site-packages/flwr/client/app.py", line 294, in _fit
    parameters: NDArrays = parameters_to_ndarrays(ins.parameters)
AttributeError: 'dict' object has no attribute 'parameters'
[2026-01-06 01:01:26,512][flwr][ERROR] - [36mray::launch_and_fit()[39m (pid=77243, ip=127.0.0.1)
  File "/Users/dinukaperera/opt/anaconda3/envs/flower_tutorial/lib/python3.10/site-packages/flwr/simulation/ray_transport/ray_client_proxy.py", line 148, in launch_and_fit
    return maybe_call_fit(
  File "/Users/dinukaperera/opt/anaconda3/envs/flower_tutorial/lib/python3.10/site-packages/flwr/client/client.py", line 184, in maybe_call_fit
    return client.fit(fit_ins)
  File "/Users/dinukaperera/opt/anaconda3/envs/flower_tutorial/lib/python3.10/site-packages/flwr/client/app.py", line 294, in _fit
    parameters: NDArrays = parameters_to_ndarrays(ins.parameters)
AttributeError: 'dict' object has no attribute 'parameters'
[2026-01-06 01:01:26,513][flwr][ERROR] - [36mray::launch_and_fit()[39m (pid=77252, ip=127.0.0.1)
  File "/Users/dinukaperera/opt/anaconda3/envs/flower_tutorial/lib/python3.10/site-packages/flwr/simulation/ray_transport/ray_client_proxy.py", line 148, in launch_and_fit
    return maybe_call_fit(
  File "/Users/dinukaperera/opt/anaconda3/envs/flower_tutorial/lib/python3.10/site-packages/flwr/client/client.py", line 184, in maybe_call_fit
    return client.fit(fit_ins)
  File "/Users/dinukaperera/opt/anaconda3/envs/flower_tutorial/lib/python3.10/site-packages/flwr/client/app.py", line 294, in _fit
    parameters: NDArrays = parameters_to_ndarrays(ins.parameters)
AttributeError: 'dict' object has no attribute 'parameters'
[2026-01-06 01:01:26,513][flwr][ERROR] - [36mray::launch_and_fit()[39m (pid=77245, ip=127.0.0.1)
  File "/Users/dinukaperera/opt/anaconda3/envs/flower_tutorial/lib/python3.10/site-packages/flwr/simulation/ray_transport/ray_client_proxy.py", line 148, in launch_and_fit
    return maybe_call_fit(
  File "/Users/dinukaperera/opt/anaconda3/envs/flower_tutorial/lib/python3.10/site-packages/flwr/client/client.py", line 184, in maybe_call_fit
    return client.fit(fit_ins)
  File "/Users/dinukaperera/opt/anaconda3/envs/flower_tutorial/lib/python3.10/site-packages/flwr/client/app.py", line 294, in _fit
    parameters: NDArrays = parameters_to_ndarrays(ins.parameters)
AttributeError: 'dict' object has no attribute 'parameters'
[2026-01-06 01:01:26,514][flwr][ERROR] - [36mray::launch_and_fit()[39m (pid=77244, ip=127.0.0.1)
  File "/Users/dinukaperera/opt/anaconda3/envs/flower_tutorial/lib/python3.10/site-packages/flwr/simulation/ray_transport/ray_client_proxy.py", line 148, in launch_and_fit
    return maybe_call_fit(
  File "/Users/dinukaperera/opt/anaconda3/envs/flower_tutorial/lib/python3.10/site-packages/flwr/client/client.py", line 184, in maybe_call_fit
    return client.fit(fit_ins)
  File "/Users/dinukaperera/opt/anaconda3/envs/flower_tutorial/lib/python3.10/site-packages/flwr/client/app.py", line 294, in _fit
    parameters: NDArrays = parameters_to_ndarrays(ins.parameters)
AttributeError: 'dict' object has no attribute 'parameters'
[2026-01-06 01:01:26,613][flwr][ERROR] - [36mray::launch_and_fit()[39m (pid=77246, ip=127.0.0.1)
  File "/Users/dinukaperera/opt/anaconda3/envs/flower_tutorial/lib/python3.10/site-packages/flwr/simulation/ray_transport/ray_client_proxy.py", line 148, in launch_and_fit
    return maybe_call_fit(
  File "/Users/dinukaperera/opt/anaconda3/envs/flower_tutorial/lib/python3.10/site-packages/flwr/client/client.py", line 184, in maybe_call_fit
    return client.fit(fit_ins)
  File "/Users/dinukaperera/opt/anaconda3/envs/flower_tutorial/lib/python3.10/site-packages/flwr/client/app.py", line 294, in _fit
    parameters: NDArrays = parameters_to_ndarrays(ins.parameters)
AttributeError: 'dict' object has no attribute 'parameters'
[2026-01-06 01:01:26,614][flwr][DEBUG] - fit_round 19 received 0 results and 10 failures
[2026-01-06 01:01:26,635][flwr][INFO] - fit progress: (19, 68.0167875289917, {'accuracy': 0.5075}, 10.369738083914854)
[2026-01-06 01:01:26,636][flwr][DEBUG] - evaluate_round 19: strategy sampled 25 clients (out of 100)
[2026-01-06 01:01:26,657][flwr][ERROR] - [36mray::launch_and_evaluate()[39m (pid=77246, ip=127.0.0.1)
  File "/Users/dinukaperera/opt/anaconda3/envs/flower_tutorial/lib/python3.10/site-packages/flwr/simulation/ray_transport/ray_client_proxy.py", line 160, in launch_and_evaluate
    return maybe_call_evaluate(
  File "/Users/dinukaperera/opt/anaconda3/envs/flower_tutorial/lib/python3.10/site-packages/flwr/client/client.py", line 205, in maybe_call_evaluate
    return client.evaluate(evaluate_ins)
  File "/Users/dinukaperera/opt/anaconda3/envs/flower_tutorial/lib/python3.10/site-packages/flwr/client/app.py", line 319, in _evaluate
    parameters: NDArrays = parameters_to_ndarrays(ins.parameters)
AttributeError: 'dict' object has no attribute 'parameters'
[2026-01-06 01:01:26,661][flwr][ERROR] - [36mray::launch_and_evaluate()[39m (pid=77244, ip=127.0.0.1)
  File "/Users/dinukaperera/opt/anaconda3/envs/flower_tutorial/lib/python3.10/site-packages/flwr/simulation/ray_transport/ray_client_proxy.py", line 160, in launch_and_evaluate
    return maybe_call_evaluate(
  File "/Users/dinukaperera/opt/anaconda3/envs/flower_tutorial/lib/python3.10/site-packages/flwr/client/client.py", line 205, in maybe_call_evaluate
    return client.evaluate(evaluate_ins)
  File "/Users/dinukaperera/opt/anaconda3/envs/flower_tutorial/lib/python3.10/site-packages/flwr/client/app.py", line 319, in _evaluate
    parameters: NDArrays = parameters_to_ndarrays(ins.parameters)
AttributeError: 'dict' object has no attribute 'parameters'
[2026-01-06 01:01:26,662][flwr][ERROR] - [36mray::launch_and_evaluate()[39m (pid=77252, ip=127.0.0.1)
  File "/Users/dinukaperera/opt/anaconda3/envs/flower_tutorial/lib/python3.10/site-packages/flwr/simulation/ray_transport/ray_client_proxy.py", line 160, in launch_and_evaluate
    return maybe_call_evaluate(
  File "/Users/dinukaperera/opt/anaconda3/envs/flower_tutorial/lib/python3.10/site-packages/flwr/client/client.py", line 205, in maybe_call_evaluate
    return client.evaluate(evaluate_ins)
  File "/Users/dinukaperera/opt/anaconda3/envs/flower_tutorial/lib/python3.10/site-packages/flwr/client/app.py", line 319, in _evaluate
    parameters: NDArrays = parameters_to_ndarrays(ins.parameters)
AttributeError: 'dict' object has no attribute 'parameters'
[2026-01-06 01:01:26,662][flwr][ERROR] - [36mray::launch_and_evaluate()[39m (pid=77246, ip=127.0.0.1)
  File "/Users/dinukaperera/opt/anaconda3/envs/flower_tutorial/lib/python3.10/site-packages/flwr/simulation/ray_transport/ray_client_proxy.py", line 160, in launch_and_evaluate
    return maybe_call_evaluate(
  File "/Users/dinukaperera/opt/anaconda3/envs/flower_tutorial/lib/python3.10/site-packages/flwr/client/client.py", line 205, in maybe_call_evaluate
    return client.evaluate(evaluate_ins)
  File "/Users/dinukaperera/opt/anaconda3/envs/flower_tutorial/lib/python3.10/site-packages/flwr/client/app.py", line 319, in _evaluate
    parameters: NDArrays = parameters_to_ndarrays(ins.parameters)
AttributeError: 'dict' object has no attribute 'parameters'
[2026-01-06 01:01:26,670][flwr][ERROR] - [36mray::launch_and_evaluate()[39m (pid=77250, ip=127.0.0.1)
  File "/Users/dinukaperera/opt/anaconda3/envs/flower_tutorial/lib/python3.10/site-packages/flwr/simulation/ray_transport/ray_client_proxy.py", line 160, in launch_and_evaluate
    return maybe_call_evaluate(
  File "/Users/dinukaperera/opt/anaconda3/envs/flower_tutorial/lib/python3.10/site-packages/flwr/client/client.py", line 205, in maybe_call_evaluate
    return client.evaluate(evaluate_ins)
  File "/Users/dinukaperera/opt/anaconda3/envs/flower_tutorial/lib/python3.10/site-packages/flwr/client/app.py", line 319, in _evaluate
    parameters: NDArrays = parameters_to_ndarrays(ins.parameters)
AttributeError: 'dict' object has no attribute 'parameters'
[2026-01-06 01:01:26,670][flwr][ERROR] - [36mray::launch_and_evaluate()[39m (pid=77245, ip=127.0.0.1)
  File "/Users/dinukaperera/opt/anaconda3/envs/flower_tutorial/lib/python3.10/site-packages/flwr/simulation/ray_transport/ray_client_proxy.py", line 160, in launch_and_evaluate
    return maybe_call_evaluate(
  File "/Users/dinukaperera/opt/anaconda3/envs/flower_tutorial/lib/python3.10/site-packages/flwr/client/client.py", line 205, in maybe_call_evaluate
    return client.evaluate(evaluate_ins)
  File "/Users/dinukaperera/opt/anaconda3/envs/flower_tutorial/lib/python3.10/site-packages/flwr/client/app.py", line 319, in _evaluate
    parameters: NDArrays = parameters_to_ndarrays(ins.parameters)
AttributeError: 'dict' object has no attribute 'parameters'
[2026-01-06 01:01:26,682][flwr][ERROR] - [36mray::launch_and_evaluate()[39m (pid=77245, ip=127.0.0.1)
  File "/Users/dinukaperera/opt/anaconda3/envs/flower_tutorial/lib/python3.10/site-packages/flwr/simulation/ray_transport/ray_client_proxy.py", line 160, in launch_and_evaluate
    return maybe_call_evaluate(
  File "/Users/dinukaperera/opt/anaconda3/envs/flower_tutorial/lib/python3.10/site-packages/flwr/client/client.py", line 205, in maybe_call_evaluate
    return client.evaluate(evaluate_ins)
  File "/Users/dinukaperera/opt/anaconda3/envs/flower_tutorial/lib/python3.10/site-packages/flwr/client/app.py", line 319, in _evaluate
    parameters: NDArrays = parameters_to_ndarrays(ins.parameters)
AttributeError: 'dict' object has no attribute 'parameters'
[2026-01-06 01:01:26,682][flwr][ERROR] - [36mray::launch_and_evaluate()[39m (pid=77250, ip=127.0.0.1)
  File "/Users/dinukaperera/opt/anaconda3/envs/flower_tutorial/lib/python3.10/site-packages/flwr/simulation/ray_transport/ray_client_proxy.py", line 160, in launch_and_evaluate
    return maybe_call_evaluate(
  File "/Users/dinukaperera/opt/anaconda3/envs/flower_tutorial/lib/python3.10/site-packages/flwr/client/client.py", line 205, in maybe_call_evaluate
    return client.evaluate(evaluate_ins)
  File "/Users/dinukaperera/opt/anaconda3/envs/flower_tutorial/lib/python3.10/site-packages/flwr/client/app.py", line 319, in _evaluate
    parameters: NDArrays = parameters_to_ndarrays(ins.parameters)
AttributeError: 'dict' object has no attribute 'parameters'
[2026-01-06 01:01:26,689][flwr][ERROR] - [36mray::launch_and_evaluate()[39m (pid=77250, ip=127.0.0.1)
  File "/Users/dinukaperera/opt/anaconda3/envs/flower_tutorial/lib/python3.10/site-packages/flwr/simulation/ray_transport/ray_client_proxy.py", line 160, in launch_and_evaluate
    return maybe_call_evaluate(
  File "/Users/dinukaperera/opt/anaconda3/envs/flower_tutorial/lib/python3.10/site-packages/flwr/client/client.py", line 205, in maybe_call_evaluate
    return client.evaluate(evaluate_ins)
  File "/Users/dinukaperera/opt/anaconda3/envs/flower_tutorial/lib/python3.10/site-packages/flwr/client/app.py", line 319, in _evaluate
    parameters: NDArrays = parameters_to_ndarrays(ins.parameters)
AttributeError: 'dict' object has no attribute 'parameters'
[2026-01-06 01:01:26,698][flwr][ERROR] - [36mray::launch_and_evaluate()[39m (pid=77250, ip=127.0.0.1)
  File "/Users/dinukaperera/opt/anaconda3/envs/flower_tutorial/lib/python3.10/site-packages/flwr/simulation/ray_transport/ray_client_proxy.py", line 160, in launch_and_evaluate
    return maybe_call_evaluate(
  File "/Users/dinukaperera/opt/anaconda3/envs/flower_tutorial/lib/python3.10/site-packages/flwr/client/client.py", line 205, in maybe_call_evaluate
    return client.evaluate(evaluate_ins)
  File "/Users/dinukaperera/opt/anaconda3/envs/flower_tutorial/lib/python3.10/site-packages/flwr/client/app.py", line 319, in _evaluate
    parameters: NDArrays = parameters_to_ndarrays(ins.parameters)
AttributeError: 'dict' object has no attribute 'parameters'
[2026-01-06 01:01:26,705][flwr][ERROR] - [36mray::launch_and_evaluate()[39m (pid=77245, ip=127.0.0.1)
  File "/Users/dinukaperera/opt/anaconda3/envs/flower_tutorial/lib/python3.10/site-packages/flwr/simulation/ray_transport/ray_client_proxy.py", line 160, in launch_and_evaluate
    return maybe_call_evaluate(
  File "/Users/dinukaperera/opt/anaconda3/envs/flower_tutorial/lib/python3.10/site-packages/flwr/client/client.py", line 205, in maybe_call_evaluate
    return client.evaluate(evaluate_ins)
  File "/Users/dinukaperera/opt/anaconda3/envs/flower_tutorial/lib/python3.10/site-packages/flwr/client/app.py", line 319, in _evaluate
    parameters: NDArrays = parameters_to_ndarrays(ins.parameters)
AttributeError: 'dict' object has no attribute 'parameters'
[2026-01-06 01:01:26,706][flwr][ERROR] - [36mray::launch_and_evaluate()[39m (pid=77246, ip=127.0.0.1)
  File "/Users/dinukaperera/opt/anaconda3/envs/flower_tutorial/lib/python3.10/site-packages/flwr/simulation/ray_transport/ray_client_proxy.py", line 160, in launch_and_evaluate
    return maybe_call_evaluate(
  File "/Users/dinukaperera/opt/anaconda3/envs/flower_tutorial/lib/python3.10/site-packages/flwr/client/client.py", line 205, in maybe_call_evaluate
    return client.evaluate(evaluate_ins)
  File "/Users/dinukaperera/opt/anaconda3/envs/flower_tutorial/lib/python3.10/site-packages/flwr/client/app.py", line 319, in _evaluate
    parameters: NDArrays = parameters_to_ndarrays(ins.parameters)
AttributeError: 'dict' object has no attribute 'parameters'
[2026-01-06 01:01:26,716][flwr][ERROR] - [36mray::launch_and_evaluate()[39m (pid=77246, ip=127.0.0.1)
  File "/Users/dinukaperera/opt/anaconda3/envs/flower_tutorial/lib/python3.10/site-packages/flwr/simulation/ray_transport/ray_client_proxy.py", line 160, in launch_and_evaluate
    return maybe_call_evaluate(
  File "/Users/dinukaperera/opt/anaconda3/envs/flower_tutorial/lib/python3.10/site-packages/flwr/client/client.py", line 205, in maybe_call_evaluate
    return client.evaluate(evaluate_ins)
  File "/Users/dinukaperera/opt/anaconda3/envs/flower_tutorial/lib/python3.10/site-packages/flwr/client/app.py", line 319, in _evaluate
    parameters: NDArrays = parameters_to_ndarrays(ins.parameters)
AttributeError: 'dict' object has no attribute 'parameters'
[2026-01-06 01:01:26,717][flwr][ERROR] - [36mray::launch_and_evaluate()[39m (pid=77245, ip=127.0.0.1)
  File "/Users/dinukaperera/opt/anaconda3/envs/flower_tutorial/lib/python3.10/site-packages/flwr/simulation/ray_transport/ray_client_proxy.py", line 160, in launch_and_evaluate
    return maybe_call_evaluate(
  File "/Users/dinukaperera/opt/anaconda3/envs/flower_tutorial/lib/python3.10/site-packages/flwr/client/client.py", line 205, in maybe_call_evaluate
    return client.evaluate(evaluate_ins)
  File "/Users/dinukaperera/opt/anaconda3/envs/flower_tutorial/lib/python3.10/site-packages/flwr/client/app.py", line 319, in _evaluate
    parameters: NDArrays = parameters_to_ndarrays(ins.parameters)
AttributeError: 'dict' object has no attribute 'parameters'
[2026-01-06 01:01:26,722][flwr][ERROR] - [36mray::launch_and_evaluate()[39m (pid=77246, ip=127.0.0.1)
  File "/Users/dinukaperera/opt/anaconda3/envs/flower_tutorial/lib/python3.10/site-packages/flwr/simulation/ray_transport/ray_client_proxy.py", line 160, in launch_and_evaluate
    return maybe_call_evaluate(
  File "/Users/dinukaperera/opt/anaconda3/envs/flower_tutorial/lib/python3.10/site-packages/flwr/client/client.py", line 205, in maybe_call_evaluate
    return client.evaluate(evaluate_ins)
  File "/Users/dinukaperera/opt/anaconda3/envs/flower_tutorial/lib/python3.10/site-packages/flwr/client/app.py", line 319, in _evaluate
    parameters: NDArrays = parameters_to_ndarrays(ins.parameters)
AttributeError: 'dict' object has no attribute 'parameters'
[2026-01-06 01:01:26,730][flwr][ERROR] - [36mray::launch_and_evaluate()[39m (pid=77245, ip=127.0.0.1)
  File "/Users/dinukaperera/opt/anaconda3/envs/flower_tutorial/lib/python3.10/site-packages/flwr/simulation/ray_transport/ray_client_proxy.py", line 160, in launch_and_evaluate
    return maybe_call_evaluate(
  File "/Users/dinukaperera/opt/anaconda3/envs/flower_tutorial/lib/python3.10/site-packages/flwr/client/client.py", line 205, in maybe_call_evaluate
    return client.evaluate(evaluate_ins)
  File "/Users/dinukaperera/opt/anaconda3/envs/flower_tutorial/lib/python3.10/site-packages/flwr/client/app.py", line 319, in _evaluate
    parameters: NDArrays = parameters_to_ndarrays(ins.parameters)
AttributeError: 'dict' object has no attribute 'parameters'
[2026-01-06 01:01:26,731][flwr][ERROR] - [36mray::launch_and_evaluate()[39m (pid=77250, ip=127.0.0.1)
  File "/Users/dinukaperera/opt/anaconda3/envs/flower_tutorial/lib/python3.10/site-packages/flwr/simulation/ray_transport/ray_client_proxy.py", line 160, in launch_and_evaluate
    return maybe_call_evaluate(
  File "/Users/dinukaperera/opt/anaconda3/envs/flower_tutorial/lib/python3.10/site-packages/flwr/client/client.py", line 205, in maybe_call_evaluate
    return client.evaluate(evaluate_ins)
  File "/Users/dinukaperera/opt/anaconda3/envs/flower_tutorial/lib/python3.10/site-packages/flwr/client/app.py", line 319, in _evaluate
    parameters: NDArrays = parameters_to_ndarrays(ins.parameters)
AttributeError: 'dict' object has no attribute 'parameters'
[2026-01-06 01:01:26,731][flwr][ERROR] - [36mray::launch_and_evaluate()[39m (pid=77252, ip=127.0.0.1)
  File "/Users/dinukaperera/opt/anaconda3/envs/flower_tutorial/lib/python3.10/site-packages/flwr/simulation/ray_transport/ray_client_proxy.py", line 160, in launch_and_evaluate
    return maybe_call_evaluate(
  File "/Users/dinukaperera/opt/anaconda3/envs/flower_tutorial/lib/python3.10/site-packages/flwr/client/client.py", line 205, in maybe_call_evaluate
    return client.evaluate(evaluate_ins)
  File "/Users/dinukaperera/opt/anaconda3/envs/flower_tutorial/lib/python3.10/site-packages/flwr/client/app.py", line 319, in _evaluate
    parameters: NDArrays = parameters_to_ndarrays(ins.parameters)
AttributeError: 'dict' object has no attribute 'parameters'
[2026-01-06 01:01:26,731][flwr][ERROR] - [36mray::launch_and_evaluate()[39m (pid=77244, ip=127.0.0.1)
  File "/Users/dinukaperera/opt/anaconda3/envs/flower_tutorial/lib/python3.10/site-packages/flwr/simulation/ray_transport/ray_client_proxy.py", line 160, in launch_and_evaluate
    return maybe_call_evaluate(
  File "/Users/dinukaperera/opt/anaconda3/envs/flower_tutorial/lib/python3.10/site-packages/flwr/client/client.py", line 205, in maybe_call_evaluate
    return client.evaluate(evaluate_ins)
  File "/Users/dinukaperera/opt/anaconda3/envs/flower_tutorial/lib/python3.10/site-packages/flwr/client/app.py", line 319, in _evaluate
    parameters: NDArrays = parameters_to_ndarrays(ins.parameters)
AttributeError: 'dict' object has no attribute 'parameters'
[2026-01-06 01:01:26,736][flwr][ERROR] - [36mray::launch_and_evaluate()[39m (pid=77246, ip=127.0.0.1)
  File "/Users/dinukaperera/opt/anaconda3/envs/flower_tutorial/lib/python3.10/site-packages/flwr/simulation/ray_transport/ray_client_proxy.py", line 160, in launch_and_evaluate
    return maybe_call_evaluate(
  File "/Users/dinukaperera/opt/anaconda3/envs/flower_tutorial/lib/python3.10/site-packages/flwr/client/client.py", line 205, in maybe_call_evaluate
    return client.evaluate(evaluate_ins)
  File "/Users/dinukaperera/opt/anaconda3/envs/flower_tutorial/lib/python3.10/site-packages/flwr/client/app.py", line 319, in _evaluate
    parameters: NDArrays = parameters_to_ndarrays(ins.parameters)
AttributeError: 'dict' object has no attribute 'parameters'
[2026-01-06 01:01:26,737][flwr][ERROR] - [36mray::launch_and_evaluate()[39m (pid=77252, ip=127.0.0.1)
  File "/Users/dinukaperera/opt/anaconda3/envs/flower_tutorial/lib/python3.10/site-packages/flwr/simulation/ray_transport/ray_client_proxy.py", line 160, in launch_and_evaluate
    return maybe_call_evaluate(
  File "/Users/dinukaperera/opt/anaconda3/envs/flower_tutorial/lib/python3.10/site-packages/flwr/client/client.py", line 205, in maybe_call_evaluate
    return client.evaluate(evaluate_ins)
  File "/Users/dinukaperera/opt/anaconda3/envs/flower_tutorial/lib/python3.10/site-packages/flwr/client/app.py", line 319, in _evaluate
    parameters: NDArrays = parameters_to_ndarrays(ins.parameters)
AttributeError: 'dict' object has no attribute 'parameters'
[2026-01-06 01:01:26,738][flwr][ERROR] - [36mray::launch_and_evaluate()[39m (pid=77250, ip=127.0.0.1)
  File "/Users/dinukaperera/opt/anaconda3/envs/flower_tutorial/lib/python3.10/site-packages/flwr/simulation/ray_transport/ray_client_proxy.py", line 160, in launch_and_evaluate
    return maybe_call_evaluate(
  File "/Users/dinukaperera/opt/anaconda3/envs/flower_tutorial/lib/python3.10/site-packages/flwr/client/client.py", line 205, in maybe_call_evaluate
    return client.evaluate(evaluate_ins)
  File "/Users/dinukaperera/opt/anaconda3/envs/flower_tutorial/lib/python3.10/site-packages/flwr/client/app.py", line 319, in _evaluate
    parameters: NDArrays = parameters_to_ndarrays(ins.parameters)
AttributeError: 'dict' object has no attribute 'parameters'
[2026-01-06 01:01:26,738][flwr][ERROR] - [36mray::launch_and_evaluate()[39m (pid=77244, ip=127.0.0.1)
  File "/Users/dinukaperera/opt/anaconda3/envs/flower_tutorial/lib/python3.10/site-packages/flwr/simulation/ray_transport/ray_client_proxy.py", line 160, in launch_and_evaluate
    return maybe_call_evaluate(
  File "/Users/dinukaperera/opt/anaconda3/envs/flower_tutorial/lib/python3.10/site-packages/flwr/client/client.py", line 205, in maybe_call_evaluate
    return client.evaluate(evaluate_ins)
  File "/Users/dinukaperera/opt/anaconda3/envs/flower_tutorial/lib/python3.10/site-packages/flwr/client/app.py", line 319, in _evaluate
    parameters: NDArrays = parameters_to_ndarrays(ins.parameters)
AttributeError: 'dict' object has no attribute 'parameters'
[2026-01-06 01:01:26,742][flwr][ERROR] - [36mray::launch_and_evaluate()[39m (pid=77246, ip=127.0.0.1)
  File "/Users/dinukaperera/opt/anaconda3/envs/flower_tutorial/lib/python3.10/site-packages/flwr/simulation/ray_transport/ray_client_proxy.py", line 160, in launch_and_evaluate
    return maybe_call_evaluate(
  File "/Users/dinukaperera/opt/anaconda3/envs/flower_tutorial/lib/python3.10/site-packages/flwr/client/client.py", line 205, in maybe_call_evaluate
    return client.evaluate(evaluate_ins)
  File "/Users/dinukaperera/opt/anaconda3/envs/flower_tutorial/lib/python3.10/site-packages/flwr/client/app.py", line 319, in _evaluate
    parameters: NDArrays = parameters_to_ndarrays(ins.parameters)
AttributeError: 'dict' object has no attribute 'parameters'
[2026-01-06 01:01:26,743][flwr][ERROR] - [36mray::launch_and_evaluate()[39m (pid=77252, ip=127.0.0.1)
  File "/Users/dinukaperera/opt/anaconda3/envs/flower_tutorial/lib/python3.10/site-packages/flwr/simulation/ray_transport/ray_client_proxy.py", line 160, in launch_and_evaluate
    return maybe_call_evaluate(
  File "/Users/dinukaperera/opt/anaconda3/envs/flower_tutorial/lib/python3.10/site-packages/flwr/client/client.py", line 205, in maybe_call_evaluate
    return client.evaluate(evaluate_ins)
  File "/Users/dinukaperera/opt/anaconda3/envs/flower_tutorial/lib/python3.10/site-packages/flwr/client/app.py", line 319, in _evaluate
    parameters: NDArrays = parameters_to_ndarrays(ins.parameters)
AttributeError: 'dict' object has no attribute 'parameters'
[2026-01-06 01:01:26,744][flwr][DEBUG] - evaluate_round 19 received 0 results and 25 failures
[2026-01-06 01:01:26,745][flwr][DEBUG] - fit_round 20: strategy sampled 10 clients (out of 100)
[2026-01-06 01:01:26,781][flwr][ERROR] - [36mray::launch_and_fit()[39m (pid=77246, ip=127.0.0.1)
  File "/Users/dinukaperera/opt/anaconda3/envs/flower_tutorial/lib/python3.10/site-packages/flwr/simulation/ray_transport/ray_client_proxy.py", line 148, in launch_and_fit
    return maybe_call_fit(
  File "/Users/dinukaperera/opt/anaconda3/envs/flower_tutorial/lib/python3.10/site-packages/flwr/client/client.py", line 184, in maybe_call_fit
    return client.fit(fit_ins)
  File "/Users/dinukaperera/opt/anaconda3/envs/flower_tutorial/lib/python3.10/site-packages/flwr/client/app.py", line 294, in _fit
    parameters: NDArrays = parameters_to_ndarrays(ins.parameters)
AttributeError: 'dict' object has no attribute 'parameters'
[2026-01-06 01:01:26,782][flwr][ERROR] - [36mray::launch_and_fit()[39m (pid=77252, ip=127.0.0.1)
  File "/Users/dinukaperera/opt/anaconda3/envs/flower_tutorial/lib/python3.10/site-packages/flwr/simulation/ray_transport/ray_client_proxy.py", line 148, in launch_and_fit
    return maybe_call_fit(
  File "/Users/dinukaperera/opt/anaconda3/envs/flower_tutorial/lib/python3.10/site-packages/flwr/client/client.py", line 184, in maybe_call_fit
    return client.fit(fit_ins)
  File "/Users/dinukaperera/opt/anaconda3/envs/flower_tutorial/lib/python3.10/site-packages/flwr/client/app.py", line 294, in _fit
    parameters: NDArrays = parameters_to_ndarrays(ins.parameters)
AttributeError: 'dict' object has no attribute 'parameters'
[2026-01-06 01:01:26,788][flwr][ERROR] - [36mray::launch_and_fit()[39m (pid=77246, ip=127.0.0.1)
  File "/Users/dinukaperera/opt/anaconda3/envs/flower_tutorial/lib/python3.10/site-packages/flwr/simulation/ray_transport/ray_client_proxy.py", line 148, in launch_and_fit
    return maybe_call_fit(
  File "/Users/dinukaperera/opt/anaconda3/envs/flower_tutorial/lib/python3.10/site-packages/flwr/client/client.py", line 184, in maybe_call_fit
    return client.fit(fit_ins)
  File "/Users/dinukaperera/opt/anaconda3/envs/flower_tutorial/lib/python3.10/site-packages/flwr/client/app.py", line 294, in _fit
    parameters: NDArrays = parameters_to_ndarrays(ins.parameters)
AttributeError: 'dict' object has no attribute 'parameters'
[2026-01-06 01:01:26,790][flwr][ERROR] - [36mray::launch_and_fit()[39m (pid=77250, ip=127.0.0.1)
  File "/Users/dinukaperera/opt/anaconda3/envs/flower_tutorial/lib/python3.10/site-packages/flwr/simulation/ray_transport/ray_client_proxy.py", line 148, in launch_and_fit
    return maybe_call_fit(
  File "/Users/dinukaperera/opt/anaconda3/envs/flower_tutorial/lib/python3.10/site-packages/flwr/client/client.py", line 184, in maybe_call_fit
    return client.fit(fit_ins)
  File "/Users/dinukaperera/opt/anaconda3/envs/flower_tutorial/lib/python3.10/site-packages/flwr/client/app.py", line 294, in _fit
    parameters: NDArrays = parameters_to_ndarrays(ins.parameters)
AttributeError: 'dict' object has no attribute 'parameters'
[2026-01-06 01:01:26,790][flwr][ERROR] - [36mray::launch_and_fit()[39m (pid=77252, ip=127.0.0.1)
  File "/Users/dinukaperera/opt/anaconda3/envs/flower_tutorial/lib/python3.10/site-packages/flwr/simulation/ray_transport/ray_client_proxy.py", line 148, in launch_and_fit
    return maybe_call_fit(
  File "/Users/dinukaperera/opt/anaconda3/envs/flower_tutorial/lib/python3.10/site-packages/flwr/client/client.py", line 184, in maybe_call_fit
    return client.fit(fit_ins)
  File "/Users/dinukaperera/opt/anaconda3/envs/flower_tutorial/lib/python3.10/site-packages/flwr/client/app.py", line 294, in _fit
    parameters: NDArrays = parameters_to_ndarrays(ins.parameters)
AttributeError: 'dict' object has no attribute 'parameters'
[2026-01-06 01:01:26,792][flwr][ERROR] - [36mray::launch_and_fit()[39m (pid=77244, ip=127.0.0.1)
  File "/Users/dinukaperera/opt/anaconda3/envs/flower_tutorial/lib/python3.10/site-packages/flwr/simulation/ray_transport/ray_client_proxy.py", line 148, in launch_and_fit
    return maybe_call_fit(
  File "/Users/dinukaperera/opt/anaconda3/envs/flower_tutorial/lib/python3.10/site-packages/flwr/client/client.py", line 184, in maybe_call_fit
    return client.fit(fit_ins)
  File "/Users/dinukaperera/opt/anaconda3/envs/flower_tutorial/lib/python3.10/site-packages/flwr/client/app.py", line 294, in _fit
    parameters: NDArrays = parameters_to_ndarrays(ins.parameters)
AttributeError: 'dict' object has no attribute 'parameters'
[2026-01-06 01:01:26,794][flwr][ERROR] - [36mray::launch_and_fit()[39m (pid=77245, ip=127.0.0.1)
  File "/Users/dinukaperera/opt/anaconda3/envs/flower_tutorial/lib/python3.10/site-packages/flwr/simulation/ray_transport/ray_client_proxy.py", line 148, in launch_and_fit
    return maybe_call_fit(
  File "/Users/dinukaperera/opt/anaconda3/envs/flower_tutorial/lib/python3.10/site-packages/flwr/client/client.py", line 184, in maybe_call_fit
    return client.fit(fit_ins)
  File "/Users/dinukaperera/opt/anaconda3/envs/flower_tutorial/lib/python3.10/site-packages/flwr/client/app.py", line 294, in _fit
    parameters: NDArrays = parameters_to_ndarrays(ins.parameters)
AttributeError: 'dict' object has no attribute 'parameters'
[2026-01-06 01:01:26,798][flwr][ERROR] - [36mray::launch_and_fit()[39m (pid=77243, ip=127.0.0.1)
  File "/Users/dinukaperera/opt/anaconda3/envs/flower_tutorial/lib/python3.10/site-packages/flwr/simulation/ray_transport/ray_client_proxy.py", line 148, in launch_and_fit
    return maybe_call_fit(
  File "/Users/dinukaperera/opt/anaconda3/envs/flower_tutorial/lib/python3.10/site-packages/flwr/client/client.py", line 184, in maybe_call_fit
    return client.fit(fit_ins)
  File "/Users/dinukaperera/opt/anaconda3/envs/flower_tutorial/lib/python3.10/site-packages/flwr/client/app.py", line 294, in _fit
    parameters: NDArrays = parameters_to_ndarrays(ins.parameters)
AttributeError: 'dict' object has no attribute 'parameters'
[2026-01-06 01:01:26,798][flwr][ERROR] - [36mray::launch_and_fit()[39m (pid=77249, ip=127.0.0.1)
  File "/Users/dinukaperera/opt/anaconda3/envs/flower_tutorial/lib/python3.10/site-packages/flwr/simulation/ray_transport/ray_client_proxy.py", line 148, in launch_and_fit
    return maybe_call_fit(
  File "/Users/dinukaperera/opt/anaconda3/envs/flower_tutorial/lib/python3.10/site-packages/flwr/client/client.py", line 184, in maybe_call_fit
    return client.fit(fit_ins)
  File "/Users/dinukaperera/opt/anaconda3/envs/flower_tutorial/lib/python3.10/site-packages/flwr/client/app.py", line 294, in _fit
    parameters: NDArrays = parameters_to_ndarrays(ins.parameters)
AttributeError: 'dict' object has no attribute 'parameters'
[2026-01-06 01:01:26,800][flwr][ERROR] - [36mray::launch_and_fit()[39m (pid=77247, ip=127.0.0.1)
  File "/Users/dinukaperera/opt/anaconda3/envs/flower_tutorial/lib/python3.10/site-packages/flwr/simulation/ray_transport/ray_client_proxy.py", line 148, in launch_and_fit
    return maybe_call_fit(
  File "/Users/dinukaperera/opt/anaconda3/envs/flower_tutorial/lib/python3.10/site-packages/flwr/client/client.py", line 184, in maybe_call_fit
    return client.fit(fit_ins)
  File "/Users/dinukaperera/opt/anaconda3/envs/flower_tutorial/lib/python3.10/site-packages/flwr/client/app.py", line 294, in _fit
    parameters: NDArrays = parameters_to_ndarrays(ins.parameters)
AttributeError: 'dict' object has no attribute 'parameters'
[2026-01-06 01:01:26,800][flwr][DEBUG] - fit_round 20 received 0 results and 10 failures
[2026-01-06 01:01:26,822][flwr][INFO] - fit progress: (20, 68.0167875289917, {'accuracy': 0.5075}, 10.556921374984086)
[2026-01-06 01:01:26,823][flwr][DEBUG] - evaluate_round 20: strategy sampled 25 clients (out of 100)
[2026-01-06 01:01:26,848][flwr][ERROR] - [36mray::launch_and_evaluate()[39m (pid=77243, ip=127.0.0.1)
  File "/Users/dinukaperera/opt/anaconda3/envs/flower_tutorial/lib/python3.10/site-packages/flwr/simulation/ray_transport/ray_client_proxy.py", line 160, in launch_and_evaluate
    return maybe_call_evaluate(
  File "/Users/dinukaperera/opt/anaconda3/envs/flower_tutorial/lib/python3.10/site-packages/flwr/client/client.py", line 205, in maybe_call_evaluate
    return client.evaluate(evaluate_ins)
  File "/Users/dinukaperera/opt/anaconda3/envs/flower_tutorial/lib/python3.10/site-packages/flwr/client/app.py", line 319, in _evaluate
    parameters: NDArrays = parameters_to_ndarrays(ins.parameters)
AttributeError: 'dict' object has no attribute 'parameters'
[2026-01-06 01:01:26,849][flwr][ERROR] - [36mray::launch_and_evaluate()[39m (pid=77249, ip=127.0.0.1)
  File "/Users/dinukaperera/opt/anaconda3/envs/flower_tutorial/lib/python3.10/site-packages/flwr/simulation/ray_transport/ray_client_proxy.py", line 160, in launch_and_evaluate
    return maybe_call_evaluate(
  File "/Users/dinukaperera/opt/anaconda3/envs/flower_tutorial/lib/python3.10/site-packages/flwr/client/client.py", line 205, in maybe_call_evaluate
    return client.evaluate(evaluate_ins)
  File "/Users/dinukaperera/opt/anaconda3/envs/flower_tutorial/lib/python3.10/site-packages/flwr/client/app.py", line 319, in _evaluate
    parameters: NDArrays = parameters_to_ndarrays(ins.parameters)
AttributeError: 'dict' object has no attribute 'parameters'
[2026-01-06 01:01:26,849][flwr][ERROR] - [36mray::launch_and_evaluate()[39m (pid=77247, ip=127.0.0.1)
  File "/Users/dinukaperera/opt/anaconda3/envs/flower_tutorial/lib/python3.10/site-packages/flwr/simulation/ray_transport/ray_client_proxy.py", line 160, in launch_and_evaluate
    return maybe_call_evaluate(
  File "/Users/dinukaperera/opt/anaconda3/envs/flower_tutorial/lib/python3.10/site-packages/flwr/client/client.py", line 205, in maybe_call_evaluate
    return client.evaluate(evaluate_ins)
  File "/Users/dinukaperera/opt/anaconda3/envs/flower_tutorial/lib/python3.10/site-packages/flwr/client/app.py", line 319, in _evaluate
    parameters: NDArrays = parameters_to_ndarrays(ins.parameters)
AttributeError: 'dict' object has no attribute 'parameters'
[2026-01-06 01:01:26,861][flwr][ERROR] - [36mray::launch_and_evaluate()[39m (pid=77249, ip=127.0.0.1)
  File "/Users/dinukaperera/opt/anaconda3/envs/flower_tutorial/lib/python3.10/site-packages/flwr/simulation/ray_transport/ray_client_proxy.py", line 160, in launch_and_evaluate
    return maybe_call_evaluate(
  File "/Users/dinukaperera/opt/anaconda3/envs/flower_tutorial/lib/python3.10/site-packages/flwr/client/client.py", line 205, in maybe_call_evaluate
    return client.evaluate(evaluate_ins)
  File "/Users/dinukaperera/opt/anaconda3/envs/flower_tutorial/lib/python3.10/site-packages/flwr/client/app.py", line 319, in _evaluate
    parameters: NDArrays = parameters_to_ndarrays(ins.parameters)
AttributeError: 'dict' object has no attribute 'parameters'
[2026-01-06 01:01:26,864][flwr][ERROR] - [36mray::launch_and_evaluate()[39m (pid=77243, ip=127.0.0.1)
  File "/Users/dinukaperera/opt/anaconda3/envs/flower_tutorial/lib/python3.10/site-packages/flwr/simulation/ray_transport/ray_client_proxy.py", line 160, in launch_and_evaluate
    return maybe_call_evaluate(
  File "/Users/dinukaperera/opt/anaconda3/envs/flower_tutorial/lib/python3.10/site-packages/flwr/client/client.py", line 205, in maybe_call_evaluate
    return client.evaluate(evaluate_ins)
  File "/Users/dinukaperera/opt/anaconda3/envs/flower_tutorial/lib/python3.10/site-packages/flwr/client/app.py", line 319, in _evaluate
    parameters: NDArrays = parameters_to_ndarrays(ins.parameters)
AttributeError: 'dict' object has no attribute 'parameters'
[2026-01-06 01:01:26,865][flwr][ERROR] - [36mray::launch_and_evaluate()[39m (pid=77247, ip=127.0.0.1)
  File "/Users/dinukaperera/opt/anaconda3/envs/flower_tutorial/lib/python3.10/site-packages/flwr/simulation/ray_transport/ray_client_proxy.py", line 160, in launch_and_evaluate
    return maybe_call_evaluate(
  File "/Users/dinukaperera/opt/anaconda3/envs/flower_tutorial/lib/python3.10/site-packages/flwr/client/client.py", line 205, in maybe_call_evaluate
    return client.evaluate(evaluate_ins)
  File "/Users/dinukaperera/opt/anaconda3/envs/flower_tutorial/lib/python3.10/site-packages/flwr/client/app.py", line 319, in _evaluate
    parameters: NDArrays = parameters_to_ndarrays(ins.parameters)
AttributeError: 'dict' object has no attribute 'parameters'
[2026-01-06 01:01:26,875][flwr][ERROR] - [36mray::launch_and_evaluate()[39m (pid=77247, ip=127.0.0.1)
  File "/Users/dinukaperera/opt/anaconda3/envs/flower_tutorial/lib/python3.10/site-packages/flwr/simulation/ray_transport/ray_client_proxy.py", line 160, in launch_and_evaluate
    return maybe_call_evaluate(
  File "/Users/dinukaperera/opt/anaconda3/envs/flower_tutorial/lib/python3.10/site-packages/flwr/client/client.py", line 205, in maybe_call_evaluate
    return client.evaluate(evaluate_ins)
  File "/Users/dinukaperera/opt/anaconda3/envs/flower_tutorial/lib/python3.10/site-packages/flwr/client/app.py", line 319, in _evaluate
    parameters: NDArrays = parameters_to_ndarrays(ins.parameters)
AttributeError: 'dict' object has no attribute 'parameters'
[2026-01-06 01:01:26,893][flwr][ERROR] - [36mray::launch_and_evaluate()[39m (pid=77244, ip=127.0.0.1)
  File "/Users/dinukaperera/opt/anaconda3/envs/flower_tutorial/lib/python3.10/site-packages/flwr/simulation/ray_transport/ray_client_proxy.py", line 160, in launch_and_evaluate
    return maybe_call_evaluate(
  File "/Users/dinukaperera/opt/anaconda3/envs/flower_tutorial/lib/python3.10/site-packages/flwr/client/client.py", line 205, in maybe_call_evaluate
    return client.evaluate(evaluate_ins)
  File "/Users/dinukaperera/opt/anaconda3/envs/flower_tutorial/lib/python3.10/site-packages/flwr/client/app.py", line 319, in _evaluate
    parameters: NDArrays = parameters_to_ndarrays(ins.parameters)
AttributeError: 'dict' object has no attribute 'parameters'
[2026-01-06 01:01:26,893][flwr][ERROR] - [36mray::launch_and_evaluate()[39m (pid=77250, ip=127.0.0.1)
  File "/Users/dinukaperera/opt/anaconda3/envs/flower_tutorial/lib/python3.10/site-packages/flwr/simulation/ray_transport/ray_client_proxy.py", line 160, in launch_and_evaluate
    return maybe_call_evaluate(
  File "/Users/dinukaperera/opt/anaconda3/envs/flower_tutorial/lib/python3.10/site-packages/flwr/client/client.py", line 205, in maybe_call_evaluate
    return client.evaluate(evaluate_ins)
  File "/Users/dinukaperera/opt/anaconda3/envs/flower_tutorial/lib/python3.10/site-packages/flwr/client/app.py", line 319, in _evaluate
    parameters: NDArrays = parameters_to_ndarrays(ins.parameters)
AttributeError: 'dict' object has no attribute 'parameters'
[2026-01-06 01:01:26,893][flwr][ERROR] - [36mray::launch_and_evaluate()[39m (pid=77247, ip=127.0.0.1)
  File "/Users/dinukaperera/opt/anaconda3/envs/flower_tutorial/lib/python3.10/site-packages/flwr/simulation/ray_transport/ray_client_proxy.py", line 160, in launch_and_evaluate
    return maybe_call_evaluate(
  File "/Users/dinukaperera/opt/anaconda3/envs/flower_tutorial/lib/python3.10/site-packages/flwr/client/client.py", line 205, in maybe_call_evaluate
    return client.evaluate(evaluate_ins)
  File "/Users/dinukaperera/opt/anaconda3/envs/flower_tutorial/lib/python3.10/site-packages/flwr/client/app.py", line 319, in _evaluate
    parameters: NDArrays = parameters_to_ndarrays(ins.parameters)
AttributeError: 'dict' object has no attribute 'parameters'
[2026-01-06 01:01:26,894][flwr][ERROR] - [36mray::launch_and_evaluate()[39m (pid=77252, ip=127.0.0.1)
  File "/Users/dinukaperera/opt/anaconda3/envs/flower_tutorial/lib/python3.10/site-packages/flwr/simulation/ray_transport/ray_client_proxy.py", line 160, in launch_and_evaluate
    return maybe_call_evaluate(
  File "/Users/dinukaperera/opt/anaconda3/envs/flower_tutorial/lib/python3.10/site-packages/flwr/client/client.py", line 205, in maybe_call_evaluate
    return client.evaluate(evaluate_ins)
  File "/Users/dinukaperera/opt/anaconda3/envs/flower_tutorial/lib/python3.10/site-packages/flwr/client/app.py", line 319, in _evaluate
    parameters: NDArrays = parameters_to_ndarrays(ins.parameters)
AttributeError: 'dict' object has no attribute 'parameters'
[2026-01-06 01:01:26,894][flwr][ERROR] - [36mray::launch_and_evaluate()[39m (pid=77243, ip=127.0.0.1)
  File "/Users/dinukaperera/opt/anaconda3/envs/flower_tutorial/lib/python3.10/site-packages/flwr/simulation/ray_transport/ray_client_proxy.py", line 160, in launch_and_evaluate
    return maybe_call_evaluate(
  File "/Users/dinukaperera/opt/anaconda3/envs/flower_tutorial/lib/python3.10/site-packages/flwr/client/client.py", line 205, in maybe_call_evaluate
    return client.evaluate(evaluate_ins)
  File "/Users/dinukaperera/opt/anaconda3/envs/flower_tutorial/lib/python3.10/site-packages/flwr/client/app.py", line 319, in _evaluate
    parameters: NDArrays = parameters_to_ndarrays(ins.parameters)
AttributeError: 'dict' object has no attribute 'parameters'
[2026-01-06 01:01:26,901][flwr][ERROR] - [36mray::launch_and_evaluate()[39m (pid=77249, ip=127.0.0.1)
  File "/Users/dinukaperera/opt/anaconda3/envs/flower_tutorial/lib/python3.10/site-packages/flwr/simulation/ray_transport/ray_client_proxy.py", line 160, in launch_and_evaluate
    return maybe_call_evaluate(
  File "/Users/dinukaperera/opt/anaconda3/envs/flower_tutorial/lib/python3.10/site-packages/flwr/client/client.py", line 205, in maybe_call_evaluate
    return client.evaluate(evaluate_ins)
  File "/Users/dinukaperera/opt/anaconda3/envs/flower_tutorial/lib/python3.10/site-packages/flwr/client/app.py", line 319, in _evaluate
    parameters: NDArrays = parameters_to_ndarrays(ins.parameters)
AttributeError: 'dict' object has no attribute 'parameters'
[2026-01-06 01:01:26,907][flwr][ERROR] - [36mray::launch_and_evaluate()[39m (pid=77246, ip=127.0.0.1)
  File "/Users/dinukaperera/opt/anaconda3/envs/flower_tutorial/lib/python3.10/site-packages/flwr/simulation/ray_transport/ray_client_proxy.py", line 160, in launch_and_evaluate
    return maybe_call_evaluate(
  File "/Users/dinukaperera/opt/anaconda3/envs/flower_tutorial/lib/python3.10/site-packages/flwr/client/client.py", line 205, in maybe_call_evaluate
    return client.evaluate(evaluate_ins)
  File "/Users/dinukaperera/opt/anaconda3/envs/flower_tutorial/lib/python3.10/site-packages/flwr/client/app.py", line 319, in _evaluate
    parameters: NDArrays = parameters_to_ndarrays(ins.parameters)
AttributeError: 'dict' object has no attribute 'parameters'
[2026-01-06 01:01:26,907][flwr][ERROR] - [36mray::launch_and_evaluate()[39m (pid=77243, ip=127.0.0.1)
  File "/Users/dinukaperera/opt/anaconda3/envs/flower_tutorial/lib/python3.10/site-packages/flwr/simulation/ray_transport/ray_client_proxy.py", line 160, in launch_and_evaluate
    return maybe_call_evaluate(
  File "/Users/dinukaperera/opt/anaconda3/envs/flower_tutorial/lib/python3.10/site-packages/flwr/client/client.py", line 205, in maybe_call_evaluate
    return client.evaluate(evaluate_ins)
  File "/Users/dinukaperera/opt/anaconda3/envs/flower_tutorial/lib/python3.10/site-packages/flwr/client/app.py", line 319, in _evaluate
    parameters: NDArrays = parameters_to_ndarrays(ins.parameters)
AttributeError: 'dict' object has no attribute 'parameters'
[2026-01-06 01:01:26,908][flwr][ERROR] - [36mray::launch_and_evaluate()[39m (pid=77243, ip=127.0.0.1)
  File "/Users/dinukaperera/opt/anaconda3/envs/flower_tutorial/lib/python3.10/site-packages/flwr/simulation/ray_transport/ray_client_proxy.py", line 160, in launch_and_evaluate
    return maybe_call_evaluate(
  File "/Users/dinukaperera/opt/anaconda3/envs/flower_tutorial/lib/python3.10/site-packages/flwr/client/client.py", line 205, in maybe_call_evaluate
    return client.evaluate(evaluate_ins)
  File "/Users/dinukaperera/opt/anaconda3/envs/flower_tutorial/lib/python3.10/site-packages/flwr/client/app.py", line 319, in _evaluate
    parameters: NDArrays = parameters_to_ndarrays(ins.parameters)
AttributeError: 'dict' object has no attribute 'parameters'
[2026-01-06 01:01:26,908][flwr][ERROR] - [36mray::launch_and_evaluate()[39m (pid=77245, ip=127.0.0.1)
  File "/Users/dinukaperera/opt/anaconda3/envs/flower_tutorial/lib/python3.10/site-packages/flwr/simulation/ray_transport/ray_client_proxy.py", line 160, in launch_and_evaluate
    return maybe_call_evaluate(
  File "/Users/dinukaperera/opt/anaconda3/envs/flower_tutorial/lib/python3.10/site-packages/flwr/client/client.py", line 205, in maybe_call_evaluate
    return client.evaluate(evaluate_ins)
  File "/Users/dinukaperera/opt/anaconda3/envs/flower_tutorial/lib/python3.10/site-packages/flwr/client/app.py", line 319, in _evaluate
    parameters: NDArrays = parameters_to_ndarrays(ins.parameters)
AttributeError: 'dict' object has no attribute 'parameters'
[2026-01-06 01:01:26,917][flwr][ERROR] - [36mray::launch_and_evaluate()[39m (pid=77246, ip=127.0.0.1)
  File "/Users/dinukaperera/opt/anaconda3/envs/flower_tutorial/lib/python3.10/site-packages/flwr/simulation/ray_transport/ray_client_proxy.py", line 160, in launch_and_evaluate
    return maybe_call_evaluate(
  File "/Users/dinukaperera/opt/anaconda3/envs/flower_tutorial/lib/python3.10/site-packages/flwr/client/client.py", line 205, in maybe_call_evaluate
    return client.evaluate(evaluate_ins)
  File "/Users/dinukaperera/opt/anaconda3/envs/flower_tutorial/lib/python3.10/site-packages/flwr/client/app.py", line 319, in _evaluate
    parameters: NDArrays = parameters_to_ndarrays(ins.parameters)
AttributeError: 'dict' object has no attribute 'parameters'
[2026-01-06 01:01:26,922][flwr][ERROR] - [36mray::launch_and_evaluate()[39m (pid=77246, ip=127.0.0.1)
  File "/Users/dinukaperera/opt/anaconda3/envs/flower_tutorial/lib/python3.10/site-packages/flwr/simulation/ray_transport/ray_client_proxy.py", line 160, in launch_and_evaluate
    return maybe_call_evaluate(
  File "/Users/dinukaperera/opt/anaconda3/envs/flower_tutorial/lib/python3.10/site-packages/flwr/client/client.py", line 205, in maybe_call_evaluate
    return client.evaluate(evaluate_ins)
  File "/Users/dinukaperera/opt/anaconda3/envs/flower_tutorial/lib/python3.10/site-packages/flwr/client/app.py", line 319, in _evaluate
    parameters: NDArrays = parameters_to_ndarrays(ins.parameters)
AttributeError: 'dict' object has no attribute 'parameters'
[2026-01-06 01:01:26,926][flwr][ERROR] - [36mray::launch_and_evaluate()[39m (pid=77243, ip=127.0.0.1)
  File "/Users/dinukaperera/opt/anaconda3/envs/flower_tutorial/lib/python3.10/site-packages/flwr/simulation/ray_transport/ray_client_proxy.py", line 160, in launch_and_evaluate
    return maybe_call_evaluate(
  File "/Users/dinukaperera/opt/anaconda3/envs/flower_tutorial/lib/python3.10/site-packages/flwr/client/client.py", line 205, in maybe_call_evaluate
    return client.evaluate(evaluate_ins)
  File "/Users/dinukaperera/opt/anaconda3/envs/flower_tutorial/lib/python3.10/site-packages/flwr/client/app.py", line 319, in _evaluate
    parameters: NDArrays = parameters_to_ndarrays(ins.parameters)
AttributeError: 'dict' object has no attribute 'parameters'
[2026-01-06 01:01:26,926][flwr][ERROR] - [36mray::launch_and_evaluate()[39m (pid=77244, ip=127.0.0.1)
  File "/Users/dinukaperera/opt/anaconda3/envs/flower_tutorial/lib/python3.10/site-packages/flwr/simulation/ray_transport/ray_client_proxy.py", line 160, in launch_and_evaluate
    return maybe_call_evaluate(
  File "/Users/dinukaperera/opt/anaconda3/envs/flower_tutorial/lib/python3.10/site-packages/flwr/client/client.py", line 205, in maybe_call_evaluate
    return client.evaluate(evaluate_ins)
  File "/Users/dinukaperera/opt/anaconda3/envs/flower_tutorial/lib/python3.10/site-packages/flwr/client/app.py", line 319, in _evaluate
    parameters: NDArrays = parameters_to_ndarrays(ins.parameters)
AttributeError: 'dict' object has no attribute 'parameters'
[2026-01-06 01:01:26,926][flwr][ERROR] - [36mray::launch_and_evaluate()[39m (pid=77245, ip=127.0.0.1)
  File "/Users/dinukaperera/opt/anaconda3/envs/flower_tutorial/lib/python3.10/site-packages/flwr/simulation/ray_transport/ray_client_proxy.py", line 160, in launch_and_evaluate
    return maybe_call_evaluate(
  File "/Users/dinukaperera/opt/anaconda3/envs/flower_tutorial/lib/python3.10/site-packages/flwr/client/client.py", line 205, in maybe_call_evaluate
    return client.evaluate(evaluate_ins)
  File "/Users/dinukaperera/opt/anaconda3/envs/flower_tutorial/lib/python3.10/site-packages/flwr/client/app.py", line 319, in _evaluate
    parameters: NDArrays = parameters_to_ndarrays(ins.parameters)
AttributeError: 'dict' object has no attribute 'parameters'
[2026-01-06 01:01:26,927][flwr][ERROR] - [36mray::launch_and_evaluate()[39m (pid=77250, ip=127.0.0.1)
  File "/Users/dinukaperera/opt/anaconda3/envs/flower_tutorial/lib/python3.10/site-packages/flwr/simulation/ray_transport/ray_client_proxy.py", line 160, in launch_and_evaluate
    return maybe_call_evaluate(
  File "/Users/dinukaperera/opt/anaconda3/envs/flower_tutorial/lib/python3.10/site-packages/flwr/client/client.py", line 205, in maybe_call_evaluate
    return client.evaluate(evaluate_ins)
  File "/Users/dinukaperera/opt/anaconda3/envs/flower_tutorial/lib/python3.10/site-packages/flwr/client/app.py", line 319, in _evaluate
    parameters: NDArrays = parameters_to_ndarrays(ins.parameters)
AttributeError: 'dict' object has no attribute 'parameters'
[2026-01-06 01:01:26,933][flwr][ERROR] - [36mray::launch_and_evaluate()[39m (pid=77250, ip=127.0.0.1)
  File "/Users/dinukaperera/opt/anaconda3/envs/flower_tutorial/lib/python3.10/site-packages/flwr/simulation/ray_transport/ray_client_proxy.py", line 160, in launch_and_evaluate
    return maybe_call_evaluate(
  File "/Users/dinukaperera/opt/anaconda3/envs/flower_tutorial/lib/python3.10/site-packages/flwr/client/client.py", line 205, in maybe_call_evaluate
    return client.evaluate(evaluate_ins)
  File "/Users/dinukaperera/opt/anaconda3/envs/flower_tutorial/lib/python3.10/site-packages/flwr/client/app.py", line 319, in _evaluate
    parameters: NDArrays = parameters_to_ndarrays(ins.parameters)
AttributeError: 'dict' object has no attribute 'parameters'
[2026-01-06 01:01:26,933][flwr][ERROR] - [36mray::launch_and_evaluate()[39m (pid=77244, ip=127.0.0.1)
  File "/Users/dinukaperera/opt/anaconda3/envs/flower_tutorial/lib/python3.10/site-packages/flwr/simulation/ray_transport/ray_client_proxy.py", line 160, in launch_and_evaluate
    return maybe_call_evaluate(
  File "/Users/dinukaperera/opt/anaconda3/envs/flower_tutorial/lib/python3.10/site-packages/flwr/client/client.py", line 205, in maybe_call_evaluate
    return client.evaluate(evaluate_ins)
  File "/Users/dinukaperera/opt/anaconda3/envs/flower_tutorial/lib/python3.10/site-packages/flwr/client/app.py", line 319, in _evaluate
    parameters: NDArrays = parameters_to_ndarrays(ins.parameters)
AttributeError: 'dict' object has no attribute 'parameters'
[2026-01-06 01:01:26,935][flwr][DEBUG] - evaluate_round 20 received 0 results and 25 failures
[2026-01-06 01:01:26,935][flwr][INFO] - FL finished in 10.669694416923448
[2026-01-06 01:01:26,936][flwr][INFO] - app_fit: losses_distributed []
[2026-01-06 01:01:26,936][flwr][INFO] - app_fit: metrics_distributed_fit {}
[2026-01-06 01:01:26,936][flwr][INFO] - app_fit: metrics_distributed {}
[2026-01-06 01:01:26,936][flwr][INFO] - app_fit: losses_centralized [(0, 68.0167875289917), (1, 68.0167875289917), (2, 68.0167875289917), (3, 68.0167875289917), (4, 68.0167875289917), (5, 68.0167875289917), (6, 68.0167875289917), (7, 68.0167875289917), (8, 68.0167875289917), (9, 68.0167875289917), (10, 68.0167875289917), (11, 68.0167875289917), (12, 68.0167875289917), (13, 68.0167875289917), (14, 68.0167875289917), (15, 68.0167875289917), (16, 68.0167875289917), (17, 68.0167875289917), (18, 68.0167875289917), (19, 68.0167875289917), (20, 68.0167875289917)]
[2026-01-06 01:01:26,936][flwr][INFO] - app_fit: metrics_centralized {'accuracy': [(0, 0.5075), (1, 0.5075), (2, 0.5075), (3, 0.5075), (4, 0.5075), (5, 0.5075), (6, 0.5075), (7, 0.5075), (8, 0.5075), (9, 0.5075), (10, 0.5075), (11, 0.5075), (12, 0.5075), (13, 0.5075), (14, 0.5075), (15, 0.5075), (16, 0.5075), (17, 0.5075), (18, 0.5075), (19, 0.5075), (20, 0.5075)]}
