[2026-01-15 21:52:14,678][flwr][INFO] - Starting Flower simulation, config: ServerConfig(num_rounds=30, round_timeout=None)
[2026-01-15 21:52:20,704][flwr][INFO] - Flower VCE: Ray initialized with resources: {'CPU': 10.0, 'object_store_memory': 2147483648.0, 'node:127.0.0.1': 1.0, 'memory': 11735060071.0}
[2026-01-15 21:52:20,704][flwr][INFO] - Initializing global parameters
[2026-01-15 21:52:20,704][flwr][INFO] - Using initial parameters provided by strategy
[2026-01-15 21:52:20,704][flwr][INFO] - Evaluating initial parameters
[2026-01-15 21:52:22,126][flwr][INFO] - initial parameters (loss, other metrics): 1.4145967485429767, {'rmse': 13963.592087997988, 'mae': 10300.927734375, 'r2': -0.556223352087704}
[2026-01-15 21:52:22,126][flwr][INFO] - FL starting
[2026-01-15 21:52:22,126][flwr][DEBUG] - fit_round 1: strategy sampled 20 clients (out of 20)
[2026-01-15 21:52:26,866][flwr][ERROR] - [36mray::launch_and_fit()[39m (pid=4250, ip=127.0.0.1)
  File "/Users/dinukaperera/opt/anaconda3/envs/flower_tutorial/lib/python3.10/site-packages/flwr/simulation/ray_transport/ray_client_proxy.py", line 147, in launch_and_fit
    client: Client = _create_client(client_fn, cid)
  File "/Users/dinukaperera/opt/anaconda3/envs/flower_tutorial/lib/python3.10/site-packages/flwr/simulation/ray_transport/ray_client_proxy.py", line 168, in _create_client
    client_like: ClientLike = client_fn(cid)
  File "/Users/dinukaperera/FLwithFlwr/flowertry/main.py", line 211, in client_fn
    trainloader=trainloaders[idx],
IndexError: list index out of range
[2026-01-15 21:52:26,867][flwr][ERROR] - [36mray::launch_and_fit()[39m (pid=4252, ip=127.0.0.1)
  File "/Users/dinukaperera/opt/anaconda3/envs/flower_tutorial/lib/python3.10/site-packages/flwr/simulation/ray_transport/ray_client_proxy.py", line 147, in launch_and_fit
    client: Client = _create_client(client_fn, cid)
  File "/Users/dinukaperera/opt/anaconda3/envs/flower_tutorial/lib/python3.10/site-packages/flwr/simulation/ray_transport/ray_client_proxy.py", line 168, in _create_client
    client_like: ClientLike = client_fn(cid)
  File "/Users/dinukaperera/FLwithFlwr/flowertry/main.py", line 211, in client_fn
    trainloader=trainloaders[idx],
IndexError: list index out of range
[2026-01-15 21:52:26,871][flwr][ERROR] - [36mray::launch_and_fit()[39m (pid=4249, ip=127.0.0.1)
  File "/Users/dinukaperera/opt/anaconda3/envs/flower_tutorial/lib/python3.10/site-packages/flwr/simulation/ray_transport/ray_client_proxy.py", line 147, in launch_and_fit
    client: Client = _create_client(client_fn, cid)
  File "/Users/dinukaperera/opt/anaconda3/envs/flower_tutorial/lib/python3.10/site-packages/flwr/simulation/ray_transport/ray_client_proxy.py", line 168, in _create_client
    client_like: ClientLike = client_fn(cid)
  File "/Users/dinukaperera/FLwithFlwr/flowertry/main.py", line 211, in client_fn
    trainloader=trainloaders[idx],
IndexError: list index out of range
[2026-01-15 21:52:26,877][flwr][ERROR] - [36mray::launch_and_fit()[39m (pid=4252, ip=127.0.0.1)
  File "/Users/dinukaperera/opt/anaconda3/envs/flower_tutorial/lib/python3.10/site-packages/flwr/simulation/ray_transport/ray_client_proxy.py", line 147, in launch_and_fit
    client: Client = _create_client(client_fn, cid)
  File "/Users/dinukaperera/opt/anaconda3/envs/flower_tutorial/lib/python3.10/site-packages/flwr/simulation/ray_transport/ray_client_proxy.py", line 168, in _create_client
    client_like: ClientLike = client_fn(cid)
  File "/Users/dinukaperera/FLwithFlwr/flowertry/main.py", line 211, in client_fn
    trainloader=trainloaders[idx],
IndexError: list index out of range
[2026-01-15 21:52:26,885][flwr][ERROR] - [36mray::launch_and_fit()[39m (pid=4251, ip=127.0.0.1)
  File "/Users/dinukaperera/opt/anaconda3/envs/flower_tutorial/lib/python3.10/site-packages/flwr/simulation/ray_transport/ray_client_proxy.py", line 147, in launch_and_fit
    client: Client = _create_client(client_fn, cid)
  File "/Users/dinukaperera/opt/anaconda3/envs/flower_tutorial/lib/python3.10/site-packages/flwr/simulation/ray_transport/ray_client_proxy.py", line 168, in _create_client
    client_like: ClientLike = client_fn(cid)
  File "/Users/dinukaperera/FLwithFlwr/flowertry/main.py", line 211, in client_fn
    trainloader=trainloaders[idx],
IndexError: list index out of range
[2026-01-15 21:52:26,895][flwr][ERROR] - [36mray::launch_and_fit()[39m (pid=4243, ip=127.0.0.1)
  File "/Users/dinukaperera/opt/anaconda3/envs/flower_tutorial/lib/python3.10/site-packages/flwr/simulation/ray_transport/ray_client_proxy.py", line 147, in launch_and_fit
    client: Client = _create_client(client_fn, cid)
  File "/Users/dinukaperera/opt/anaconda3/envs/flower_tutorial/lib/python3.10/site-packages/flwr/simulation/ray_transport/ray_client_proxy.py", line 168, in _create_client
    client_like: ClientLike = client_fn(cid)
  File "/Users/dinukaperera/FLwithFlwr/flowertry/main.py", line 211, in client_fn
    trainloader=trainloaders[idx],
IndexError: list index out of range
[2026-01-15 21:52:26,900][flwr][ERROR] - [36mray::launch_and_fit()[39m (pid=4249, ip=127.0.0.1)
  File "/Users/dinukaperera/opt/anaconda3/envs/flower_tutorial/lib/python3.10/site-packages/flwr/simulation/ray_transport/ray_client_proxy.py", line 147, in launch_and_fit
    client: Client = _create_client(client_fn, cid)
  File "/Users/dinukaperera/opt/anaconda3/envs/flower_tutorial/lib/python3.10/site-packages/flwr/simulation/ray_transport/ray_client_proxy.py", line 168, in _create_client
    client_like: ClientLike = client_fn(cid)
  File "/Users/dinukaperera/FLwithFlwr/flowertry/main.py", line 211, in client_fn
    trainloader=trainloaders[idx],
IndexError: list index out of range
[2026-01-15 21:52:26,906][flwr][ERROR] - [36mray::launch_and_fit()[39m (pid=4243, ip=127.0.0.1)
  File "/Users/dinukaperera/opt/anaconda3/envs/flower_tutorial/lib/python3.10/site-packages/flwr/simulation/ray_transport/ray_client_proxy.py", line 147, in launch_and_fit
    client: Client = _create_client(client_fn, cid)
  File "/Users/dinukaperera/opt/anaconda3/envs/flower_tutorial/lib/python3.10/site-packages/flwr/simulation/ray_transport/ray_client_proxy.py", line 168, in _create_client
    client_like: ClientLike = client_fn(cid)
  File "/Users/dinukaperera/FLwithFlwr/flowertry/main.py", line 211, in client_fn
    trainloader=trainloaders[idx],
IndexError: list index out of range
[2026-01-15 21:52:26,909][flwr][ERROR] - [36mray::launch_and_fit()[39m (pid=4246, ip=127.0.0.1)
  File "/Users/dinukaperera/opt/anaconda3/envs/flower_tutorial/lib/python3.10/site-packages/flwr/simulation/ray_transport/ray_client_proxy.py", line 147, in launch_and_fit
    client: Client = _create_client(client_fn, cid)
  File "/Users/dinukaperera/opt/anaconda3/envs/flower_tutorial/lib/python3.10/site-packages/flwr/simulation/ray_transport/ray_client_proxy.py", line 168, in _create_client
    client_like: ClientLike = client_fn(cid)
  File "/Users/dinukaperera/FLwithFlwr/flowertry/main.py", line 211, in client_fn
    trainloader=trainloaders[idx],
IndexError: list index out of range
[2026-01-15 21:52:26,916][flwr][ERROR] - [36mray::launch_and_fit()[39m (pid=4248, ip=127.0.0.1)
  File "/Users/dinukaperera/opt/anaconda3/envs/flower_tutorial/lib/python3.10/site-packages/flwr/simulation/ray_transport/ray_client_proxy.py", line 147, in launch_and_fit
    client: Client = _create_client(client_fn, cid)
  File "/Users/dinukaperera/opt/anaconda3/envs/flower_tutorial/lib/python3.10/site-packages/flwr/simulation/ray_transport/ray_client_proxy.py", line 168, in _create_client
    client_like: ClientLike = client_fn(cid)
  File "/Users/dinukaperera/FLwithFlwr/flowertry/main.py", line 211, in client_fn
    trainloader=trainloaders[idx],
IndexError: list index out of range
[2026-01-15 21:52:26,917][flwr][ERROR] - [36mray::launch_and_fit()[39m (pid=4244, ip=127.0.0.1)
  File "/Users/dinukaperera/opt/anaconda3/envs/flower_tutorial/lib/python3.10/site-packages/flwr/simulation/ray_transport/ray_client_proxy.py", line 147, in launch_and_fit
    client: Client = _create_client(client_fn, cid)
  File "/Users/dinukaperera/opt/anaconda3/envs/flower_tutorial/lib/python3.10/site-packages/flwr/simulation/ray_transport/ray_client_proxy.py", line 168, in _create_client
    client_like: ClientLike = client_fn(cid)
  File "/Users/dinukaperera/FLwithFlwr/flowertry/main.py", line 211, in client_fn
    trainloader=trainloaders[idx],
IndexError: list index out of range
[2026-01-15 21:52:26,918][flwr][ERROR] - [36mray::launch_and_fit()[39m (pid=4245, ip=127.0.0.1)
  File "/Users/dinukaperera/opt/anaconda3/envs/flower_tutorial/lib/python3.10/site-packages/flwr/simulation/ray_transport/ray_client_proxy.py", line 147, in launch_and_fit
    client: Client = _create_client(client_fn, cid)
  File "/Users/dinukaperera/opt/anaconda3/envs/flower_tutorial/lib/python3.10/site-packages/flwr/simulation/ray_transport/ray_client_proxy.py", line 168, in _create_client
    client_like: ClientLike = client_fn(cid)
  File "/Users/dinukaperera/FLwithFlwr/flowertry/main.py", line 211, in client_fn
    trainloader=trainloaders[idx],
IndexError: list index out of range
[2026-01-15 21:52:26,937][flwr][ERROR] - [36mray::launch_and_fit()[39m (pid=4244, ip=127.0.0.1)
  File "/Users/dinukaperera/opt/anaconda3/envs/flower_tutorial/lib/python3.10/site-packages/flwr/simulation/ray_transport/ray_client_proxy.py", line 147, in launch_and_fit
    client: Client = _create_client(client_fn, cid)
  File "/Users/dinukaperera/opt/anaconda3/envs/flower_tutorial/lib/python3.10/site-packages/flwr/simulation/ray_transport/ray_client_proxy.py", line 168, in _create_client
    client_like: ClientLike = client_fn(cid)
  File "/Users/dinukaperera/FLwithFlwr/flowertry/main.py", line 211, in client_fn
    trainloader=trainloaders[idx],
IndexError: list index out of range
[2026-01-15 21:52:26,982][flwr][ERROR] - [36mray::launch_and_fit()[39m (pid=4244, ip=127.0.0.1)
  File "/Users/dinukaperera/opt/anaconda3/envs/flower_tutorial/lib/python3.10/site-packages/flwr/simulation/ray_transport/ray_client_proxy.py", line 147, in launch_and_fit
    client: Client = _create_client(client_fn, cid)
  File "/Users/dinukaperera/opt/anaconda3/envs/flower_tutorial/lib/python3.10/site-packages/flwr/simulation/ray_transport/ray_client_proxy.py", line 168, in _create_client
    client_like: ClientLike = client_fn(cid)
  File "/Users/dinukaperera/FLwithFlwr/flowertry/main.py", line 211, in client_fn
    trainloader=trainloaders[idx],
IndexError: list index out of range
[2026-01-15 21:52:26,985][flwr][ERROR] - [36mray::launch_and_fit()[39m (pid=4246, ip=127.0.0.1)
  File "/Users/dinukaperera/opt/anaconda3/envs/flower_tutorial/lib/python3.10/site-packages/flwr/simulation/ray_transport/ray_client_proxy.py", line 147, in launch_and_fit
    client: Client = _create_client(client_fn, cid)
  File "/Users/dinukaperera/opt/anaconda3/envs/flower_tutorial/lib/python3.10/site-packages/flwr/simulation/ray_transport/ray_client_proxy.py", line 168, in _create_client
    client_like: ClientLike = client_fn(cid)
  File "/Users/dinukaperera/FLwithFlwr/flowertry/main.py", line 211, in client_fn
    trainloader=trainloaders[idx],
IndexError: list index out of range
[2026-01-15 21:52:27,007][flwr][ERROR] - [36mray::launch_and_fit()[39m (pid=4248, ip=127.0.0.1)
  File "/Users/dinukaperera/opt/anaconda3/envs/flower_tutorial/lib/python3.10/site-packages/flwr/simulation/ray_transport/ray_client_proxy.py", line 147, in launch_and_fit
    client: Client = _create_client(client_fn, cid)
  File "/Users/dinukaperera/opt/anaconda3/envs/flower_tutorial/lib/python3.10/site-packages/flwr/simulation/ray_transport/ray_client_proxy.py", line 168, in _create_client
    client_like: ClientLike = client_fn(cid)
  File "/Users/dinukaperera/FLwithFlwr/flowertry/main.py", line 211, in client_fn
    trainloader=trainloaders[idx],
IndexError: list index out of range
[2026-01-15 21:52:27,064][flwr][ERROR] - [36mray::launch_and_fit()[39m (pid=4247, ip=127.0.0.1)
  File "/Users/dinukaperera/opt/anaconda3/envs/flower_tutorial/lib/python3.10/site-packages/flwr/simulation/ray_transport/ray_client_proxy.py", line 147, in launch_and_fit
    client: Client = _create_client(client_fn, cid)
  File "/Users/dinukaperera/opt/anaconda3/envs/flower_tutorial/lib/python3.10/site-packages/flwr/simulation/ray_transport/ray_client_proxy.py", line 168, in _create_client
    client_like: ClientLike = client_fn(cid)
  File "/Users/dinukaperera/FLwithFlwr/flowertry/main.py", line 211, in client_fn
    trainloader=trainloaders[idx],
IndexError: list index out of range
[2026-01-15 21:52:49,412][flwr][DEBUG] - fit_round 1 received 3 results and 17 failures
[2026-01-15 21:52:49,414][flwr][WARNING] - No fit_metrics_aggregation_fn provided
[2026-01-15 21:52:49,884][flwr][INFO] - fit progress: (1, 0.33067672604599874, {'rmse': 6751.22566649938, 'mae': 4168.109375, 'r2': 0.6362165846756076}, 27.75836941599846)
[2026-01-15 21:52:49,885][flwr][DEBUG] - evaluate_round 1: strategy sampled 20 clients (out of 20)
[2026-01-15 21:52:49,935][flwr][ERROR] - [36mray::launch_and_evaluate()[39m (pid=4250, ip=127.0.0.1)
  File "/Users/dinukaperera/opt/anaconda3/envs/flower_tutorial/lib/python3.10/site-packages/flwr/simulation/ray_transport/ray_client_proxy.py", line 159, in launch_and_evaluate
    client: Client = _create_client(client_fn, cid)
  File "/Users/dinukaperera/opt/anaconda3/envs/flower_tutorial/lib/python3.10/site-packages/flwr/simulation/ray_transport/ray_client_proxy.py", line 168, in _create_client
    client_like: ClientLike = client_fn(cid)
  File "/Users/dinukaperera/FLwithFlwr/flowertry/main.py", line 211, in client_fn
    trainloader=trainloaders[idx],
IndexError: list index out of range
[2026-01-15 21:52:49,941][flwr][ERROR] - [36mray::launch_and_evaluate()[39m (pid=4245, ip=127.0.0.1)
  File "/Users/dinukaperera/opt/anaconda3/envs/flower_tutorial/lib/python3.10/site-packages/flwr/simulation/ray_transport/ray_client_proxy.py", line 159, in launch_and_evaluate
    client: Client = _create_client(client_fn, cid)
  File "/Users/dinukaperera/opt/anaconda3/envs/flower_tutorial/lib/python3.10/site-packages/flwr/simulation/ray_transport/ray_client_proxy.py", line 168, in _create_client
    client_like: ClientLike = client_fn(cid)
  File "/Users/dinukaperera/FLwithFlwr/flowertry/main.py", line 211, in client_fn
    trainloader=trainloaders[idx],
IndexError: list index out of range
[2026-01-15 21:52:49,943][flwr][ERROR] - [36mray::launch_and_evaluate()[39m (pid=4246, ip=127.0.0.1)
  File "/Users/dinukaperera/opt/anaconda3/envs/flower_tutorial/lib/python3.10/site-packages/flwr/simulation/ray_transport/ray_client_proxy.py", line 159, in launch_and_evaluate
    client: Client = _create_client(client_fn, cid)
  File "/Users/dinukaperera/opt/anaconda3/envs/flower_tutorial/lib/python3.10/site-packages/flwr/simulation/ray_transport/ray_client_proxy.py", line 168, in _create_client
    client_like: ClientLike = client_fn(cid)
  File "/Users/dinukaperera/FLwithFlwr/flowertry/main.py", line 211, in client_fn
    trainloader=trainloaders[idx],
IndexError: list index out of range
[2026-01-15 21:52:49,958][flwr][ERROR] - [36mray::launch_and_evaluate()[39m (pid=4245, ip=127.0.0.1)
  File "/Users/dinukaperera/opt/anaconda3/envs/flower_tutorial/lib/python3.10/site-packages/flwr/simulation/ray_transport/ray_client_proxy.py", line 159, in launch_and_evaluate
    client: Client = _create_client(client_fn, cid)
  File "/Users/dinukaperera/opt/anaconda3/envs/flower_tutorial/lib/python3.10/site-packages/flwr/simulation/ray_transport/ray_client_proxy.py", line 168, in _create_client
    client_like: ClientLike = client_fn(cid)
  File "/Users/dinukaperera/FLwithFlwr/flowertry/main.py", line 211, in client_fn
    trainloader=trainloaders[idx],
IndexError: list index out of range
[2026-01-15 21:52:49,969][flwr][ERROR] - [36mray::launch_and_evaluate()[39m (pid=4246, ip=127.0.0.1)
  File "/Users/dinukaperera/opt/anaconda3/envs/flower_tutorial/lib/python3.10/site-packages/flwr/simulation/ray_transport/ray_client_proxy.py", line 159, in launch_and_evaluate
    client: Client = _create_client(client_fn, cid)
  File "/Users/dinukaperera/opt/anaconda3/envs/flower_tutorial/lib/python3.10/site-packages/flwr/simulation/ray_transport/ray_client_proxy.py", line 168, in _create_client
    client_like: ClientLike = client_fn(cid)
  File "/Users/dinukaperera/FLwithFlwr/flowertry/main.py", line 211, in client_fn
    trainloader=trainloaders[idx],
IndexError: list index out of range
[2026-01-15 21:52:49,970][flwr][ERROR] - [36mray::launch_and_evaluate()[39m (pid=4250, ip=127.0.0.1)
  File "/Users/dinukaperera/opt/anaconda3/envs/flower_tutorial/lib/python3.10/site-packages/flwr/simulation/ray_transport/ray_client_proxy.py", line 159, in launch_and_evaluate
    client: Client = _create_client(client_fn, cid)
  File "/Users/dinukaperera/opt/anaconda3/envs/flower_tutorial/lib/python3.10/site-packages/flwr/simulation/ray_transport/ray_client_proxy.py", line 168, in _create_client
    client_like: ClientLike = client_fn(cid)
  File "/Users/dinukaperera/FLwithFlwr/flowertry/main.py", line 211, in client_fn
    trainloader=trainloaders[idx],
IndexError: list index out of range
[2026-01-15 21:52:49,971][flwr][ERROR] - [36mray::launch_and_evaluate()[39m (pid=4250, ip=127.0.0.1)
  File "/Users/dinukaperera/opt/anaconda3/envs/flower_tutorial/lib/python3.10/site-packages/flwr/simulation/ray_transport/ray_client_proxy.py", line 159, in launch_and_evaluate
    client: Client = _create_client(client_fn, cid)
  File "/Users/dinukaperera/opt/anaconda3/envs/flower_tutorial/lib/python3.10/site-packages/flwr/simulation/ray_transport/ray_client_proxy.py", line 168, in _create_client
    client_like: ClientLike = client_fn(cid)
  File "/Users/dinukaperera/FLwithFlwr/flowertry/main.py", line 211, in client_fn
    trainloader=trainloaders[idx],
IndexError: list index out of range
[2026-01-15 21:52:49,980][flwr][ERROR] - [36mray::launch_and_evaluate()[39m (pid=4248, ip=127.0.0.1)
  File "/Users/dinukaperera/opt/anaconda3/envs/flower_tutorial/lib/python3.10/site-packages/flwr/simulation/ray_transport/ray_client_proxy.py", line 159, in launch_and_evaluate
    client: Client = _create_client(client_fn, cid)
  File "/Users/dinukaperera/opt/anaconda3/envs/flower_tutorial/lib/python3.10/site-packages/flwr/simulation/ray_transport/ray_client_proxy.py", line 168, in _create_client
    client_like: ClientLike = client_fn(cid)
  File "/Users/dinukaperera/FLwithFlwr/flowertry/main.py", line 211, in client_fn
    trainloader=trainloaders[idx],
IndexError: list index out of range
[2026-01-15 21:52:49,998][flwr][ERROR] - [36mray::launch_and_evaluate()[39m (pid=4250, ip=127.0.0.1)
  File "/Users/dinukaperera/opt/anaconda3/envs/flower_tutorial/lib/python3.10/site-packages/flwr/simulation/ray_transport/ray_client_proxy.py", line 159, in launch_and_evaluate
    client: Client = _create_client(client_fn, cid)
  File "/Users/dinukaperera/opt/anaconda3/envs/flower_tutorial/lib/python3.10/site-packages/flwr/simulation/ray_transport/ray_client_proxy.py", line 168, in _create_client
    client_like: ClientLike = client_fn(cid)
  File "/Users/dinukaperera/FLwithFlwr/flowertry/main.py", line 211, in client_fn
    trainloader=trainloaders[idx],
IndexError: list index out of range
[2026-01-15 21:52:49,998][flwr][ERROR] - [36mray::launch_and_evaluate()[39m (pid=4252, ip=127.0.0.1)
  File "/Users/dinukaperera/opt/anaconda3/envs/flower_tutorial/lib/python3.10/site-packages/flwr/simulation/ray_transport/ray_client_proxy.py", line 159, in launch_and_evaluate
    client: Client = _create_client(client_fn, cid)
  File "/Users/dinukaperera/opt/anaconda3/envs/flower_tutorial/lib/python3.10/site-packages/flwr/simulation/ray_transport/ray_client_proxy.py", line 168, in _create_client
    client_like: ClientLike = client_fn(cid)
  File "/Users/dinukaperera/FLwithFlwr/flowertry/main.py", line 211, in client_fn
    trainloader=trainloaders[idx],
IndexError: list index out of range
[2026-01-15 21:52:49,999][flwr][ERROR] - [36mray::launch_and_evaluate()[39m (pid=4245, ip=127.0.0.1)
  File "/Users/dinukaperera/opt/anaconda3/envs/flower_tutorial/lib/python3.10/site-packages/flwr/simulation/ray_transport/ray_client_proxy.py", line 159, in launch_and_evaluate
    client: Client = _create_client(client_fn, cid)
  File "/Users/dinukaperera/opt/anaconda3/envs/flower_tutorial/lib/python3.10/site-packages/flwr/simulation/ray_transport/ray_client_proxy.py", line 168, in _create_client
    client_like: ClientLike = client_fn(cid)
  File "/Users/dinukaperera/FLwithFlwr/flowertry/main.py", line 211, in client_fn
    trainloader=trainloaders[idx],
IndexError: list index out of range
[2026-01-15 21:52:50,007][flwr][ERROR] - [36mray::launch_and_evaluate()[39m (pid=4249, ip=127.0.0.1)
  File "/Users/dinukaperera/opt/anaconda3/envs/flower_tutorial/lib/python3.10/site-packages/flwr/simulation/ray_transport/ray_client_proxy.py", line 159, in launch_and_evaluate
    client: Client = _create_client(client_fn, cid)
  File "/Users/dinukaperera/opt/anaconda3/envs/flower_tutorial/lib/python3.10/site-packages/flwr/simulation/ray_transport/ray_client_proxy.py", line 168, in _create_client
    client_like: ClientLike = client_fn(cid)
  File "/Users/dinukaperera/FLwithFlwr/flowertry/main.py", line 211, in client_fn
    trainloader=trainloaders[idx],
IndexError: list index out of range
[2026-01-15 21:52:50,007][flwr][ERROR] - [36mray::launch_and_evaluate()[39m (pid=4248, ip=127.0.0.1)
  File "/Users/dinukaperera/opt/anaconda3/envs/flower_tutorial/lib/python3.10/site-packages/flwr/simulation/ray_transport/ray_client_proxy.py", line 159, in launch_and_evaluate
    client: Client = _create_client(client_fn, cid)
  File "/Users/dinukaperera/opt/anaconda3/envs/flower_tutorial/lib/python3.10/site-packages/flwr/simulation/ray_transport/ray_client_proxy.py", line 168, in _create_client
    client_like: ClientLike = client_fn(cid)
  File "/Users/dinukaperera/FLwithFlwr/flowertry/main.py", line 211, in client_fn
    trainloader=trainloaders[idx],
IndexError: list index out of range
[2026-01-15 21:52:50,008][flwr][ERROR] - [36mray::launch_and_evaluate()[39m (pid=4243, ip=127.0.0.1)
  File "/Users/dinukaperera/opt/anaconda3/envs/flower_tutorial/lib/python3.10/site-packages/flwr/simulation/ray_transport/ray_client_proxy.py", line 159, in launch_and_evaluate
    client: Client = _create_client(client_fn, cid)
  File "/Users/dinukaperera/opt/anaconda3/envs/flower_tutorial/lib/python3.10/site-packages/flwr/simulation/ray_transport/ray_client_proxy.py", line 168, in _create_client
    client_like: ClientLike = client_fn(cid)
  File "/Users/dinukaperera/FLwithFlwr/flowertry/main.py", line 211, in client_fn
    trainloader=trainloaders[idx],
IndexError: list index out of range
[2026-01-15 21:52:50,009][flwr][ERROR] - [36mray::launch_and_evaluate()[39m (pid=4251, ip=127.0.0.1)
  File "/Users/dinukaperera/opt/anaconda3/envs/flower_tutorial/lib/python3.10/site-packages/flwr/simulation/ray_transport/ray_client_proxy.py", line 159, in launch_and_evaluate
    client: Client = _create_client(client_fn, cid)
  File "/Users/dinukaperera/opt/anaconda3/envs/flower_tutorial/lib/python3.10/site-packages/flwr/simulation/ray_transport/ray_client_proxy.py", line 168, in _create_client
    client_like: ClientLike = client_fn(cid)
  File "/Users/dinukaperera/FLwithFlwr/flowertry/main.py", line 211, in client_fn
    trainloader=trainloaders[idx],
IndexError: list index out of range
[2026-01-15 21:52:50,012][flwr][ERROR] - [36mray::launch_and_evaluate()[39m (pid=4245, ip=127.0.0.1)
  File "/Users/dinukaperera/opt/anaconda3/envs/flower_tutorial/lib/python3.10/site-packages/flwr/simulation/ray_transport/ray_client_proxy.py", line 159, in launch_and_evaluate
    client: Client = _create_client(client_fn, cid)
  File "/Users/dinukaperera/opt/anaconda3/envs/flower_tutorial/lib/python3.10/site-packages/flwr/simulation/ray_transport/ray_client_proxy.py", line 168, in _create_client
    client_like: ClientLike = client_fn(cid)
  File "/Users/dinukaperera/FLwithFlwr/flowertry/main.py", line 211, in client_fn
    trainloader=trainloaders[idx],
IndexError: list index out of range
[2026-01-15 21:52:50,019][flwr][ERROR] - [36mray::launch_and_evaluate()[39m (pid=4252, ip=127.0.0.1)
  File "/Users/dinukaperera/opt/anaconda3/envs/flower_tutorial/lib/python3.10/site-packages/flwr/simulation/ray_transport/ray_client_proxy.py", line 159, in launch_and_evaluate
    client: Client = _create_client(client_fn, cid)
  File "/Users/dinukaperera/opt/anaconda3/envs/flower_tutorial/lib/python3.10/site-packages/flwr/simulation/ray_transport/ray_client_proxy.py", line 168, in _create_client
    client_like: ClientLike = client_fn(cid)
  File "/Users/dinukaperera/FLwithFlwr/flowertry/main.py", line 211, in client_fn
    trainloader=trainloaders[idx],
IndexError: list index out of range
[2026-01-15 21:52:51,690][flwr][DEBUG] - evaluate_round 1 received 3 results and 17 failures
[2026-01-15 21:52:51,690][flwr][WARNING] - No evaluate_metrics_aggregation_fn provided
[2026-01-15 21:52:51,690][flwr][DEBUG] - fit_round 2: strategy sampled 20 clients (out of 20)
[2026-01-15 21:52:51,710][flwr][ERROR] - [36mray::launch_and_fit()[39m (pid=4247, ip=127.0.0.1)
  File "/Users/dinukaperera/opt/anaconda3/envs/flower_tutorial/lib/python3.10/site-packages/flwr/simulation/ray_transport/ray_client_proxy.py", line 147, in launch_and_fit
    client: Client = _create_client(client_fn, cid)
  File "/Users/dinukaperera/opt/anaconda3/envs/flower_tutorial/lib/python3.10/site-packages/flwr/simulation/ray_transport/ray_client_proxy.py", line 168, in _create_client
    client_like: ClientLike = client_fn(cid)
  File "/Users/dinukaperera/FLwithFlwr/flowertry/main.py", line 211, in client_fn
    trainloader=trainloaders[idx],
IndexError: list index out of range
[2026-01-15 21:52:51,714][flwr][ERROR] - [36mray::launch_and_fit()[39m (pid=4245, ip=127.0.0.1)
  File "/Users/dinukaperera/opt/anaconda3/envs/flower_tutorial/lib/python3.10/site-packages/flwr/simulation/ray_transport/ray_client_proxy.py", line 147, in launch_and_fit
    client: Client = _create_client(client_fn, cid)
  File "/Users/dinukaperera/opt/anaconda3/envs/flower_tutorial/lib/python3.10/site-packages/flwr/simulation/ray_transport/ray_client_proxy.py", line 168, in _create_client
    client_like: ClientLike = client_fn(cid)
  File "/Users/dinukaperera/FLwithFlwr/flowertry/main.py", line 211, in client_fn
    trainloader=trainloaders[idx],
IndexError: list index out of range
[2026-01-15 21:52:51,715][flwr][ERROR] - [36mray::launch_and_fit()[39m (pid=4244, ip=127.0.0.1)
  File "/Users/dinukaperera/opt/anaconda3/envs/flower_tutorial/lib/python3.10/site-packages/flwr/simulation/ray_transport/ray_client_proxy.py", line 147, in launch_and_fit
    client: Client = _create_client(client_fn, cid)
  File "/Users/dinukaperera/opt/anaconda3/envs/flower_tutorial/lib/python3.10/site-packages/flwr/simulation/ray_transport/ray_client_proxy.py", line 168, in _create_client
    client_like: ClientLike = client_fn(cid)
  File "/Users/dinukaperera/FLwithFlwr/flowertry/main.py", line 211, in client_fn
    trainloader=trainloaders[idx],
IndexError: list index out of range
[2026-01-15 21:52:51,718][flwr][ERROR] - [36mray::launch_and_fit()[39m (pid=4246, ip=127.0.0.1)
  File "/Users/dinukaperera/opt/anaconda3/envs/flower_tutorial/lib/python3.10/site-packages/flwr/simulation/ray_transport/ray_client_proxy.py", line 147, in launch_and_fit
    client: Client = _create_client(client_fn, cid)
  File "/Users/dinukaperera/opt/anaconda3/envs/flower_tutorial/lib/python3.10/site-packages/flwr/simulation/ray_transport/ray_client_proxy.py", line 168, in _create_client
    client_like: ClientLike = client_fn(cid)
  File "/Users/dinukaperera/FLwithFlwr/flowertry/main.py", line 211, in client_fn
    trainloader=trainloaders[idx],
IndexError: list index out of range
[2026-01-15 21:52:51,722][flwr][ERROR] - [36mray::launch_and_fit()[39m (pid=4251, ip=127.0.0.1)
  File "/Users/dinukaperera/opt/anaconda3/envs/flower_tutorial/lib/python3.10/site-packages/flwr/simulation/ray_transport/ray_client_proxy.py", line 147, in launch_and_fit
    client: Client = _create_client(client_fn, cid)
  File "/Users/dinukaperera/opt/anaconda3/envs/flower_tutorial/lib/python3.10/site-packages/flwr/simulation/ray_transport/ray_client_proxy.py", line 168, in _create_client
    client_like: ClientLike = client_fn(cid)
  File "/Users/dinukaperera/FLwithFlwr/flowertry/main.py", line 211, in client_fn
    trainloader=trainloaders[idx],
IndexError: list index out of range
[2026-01-15 21:52:51,729][flwr][ERROR] - [36mray::launch_and_fit()[39m (pid=4244, ip=127.0.0.1)
  File "/Users/dinukaperera/opt/anaconda3/envs/flower_tutorial/lib/python3.10/site-packages/flwr/simulation/ray_transport/ray_client_proxy.py", line 147, in launch_and_fit
    client: Client = _create_client(client_fn, cid)
  File "/Users/dinukaperera/opt/anaconda3/envs/flower_tutorial/lib/python3.10/site-packages/flwr/simulation/ray_transport/ray_client_proxy.py", line 168, in _create_client
    client_like: ClientLike = client_fn(cid)
  File "/Users/dinukaperera/FLwithFlwr/flowertry/main.py", line 211, in client_fn
    trainloader=trainloaders[idx],
IndexError: list index out of range
[2026-01-15 21:52:51,733][flwr][ERROR] - [36mray::launch_and_fit()[39m (pid=4251, ip=127.0.0.1)
  File "/Users/dinukaperera/opt/anaconda3/envs/flower_tutorial/lib/python3.10/site-packages/flwr/simulation/ray_transport/ray_client_proxy.py", line 147, in launch_and_fit
    client: Client = _create_client(client_fn, cid)
  File "/Users/dinukaperera/opt/anaconda3/envs/flower_tutorial/lib/python3.10/site-packages/flwr/simulation/ray_transport/ray_client_proxy.py", line 168, in _create_client
    client_like: ClientLike = client_fn(cid)
  File "/Users/dinukaperera/FLwithFlwr/flowertry/main.py", line 211, in client_fn
    trainloader=trainloaders[idx],
IndexError: list index out of range
[2026-01-15 21:52:51,734][flwr][ERROR] - [36mray::launch_and_fit()[39m (pid=4245, ip=127.0.0.1)
  File "/Users/dinukaperera/opt/anaconda3/envs/flower_tutorial/lib/python3.10/site-packages/flwr/simulation/ray_transport/ray_client_proxy.py", line 147, in launch_and_fit
    client: Client = _create_client(client_fn, cid)
  File "/Users/dinukaperera/opt/anaconda3/envs/flower_tutorial/lib/python3.10/site-packages/flwr/simulation/ray_transport/ray_client_proxy.py", line 168, in _create_client
    client_like: ClientLike = client_fn(cid)
  File "/Users/dinukaperera/FLwithFlwr/flowertry/main.py", line 211, in client_fn
    trainloader=trainloaders[idx],
IndexError: list index out of range
[2026-01-15 21:52:51,737][flwr][ERROR] - [36mray::launch_and_fit()[39m (pid=4246, ip=127.0.0.1)
  File "/Users/dinukaperera/opt/anaconda3/envs/flower_tutorial/lib/python3.10/site-packages/flwr/simulation/ray_transport/ray_client_proxy.py", line 147, in launch_and_fit
    client: Client = _create_client(client_fn, cid)
  File "/Users/dinukaperera/opt/anaconda3/envs/flower_tutorial/lib/python3.10/site-packages/flwr/simulation/ray_transport/ray_client_proxy.py", line 168, in _create_client
    client_like: ClientLike = client_fn(cid)
  File "/Users/dinukaperera/FLwithFlwr/flowertry/main.py", line 211, in client_fn
    trainloader=trainloaders[idx],
IndexError: list index out of range
[2026-01-15 21:52:51,739][flwr][ERROR] - [36mray::launch_and_fit()[39m (pid=4245, ip=127.0.0.1)
  File "/Users/dinukaperera/opt/anaconda3/envs/flower_tutorial/lib/python3.10/site-packages/flwr/simulation/ray_transport/ray_client_proxy.py", line 147, in launch_and_fit
    client: Client = _create_client(client_fn, cid)
  File "/Users/dinukaperera/opt/anaconda3/envs/flower_tutorial/lib/python3.10/site-packages/flwr/simulation/ray_transport/ray_client_proxy.py", line 168, in _create_client
    client_like: ClientLike = client_fn(cid)
  File "/Users/dinukaperera/FLwithFlwr/flowertry/main.py", line 211, in client_fn
    trainloader=trainloaders[idx],
IndexError: list index out of range
[2026-01-15 21:52:51,746][flwr][ERROR] - [36mray::launch_and_fit()[39m (pid=4245, ip=127.0.0.1)
  File "/Users/dinukaperera/opt/anaconda3/envs/flower_tutorial/lib/python3.10/site-packages/flwr/simulation/ray_transport/ray_client_proxy.py", line 147, in launch_and_fit
    client: Client = _create_client(client_fn, cid)
  File "/Users/dinukaperera/opt/anaconda3/envs/flower_tutorial/lib/python3.10/site-packages/flwr/simulation/ray_transport/ray_client_proxy.py", line 168, in _create_client
    client_like: ClientLike = client_fn(cid)
  File "/Users/dinukaperera/FLwithFlwr/flowertry/main.py", line 211, in client_fn
    trainloader=trainloaders[idx],
IndexError: list index out of range
[2026-01-15 21:52:51,748][flwr][ERROR] - [36mray::launch_and_fit()[39m (pid=4251, ip=127.0.0.1)
  File "/Users/dinukaperera/opt/anaconda3/envs/flower_tutorial/lib/python3.10/site-packages/flwr/simulation/ray_transport/ray_client_proxy.py", line 147, in launch_and_fit
    client: Client = _create_client(client_fn, cid)
  File "/Users/dinukaperera/opt/anaconda3/envs/flower_tutorial/lib/python3.10/site-packages/flwr/simulation/ray_transport/ray_client_proxy.py", line 168, in _create_client
    client_like: ClientLike = client_fn(cid)
  File "/Users/dinukaperera/FLwithFlwr/flowertry/main.py", line 211, in client_fn
    trainloader=trainloaders[idx],
IndexError: list index out of range
[2026-01-15 21:52:51,752][flwr][ERROR] - [36mray::launch_and_fit()[39m (pid=4246, ip=127.0.0.1)
  File "/Users/dinukaperera/opt/anaconda3/envs/flower_tutorial/lib/python3.10/site-packages/flwr/simulation/ray_transport/ray_client_proxy.py", line 147, in launch_and_fit
    client: Client = _create_client(client_fn, cid)
  File "/Users/dinukaperera/opt/anaconda3/envs/flower_tutorial/lib/python3.10/site-packages/flwr/simulation/ray_transport/ray_client_proxy.py", line 168, in _create_client
    client_like: ClientLike = client_fn(cid)
  File "/Users/dinukaperera/FLwithFlwr/flowertry/main.py", line 211, in client_fn
    trainloader=trainloaders[idx],
IndexError: list index out of range
[2026-01-15 21:52:51,754][flwr][ERROR] - [36mray::launch_and_fit()[39m (pid=4245, ip=127.0.0.1)
  File "/Users/dinukaperera/opt/anaconda3/envs/flower_tutorial/lib/python3.10/site-packages/flwr/simulation/ray_transport/ray_client_proxy.py", line 147, in launch_and_fit
    client: Client = _create_client(client_fn, cid)
  File "/Users/dinukaperera/opt/anaconda3/envs/flower_tutorial/lib/python3.10/site-packages/flwr/simulation/ray_transport/ray_client_proxy.py", line 168, in _create_client
    client_like: ClientLike = client_fn(cid)
  File "/Users/dinukaperera/FLwithFlwr/flowertry/main.py", line 211, in client_fn
    trainloader=trainloaders[idx],
IndexError: list index out of range
[2026-01-15 21:52:51,758][flwr][ERROR] - [36mray::launch_and_fit()[39m (pid=4243, ip=127.0.0.1)
  File "/Users/dinukaperera/opt/anaconda3/envs/flower_tutorial/lib/python3.10/site-packages/flwr/simulation/ray_transport/ray_client_proxy.py", line 147, in launch_and_fit
    client: Client = _create_client(client_fn, cid)
  File "/Users/dinukaperera/opt/anaconda3/envs/flower_tutorial/lib/python3.10/site-packages/flwr/simulation/ray_transport/ray_client_proxy.py", line 168, in _create_client
    client_like: ClientLike = client_fn(cid)
  File "/Users/dinukaperera/FLwithFlwr/flowertry/main.py", line 211, in client_fn
    trainloader=trainloaders[idx],
IndexError: list index out of range
[2026-01-15 21:52:51,761][flwr][ERROR] - [36mray::launch_and_fit()[39m (pid=4246, ip=127.0.0.1)
  File "/Users/dinukaperera/opt/anaconda3/envs/flower_tutorial/lib/python3.10/site-packages/flwr/simulation/ray_transport/ray_client_proxy.py", line 147, in launch_and_fit
    client: Client = _create_client(client_fn, cid)
  File "/Users/dinukaperera/opt/anaconda3/envs/flower_tutorial/lib/python3.10/site-packages/flwr/simulation/ray_transport/ray_client_proxy.py", line 168, in _create_client
    client_like: ClientLike = client_fn(cid)
  File "/Users/dinukaperera/FLwithFlwr/flowertry/main.py", line 211, in client_fn
    trainloader=trainloaders[idx],
IndexError: list index out of range
[2026-01-15 21:52:51,766][flwr][ERROR] - [36mray::launch_and_fit()[39m (pid=4243, ip=127.0.0.1)
  File "/Users/dinukaperera/opt/anaconda3/envs/flower_tutorial/lib/python3.10/site-packages/flwr/simulation/ray_transport/ray_client_proxy.py", line 147, in launch_and_fit
    client: Client = _create_client(client_fn, cid)
  File "/Users/dinukaperera/opt/anaconda3/envs/flower_tutorial/lib/python3.10/site-packages/flwr/simulation/ray_transport/ray_client_proxy.py", line 168, in _create_client
    client_like: ClientLike = client_fn(cid)
  File "/Users/dinukaperera/FLwithFlwr/flowertry/main.py", line 211, in client_fn
    trainloader=trainloaders[idx],
IndexError: list index out of range
[2026-01-15 21:53:15,694][flwr][DEBUG] - fit_round 2 received 3 results and 17 failures
[2026-01-15 21:53:16,217][flwr][INFO] - fit progress: (2, 0.35517087487971877, {'rmse': 6996.800411616727, 'mae': 4078.734375, 'r2': 0.6092701437682377}, 54.088249916007044)
[2026-01-15 21:53:16,217][flwr][DEBUG] - evaluate_round 2: strategy sampled 20 clients (out of 20)
[2026-01-15 21:53:16,276][flwr][ERROR] - [36mray::launch_and_evaluate()[39m (pid=4252, ip=127.0.0.1)
  File "/Users/dinukaperera/opt/anaconda3/envs/flower_tutorial/lib/python3.10/site-packages/flwr/simulation/ray_transport/ray_client_proxy.py", line 159, in launch_and_evaluate
    client: Client = _create_client(client_fn, cid)
  File "/Users/dinukaperera/opt/anaconda3/envs/flower_tutorial/lib/python3.10/site-packages/flwr/simulation/ray_transport/ray_client_proxy.py", line 168, in _create_client
    client_like: ClientLike = client_fn(cid)
  File "/Users/dinukaperera/FLwithFlwr/flowertry/main.py", line 211, in client_fn
    trainloader=trainloaders[idx],
IndexError: list index out of range
[2026-01-15 21:53:16,280][flwr][ERROR] - [36mray::launch_and_evaluate()[39m (pid=4247, ip=127.0.0.1)
  File "/Users/dinukaperera/opt/anaconda3/envs/flower_tutorial/lib/python3.10/site-packages/flwr/simulation/ray_transport/ray_client_proxy.py", line 159, in launch_and_evaluate
    client: Client = _create_client(client_fn, cid)
  File "/Users/dinukaperera/opt/anaconda3/envs/flower_tutorial/lib/python3.10/site-packages/flwr/simulation/ray_transport/ray_client_proxy.py", line 168, in _create_client
    client_like: ClientLike = client_fn(cid)
  File "/Users/dinukaperera/FLwithFlwr/flowertry/main.py", line 211, in client_fn
    trainloader=trainloaders[idx],
IndexError: list index out of range
[2026-01-15 21:53:16,281][flwr][ERROR] - [36mray::launch_and_evaluate()[39m (pid=4244, ip=127.0.0.1)
  File "/Users/dinukaperera/opt/anaconda3/envs/flower_tutorial/lib/python3.10/site-packages/flwr/simulation/ray_transport/ray_client_proxy.py", line 159, in launch_and_evaluate
    client: Client = _create_client(client_fn, cid)
  File "/Users/dinukaperera/opt/anaconda3/envs/flower_tutorial/lib/python3.10/site-packages/flwr/simulation/ray_transport/ray_client_proxy.py", line 168, in _create_client
    client_like: ClientLike = client_fn(cid)
  File "/Users/dinukaperera/FLwithFlwr/flowertry/main.py", line 211, in client_fn
    trainloader=trainloaders[idx],
IndexError: list index out of range
[2026-01-15 21:53:16,282][flwr][ERROR] - [36mray::launch_and_evaluate()[39m (pid=4243, ip=127.0.0.1)
  File "/Users/dinukaperera/opt/anaconda3/envs/flower_tutorial/lib/python3.10/site-packages/flwr/simulation/ray_transport/ray_client_proxy.py", line 159, in launch_and_evaluate
    client: Client = _create_client(client_fn, cid)
  File "/Users/dinukaperera/opt/anaconda3/envs/flower_tutorial/lib/python3.10/site-packages/flwr/simulation/ray_transport/ray_client_proxy.py", line 168, in _create_client
    client_like: ClientLike = client_fn(cid)
  File "/Users/dinukaperera/FLwithFlwr/flowertry/main.py", line 211, in client_fn
    trainloader=trainloaders[idx],
IndexError: list index out of range
[2026-01-15 21:53:16,282][flwr][ERROR] - [36mray::launch_and_evaluate()[39m (pid=4246, ip=127.0.0.1)
  File "/Users/dinukaperera/opt/anaconda3/envs/flower_tutorial/lib/python3.10/site-packages/flwr/simulation/ray_transport/ray_client_proxy.py", line 159, in launch_and_evaluate
    client: Client = _create_client(client_fn, cid)
  File "/Users/dinukaperera/opt/anaconda3/envs/flower_tutorial/lib/python3.10/site-packages/flwr/simulation/ray_transport/ray_client_proxy.py", line 168, in _create_client
    client_like: ClientLike = client_fn(cid)
  File "/Users/dinukaperera/FLwithFlwr/flowertry/main.py", line 211, in client_fn
    trainloader=trainloaders[idx],
IndexError: list index out of range
[2026-01-15 21:53:16,285][flwr][ERROR] - [36mray::launch_and_evaluate()[39m (pid=4245, ip=127.0.0.1)
  File "/Users/dinukaperera/opt/anaconda3/envs/flower_tutorial/lib/python3.10/site-packages/flwr/simulation/ray_transport/ray_client_proxy.py", line 159, in launch_and_evaluate
    client: Client = _create_client(client_fn, cid)
  File "/Users/dinukaperera/opt/anaconda3/envs/flower_tutorial/lib/python3.10/site-packages/flwr/simulation/ray_transport/ray_client_proxy.py", line 168, in _create_client
    client_like: ClientLike = client_fn(cid)
  File "/Users/dinukaperera/FLwithFlwr/flowertry/main.py", line 211, in client_fn
    trainloader=trainloaders[idx],
IndexError: list index out of range
[2026-01-15 21:53:16,299][flwr][ERROR] - [36mray::launch_and_evaluate()[39m (pid=4247, ip=127.0.0.1)
  File "/Users/dinukaperera/opt/anaconda3/envs/flower_tutorial/lib/python3.10/site-packages/flwr/simulation/ray_transport/ray_client_proxy.py", line 159, in launch_and_evaluate
    client: Client = _create_client(client_fn, cid)
  File "/Users/dinukaperera/opt/anaconda3/envs/flower_tutorial/lib/python3.10/site-packages/flwr/simulation/ray_transport/ray_client_proxy.py", line 168, in _create_client
    client_like: ClientLike = client_fn(cid)
  File "/Users/dinukaperera/FLwithFlwr/flowertry/main.py", line 211, in client_fn
    trainloader=trainloaders[idx],
IndexError: list index out of range
[2026-01-15 21:53:16,303][flwr][ERROR] - [36mray::launch_and_evaluate()[39m (pid=4245, ip=127.0.0.1)
  File "/Users/dinukaperera/opt/anaconda3/envs/flower_tutorial/lib/python3.10/site-packages/flwr/simulation/ray_transport/ray_client_proxy.py", line 159, in launch_and_evaluate
    client: Client = _create_client(client_fn, cid)
  File "/Users/dinukaperera/opt/anaconda3/envs/flower_tutorial/lib/python3.10/site-packages/flwr/simulation/ray_transport/ray_client_proxy.py", line 168, in _create_client
    client_like: ClientLike = client_fn(cid)
  File "/Users/dinukaperera/FLwithFlwr/flowertry/main.py", line 211, in client_fn
    trainloader=trainloaders[idx],
IndexError: list index out of range
[2026-01-15 21:53:16,327][flwr][ERROR] - [36mray::launch_and_evaluate()[39m (pid=4245, ip=127.0.0.1)
  File "/Users/dinukaperera/opt/anaconda3/envs/flower_tutorial/lib/python3.10/site-packages/flwr/simulation/ray_transport/ray_client_proxy.py", line 159, in launch_and_evaluate
    client: Client = _create_client(client_fn, cid)
  File "/Users/dinukaperera/opt/anaconda3/envs/flower_tutorial/lib/python3.10/site-packages/flwr/simulation/ray_transport/ray_client_proxy.py", line 168, in _create_client
    client_like: ClientLike = client_fn(cid)
  File "/Users/dinukaperera/FLwithFlwr/flowertry/main.py", line 211, in client_fn
    trainloader=trainloaders[idx],
IndexError: list index out of range
[2026-01-15 21:53:16,318][flwr][ERROR] - [36mray::launch_and_evaluate()[39m (pid=4243, ip=127.0.0.1)
  File "/Users/dinukaperera/opt/anaconda3/envs/flower_tutorial/lib/python3.10/site-packages/flwr/simulation/ray_transport/ray_client_proxy.py", line 159, in launch_and_evaluate
    client: Client = _create_client(client_fn, cid)
  File "/Users/dinukaperera/opt/anaconda3/envs/flower_tutorial/lib/python3.10/site-packages/flwr/simulation/ray_transport/ray_client_proxy.py", line 168, in _create_client
    client_like: ClientLike = client_fn(cid)
  File "/Users/dinukaperera/FLwithFlwr/flowertry/main.py", line 211, in client_fn
    trainloader=trainloaders[idx],
IndexError: list index out of range
[2026-01-15 21:53:16,327][flwr][ERROR] - [36mray::launch_and_evaluate()[39m (pid=4248, ip=127.0.0.1)
  File "/Users/dinukaperera/opt/anaconda3/envs/flower_tutorial/lib/python3.10/site-packages/flwr/simulation/ray_transport/ray_client_proxy.py", line 159, in launch_and_evaluate
    client: Client = _create_client(client_fn, cid)
  File "/Users/dinukaperera/opt/anaconda3/envs/flower_tutorial/lib/python3.10/site-packages/flwr/simulation/ray_transport/ray_client_proxy.py", line 168, in _create_client
    client_like: ClientLike = client_fn(cid)
  File "/Users/dinukaperera/FLwithFlwr/flowertry/main.py", line 211, in client_fn
    trainloader=trainloaders[idx],
IndexError: list index out of range
[2026-01-15 21:53:16,320][flwr][ERROR] - [36mray::launch_and_evaluate()[39m (pid=4246, ip=127.0.0.1)
  File "/Users/dinukaperera/opt/anaconda3/envs/flower_tutorial/lib/python3.10/site-packages/flwr/simulation/ray_transport/ray_client_proxy.py", line 159, in launch_and_evaluate
    client: Client = _create_client(client_fn, cid)
  File "/Users/dinukaperera/opt/anaconda3/envs/flower_tutorial/lib/python3.10/site-packages/flwr/simulation/ray_transport/ray_client_proxy.py", line 168, in _create_client
    client_like: ClientLike = client_fn(cid)
  File "/Users/dinukaperera/FLwithFlwr/flowertry/main.py", line 211, in client_fn
    trainloader=trainloaders[idx],
IndexError: list index out of range
[2026-01-15 21:53:16,330][flwr][ERROR] - [36mray::launch_and_evaluate()[39m (pid=4251, ip=127.0.0.1)
  File "/Users/dinukaperera/opt/anaconda3/envs/flower_tutorial/lib/python3.10/site-packages/flwr/simulation/ray_transport/ray_client_proxy.py", line 159, in launch_and_evaluate
    client: Client = _create_client(client_fn, cid)
  File "/Users/dinukaperera/opt/anaconda3/envs/flower_tutorial/lib/python3.10/site-packages/flwr/simulation/ray_transport/ray_client_proxy.py", line 168, in _create_client
    client_like: ClientLike = client_fn(cid)
  File "/Users/dinukaperera/FLwithFlwr/flowertry/main.py", line 211, in client_fn
    trainloader=trainloaders[idx],
IndexError: list index out of range
[2026-01-15 21:53:16,334][flwr][ERROR] - [36mray::launch_and_evaluate()[39m (pid=4246, ip=127.0.0.1)
  File "/Users/dinukaperera/opt/anaconda3/envs/flower_tutorial/lib/python3.10/site-packages/flwr/simulation/ray_transport/ray_client_proxy.py", line 159, in launch_and_evaluate
    client: Client = _create_client(client_fn, cid)
  File "/Users/dinukaperera/opt/anaconda3/envs/flower_tutorial/lib/python3.10/site-packages/flwr/simulation/ray_transport/ray_client_proxy.py", line 168, in _create_client
    client_like: ClientLike = client_fn(cid)
  File "/Users/dinukaperera/FLwithFlwr/flowertry/main.py", line 211, in client_fn
    trainloader=trainloaders[idx],
IndexError: list index out of range
[2026-01-15 21:53:16,344][flwr][ERROR] - [36mray::launch_and_evaluate()[39m (pid=4245, ip=127.0.0.1)
  File "/Users/dinukaperera/opt/anaconda3/envs/flower_tutorial/lib/python3.10/site-packages/flwr/simulation/ray_transport/ray_client_proxy.py", line 159, in launch_and_evaluate
    client: Client = _create_client(client_fn, cid)
  File "/Users/dinukaperera/opt/anaconda3/envs/flower_tutorial/lib/python3.10/site-packages/flwr/simulation/ray_transport/ray_client_proxy.py", line 168, in _create_client
    client_like: ClientLike = client_fn(cid)
  File "/Users/dinukaperera/FLwithFlwr/flowertry/main.py", line 211, in client_fn
    trainloader=trainloaders[idx],
IndexError: list index out of range
[2026-01-15 21:53:16,349][flwr][ERROR] - [36mray::launch_and_evaluate()[39m (pid=4248, ip=127.0.0.1)
  File "/Users/dinukaperera/opt/anaconda3/envs/flower_tutorial/lib/python3.10/site-packages/flwr/simulation/ray_transport/ray_client_proxy.py", line 159, in launch_and_evaluate
    client: Client = _create_client(client_fn, cid)
  File "/Users/dinukaperera/opt/anaconda3/envs/flower_tutorial/lib/python3.10/site-packages/flwr/simulation/ray_transport/ray_client_proxy.py", line 168, in _create_client
    client_like: ClientLike = client_fn(cid)
  File "/Users/dinukaperera/FLwithFlwr/flowertry/main.py", line 211, in client_fn
    trainloader=trainloaders[idx],
IndexError: list index out of range
[2026-01-15 21:53:16,350][flwr][ERROR] - [36mray::launch_and_evaluate()[39m (pid=4243, ip=127.0.0.1)
  File "/Users/dinukaperera/opt/anaconda3/envs/flower_tutorial/lib/python3.10/site-packages/flwr/simulation/ray_transport/ray_client_proxy.py", line 159, in launch_and_evaluate
    client: Client = _create_client(client_fn, cid)
  File "/Users/dinukaperera/opt/anaconda3/envs/flower_tutorial/lib/python3.10/site-packages/flwr/simulation/ray_transport/ray_client_proxy.py", line 168, in _create_client
    client_like: ClientLike = client_fn(cid)
  File "/Users/dinukaperera/FLwithFlwr/flowertry/main.py", line 211, in client_fn
    trainloader=trainloaders[idx],
IndexError: list index out of range
[2026-01-15 21:53:18,035][flwr][DEBUG] - evaluate_round 2 received 3 results and 17 failures
[2026-01-15 21:53:18,036][flwr][DEBUG] - fit_round 3: strategy sampled 20 clients (out of 20)
[2026-01-15 21:53:18,064][flwr][ERROR] - [36mray::launch_and_fit()[39m (pid=4247, ip=127.0.0.1)
  File "/Users/dinukaperera/opt/anaconda3/envs/flower_tutorial/lib/python3.10/site-packages/flwr/simulation/ray_transport/ray_client_proxy.py", line 147, in launch_and_fit
    client: Client = _create_client(client_fn, cid)
  File "/Users/dinukaperera/opt/anaconda3/envs/flower_tutorial/lib/python3.10/site-packages/flwr/simulation/ray_transport/ray_client_proxy.py", line 168, in _create_client
    client_like: ClientLike = client_fn(cid)
  File "/Users/dinukaperera/FLwithFlwr/flowertry/main.py", line 211, in client_fn
    trainloader=trainloaders[idx],
IndexError: list index out of range
[2026-01-15 21:53:18,064][flwr][ERROR] - [36mray::launch_and_fit()[39m (pid=4247, ip=127.0.0.1)
  File "/Users/dinukaperera/opt/anaconda3/envs/flower_tutorial/lib/python3.10/site-packages/flwr/simulation/ray_transport/ray_client_proxy.py", line 147, in launch_and_fit
    client: Client = _create_client(client_fn, cid)
  File "/Users/dinukaperera/opt/anaconda3/envs/flower_tutorial/lib/python3.10/site-packages/flwr/simulation/ray_transport/ray_client_proxy.py", line 168, in _create_client
    client_like: ClientLike = client_fn(cid)
  File "/Users/dinukaperera/FLwithFlwr/flowertry/main.py", line 211, in client_fn
    trainloader=trainloaders[idx],
IndexError: list index out of range
[2026-01-15 21:53:18,075][flwr][ERROR] - [36mray::launch_and_fit()[39m (pid=4245, ip=127.0.0.1)
  File "/Users/dinukaperera/opt/anaconda3/envs/flower_tutorial/lib/python3.10/site-packages/flwr/simulation/ray_transport/ray_client_proxy.py", line 147, in launch_and_fit
    client: Client = _create_client(client_fn, cid)
  File "/Users/dinukaperera/opt/anaconda3/envs/flower_tutorial/lib/python3.10/site-packages/flwr/simulation/ray_transport/ray_client_proxy.py", line 168, in _create_client
    client_like: ClientLike = client_fn(cid)
  File "/Users/dinukaperera/FLwithFlwr/flowertry/main.py", line 211, in client_fn
    trainloader=trainloaders[idx],
IndexError: list index out of range
[2026-01-15 21:53:18,077][flwr][ERROR] - [36mray::launch_and_fit()[39m (pid=4248, ip=127.0.0.1)
  File "/Users/dinukaperera/opt/anaconda3/envs/flower_tutorial/lib/python3.10/site-packages/flwr/simulation/ray_transport/ray_client_proxy.py", line 147, in launch_and_fit
    client: Client = _create_client(client_fn, cid)
  File "/Users/dinukaperera/opt/anaconda3/envs/flower_tutorial/lib/python3.10/site-packages/flwr/simulation/ray_transport/ray_client_proxy.py", line 168, in _create_client
    client_like: ClientLike = client_fn(cid)
  File "/Users/dinukaperera/FLwithFlwr/flowertry/main.py", line 211, in client_fn
    trainloader=trainloaders[idx],
IndexError: list index out of range
[2026-01-15 21:53:18,078][flwr][ERROR] - [36mray::launch_and_fit()[39m (pid=4243, ip=127.0.0.1)
  File "/Users/dinukaperera/opt/anaconda3/envs/flower_tutorial/lib/python3.10/site-packages/flwr/simulation/ray_transport/ray_client_proxy.py", line 147, in launch_and_fit
    client: Client = _create_client(client_fn, cid)
  File "/Users/dinukaperera/opt/anaconda3/envs/flower_tutorial/lib/python3.10/site-packages/flwr/simulation/ray_transport/ray_client_proxy.py", line 168, in _create_client
    client_like: ClientLike = client_fn(cid)
  File "/Users/dinukaperera/FLwithFlwr/flowertry/main.py", line 211, in client_fn
    trainloader=trainloaders[idx],
IndexError: list index out of range
[2026-01-15 21:53:18,078][flwr][ERROR] - [36mray::launch_and_fit()[39m (pid=4247, ip=127.0.0.1)
  File "/Users/dinukaperera/opt/anaconda3/envs/flower_tutorial/lib/python3.10/site-packages/flwr/simulation/ray_transport/ray_client_proxy.py", line 147, in launch_and_fit
    client: Client = _create_client(client_fn, cid)
  File "/Users/dinukaperera/opt/anaconda3/envs/flower_tutorial/lib/python3.10/site-packages/flwr/simulation/ray_transport/ray_client_proxy.py", line 168, in _create_client
    client_like: ClientLike = client_fn(cid)
  File "/Users/dinukaperera/FLwithFlwr/flowertry/main.py", line 211, in client_fn
    trainloader=trainloaders[idx],
IndexError: list index out of range
[2026-01-15 21:53:18,082][flwr][ERROR] - [36mray::launch_and_fit()[39m (pid=4251, ip=127.0.0.1)
  File "/Users/dinukaperera/opt/anaconda3/envs/flower_tutorial/lib/python3.10/site-packages/flwr/simulation/ray_transport/ray_client_proxy.py", line 147, in launch_and_fit
    client: Client = _create_client(client_fn, cid)
  File "/Users/dinukaperera/opt/anaconda3/envs/flower_tutorial/lib/python3.10/site-packages/flwr/simulation/ray_transport/ray_client_proxy.py", line 168, in _create_client
    client_like: ClientLike = client_fn(cid)
  File "/Users/dinukaperera/FLwithFlwr/flowertry/main.py", line 211, in client_fn
    trainloader=trainloaders[idx],
IndexError: list index out of range
[2026-01-15 21:53:18,092][flwr][ERROR] - [36mray::launch_and_fit()[39m (pid=4248, ip=127.0.0.1)
  File "/Users/dinukaperera/opt/anaconda3/envs/flower_tutorial/lib/python3.10/site-packages/flwr/simulation/ray_transport/ray_client_proxy.py", line 147, in launch_and_fit
    client: Client = _create_client(client_fn, cid)
  File "/Users/dinukaperera/opt/anaconda3/envs/flower_tutorial/lib/python3.10/site-packages/flwr/simulation/ray_transport/ray_client_proxy.py", line 168, in _create_client
    client_like: ClientLike = client_fn(cid)
  File "/Users/dinukaperera/FLwithFlwr/flowertry/main.py", line 211, in client_fn
    trainloader=trainloaders[idx],
IndexError: list index out of range
[2026-01-15 21:53:18,095][flwr][ERROR] - [36mray::launch_and_fit()[39m (pid=4247, ip=127.0.0.1)
  File "/Users/dinukaperera/opt/anaconda3/envs/flower_tutorial/lib/python3.10/site-packages/flwr/simulation/ray_transport/ray_client_proxy.py", line 147, in launch_and_fit
    client: Client = _create_client(client_fn, cid)
  File "/Users/dinukaperera/opt/anaconda3/envs/flower_tutorial/lib/python3.10/site-packages/flwr/simulation/ray_transport/ray_client_proxy.py", line 168, in _create_client
    client_like: ClientLike = client_fn(cid)
  File "/Users/dinukaperera/FLwithFlwr/flowertry/main.py", line 211, in client_fn
    trainloader=trainloaders[idx],
IndexError: list index out of range
[2026-01-15 21:53:18,095][flwr][ERROR] - [36mray::launch_and_fit()[39m (pid=4251, ip=127.0.0.1)
  File "/Users/dinukaperera/opt/anaconda3/envs/flower_tutorial/lib/python3.10/site-packages/flwr/simulation/ray_transport/ray_client_proxy.py", line 147, in launch_and_fit
    client: Client = _create_client(client_fn, cid)
  File "/Users/dinukaperera/opt/anaconda3/envs/flower_tutorial/lib/python3.10/site-packages/flwr/simulation/ray_transport/ray_client_proxy.py", line 168, in _create_client
    client_like: ClientLike = client_fn(cid)
  File "/Users/dinukaperera/FLwithFlwr/flowertry/main.py", line 211, in client_fn
    trainloader=trainloaders[idx],
IndexError: list index out of range
[2026-01-15 21:53:18,099][flwr][ERROR] - [36mray::launch_and_fit()[39m (pid=4248, ip=127.0.0.1)
  File "/Users/dinukaperera/opt/anaconda3/envs/flower_tutorial/lib/python3.10/site-packages/flwr/simulation/ray_transport/ray_client_proxy.py", line 147, in launch_and_fit
    client: Client = _create_client(client_fn, cid)
  File "/Users/dinukaperera/opt/anaconda3/envs/flower_tutorial/lib/python3.10/site-packages/flwr/simulation/ray_transport/ray_client_proxy.py", line 168, in _create_client
    client_like: ClientLike = client_fn(cid)
  File "/Users/dinukaperera/FLwithFlwr/flowertry/main.py", line 211, in client_fn
    trainloader=trainloaders[idx],
IndexError: list index out of range
[2026-01-15 21:53:18,111][flwr][ERROR] - [36mray::launch_and_fit()[39m (pid=4248, ip=127.0.0.1)
  File "/Users/dinukaperera/opt/anaconda3/envs/flower_tutorial/lib/python3.10/site-packages/flwr/simulation/ray_transport/ray_client_proxy.py", line 147, in launch_and_fit
    client: Client = _create_client(client_fn, cid)
  File "/Users/dinukaperera/opt/anaconda3/envs/flower_tutorial/lib/python3.10/site-packages/flwr/simulation/ray_transport/ray_client_proxy.py", line 168, in _create_client
    client_like: ClientLike = client_fn(cid)
  File "/Users/dinukaperera/FLwithFlwr/flowertry/main.py", line 211, in client_fn
    trainloader=trainloaders[idx],
IndexError: list index out of range
[2026-01-15 21:53:18,106][flwr][ERROR] - [36mray::launch_and_fit()[39m (pid=4245, ip=127.0.0.1)
  File "/Users/dinukaperera/opt/anaconda3/envs/flower_tutorial/lib/python3.10/site-packages/flwr/simulation/ray_transport/ray_client_proxy.py", line 147, in launch_and_fit
    client: Client = _create_client(client_fn, cid)
  File "/Users/dinukaperera/opt/anaconda3/envs/flower_tutorial/lib/python3.10/site-packages/flwr/simulation/ray_transport/ray_client_proxy.py", line 168, in _create_client
    client_like: ClientLike = client_fn(cid)
  File "/Users/dinukaperera/FLwithFlwr/flowertry/main.py", line 211, in client_fn
    trainloader=trainloaders[idx],
IndexError: list index out of range
[2026-01-15 21:53:18,108][flwr][ERROR] - [36mray::launch_and_fit()[39m (pid=4243, ip=127.0.0.1)
  File "/Users/dinukaperera/opt/anaconda3/envs/flower_tutorial/lib/python3.10/site-packages/flwr/simulation/ray_transport/ray_client_proxy.py", line 147, in launch_and_fit
    client: Client = _create_client(client_fn, cid)
  File "/Users/dinukaperera/opt/anaconda3/envs/flower_tutorial/lib/python3.10/site-packages/flwr/simulation/ray_transport/ray_client_proxy.py", line 168, in _create_client
    client_like: ClientLike = client_fn(cid)
  File "/Users/dinukaperera/FLwithFlwr/flowertry/main.py", line 211, in client_fn
    trainloader=trainloaders[idx],
IndexError: list index out of range
[2026-01-15 21:53:18,115][flwr][ERROR] - [36mray::launch_and_fit()[39m (pid=4243, ip=127.0.0.1)
  File "/Users/dinukaperera/opt/anaconda3/envs/flower_tutorial/lib/python3.10/site-packages/flwr/simulation/ray_transport/ray_client_proxy.py", line 147, in launch_and_fit
    client: Client = _create_client(client_fn, cid)
  File "/Users/dinukaperera/opt/anaconda3/envs/flower_tutorial/lib/python3.10/site-packages/flwr/simulation/ray_transport/ray_client_proxy.py", line 168, in _create_client
    client_like: ClientLike = client_fn(cid)
  File "/Users/dinukaperera/FLwithFlwr/flowertry/main.py", line 211, in client_fn
    trainloader=trainloaders[idx],
IndexError: list index out of range
[2026-01-15 21:53:18,119][flwr][ERROR] - [36mray::launch_and_fit()[39m (pid=4248, ip=127.0.0.1)
  File "/Users/dinukaperera/opt/anaconda3/envs/flower_tutorial/lib/python3.10/site-packages/flwr/simulation/ray_transport/ray_client_proxy.py", line 147, in launch_and_fit
    client: Client = _create_client(client_fn, cid)
  File "/Users/dinukaperera/opt/anaconda3/envs/flower_tutorial/lib/python3.10/site-packages/flwr/simulation/ray_transport/ray_client_proxy.py", line 168, in _create_client
    client_like: ClientLike = client_fn(cid)
  File "/Users/dinukaperera/FLwithFlwr/flowertry/main.py", line 211, in client_fn
    trainloader=trainloaders[idx],
IndexError: list index out of range
[2026-01-15 21:53:18,121][flwr][ERROR] - [36mray::launch_and_fit()[39m (pid=4245, ip=127.0.0.1)
  File "/Users/dinukaperera/opt/anaconda3/envs/flower_tutorial/lib/python3.10/site-packages/flwr/simulation/ray_transport/ray_client_proxy.py", line 147, in launch_and_fit
    client: Client = _create_client(client_fn, cid)
  File "/Users/dinukaperera/opt/anaconda3/envs/flower_tutorial/lib/python3.10/site-packages/flwr/simulation/ray_transport/ray_client_proxy.py", line 168, in _create_client
    client_like: ClientLike = client_fn(cid)
  File "/Users/dinukaperera/FLwithFlwr/flowertry/main.py", line 211, in client_fn
    trainloader=trainloaders[idx],
IndexError: list index out of range
[2026-01-15 21:53:43,809][flwr][DEBUG] - fit_round 3 received 3 results and 17 failures
[2026-01-15 21:53:44,411][flwr][INFO] - fit progress: (3, 0.4874480578999918, {'rmse': 8196.8125512299, 'mae': 4718.146484375, 'r2': 0.46374961098834}, 82.28207970800577)
[2026-01-15 21:53:44,412][flwr][DEBUG] - evaluate_round 3: strategy sampled 20 clients (out of 20)
[2026-01-15 21:53:44,458][flwr][ERROR] - [36mray::launch_and_evaluate()[39m (pid=4246, ip=127.0.0.1)
  File "/Users/dinukaperera/opt/anaconda3/envs/flower_tutorial/lib/python3.10/site-packages/flwr/simulation/ray_transport/ray_client_proxy.py", line 159, in launch_and_evaluate
    client: Client = _create_client(client_fn, cid)
  File "/Users/dinukaperera/opt/anaconda3/envs/flower_tutorial/lib/python3.10/site-packages/flwr/simulation/ray_transport/ray_client_proxy.py", line 168, in _create_client
    client_like: ClientLike = client_fn(cid)
  File "/Users/dinukaperera/FLwithFlwr/flowertry/main.py", line 211, in client_fn
    trainloader=trainloaders[idx],
IndexError: list index out of range
[2026-01-15 21:53:44,464][flwr][ERROR] - [36mray::launch_and_evaluate()[39m (pid=4249, ip=127.0.0.1)
  File "/Users/dinukaperera/opt/anaconda3/envs/flower_tutorial/lib/python3.10/site-packages/flwr/simulation/ray_transport/ray_client_proxy.py", line 159, in launch_and_evaluate
    client: Client = _create_client(client_fn, cid)
  File "/Users/dinukaperera/opt/anaconda3/envs/flower_tutorial/lib/python3.10/site-packages/flwr/simulation/ray_transport/ray_client_proxy.py", line 168, in _create_client
    client_like: ClientLike = client_fn(cid)
  File "/Users/dinukaperera/FLwithFlwr/flowertry/main.py", line 211, in client_fn
    trainloader=trainloaders[idx],
IndexError: list index out of range
[2026-01-15 21:53:44,481][flwr][ERROR] - [36mray::launch_and_evaluate()[39m (pid=4245, ip=127.0.0.1)
  File "/Users/dinukaperera/opt/anaconda3/envs/flower_tutorial/lib/python3.10/site-packages/flwr/simulation/ray_transport/ray_client_proxy.py", line 159, in launch_and_evaluate
    client: Client = _create_client(client_fn, cid)
  File "/Users/dinukaperera/opt/anaconda3/envs/flower_tutorial/lib/python3.10/site-packages/flwr/simulation/ray_transport/ray_client_proxy.py", line 168, in _create_client
    client_like: ClientLike = client_fn(cid)
  File "/Users/dinukaperera/FLwithFlwr/flowertry/main.py", line 211, in client_fn
    trainloader=trainloaders[idx],
IndexError: list index out of range
[2026-01-15 21:53:44,482][flwr][ERROR] - [36mray::launch_and_evaluate()[39m (pid=4246, ip=127.0.0.1)
  File "/Users/dinukaperera/opt/anaconda3/envs/flower_tutorial/lib/python3.10/site-packages/flwr/simulation/ray_transport/ray_client_proxy.py", line 159, in launch_and_evaluate
    client: Client = _create_client(client_fn, cid)
  File "/Users/dinukaperera/opt/anaconda3/envs/flower_tutorial/lib/python3.10/site-packages/flwr/simulation/ray_transport/ray_client_proxy.py", line 168, in _create_client
    client_like: ClientLike = client_fn(cid)
  File "/Users/dinukaperera/FLwithFlwr/flowertry/main.py", line 211, in client_fn
    trainloader=trainloaders[idx],
IndexError: list index out of range
[2026-01-15 21:53:44,483][flwr][ERROR] - [36mray::launch_and_evaluate()[39m (pid=4249, ip=127.0.0.1)
  File "/Users/dinukaperera/opt/anaconda3/envs/flower_tutorial/lib/python3.10/site-packages/flwr/simulation/ray_transport/ray_client_proxy.py", line 159, in launch_and_evaluate
    client: Client = _create_client(client_fn, cid)
  File "/Users/dinukaperera/opt/anaconda3/envs/flower_tutorial/lib/python3.10/site-packages/flwr/simulation/ray_transport/ray_client_proxy.py", line 168, in _create_client
    client_like: ClientLike = client_fn(cid)
  File "/Users/dinukaperera/FLwithFlwr/flowertry/main.py", line 211, in client_fn
    trainloader=trainloaders[idx],
IndexError: list index out of range
[2026-01-15 21:53:44,483][flwr][ERROR] - [36mray::launch_and_evaluate()[39m (pid=4248, ip=127.0.0.1)
  File "/Users/dinukaperera/opt/anaconda3/envs/flower_tutorial/lib/python3.10/site-packages/flwr/simulation/ray_transport/ray_client_proxy.py", line 159, in launch_and_evaluate
    client: Client = _create_client(client_fn, cid)
  File "/Users/dinukaperera/opt/anaconda3/envs/flower_tutorial/lib/python3.10/site-packages/flwr/simulation/ray_transport/ray_client_proxy.py", line 168, in _create_client
    client_like: ClientLike = client_fn(cid)
  File "/Users/dinukaperera/FLwithFlwr/flowertry/main.py", line 211, in client_fn
    trainloader=trainloaders[idx],
IndexError: list index out of range
[2026-01-15 21:53:44,494][flwr][ERROR] - [36mray::launch_and_evaluate()[39m (pid=4245, ip=127.0.0.1)
  File "/Users/dinukaperera/opt/anaconda3/envs/flower_tutorial/lib/python3.10/site-packages/flwr/simulation/ray_transport/ray_client_proxy.py", line 159, in launch_and_evaluate
    client: Client = _create_client(client_fn, cid)
  File "/Users/dinukaperera/opt/anaconda3/envs/flower_tutorial/lib/python3.10/site-packages/flwr/simulation/ray_transport/ray_client_proxy.py", line 168, in _create_client
    client_like: ClientLike = client_fn(cid)
  File "/Users/dinukaperera/FLwithFlwr/flowertry/main.py", line 211, in client_fn
    trainloader=trainloaders[idx],
IndexError: list index out of range
[2026-01-15 21:53:44,503][flwr][ERROR] - [36mray::launch_and_evaluate()[39m (pid=4248, ip=127.0.0.1)
  File "/Users/dinukaperera/opt/anaconda3/envs/flower_tutorial/lib/python3.10/site-packages/flwr/simulation/ray_transport/ray_client_proxy.py", line 159, in launch_and_evaluate
    client: Client = _create_client(client_fn, cid)
  File "/Users/dinukaperera/opt/anaconda3/envs/flower_tutorial/lib/python3.10/site-packages/flwr/simulation/ray_transport/ray_client_proxy.py", line 168, in _create_client
    client_like: ClientLike = client_fn(cid)
  File "/Users/dinukaperera/FLwithFlwr/flowertry/main.py", line 211, in client_fn
    trainloader=trainloaders[idx],
IndexError: list index out of range
[2026-01-15 21:53:44,520][flwr][ERROR] - [36mray::launch_and_evaluate()[39m (pid=4246, ip=127.0.0.1)
  File "/Users/dinukaperera/opt/anaconda3/envs/flower_tutorial/lib/python3.10/site-packages/flwr/simulation/ray_transport/ray_client_proxy.py", line 159, in launch_and_evaluate
    client: Client = _create_client(client_fn, cid)
  File "/Users/dinukaperera/opt/anaconda3/envs/flower_tutorial/lib/python3.10/site-packages/flwr/simulation/ray_transport/ray_client_proxy.py", line 168, in _create_client
    client_like: ClientLike = client_fn(cid)
  File "/Users/dinukaperera/FLwithFlwr/flowertry/main.py", line 211, in client_fn
    trainloader=trainloaders[idx],
IndexError: list index out of range
[2026-01-15 21:53:44,524][flwr][ERROR] - [36mray::launch_and_evaluate()[39m (pid=4245, ip=127.0.0.1)
  File "/Users/dinukaperera/opt/anaconda3/envs/flower_tutorial/lib/python3.10/site-packages/flwr/simulation/ray_transport/ray_client_proxy.py", line 159, in launch_and_evaluate
    client: Client = _create_client(client_fn, cid)
  File "/Users/dinukaperera/opt/anaconda3/envs/flower_tutorial/lib/python3.10/site-packages/flwr/simulation/ray_transport/ray_client_proxy.py", line 168, in _create_client
    client_like: ClientLike = client_fn(cid)
  File "/Users/dinukaperera/FLwithFlwr/flowertry/main.py", line 211, in client_fn
    trainloader=trainloaders[idx],
IndexError: list index out of range
[2026-01-15 21:53:44,540][flwr][ERROR] - [36mray::launch_and_evaluate()[39m (pid=4245, ip=127.0.0.1)
  File "/Users/dinukaperera/opt/anaconda3/envs/flower_tutorial/lib/python3.10/site-packages/flwr/simulation/ray_transport/ray_client_proxy.py", line 159, in launch_and_evaluate
    client: Client = _create_client(client_fn, cid)
  File "/Users/dinukaperera/opt/anaconda3/envs/flower_tutorial/lib/python3.10/site-packages/flwr/simulation/ray_transport/ray_client_proxy.py", line 168, in _create_client
    client_like: ClientLike = client_fn(cid)
  File "/Users/dinukaperera/FLwithFlwr/flowertry/main.py", line 211, in client_fn
    trainloader=trainloaders[idx],
IndexError: list index out of range
[2026-01-15 21:53:44,543][flwr][ERROR] - [36mray::launch_and_evaluate()[39m (pid=4243, ip=127.0.0.1)
  File "/Users/dinukaperera/opt/anaconda3/envs/flower_tutorial/lib/python3.10/site-packages/flwr/simulation/ray_transport/ray_client_proxy.py", line 159, in launch_and_evaluate
    client: Client = _create_client(client_fn, cid)
  File "/Users/dinukaperera/opt/anaconda3/envs/flower_tutorial/lib/python3.10/site-packages/flwr/simulation/ray_transport/ray_client_proxy.py", line 168, in _create_client
    client_like: ClientLike = client_fn(cid)
  File "/Users/dinukaperera/FLwithFlwr/flowertry/main.py", line 211, in client_fn
    trainloader=trainloaders[idx],
IndexError: list index out of range
[2026-01-15 21:53:44,545][flwr][ERROR] - [36mray::launch_and_evaluate()[39m (pid=4246, ip=127.0.0.1)
  File "/Users/dinukaperera/opt/anaconda3/envs/flower_tutorial/lib/python3.10/site-packages/flwr/simulation/ray_transport/ray_client_proxy.py", line 159, in launch_and_evaluate
    client: Client = _create_client(client_fn, cid)
  File "/Users/dinukaperera/opt/anaconda3/envs/flower_tutorial/lib/python3.10/site-packages/flwr/simulation/ray_transport/ray_client_proxy.py", line 168, in _create_client
    client_like: ClientLike = client_fn(cid)
  File "/Users/dinukaperera/FLwithFlwr/flowertry/main.py", line 211, in client_fn
    trainloader=trainloaders[idx],
IndexError: list index out of range
[2026-01-15 21:53:44,559][flwr][ERROR] - [36mray::launch_and_evaluate()[39m (pid=4251, ip=127.0.0.1)
  File "/Users/dinukaperera/opt/anaconda3/envs/flower_tutorial/lib/python3.10/site-packages/flwr/simulation/ray_transport/ray_client_proxy.py", line 159, in launch_and_evaluate
    client: Client = _create_client(client_fn, cid)
  File "/Users/dinukaperera/opt/anaconda3/envs/flower_tutorial/lib/python3.10/site-packages/flwr/simulation/ray_transport/ray_client_proxy.py", line 168, in _create_client
    client_like: ClientLike = client_fn(cid)
  File "/Users/dinukaperera/FLwithFlwr/flowertry/main.py", line 211, in client_fn
    trainloader=trainloaders[idx],
IndexError: list index out of range
[2026-01-15 21:53:44,579][flwr][ERROR] - [36mray::launch_and_evaluate()[39m (pid=4247, ip=127.0.0.1)
  File "/Users/dinukaperera/opt/anaconda3/envs/flower_tutorial/lib/python3.10/site-packages/flwr/simulation/ray_transport/ray_client_proxy.py", line 159, in launch_and_evaluate
    client: Client = _create_client(client_fn, cid)
  File "/Users/dinukaperera/opt/anaconda3/envs/flower_tutorial/lib/python3.10/site-packages/flwr/simulation/ray_transport/ray_client_proxy.py", line 168, in _create_client
    client_like: ClientLike = client_fn(cid)
  File "/Users/dinukaperera/FLwithFlwr/flowertry/main.py", line 211, in client_fn
    trainloader=trainloaders[idx],
IndexError: list index out of range
[2026-01-15 21:53:44,580][flwr][ERROR] - [36mray::launch_and_evaluate()[39m (pid=4244, ip=127.0.0.1)
  File "/Users/dinukaperera/opt/anaconda3/envs/flower_tutorial/lib/python3.10/site-packages/flwr/simulation/ray_transport/ray_client_proxy.py", line 159, in launch_and_evaluate
    client: Client = _create_client(client_fn, cid)
  File "/Users/dinukaperera/opt/anaconda3/envs/flower_tutorial/lib/python3.10/site-packages/flwr/simulation/ray_transport/ray_client_proxy.py", line 168, in _create_client
    client_like: ClientLike = client_fn(cid)
  File "/Users/dinukaperera/FLwithFlwr/flowertry/main.py", line 211, in client_fn
    trainloader=trainloaders[idx],
IndexError: list index out of range
[2026-01-15 21:53:44,580][flwr][ERROR] - [36mray::launch_and_evaluate()[39m (pid=4250, ip=127.0.0.1)
  File "/Users/dinukaperera/opt/anaconda3/envs/flower_tutorial/lib/python3.10/site-packages/flwr/simulation/ray_transport/ray_client_proxy.py", line 159, in launch_and_evaluate
    client: Client = _create_client(client_fn, cid)
  File "/Users/dinukaperera/opt/anaconda3/envs/flower_tutorial/lib/python3.10/site-packages/flwr/simulation/ray_transport/ray_client_proxy.py", line 168, in _create_client
    client_like: ClientLike = client_fn(cid)
  File "/Users/dinukaperera/FLwithFlwr/flowertry/main.py", line 211, in client_fn
    trainloader=trainloaders[idx],
IndexError: list index out of range
[2026-01-15 21:53:46,183][flwr][DEBUG] - evaluate_round 3 received 3 results and 17 failures
[2026-01-15 21:53:46,184][flwr][DEBUG] - fit_round 4: strategy sampled 20 clients (out of 20)
[2026-01-15 21:53:46,225][flwr][ERROR] - [36mray::launch_and_fit()[39m (pid=4248, ip=127.0.0.1)
  File "/Users/dinukaperera/opt/anaconda3/envs/flower_tutorial/lib/python3.10/site-packages/flwr/simulation/ray_transport/ray_client_proxy.py", line 147, in launch_and_fit
    client: Client = _create_client(client_fn, cid)
  File "/Users/dinukaperera/opt/anaconda3/envs/flower_tutorial/lib/python3.10/site-packages/flwr/simulation/ray_transport/ray_client_proxy.py", line 168, in _create_client
    client_like: ClientLike = client_fn(cid)
  File "/Users/dinukaperera/FLwithFlwr/flowertry/main.py", line 211, in client_fn
    trainloader=trainloaders[idx],
IndexError: list index out of range
[2026-01-15 21:53:46,252][flwr][ERROR] - [36mray::launch_and_fit()[39m (pid=4248, ip=127.0.0.1)
  File "/Users/dinukaperera/opt/anaconda3/envs/flower_tutorial/lib/python3.10/site-packages/flwr/simulation/ray_transport/ray_client_proxy.py", line 147, in launch_and_fit
    client: Client = _create_client(client_fn, cid)
  File "/Users/dinukaperera/opt/anaconda3/envs/flower_tutorial/lib/python3.10/site-packages/flwr/simulation/ray_transport/ray_client_proxy.py", line 168, in _create_client
    client_like: ClientLike = client_fn(cid)
  File "/Users/dinukaperera/FLwithFlwr/flowertry/main.py", line 211, in client_fn
    trainloader=trainloaders[idx],
IndexError: list index out of range
[2026-01-15 21:53:46,256][flwr][ERROR] - [36mray::launch_and_fit()[39m (pid=4244, ip=127.0.0.1)
  File "/Users/dinukaperera/opt/anaconda3/envs/flower_tutorial/lib/python3.10/site-packages/flwr/simulation/ray_transport/ray_client_proxy.py", line 147, in launch_and_fit
    client: Client = _create_client(client_fn, cid)
  File "/Users/dinukaperera/opt/anaconda3/envs/flower_tutorial/lib/python3.10/site-packages/flwr/simulation/ray_transport/ray_client_proxy.py", line 168, in _create_client
    client_like: ClientLike = client_fn(cid)
  File "/Users/dinukaperera/FLwithFlwr/flowertry/main.py", line 211, in client_fn
    trainloader=trainloaders[idx],
IndexError: list index out of range
[2026-01-15 21:53:46,264][flwr][ERROR] - [36mray::launch_and_fit()[39m (pid=4247, ip=127.0.0.1)
  File "/Users/dinukaperera/opt/anaconda3/envs/flower_tutorial/lib/python3.10/site-packages/flwr/simulation/ray_transport/ray_client_proxy.py", line 147, in launch_and_fit
    client: Client = _create_client(client_fn, cid)
  File "/Users/dinukaperera/opt/anaconda3/envs/flower_tutorial/lib/python3.10/site-packages/flwr/simulation/ray_transport/ray_client_proxy.py", line 168, in _create_client
    client_like: ClientLike = client_fn(cid)
  File "/Users/dinukaperera/FLwithFlwr/flowertry/main.py", line 211, in client_fn
    trainloader=trainloaders[idx],
IndexError: list index out of range
[2026-01-15 21:53:46,268][flwr][ERROR] - [36mray::launch_and_fit()[39m (pid=4248, ip=127.0.0.1)
  File "/Users/dinukaperera/opt/anaconda3/envs/flower_tutorial/lib/python3.10/site-packages/flwr/simulation/ray_transport/ray_client_proxy.py", line 147, in launch_and_fit
    client: Client = _create_client(client_fn, cid)
  File "/Users/dinukaperera/opt/anaconda3/envs/flower_tutorial/lib/python3.10/site-packages/flwr/simulation/ray_transport/ray_client_proxy.py", line 168, in _create_client
    client_like: ClientLike = client_fn(cid)
  File "/Users/dinukaperera/FLwithFlwr/flowertry/main.py", line 211, in client_fn
    trainloader=trainloaders[idx],
IndexError: list index out of range
[2026-01-15 21:53:46,282][flwr][ERROR] - [36mray::launch_and_fit()[39m (pid=4244, ip=127.0.0.1)
  File "/Users/dinukaperera/opt/anaconda3/envs/flower_tutorial/lib/python3.10/site-packages/flwr/simulation/ray_transport/ray_client_proxy.py", line 147, in launch_and_fit
    client: Client = _create_client(client_fn, cid)
  File "/Users/dinukaperera/opt/anaconda3/envs/flower_tutorial/lib/python3.10/site-packages/flwr/simulation/ray_transport/ray_client_proxy.py", line 168, in _create_client
    client_like: ClientLike = client_fn(cid)
  File "/Users/dinukaperera/FLwithFlwr/flowertry/main.py", line 211, in client_fn
    trainloader=trainloaders[idx],
IndexError: list index out of range
[2026-01-15 21:53:46,282][flwr][ERROR] - [36mray::launch_and_fit()[39m (pid=4250, ip=127.0.0.1)
  File "/Users/dinukaperera/opt/anaconda3/envs/flower_tutorial/lib/python3.10/site-packages/flwr/simulation/ray_transport/ray_client_proxy.py", line 147, in launch_and_fit
    client: Client = _create_client(client_fn, cid)
  File "/Users/dinukaperera/opt/anaconda3/envs/flower_tutorial/lib/python3.10/site-packages/flwr/simulation/ray_transport/ray_client_proxy.py", line 168, in _create_client
    client_like: ClientLike = client_fn(cid)
  File "/Users/dinukaperera/FLwithFlwr/flowertry/main.py", line 211, in client_fn
    trainloader=trainloaders[idx],
IndexError: list index out of range
[2026-01-15 21:53:46,282][flwr][ERROR] - [36mray::launch_and_fit()[39m (pid=4248, ip=127.0.0.1)
  File "/Users/dinukaperera/opt/anaconda3/envs/flower_tutorial/lib/python3.10/site-packages/flwr/simulation/ray_transport/ray_client_proxy.py", line 147, in launch_and_fit
    client: Client = _create_client(client_fn, cid)
  File "/Users/dinukaperera/opt/anaconda3/envs/flower_tutorial/lib/python3.10/site-packages/flwr/simulation/ray_transport/ray_client_proxy.py", line 168, in _create_client
    client_like: ClientLike = client_fn(cid)
  File "/Users/dinukaperera/FLwithFlwr/flowertry/main.py", line 211, in client_fn
    trainloader=trainloaders[idx],
IndexError: list index out of range
[2026-01-15 21:53:46,284][flwr][ERROR] - [36mray::launch_and_fit()[39m (pid=4247, ip=127.0.0.1)
  File "/Users/dinukaperera/opt/anaconda3/envs/flower_tutorial/lib/python3.10/site-packages/flwr/simulation/ray_transport/ray_client_proxy.py", line 147, in launch_and_fit
    client: Client = _create_client(client_fn, cid)
  File "/Users/dinukaperera/opt/anaconda3/envs/flower_tutorial/lib/python3.10/site-packages/flwr/simulation/ray_transport/ray_client_proxy.py", line 168, in _create_client
    client_like: ClientLike = client_fn(cid)
  File "/Users/dinukaperera/FLwithFlwr/flowertry/main.py", line 211, in client_fn
    trainloader=trainloaders[idx],
IndexError: list index out of range
[2026-01-15 21:53:46,299][flwr][ERROR] - [36mray::launch_and_fit()[39m (pid=4247, ip=127.0.0.1)
  File "/Users/dinukaperera/opt/anaconda3/envs/flower_tutorial/lib/python3.10/site-packages/flwr/simulation/ray_transport/ray_client_proxy.py", line 147, in launch_and_fit
    client: Client = _create_client(client_fn, cid)
  File "/Users/dinukaperera/opt/anaconda3/envs/flower_tutorial/lib/python3.10/site-packages/flwr/simulation/ray_transport/ray_client_proxy.py", line 168, in _create_client
    client_like: ClientLike = client_fn(cid)
  File "/Users/dinukaperera/FLwithFlwr/flowertry/main.py", line 211, in client_fn
    trainloader=trainloaders[idx],
IndexError: list index out of range
[2026-01-15 21:53:46,303][flwr][ERROR] - [36mray::launch_and_fit()[39m (pid=4250, ip=127.0.0.1)
  File "/Users/dinukaperera/opt/anaconda3/envs/flower_tutorial/lib/python3.10/site-packages/flwr/simulation/ray_transport/ray_client_proxy.py", line 147, in launch_and_fit
    client: Client = _create_client(client_fn, cid)
  File "/Users/dinukaperera/opt/anaconda3/envs/flower_tutorial/lib/python3.10/site-packages/flwr/simulation/ray_transport/ray_client_proxy.py", line 168, in _create_client
    client_like: ClientLike = client_fn(cid)
  File "/Users/dinukaperera/FLwithFlwr/flowertry/main.py", line 211, in client_fn
    trainloader=trainloaders[idx],
IndexError: list index out of range
[2026-01-15 21:53:46,304][flwr][ERROR] - [36mray::launch_and_fit()[39m (pid=4244, ip=127.0.0.1)
  File "/Users/dinukaperera/opt/anaconda3/envs/flower_tutorial/lib/python3.10/site-packages/flwr/simulation/ray_transport/ray_client_proxy.py", line 147, in launch_and_fit
    client: Client = _create_client(client_fn, cid)
  File "/Users/dinukaperera/opt/anaconda3/envs/flower_tutorial/lib/python3.10/site-packages/flwr/simulation/ray_transport/ray_client_proxy.py", line 168, in _create_client
    client_like: ClientLike = client_fn(cid)
  File "/Users/dinukaperera/FLwithFlwr/flowertry/main.py", line 211, in client_fn
    trainloader=trainloaders[idx],
IndexError: list index out of range
[2026-01-15 21:53:46,304][flwr][ERROR] - [36mray::launch_and_fit()[39m (pid=4248, ip=127.0.0.1)
  File "/Users/dinukaperera/opt/anaconda3/envs/flower_tutorial/lib/python3.10/site-packages/flwr/simulation/ray_transport/ray_client_proxy.py", line 147, in launch_and_fit
    client: Client = _create_client(client_fn, cid)
  File "/Users/dinukaperera/opt/anaconda3/envs/flower_tutorial/lib/python3.10/site-packages/flwr/simulation/ray_transport/ray_client_proxy.py", line 168, in _create_client
    client_like: ClientLike = client_fn(cid)
  File "/Users/dinukaperera/FLwithFlwr/flowertry/main.py", line 211, in client_fn
    trainloader=trainloaders[idx],
IndexError: list index out of range
[2026-01-15 21:53:46,306][flwr][ERROR] - [36mray::launch_and_fit()[39m (pid=4244, ip=127.0.0.1)
  File "/Users/dinukaperera/opt/anaconda3/envs/flower_tutorial/lib/python3.10/site-packages/flwr/simulation/ray_transport/ray_client_proxy.py", line 147, in launch_and_fit
    client: Client = _create_client(client_fn, cid)
  File "/Users/dinukaperera/opt/anaconda3/envs/flower_tutorial/lib/python3.10/site-packages/flwr/simulation/ray_transport/ray_client_proxy.py", line 168, in _create_client
    client_like: ClientLike = client_fn(cid)
  File "/Users/dinukaperera/FLwithFlwr/flowertry/main.py", line 211, in client_fn
    trainloader=trainloaders[idx],
IndexError: list index out of range
[2026-01-15 21:53:46,309][flwr][ERROR] - [36mray::launch_and_fit()[39m (pid=4250, ip=127.0.0.1)
  File "/Users/dinukaperera/opt/anaconda3/envs/flower_tutorial/lib/python3.10/site-packages/flwr/simulation/ray_transport/ray_client_proxy.py", line 147, in launch_and_fit
    client: Client = _create_client(client_fn, cid)
  File "/Users/dinukaperera/opt/anaconda3/envs/flower_tutorial/lib/python3.10/site-packages/flwr/simulation/ray_transport/ray_client_proxy.py", line 168, in _create_client
    client_like: ClientLike = client_fn(cid)
  File "/Users/dinukaperera/FLwithFlwr/flowertry/main.py", line 211, in client_fn
    trainloader=trainloaders[idx],
IndexError: list index out of range
[2026-01-15 21:53:46,313][flwr][ERROR] - [36mray::launch_and_fit()[39m (pid=4244, ip=127.0.0.1)
  File "/Users/dinukaperera/opt/anaconda3/envs/flower_tutorial/lib/python3.10/site-packages/flwr/simulation/ray_transport/ray_client_proxy.py", line 147, in launch_and_fit
    client: Client = _create_client(client_fn, cid)
  File "/Users/dinukaperera/opt/anaconda3/envs/flower_tutorial/lib/python3.10/site-packages/flwr/simulation/ray_transport/ray_client_proxy.py", line 168, in _create_client
    client_like: ClientLike = client_fn(cid)
  File "/Users/dinukaperera/FLwithFlwr/flowertry/main.py", line 211, in client_fn
    trainloader=trainloaders[idx],
IndexError: list index out of range
[2026-01-15 21:53:46,315][flwr][ERROR] - [36mray::launch_and_fit()[39m (pid=4247, ip=127.0.0.1)
  File "/Users/dinukaperera/opt/anaconda3/envs/flower_tutorial/lib/python3.10/site-packages/flwr/simulation/ray_transport/ray_client_proxy.py", line 147, in launch_and_fit
    client: Client = _create_client(client_fn, cid)
  File "/Users/dinukaperera/opt/anaconda3/envs/flower_tutorial/lib/python3.10/site-packages/flwr/simulation/ray_transport/ray_client_proxy.py", line 168, in _create_client
    client_like: ClientLike = client_fn(cid)
  File "/Users/dinukaperera/FLwithFlwr/flowertry/main.py", line 211, in client_fn
    trainloader=trainloaders[idx],
IndexError: list index out of range
[2026-01-15 21:54:11,270][flwr][DEBUG] - fit_round 4 received 3 results and 17 failures
[2026-01-15 21:54:11,729][flwr][INFO] - fit progress: (4, 0.6861751012567494, {'rmse': 9725.194085466881, 'mae': 5263.75244140625, 'r2': 0.2451264651954418}, 109.5994984160061)
[2026-01-15 21:54:11,730][flwr][DEBUG] - evaluate_round 4: strategy sampled 20 clients (out of 20)
[2026-01-15 21:54:11,781][flwr][ERROR] - [36mray::launch_and_evaluate()[39m (pid=4249, ip=127.0.0.1)
  File "/Users/dinukaperera/opt/anaconda3/envs/flower_tutorial/lib/python3.10/site-packages/flwr/simulation/ray_transport/ray_client_proxy.py", line 159, in launch_and_evaluate
    client: Client = _create_client(client_fn, cid)
  File "/Users/dinukaperera/opt/anaconda3/envs/flower_tutorial/lib/python3.10/site-packages/flwr/simulation/ray_transport/ray_client_proxy.py", line 168, in _create_client
    client_like: ClientLike = client_fn(cid)
  File "/Users/dinukaperera/FLwithFlwr/flowertry/main.py", line 211, in client_fn
    trainloader=trainloaders[idx],
IndexError: list index out of range
[2026-01-15 21:54:11,784][flwr][ERROR] - [36mray::launch_and_evaluate()[39m (pid=4249, ip=127.0.0.1)
  File "/Users/dinukaperera/opt/anaconda3/envs/flower_tutorial/lib/python3.10/site-packages/flwr/simulation/ray_transport/ray_client_proxy.py", line 159, in launch_and_evaluate
    client: Client = _create_client(client_fn, cid)
  File "/Users/dinukaperera/opt/anaconda3/envs/flower_tutorial/lib/python3.10/site-packages/flwr/simulation/ray_transport/ray_client_proxy.py", line 168, in _create_client
    client_like: ClientLike = client_fn(cid)
  File "/Users/dinukaperera/FLwithFlwr/flowertry/main.py", line 211, in client_fn
    trainloader=trainloaders[idx],
IndexError: list index out of range
[2026-01-15 21:54:11,785][flwr][ERROR] - [36mray::launch_and_evaluate()[39m (pid=4247, ip=127.0.0.1)
  File "/Users/dinukaperera/opt/anaconda3/envs/flower_tutorial/lib/python3.10/site-packages/flwr/simulation/ray_transport/ray_client_proxy.py", line 159, in launch_and_evaluate
    client: Client = _create_client(client_fn, cid)
  File "/Users/dinukaperera/opt/anaconda3/envs/flower_tutorial/lib/python3.10/site-packages/flwr/simulation/ray_transport/ray_client_proxy.py", line 168, in _create_client
    client_like: ClientLike = client_fn(cid)
  File "/Users/dinukaperera/FLwithFlwr/flowertry/main.py", line 211, in client_fn
    trainloader=trainloaders[idx],
IndexError: list index out of range
[2026-01-15 21:54:11,794][flwr][ERROR] - [36mray::launch_and_evaluate()[39m (pid=4252, ip=127.0.0.1)
  File "/Users/dinukaperera/opt/anaconda3/envs/flower_tutorial/lib/python3.10/site-packages/flwr/simulation/ray_transport/ray_client_proxy.py", line 159, in launch_and_evaluate
    client: Client = _create_client(client_fn, cid)
  File "/Users/dinukaperera/opt/anaconda3/envs/flower_tutorial/lib/python3.10/site-packages/flwr/simulation/ray_transport/ray_client_proxy.py", line 168, in _create_client
    client_like: ClientLike = client_fn(cid)
  File "/Users/dinukaperera/FLwithFlwr/flowertry/main.py", line 211, in client_fn
    trainloader=trainloaders[idx],
IndexError: list index out of range
[2026-01-15 21:54:11,807][flwr][ERROR] - [36mray::launch_and_evaluate()[39m (pid=4249, ip=127.0.0.1)
  File "/Users/dinukaperera/opt/anaconda3/envs/flower_tutorial/lib/python3.10/site-packages/flwr/simulation/ray_transport/ray_client_proxy.py", line 159, in launch_and_evaluate
    client: Client = _create_client(client_fn, cid)
  File "/Users/dinukaperera/opt/anaconda3/envs/flower_tutorial/lib/python3.10/site-packages/flwr/simulation/ray_transport/ray_client_proxy.py", line 168, in _create_client
    client_like: ClientLike = client_fn(cid)
  File "/Users/dinukaperera/FLwithFlwr/flowertry/main.py", line 211, in client_fn
    trainloader=trainloaders[idx],
IndexError: list index out of range
[2026-01-15 21:54:11,811][flwr][ERROR] - [36mray::launch_and_evaluate()[39m (pid=4250, ip=127.0.0.1)
  File "/Users/dinukaperera/opt/anaconda3/envs/flower_tutorial/lib/python3.10/site-packages/flwr/simulation/ray_transport/ray_client_proxy.py", line 159, in launch_and_evaluate
    client: Client = _create_client(client_fn, cid)
  File "/Users/dinukaperera/opt/anaconda3/envs/flower_tutorial/lib/python3.10/site-packages/flwr/simulation/ray_transport/ray_client_proxy.py", line 168, in _create_client
    client_like: ClientLike = client_fn(cid)
  File "/Users/dinukaperera/FLwithFlwr/flowertry/main.py", line 211, in client_fn
    trainloader=trainloaders[idx],
IndexError: list index out of range
[2026-01-15 21:54:11,823][flwr][ERROR] - [36mray::launch_and_evaluate()[39m (pid=4247, ip=127.0.0.1)
  File "/Users/dinukaperera/opt/anaconda3/envs/flower_tutorial/lib/python3.10/site-packages/flwr/simulation/ray_transport/ray_client_proxy.py", line 159, in launch_and_evaluate
    client: Client = _create_client(client_fn, cid)
  File "/Users/dinukaperera/opt/anaconda3/envs/flower_tutorial/lib/python3.10/site-packages/flwr/simulation/ray_transport/ray_client_proxy.py", line 168, in _create_client
    client_like: ClientLike = client_fn(cid)
  File "/Users/dinukaperera/FLwithFlwr/flowertry/main.py", line 211, in client_fn
    trainloader=trainloaders[idx],
IndexError: list index out of range
[2026-01-15 21:54:11,827][flwr][ERROR] - [36mray::launch_and_evaluate()[39m (pid=4252, ip=127.0.0.1)
  File "/Users/dinukaperera/opt/anaconda3/envs/flower_tutorial/lib/python3.10/site-packages/flwr/simulation/ray_transport/ray_client_proxy.py", line 159, in launch_and_evaluate
    client: Client = _create_client(client_fn, cid)
  File "/Users/dinukaperera/opt/anaconda3/envs/flower_tutorial/lib/python3.10/site-packages/flwr/simulation/ray_transport/ray_client_proxy.py", line 168, in _create_client
    client_like: ClientLike = client_fn(cid)
  File "/Users/dinukaperera/FLwithFlwr/flowertry/main.py", line 211, in client_fn
    trainloader=trainloaders[idx],
IndexError: list index out of range
[2026-01-15 21:54:11,829][flwr][ERROR] - [36mray::launch_and_evaluate()[39m (pid=4251, ip=127.0.0.1)
  File "/Users/dinukaperera/opt/anaconda3/envs/flower_tutorial/lib/python3.10/site-packages/flwr/simulation/ray_transport/ray_client_proxy.py", line 159, in launch_and_evaluate
    client: Client = _create_client(client_fn, cid)
  File "/Users/dinukaperera/opt/anaconda3/envs/flower_tutorial/lib/python3.10/site-packages/flwr/simulation/ray_transport/ray_client_proxy.py", line 168, in _create_client
    client_like: ClientLike = client_fn(cid)
  File "/Users/dinukaperera/FLwithFlwr/flowertry/main.py", line 211, in client_fn
    trainloader=trainloaders[idx],
IndexError: list index out of range
[2026-01-15 21:54:11,841][flwr][ERROR] - [36mray::launch_and_evaluate()[39m (pid=4251, ip=127.0.0.1)
  File "/Users/dinukaperera/opt/anaconda3/envs/flower_tutorial/lib/python3.10/site-packages/flwr/simulation/ray_transport/ray_client_proxy.py", line 159, in launch_and_evaluate
    client: Client = _create_client(client_fn, cid)
  File "/Users/dinukaperera/opt/anaconda3/envs/flower_tutorial/lib/python3.10/site-packages/flwr/simulation/ray_transport/ray_client_proxy.py", line 168, in _create_client
    client_like: ClientLike = client_fn(cid)
  File "/Users/dinukaperera/FLwithFlwr/flowertry/main.py", line 211, in client_fn
    trainloader=trainloaders[idx],
IndexError: list index out of range
[2026-01-15 21:54:11,842][flwr][ERROR] - [36mray::launch_and_evaluate()[39m (pid=4252, ip=127.0.0.1)
  File "/Users/dinukaperera/opt/anaconda3/envs/flower_tutorial/lib/python3.10/site-packages/flwr/simulation/ray_transport/ray_client_proxy.py", line 159, in launch_and_evaluate
    client: Client = _create_client(client_fn, cid)
  File "/Users/dinukaperera/opt/anaconda3/envs/flower_tutorial/lib/python3.10/site-packages/flwr/simulation/ray_transport/ray_client_proxy.py", line 168, in _create_client
    client_like: ClientLike = client_fn(cid)
  File "/Users/dinukaperera/FLwithFlwr/flowertry/main.py", line 211, in client_fn
    trainloader=trainloaders[idx],
IndexError: list index out of range
[2026-01-15 21:54:11,842][flwr][ERROR] - [36mray::launch_and_evaluate()[39m (pid=4249, ip=127.0.0.1)
  File "/Users/dinukaperera/opt/anaconda3/envs/flower_tutorial/lib/python3.10/site-packages/flwr/simulation/ray_transport/ray_client_proxy.py", line 159, in launch_and_evaluate
    client: Client = _create_client(client_fn, cid)
  File "/Users/dinukaperera/opt/anaconda3/envs/flower_tutorial/lib/python3.10/site-packages/flwr/simulation/ray_transport/ray_client_proxy.py", line 168, in _create_client
    client_like: ClientLike = client_fn(cid)
  File "/Users/dinukaperera/FLwithFlwr/flowertry/main.py", line 211, in client_fn
    trainloader=trainloaders[idx],
IndexError: list index out of range
[2026-01-15 21:54:11,843][flwr][ERROR] - [36mray::launch_and_evaluate()[39m (pid=4250, ip=127.0.0.1)
  File "/Users/dinukaperera/opt/anaconda3/envs/flower_tutorial/lib/python3.10/site-packages/flwr/simulation/ray_transport/ray_client_proxy.py", line 159, in launch_and_evaluate
    client: Client = _create_client(client_fn, cid)
  File "/Users/dinukaperera/opt/anaconda3/envs/flower_tutorial/lib/python3.10/site-packages/flwr/simulation/ray_transport/ray_client_proxy.py", line 168, in _create_client
    client_like: ClientLike = client_fn(cid)
  File "/Users/dinukaperera/FLwithFlwr/flowertry/main.py", line 211, in client_fn
    trainloader=trainloaders[idx],
IndexError: list index out of range
[2026-01-15 21:54:11,853][flwr][ERROR] - [36mray::launch_and_evaluate()[39m (pid=4250, ip=127.0.0.1)
  File "/Users/dinukaperera/opt/anaconda3/envs/flower_tutorial/lib/python3.10/site-packages/flwr/simulation/ray_transport/ray_client_proxy.py", line 159, in launch_and_evaluate
    client: Client = _create_client(client_fn, cid)
  File "/Users/dinukaperera/opt/anaconda3/envs/flower_tutorial/lib/python3.10/site-packages/flwr/simulation/ray_transport/ray_client_proxy.py", line 168, in _create_client
    client_like: ClientLike = client_fn(cid)
  File "/Users/dinukaperera/FLwithFlwr/flowertry/main.py", line 211, in client_fn
    trainloader=trainloaders[idx],
IndexError: list index out of range
[2026-01-15 21:54:11,872][flwr][ERROR] - [36mray::launch_and_evaluate()[39m (pid=4246, ip=127.0.0.1)
  File "/Users/dinukaperera/opt/anaconda3/envs/flower_tutorial/lib/python3.10/site-packages/flwr/simulation/ray_transport/ray_client_proxy.py", line 159, in launch_and_evaluate
    client: Client = _create_client(client_fn, cid)
  File "/Users/dinukaperera/opt/anaconda3/envs/flower_tutorial/lib/python3.10/site-packages/flwr/simulation/ray_transport/ray_client_proxy.py", line 168, in _create_client
    client_like: ClientLike = client_fn(cid)
  File "/Users/dinukaperera/FLwithFlwr/flowertry/main.py", line 211, in client_fn
    trainloader=trainloaders[idx],
IndexError: list index out of range
[2026-01-15 21:54:11,873][flwr][ERROR] - [36mray::launch_and_evaluate()[39m (pid=4243, ip=127.0.0.1)
  File "/Users/dinukaperera/opt/anaconda3/envs/flower_tutorial/lib/python3.10/site-packages/flwr/simulation/ray_transport/ray_client_proxy.py", line 159, in launch_and_evaluate
    client: Client = _create_client(client_fn, cid)
  File "/Users/dinukaperera/opt/anaconda3/envs/flower_tutorial/lib/python3.10/site-packages/flwr/simulation/ray_transport/ray_client_proxy.py", line 168, in _create_client
    client_like: ClientLike = client_fn(cid)
  File "/Users/dinukaperera/FLwithFlwr/flowertry/main.py", line 211, in client_fn
    trainloader=trainloaders[idx],
IndexError: list index out of range
[2026-01-15 21:54:11,873][flwr][ERROR] - [36mray::launch_and_evaluate()[39m (pid=4245, ip=127.0.0.1)
  File "/Users/dinukaperera/opt/anaconda3/envs/flower_tutorial/lib/python3.10/site-packages/flwr/simulation/ray_transport/ray_client_proxy.py", line 159, in launch_and_evaluate
    client: Client = _create_client(client_fn, cid)
  File "/Users/dinukaperera/opt/anaconda3/envs/flower_tutorial/lib/python3.10/site-packages/flwr/simulation/ray_transport/ray_client_proxy.py", line 168, in _create_client
    client_like: ClientLike = client_fn(cid)
  File "/Users/dinukaperera/FLwithFlwr/flowertry/main.py", line 211, in client_fn
    trainloader=trainloaders[idx],
IndexError: list index out of range
[2026-01-15 21:54:12,648][flwr][DEBUG] - evaluate_round 4 received 3 results and 17 failures
[2026-01-15 21:54:12,648][flwr][DEBUG] - fit_round 5: strategy sampled 20 clients (out of 20)
[2026-01-15 21:54:12,664][flwr][ERROR] - [36mray::launch_and_fit()[39m (pid=4248, ip=127.0.0.1)
  File "/Users/dinukaperera/opt/anaconda3/envs/flower_tutorial/lib/python3.10/site-packages/flwr/simulation/ray_transport/ray_client_proxy.py", line 147, in launch_and_fit
    client: Client = _create_client(client_fn, cid)
  File "/Users/dinukaperera/opt/anaconda3/envs/flower_tutorial/lib/python3.10/site-packages/flwr/simulation/ray_transport/ray_client_proxy.py", line 168, in _create_client
    client_like: ClientLike = client_fn(cid)
  File "/Users/dinukaperera/FLwithFlwr/flowertry/main.py", line 211, in client_fn
    trainloader=trainloaders[idx],
IndexError: list index out of range
[2026-01-15 21:54:12,664][flwr][ERROR] - [36mray::launch_and_fit()[39m (pid=4244, ip=127.0.0.1)
  File "/Users/dinukaperera/opt/anaconda3/envs/flower_tutorial/lib/python3.10/site-packages/flwr/simulation/ray_transport/ray_client_proxy.py", line 147, in launch_and_fit
    client: Client = _create_client(client_fn, cid)
  File "/Users/dinukaperera/opt/anaconda3/envs/flower_tutorial/lib/python3.10/site-packages/flwr/simulation/ray_transport/ray_client_proxy.py", line 168, in _create_client
    client_like: ClientLike = client_fn(cid)
  File "/Users/dinukaperera/FLwithFlwr/flowertry/main.py", line 211, in client_fn
    trainloader=trainloaders[idx],
IndexError: list index out of range
[2026-01-15 21:54:12,666][flwr][ERROR] - [36mray::launch_and_fit()[39m (pid=4247, ip=127.0.0.1)
  File "/Users/dinukaperera/opt/anaconda3/envs/flower_tutorial/lib/python3.10/site-packages/flwr/simulation/ray_transport/ray_client_proxy.py", line 147, in launch_and_fit
    client: Client = _create_client(client_fn, cid)
  File "/Users/dinukaperera/opt/anaconda3/envs/flower_tutorial/lib/python3.10/site-packages/flwr/simulation/ray_transport/ray_client_proxy.py", line 168, in _create_client
    client_like: ClientLike = client_fn(cid)
  File "/Users/dinukaperera/FLwithFlwr/flowertry/main.py", line 211, in client_fn
    trainloader=trainloaders[idx],
IndexError: list index out of range
[2026-01-15 21:54:12,667][flwr][ERROR] - [36mray::launch_and_fit()[39m (pid=4244, ip=127.0.0.1)
  File "/Users/dinukaperera/opt/anaconda3/envs/flower_tutorial/lib/python3.10/site-packages/flwr/simulation/ray_transport/ray_client_proxy.py", line 147, in launch_and_fit
    client: Client = _create_client(client_fn, cid)
  File "/Users/dinukaperera/opt/anaconda3/envs/flower_tutorial/lib/python3.10/site-packages/flwr/simulation/ray_transport/ray_client_proxy.py", line 168, in _create_client
    client_like: ClientLike = client_fn(cid)
  File "/Users/dinukaperera/FLwithFlwr/flowertry/main.py", line 211, in client_fn
    trainloader=trainloaders[idx],
IndexError: list index out of range
[2026-01-15 21:54:12,671][flwr][ERROR] - [36mray::launch_and_fit()[39m (pid=4248, ip=127.0.0.1)
  File "/Users/dinukaperera/opt/anaconda3/envs/flower_tutorial/lib/python3.10/site-packages/flwr/simulation/ray_transport/ray_client_proxy.py", line 147, in launch_and_fit
    client: Client = _create_client(client_fn, cid)
  File "/Users/dinukaperera/opt/anaconda3/envs/flower_tutorial/lib/python3.10/site-packages/flwr/simulation/ray_transport/ray_client_proxy.py", line 168, in _create_client
    client_like: ClientLike = client_fn(cid)
  File "/Users/dinukaperera/FLwithFlwr/flowertry/main.py", line 211, in client_fn
    trainloader=trainloaders[idx],
IndexError: list index out of range
[2026-01-15 21:54:12,673][flwr][ERROR] - [36mray::launch_and_fit()[39m (pid=4247, ip=127.0.0.1)
  File "/Users/dinukaperera/opt/anaconda3/envs/flower_tutorial/lib/python3.10/site-packages/flwr/simulation/ray_transport/ray_client_proxy.py", line 147, in launch_and_fit
    client: Client = _create_client(client_fn, cid)
  File "/Users/dinukaperera/opt/anaconda3/envs/flower_tutorial/lib/python3.10/site-packages/flwr/simulation/ray_transport/ray_client_proxy.py", line 168, in _create_client
    client_like: ClientLike = client_fn(cid)
  File "/Users/dinukaperera/FLwithFlwr/flowertry/main.py", line 211, in client_fn
    trainloader=trainloaders[idx],
IndexError: list index out of range
[2026-01-15 21:54:12,673][flwr][ERROR] - [36mray::launch_and_fit()[39m (pid=4245, ip=127.0.0.1)
  File "/Users/dinukaperera/opt/anaconda3/envs/flower_tutorial/lib/python3.10/site-packages/flwr/simulation/ray_transport/ray_client_proxy.py", line 147, in launch_and_fit
    client: Client = _create_client(client_fn, cid)
  File "/Users/dinukaperera/opt/anaconda3/envs/flower_tutorial/lib/python3.10/site-packages/flwr/simulation/ray_transport/ray_client_proxy.py", line 168, in _create_client
    client_like: ClientLike = client_fn(cid)
  File "/Users/dinukaperera/FLwithFlwr/flowertry/main.py", line 211, in client_fn
    trainloader=trainloaders[idx],
IndexError: list index out of range
[2026-01-15 21:54:12,680][flwr][ERROR] - [36mray::launch_and_fit()[39m (pid=4245, ip=127.0.0.1)
  File "/Users/dinukaperera/opt/anaconda3/envs/flower_tutorial/lib/python3.10/site-packages/flwr/simulation/ray_transport/ray_client_proxy.py", line 147, in launch_and_fit
    client: Client = _create_client(client_fn, cid)
  File "/Users/dinukaperera/opt/anaconda3/envs/flower_tutorial/lib/python3.10/site-packages/flwr/simulation/ray_transport/ray_client_proxy.py", line 168, in _create_client
    client_like: ClientLike = client_fn(cid)
  File "/Users/dinukaperera/FLwithFlwr/flowertry/main.py", line 211, in client_fn
    trainloader=trainloaders[idx],
IndexError: list index out of range
[2026-01-15 21:54:12,680][flwr][ERROR] - [36mray::launch_and_fit()[39m (pid=4248, ip=127.0.0.1)
  File "/Users/dinukaperera/opt/anaconda3/envs/flower_tutorial/lib/python3.10/site-packages/flwr/simulation/ray_transport/ray_client_proxy.py", line 147, in launch_and_fit
    client: Client = _create_client(client_fn, cid)
  File "/Users/dinukaperera/opt/anaconda3/envs/flower_tutorial/lib/python3.10/site-packages/flwr/simulation/ray_transport/ray_client_proxy.py", line 168, in _create_client
    client_like: ClientLike = client_fn(cid)
  File "/Users/dinukaperera/FLwithFlwr/flowertry/main.py", line 211, in client_fn
    trainloader=trainloaders[idx],
IndexError: list index out of range
[2026-01-15 21:54:12,690][flwr][ERROR] - [36mray::launch_and_fit()[39m (pid=4245, ip=127.0.0.1)
  File "/Users/dinukaperera/opt/anaconda3/envs/flower_tutorial/lib/python3.10/site-packages/flwr/simulation/ray_transport/ray_client_proxy.py", line 147, in launch_and_fit
    client: Client = _create_client(client_fn, cid)
  File "/Users/dinukaperera/opt/anaconda3/envs/flower_tutorial/lib/python3.10/site-packages/flwr/simulation/ray_transport/ray_client_proxy.py", line 168, in _create_client
    client_like: ClientLike = client_fn(cid)
  File "/Users/dinukaperera/FLwithFlwr/flowertry/main.py", line 211, in client_fn
    trainloader=trainloaders[idx],
IndexError: list index out of range
[2026-01-15 21:54:12,697][flwr][ERROR] - [36mray::launch_and_fit()[39m (pid=4247, ip=127.0.0.1)
  File "/Users/dinukaperera/opt/anaconda3/envs/flower_tutorial/lib/python3.10/site-packages/flwr/simulation/ray_transport/ray_client_proxy.py", line 147, in launch_and_fit
    client: Client = _create_client(client_fn, cid)
  File "/Users/dinukaperera/opt/anaconda3/envs/flower_tutorial/lib/python3.10/site-packages/flwr/simulation/ray_transport/ray_client_proxy.py", line 168, in _create_client
    client_like: ClientLike = client_fn(cid)
  File "/Users/dinukaperera/FLwithFlwr/flowertry/main.py", line 211, in client_fn
    trainloader=trainloaders[idx],
IndexError: list index out of range
[2026-01-15 21:54:12,699][flwr][ERROR] - [36mray::launch_and_fit()[39m (pid=4246, ip=127.0.0.1)
  File "/Users/dinukaperera/opt/anaconda3/envs/flower_tutorial/lib/python3.10/site-packages/flwr/simulation/ray_transport/ray_client_proxy.py", line 147, in launch_and_fit
    client: Client = _create_client(client_fn, cid)
  File "/Users/dinukaperera/opt/anaconda3/envs/flower_tutorial/lib/python3.10/site-packages/flwr/simulation/ray_transport/ray_client_proxy.py", line 168, in _create_client
    client_like: ClientLike = client_fn(cid)
  File "/Users/dinukaperera/FLwithFlwr/flowertry/main.py", line 211, in client_fn
    trainloader=trainloaders[idx],
IndexError: list index out of range
[2026-01-15 21:54:12,700][flwr][ERROR] - [36mray::launch_and_fit()[39m (pid=4247, ip=127.0.0.1)
  File "/Users/dinukaperera/opt/anaconda3/envs/flower_tutorial/lib/python3.10/site-packages/flwr/simulation/ray_transport/ray_client_proxy.py", line 147, in launch_and_fit
    client: Client = _create_client(client_fn, cid)
  File "/Users/dinukaperera/opt/anaconda3/envs/flower_tutorial/lib/python3.10/site-packages/flwr/simulation/ray_transport/ray_client_proxy.py", line 168, in _create_client
    client_like: ClientLike = client_fn(cid)
  File "/Users/dinukaperera/FLwithFlwr/flowertry/main.py", line 211, in client_fn
    trainloader=trainloaders[idx],
IndexError: list index out of range
[2026-01-15 21:54:12,707][flwr][ERROR] - [36mray::launch_and_fit()[39m (pid=4247, ip=127.0.0.1)
  File "/Users/dinukaperera/opt/anaconda3/envs/flower_tutorial/lib/python3.10/site-packages/flwr/simulation/ray_transport/ray_client_proxy.py", line 147, in launch_and_fit
    client: Client = _create_client(client_fn, cid)
  File "/Users/dinukaperera/opt/anaconda3/envs/flower_tutorial/lib/python3.10/site-packages/flwr/simulation/ray_transport/ray_client_proxy.py", line 168, in _create_client
    client_like: ClientLike = client_fn(cid)
  File "/Users/dinukaperera/FLwithFlwr/flowertry/main.py", line 211, in client_fn
    trainloader=trainloaders[idx],
IndexError: list index out of range
[2026-01-15 21:54:12,709][flwr][ERROR] - [36mray::launch_and_fit()[39m (pid=4246, ip=127.0.0.1)
  File "/Users/dinukaperera/opt/anaconda3/envs/flower_tutorial/lib/python3.10/site-packages/flwr/simulation/ray_transport/ray_client_proxy.py", line 147, in launch_and_fit
    client: Client = _create_client(client_fn, cid)
  File "/Users/dinukaperera/opt/anaconda3/envs/flower_tutorial/lib/python3.10/site-packages/flwr/simulation/ray_transport/ray_client_proxy.py", line 168, in _create_client
    client_like: ClientLike = client_fn(cid)
  File "/Users/dinukaperera/FLwithFlwr/flowertry/main.py", line 211, in client_fn
    trainloader=trainloaders[idx],
IndexError: list index out of range
[2026-01-15 21:54:12,709][flwr][ERROR] - [36mray::launch_and_fit()[39m (pid=4250, ip=127.0.0.1)
  File "/Users/dinukaperera/opt/anaconda3/envs/flower_tutorial/lib/python3.10/site-packages/flwr/simulation/ray_transport/ray_client_proxy.py", line 147, in launch_and_fit
    client: Client = _create_client(client_fn, cid)
  File "/Users/dinukaperera/opt/anaconda3/envs/flower_tutorial/lib/python3.10/site-packages/flwr/simulation/ray_transport/ray_client_proxy.py", line 168, in _create_client
    client_like: ClientLike = client_fn(cid)
  File "/Users/dinukaperera/FLwithFlwr/flowertry/main.py", line 211, in client_fn
    trainloader=trainloaders[idx],
IndexError: list index out of range
[2026-01-15 21:54:12,710][flwr][ERROR] - [36mray::launch_and_fit()[39m (pid=4243, ip=127.0.0.1)
  File "/Users/dinukaperera/opt/anaconda3/envs/flower_tutorial/lib/python3.10/site-packages/flwr/simulation/ray_transport/ray_client_proxy.py", line 147, in launch_and_fit
    client: Client = _create_client(client_fn, cid)
  File "/Users/dinukaperera/opt/anaconda3/envs/flower_tutorial/lib/python3.10/site-packages/flwr/simulation/ray_transport/ray_client_proxy.py", line 168, in _create_client
    client_like: ClientLike = client_fn(cid)
  File "/Users/dinukaperera/FLwithFlwr/flowertry/main.py", line 211, in client_fn
    trainloader=trainloaders[idx],
IndexError: list index out of range
[2026-01-15 21:54:33,721][flwr][DEBUG] - fit_round 5 received 3 results and 17 failures
[2026-01-15 21:54:34,181][flwr][INFO] - fit progress: (5, 0.812294359058813, {'rmse': 10581.263440629384, 'mae': 5554.2734375, 'r2': 0.10638038026441998}, 132.05160383300972)
[2026-01-15 21:54:34,182][flwr][DEBUG] - evaluate_round 5: strategy sampled 20 clients (out of 20)
[2026-01-15 21:54:34,220][flwr][ERROR] - [36mray::launch_and_evaluate()[39m (pid=4248, ip=127.0.0.1)
  File "/Users/dinukaperera/opt/anaconda3/envs/flower_tutorial/lib/python3.10/site-packages/flwr/simulation/ray_transport/ray_client_proxy.py", line 159, in launch_and_evaluate
    client: Client = _create_client(client_fn, cid)
  File "/Users/dinukaperera/opt/anaconda3/envs/flower_tutorial/lib/python3.10/site-packages/flwr/simulation/ray_transport/ray_client_proxy.py", line 168, in _create_client
    client_like: ClientLike = client_fn(cid)
  File "/Users/dinukaperera/FLwithFlwr/flowertry/main.py", line 211, in client_fn
    trainloader=trainloaders[idx],
IndexError: list index out of range
[2026-01-15 21:54:34,226][flwr][ERROR] - [36mray::launch_and_evaluate()[39m (pid=4245, ip=127.0.0.1)
  File "/Users/dinukaperera/opt/anaconda3/envs/flower_tutorial/lib/python3.10/site-packages/flwr/simulation/ray_transport/ray_client_proxy.py", line 159, in launch_and_evaluate
    client: Client = _create_client(client_fn, cid)
  File "/Users/dinukaperera/opt/anaconda3/envs/flower_tutorial/lib/python3.10/site-packages/flwr/simulation/ray_transport/ray_client_proxy.py", line 168, in _create_client
    client_like: ClientLike = client_fn(cid)
  File "/Users/dinukaperera/FLwithFlwr/flowertry/main.py", line 211, in client_fn
    trainloader=trainloaders[idx],
IndexError: list index out of range
[2026-01-15 21:54:34,232][flwr][ERROR] - [36mray::launch_and_evaluate()[39m (pid=4243, ip=127.0.0.1)
  File "/Users/dinukaperera/opt/anaconda3/envs/flower_tutorial/lib/python3.10/site-packages/flwr/simulation/ray_transport/ray_client_proxy.py", line 159, in launch_and_evaluate
    client: Client = _create_client(client_fn, cid)
  File "/Users/dinukaperera/opt/anaconda3/envs/flower_tutorial/lib/python3.10/site-packages/flwr/simulation/ray_transport/ray_client_proxy.py", line 168, in _create_client
    client_like: ClientLike = client_fn(cid)
  File "/Users/dinukaperera/FLwithFlwr/flowertry/main.py", line 211, in client_fn
    trainloader=trainloaders[idx],
IndexError: list index out of range
[2026-01-15 21:54:34,233][flwr][ERROR] - [36mray::launch_and_evaluate()[39m (pid=4244, ip=127.0.0.1)
  File "/Users/dinukaperera/opt/anaconda3/envs/flower_tutorial/lib/python3.10/site-packages/flwr/simulation/ray_transport/ray_client_proxy.py", line 159, in launch_and_evaluate
    client: Client = _create_client(client_fn, cid)
  File "/Users/dinukaperera/opt/anaconda3/envs/flower_tutorial/lib/python3.10/site-packages/flwr/simulation/ray_transport/ray_client_proxy.py", line 168, in _create_client
    client_like: ClientLike = client_fn(cid)
  File "/Users/dinukaperera/FLwithFlwr/flowertry/main.py", line 211, in client_fn
    trainloader=trainloaders[idx],
IndexError: list index out of range
[2026-01-15 21:54:34,236][flwr][ERROR] - [36mray::launch_and_evaluate()[39m (pid=4248, ip=127.0.0.1)
  File "/Users/dinukaperera/opt/anaconda3/envs/flower_tutorial/lib/python3.10/site-packages/flwr/simulation/ray_transport/ray_client_proxy.py", line 159, in launch_and_evaluate
    client: Client = _create_client(client_fn, cid)
  File "/Users/dinukaperera/opt/anaconda3/envs/flower_tutorial/lib/python3.10/site-packages/flwr/simulation/ray_transport/ray_client_proxy.py", line 168, in _create_client
    client_like: ClientLike = client_fn(cid)
  File "/Users/dinukaperera/FLwithFlwr/flowertry/main.py", line 211, in client_fn
    trainloader=trainloaders[idx],
IndexError: list index out of range
[2026-01-15 21:54:34,242][flwr][ERROR] - [36mray::launch_and_evaluate()[39m (pid=4244, ip=127.0.0.1)
  File "/Users/dinukaperera/opt/anaconda3/envs/flower_tutorial/lib/python3.10/site-packages/flwr/simulation/ray_transport/ray_client_proxy.py", line 159, in launch_and_evaluate
    client: Client = _create_client(client_fn, cid)
  File "/Users/dinukaperera/opt/anaconda3/envs/flower_tutorial/lib/python3.10/site-packages/flwr/simulation/ray_transport/ray_client_proxy.py", line 168, in _create_client
    client_like: ClientLike = client_fn(cid)
  File "/Users/dinukaperera/FLwithFlwr/flowertry/main.py", line 211, in client_fn
    trainloader=trainloaders[idx],
IndexError: list index out of range
[2026-01-15 21:54:34,243][flwr][ERROR] - [36mray::launch_and_evaluate()[39m (pid=4243, ip=127.0.0.1)
  File "/Users/dinukaperera/opt/anaconda3/envs/flower_tutorial/lib/python3.10/site-packages/flwr/simulation/ray_transport/ray_client_proxy.py", line 159, in launch_and_evaluate
    client: Client = _create_client(client_fn, cid)
  File "/Users/dinukaperera/opt/anaconda3/envs/flower_tutorial/lib/python3.10/site-packages/flwr/simulation/ray_transport/ray_client_proxy.py", line 168, in _create_client
    client_like: ClientLike = client_fn(cid)
  File "/Users/dinukaperera/FLwithFlwr/flowertry/main.py", line 211, in client_fn
    trainloader=trainloaders[idx],
IndexError: list index out of range
[2026-01-15 21:54:34,247][flwr][ERROR] - [36mray::launch_and_evaluate()[39m (pid=4248, ip=127.0.0.1)
  File "/Users/dinukaperera/opt/anaconda3/envs/flower_tutorial/lib/python3.10/site-packages/flwr/simulation/ray_transport/ray_client_proxy.py", line 159, in launch_and_evaluate
    client: Client = _create_client(client_fn, cid)
  File "/Users/dinukaperera/opt/anaconda3/envs/flower_tutorial/lib/python3.10/site-packages/flwr/simulation/ray_transport/ray_client_proxy.py", line 168, in _create_client
    client_like: ClientLike = client_fn(cid)
  File "/Users/dinukaperera/FLwithFlwr/flowertry/main.py", line 211, in client_fn
    trainloader=trainloaders[idx],
IndexError: list index out of range
[2026-01-15 21:54:34,267][flwr][ERROR] - [36mray::launch_and_evaluate()[39m (pid=4244, ip=127.0.0.1)
  File "/Users/dinukaperera/opt/anaconda3/envs/flower_tutorial/lib/python3.10/site-packages/flwr/simulation/ray_transport/ray_client_proxy.py", line 159, in launch_and_evaluate
    client: Client = _create_client(client_fn, cid)
  File "/Users/dinukaperera/opt/anaconda3/envs/flower_tutorial/lib/python3.10/site-packages/flwr/simulation/ray_transport/ray_client_proxy.py", line 168, in _create_client
    client_like: ClientLike = client_fn(cid)
  File "/Users/dinukaperera/FLwithFlwr/flowertry/main.py", line 211, in client_fn
    trainloader=trainloaders[idx],
IndexError: list index out of range
[2026-01-15 21:54:34,274][flwr][ERROR] - [36mray::launch_and_evaluate()[39m (pid=4243, ip=127.0.0.1)
  File "/Users/dinukaperera/opt/anaconda3/envs/flower_tutorial/lib/python3.10/site-packages/flwr/simulation/ray_transport/ray_client_proxy.py", line 159, in launch_and_evaluate
    client: Client = _create_client(client_fn, cid)
  File "/Users/dinukaperera/opt/anaconda3/envs/flower_tutorial/lib/python3.10/site-packages/flwr/simulation/ray_transport/ray_client_proxy.py", line 168, in _create_client
    client_like: ClientLike = client_fn(cid)
  File "/Users/dinukaperera/FLwithFlwr/flowertry/main.py", line 211, in client_fn
    trainloader=trainloaders[idx],
IndexError: list index out of range
[2026-01-15 21:54:34,285][flwr][ERROR] - [36mray::launch_and_evaluate()[39m (pid=4243, ip=127.0.0.1)
  File "/Users/dinukaperera/opt/anaconda3/envs/flower_tutorial/lib/python3.10/site-packages/flwr/simulation/ray_transport/ray_client_proxy.py", line 159, in launch_and_evaluate
    client: Client = _create_client(client_fn, cid)
  File "/Users/dinukaperera/opt/anaconda3/envs/flower_tutorial/lib/python3.10/site-packages/flwr/simulation/ray_transport/ray_client_proxy.py", line 168, in _create_client
    client_like: ClientLike = client_fn(cid)
  File "/Users/dinukaperera/FLwithFlwr/flowertry/main.py", line 211, in client_fn
    trainloader=trainloaders[idx],
IndexError: list index out of range
[2026-01-15 21:54:34,291][flwr][ERROR] - [36mray::launch_and_evaluate()[39m (pid=4246, ip=127.0.0.1)
  File "/Users/dinukaperera/opt/anaconda3/envs/flower_tutorial/lib/python3.10/site-packages/flwr/simulation/ray_transport/ray_client_proxy.py", line 159, in launch_and_evaluate
    client: Client = _create_client(client_fn, cid)
  File "/Users/dinukaperera/opt/anaconda3/envs/flower_tutorial/lib/python3.10/site-packages/flwr/simulation/ray_transport/ray_client_proxy.py", line 168, in _create_client
    client_like: ClientLike = client_fn(cid)
  File "/Users/dinukaperera/FLwithFlwr/flowertry/main.py", line 211, in client_fn
    trainloader=trainloaders[idx],
IndexError: list index out of range
[2026-01-15 21:54:34,291][flwr][ERROR] - [36mray::launch_and_evaluate()[39m (pid=4244, ip=127.0.0.1)
  File "/Users/dinukaperera/opt/anaconda3/envs/flower_tutorial/lib/python3.10/site-packages/flwr/simulation/ray_transport/ray_client_proxy.py", line 159, in launch_and_evaluate
    client: Client = _create_client(client_fn, cid)
  File "/Users/dinukaperera/opt/anaconda3/envs/flower_tutorial/lib/python3.10/site-packages/flwr/simulation/ray_transport/ray_client_proxy.py", line 168, in _create_client
    client_like: ClientLike = client_fn(cid)
  File "/Users/dinukaperera/FLwithFlwr/flowertry/main.py", line 211, in client_fn
    trainloader=trainloaders[idx],
IndexError: list index out of range
[2026-01-15 21:54:34,299][flwr][ERROR] - [36mray::launch_and_evaluate()[39m (pid=4243, ip=127.0.0.1)
  File "/Users/dinukaperera/opt/anaconda3/envs/flower_tutorial/lib/python3.10/site-packages/flwr/simulation/ray_transport/ray_client_proxy.py", line 159, in launch_and_evaluate
    client: Client = _create_client(client_fn, cid)
  File "/Users/dinukaperera/opt/anaconda3/envs/flower_tutorial/lib/python3.10/site-packages/flwr/simulation/ray_transport/ray_client_proxy.py", line 168, in _create_client
    client_like: ClientLike = client_fn(cid)
  File "/Users/dinukaperera/FLwithFlwr/flowertry/main.py", line 211, in client_fn
    trainloader=trainloaders[idx],
IndexError: list index out of range
[2026-01-15 21:54:34,319][flwr][ERROR] - [36mray::launch_and_evaluate()[39m (pid=4247, ip=127.0.0.1)
  File "/Users/dinukaperera/opt/anaconda3/envs/flower_tutorial/lib/python3.10/site-packages/flwr/simulation/ray_transport/ray_client_proxy.py", line 159, in launch_and_evaluate
    client: Client = _create_client(client_fn, cid)
  File "/Users/dinukaperera/opt/anaconda3/envs/flower_tutorial/lib/python3.10/site-packages/flwr/simulation/ray_transport/ray_client_proxy.py", line 168, in _create_client
    client_like: ClientLike = client_fn(cid)
  File "/Users/dinukaperera/FLwithFlwr/flowertry/main.py", line 211, in client_fn
    trainloader=trainloaders[idx],
IndexError: list index out of range
[2026-01-15 21:54:34,320][flwr][ERROR] - [36mray::launch_and_evaluate()[39m (pid=4252, ip=127.0.0.1)
  File "/Users/dinukaperera/opt/anaconda3/envs/flower_tutorial/lib/python3.10/site-packages/flwr/simulation/ray_transport/ray_client_proxy.py", line 159, in launch_and_evaluate
    client: Client = _create_client(client_fn, cid)
  File "/Users/dinukaperera/opt/anaconda3/envs/flower_tutorial/lib/python3.10/site-packages/flwr/simulation/ray_transport/ray_client_proxy.py", line 168, in _create_client
    client_like: ClientLike = client_fn(cid)
  File "/Users/dinukaperera/FLwithFlwr/flowertry/main.py", line 211, in client_fn
    trainloader=trainloaders[idx],
IndexError: list index out of range
[2026-01-15 21:54:34,321][flwr][ERROR] - [36mray::launch_and_evaluate()[39m (pid=4249, ip=127.0.0.1)
  File "/Users/dinukaperera/opt/anaconda3/envs/flower_tutorial/lib/python3.10/site-packages/flwr/simulation/ray_transport/ray_client_proxy.py", line 159, in launch_and_evaluate
    client: Client = _create_client(client_fn, cid)
  File "/Users/dinukaperera/opt/anaconda3/envs/flower_tutorial/lib/python3.10/site-packages/flwr/simulation/ray_transport/ray_client_proxy.py", line 168, in _create_client
    client_like: ClientLike = client_fn(cid)
  File "/Users/dinukaperera/FLwithFlwr/flowertry/main.py", line 211, in client_fn
    trainloader=trainloaders[idx],
IndexError: list index out of range
[2026-01-15 21:54:35,162][flwr][DEBUG] - evaluate_round 5 received 3 results and 17 failures
[2026-01-15 21:54:35,163][flwr][DEBUG] - fit_round 6: strategy sampled 20 clients (out of 20)
[2026-01-15 21:54:35,205][flwr][ERROR] - [36mray::launch_and_fit()[39m (pid=4245, ip=127.0.0.1)
  File "/Users/dinukaperera/opt/anaconda3/envs/flower_tutorial/lib/python3.10/site-packages/flwr/simulation/ray_transport/ray_client_proxy.py", line 147, in launch_and_fit
    client: Client = _create_client(client_fn, cid)
  File "/Users/dinukaperera/opt/anaconda3/envs/flower_tutorial/lib/python3.10/site-packages/flwr/simulation/ray_transport/ray_client_proxy.py", line 168, in _create_client
    client_like: ClientLike = client_fn(cid)
  File "/Users/dinukaperera/FLwithFlwr/flowertry/main.py", line 211, in client_fn
    trainloader=trainloaders[idx],
IndexError: list index out of range
[2026-01-15 21:54:35,226][flwr][ERROR] - [36mray::launch_and_fit()[39m (pid=4252, ip=127.0.0.1)
  File "/Users/dinukaperera/opt/anaconda3/envs/flower_tutorial/lib/python3.10/site-packages/flwr/simulation/ray_transport/ray_client_proxy.py", line 147, in launch_and_fit
    client: Client = _create_client(client_fn, cid)
  File "/Users/dinukaperera/opt/anaconda3/envs/flower_tutorial/lib/python3.10/site-packages/flwr/simulation/ray_transport/ray_client_proxy.py", line 168, in _create_client
    client_like: ClientLike = client_fn(cid)
  File "/Users/dinukaperera/FLwithFlwr/flowertry/main.py", line 211, in client_fn
    trainloader=trainloaders[idx],
IndexError: list index out of range
[2026-01-15 21:54:35,227][flwr][ERROR] - [36mray::launch_and_fit()[39m (pid=4250, ip=127.0.0.1)
  File "/Users/dinukaperera/opt/anaconda3/envs/flower_tutorial/lib/python3.10/site-packages/flwr/simulation/ray_transport/ray_client_proxy.py", line 147, in launch_and_fit
    client: Client = _create_client(client_fn, cid)
  File "/Users/dinukaperera/opt/anaconda3/envs/flower_tutorial/lib/python3.10/site-packages/flwr/simulation/ray_transport/ray_client_proxy.py", line 168, in _create_client
    client_like: ClientLike = client_fn(cid)
  File "/Users/dinukaperera/FLwithFlwr/flowertry/main.py", line 211, in client_fn
    trainloader=trainloaders[idx],
IndexError: list index out of range
[2026-01-15 21:54:35,227][flwr][ERROR] - [36mray::launch_and_fit()[39m (pid=4248, ip=127.0.0.1)
  File "/Users/dinukaperera/opt/anaconda3/envs/flower_tutorial/lib/python3.10/site-packages/flwr/simulation/ray_transport/ray_client_proxy.py", line 147, in launch_and_fit
    client: Client = _create_client(client_fn, cid)
  File "/Users/dinukaperera/opt/anaconda3/envs/flower_tutorial/lib/python3.10/site-packages/flwr/simulation/ray_transport/ray_client_proxy.py", line 168, in _create_client
    client_like: ClientLike = client_fn(cid)
  File "/Users/dinukaperera/FLwithFlwr/flowertry/main.py", line 211, in client_fn
    trainloader=trainloaders[idx],
IndexError: list index out of range
[2026-01-15 21:54:35,227][flwr][ERROR] - [36mray::launch_and_fit()[39m (pid=4249, ip=127.0.0.1)
  File "/Users/dinukaperera/opt/anaconda3/envs/flower_tutorial/lib/python3.10/site-packages/flwr/simulation/ray_transport/ray_client_proxy.py", line 147, in launch_and_fit
    client: Client = _create_client(client_fn, cid)
  File "/Users/dinukaperera/opt/anaconda3/envs/flower_tutorial/lib/python3.10/site-packages/flwr/simulation/ray_transport/ray_client_proxy.py", line 168, in _create_client
    client_like: ClientLike = client_fn(cid)
  File "/Users/dinukaperera/FLwithFlwr/flowertry/main.py", line 211, in client_fn
    trainloader=trainloaders[idx],
IndexError: list index out of range
[2026-01-15 21:54:35,234][flwr][ERROR] - [36mray::launch_and_fit()[39m (pid=4247, ip=127.0.0.1)
  File "/Users/dinukaperera/opt/anaconda3/envs/flower_tutorial/lib/python3.10/site-packages/flwr/simulation/ray_transport/ray_client_proxy.py", line 147, in launch_and_fit
    client: Client = _create_client(client_fn, cid)
  File "/Users/dinukaperera/opt/anaconda3/envs/flower_tutorial/lib/python3.10/site-packages/flwr/simulation/ray_transport/ray_client_proxy.py", line 168, in _create_client
    client_like: ClientLike = client_fn(cid)
  File "/Users/dinukaperera/FLwithFlwr/flowertry/main.py", line 211, in client_fn
    trainloader=trainloaders[idx],
IndexError: list index out of range
[2026-01-15 21:54:35,238][flwr][ERROR] - [36mray::launch_and_fit()[39m (pid=4247, ip=127.0.0.1)
  File "/Users/dinukaperera/opt/anaconda3/envs/flower_tutorial/lib/python3.10/site-packages/flwr/simulation/ray_transport/ray_client_proxy.py", line 147, in launch_and_fit
    client: Client = _create_client(client_fn, cid)
  File "/Users/dinukaperera/opt/anaconda3/envs/flower_tutorial/lib/python3.10/site-packages/flwr/simulation/ray_transport/ray_client_proxy.py", line 168, in _create_client
    client_like: ClientLike = client_fn(cid)
  File "/Users/dinukaperera/FLwithFlwr/flowertry/main.py", line 211, in client_fn
    trainloader=trainloaders[idx],
IndexError: list index out of range
[2026-01-15 21:54:35,248][flwr][ERROR] - [36mray::launch_and_fit()[39m (pid=4247, ip=127.0.0.1)
  File "/Users/dinukaperera/opt/anaconda3/envs/flower_tutorial/lib/python3.10/site-packages/flwr/simulation/ray_transport/ray_client_proxy.py", line 147, in launch_and_fit
    client: Client = _create_client(client_fn, cid)
  File "/Users/dinukaperera/opt/anaconda3/envs/flower_tutorial/lib/python3.10/site-packages/flwr/simulation/ray_transport/ray_client_proxy.py", line 168, in _create_client
    client_like: ClientLike = client_fn(cid)
  File "/Users/dinukaperera/FLwithFlwr/flowertry/main.py", line 211, in client_fn
    trainloader=trainloaders[idx],
IndexError: list index out of range
[2026-01-15 21:54:35,252][flwr][ERROR] - [36mray::launch_and_fit()[39m (pid=4252, ip=127.0.0.1)
  File "/Users/dinukaperera/opt/anaconda3/envs/flower_tutorial/lib/python3.10/site-packages/flwr/simulation/ray_transport/ray_client_proxy.py", line 147, in launch_and_fit
    client: Client = _create_client(client_fn, cid)
  File "/Users/dinukaperera/opt/anaconda3/envs/flower_tutorial/lib/python3.10/site-packages/flwr/simulation/ray_transport/ray_client_proxy.py", line 168, in _create_client
    client_like: ClientLike = client_fn(cid)
  File "/Users/dinukaperera/FLwithFlwr/flowertry/main.py", line 211, in client_fn
    trainloader=trainloaders[idx],
IndexError: list index out of range
[2026-01-15 21:54:35,252][flwr][ERROR] - [36mray::launch_and_fit()[39m (pid=4248, ip=127.0.0.1)
  File "/Users/dinukaperera/opt/anaconda3/envs/flower_tutorial/lib/python3.10/site-packages/flwr/simulation/ray_transport/ray_client_proxy.py", line 147, in launch_and_fit
    client: Client = _create_client(client_fn, cid)
  File "/Users/dinukaperera/opt/anaconda3/envs/flower_tutorial/lib/python3.10/site-packages/flwr/simulation/ray_transport/ray_client_proxy.py", line 168, in _create_client
    client_like: ClientLike = client_fn(cid)
  File "/Users/dinukaperera/FLwithFlwr/flowertry/main.py", line 211, in client_fn
    trainloader=trainloaders[idx],
IndexError: list index out of range
[2026-01-15 21:54:35,252][flwr][ERROR] - [36mray::launch_and_fit()[39m (pid=4249, ip=127.0.0.1)
  File "/Users/dinukaperera/opt/anaconda3/envs/flower_tutorial/lib/python3.10/site-packages/flwr/simulation/ray_transport/ray_client_proxy.py", line 147, in launch_and_fit
    client: Client = _create_client(client_fn, cid)
  File "/Users/dinukaperera/opt/anaconda3/envs/flower_tutorial/lib/python3.10/site-packages/flwr/simulation/ray_transport/ray_client_proxy.py", line 168, in _create_client
    client_like: ClientLike = client_fn(cid)
  File "/Users/dinukaperera/FLwithFlwr/flowertry/main.py", line 211, in client_fn
    trainloader=trainloaders[idx],
IndexError: list index out of range
[2026-01-15 21:54:35,260][flwr][ERROR] - [36mray::launch_and_fit()[39m (pid=4252, ip=127.0.0.1)
  File "/Users/dinukaperera/opt/anaconda3/envs/flower_tutorial/lib/python3.10/site-packages/flwr/simulation/ray_transport/ray_client_proxy.py", line 147, in launch_and_fit
    client: Client = _create_client(client_fn, cid)
  File "/Users/dinukaperera/opt/anaconda3/envs/flower_tutorial/lib/python3.10/site-packages/flwr/simulation/ray_transport/ray_client_proxy.py", line 168, in _create_client
    client_like: ClientLike = client_fn(cid)
  File "/Users/dinukaperera/FLwithFlwr/flowertry/main.py", line 211, in client_fn
    trainloader=trainloaders[idx],
IndexError: list index out of range
[2026-01-15 21:54:35,263][flwr][ERROR] - [36mray::launch_and_fit()[39m (pid=4247, ip=127.0.0.1)
  File "/Users/dinukaperera/opt/anaconda3/envs/flower_tutorial/lib/python3.10/site-packages/flwr/simulation/ray_transport/ray_client_proxy.py", line 147, in launch_and_fit
    client: Client = _create_client(client_fn, cid)
  File "/Users/dinukaperera/opt/anaconda3/envs/flower_tutorial/lib/python3.10/site-packages/flwr/simulation/ray_transport/ray_client_proxy.py", line 168, in _create_client
    client_like: ClientLike = client_fn(cid)
  File "/Users/dinukaperera/FLwithFlwr/flowertry/main.py", line 211, in client_fn
    trainloader=trainloaders[idx],
IndexError: list index out of range
[2026-01-15 21:54:35,265][flwr][ERROR] - [36mray::launch_and_fit()[39m (pid=4243, ip=127.0.0.1)
  File "/Users/dinukaperera/opt/anaconda3/envs/flower_tutorial/lib/python3.10/site-packages/flwr/simulation/ray_transport/ray_client_proxy.py", line 147, in launch_and_fit
    client: Client = _create_client(client_fn, cid)
  File "/Users/dinukaperera/opt/anaconda3/envs/flower_tutorial/lib/python3.10/site-packages/flwr/simulation/ray_transport/ray_client_proxy.py", line 168, in _create_client
    client_like: ClientLike = client_fn(cid)
  File "/Users/dinukaperera/FLwithFlwr/flowertry/main.py", line 211, in client_fn
    trainloader=trainloaders[idx],
IndexError: list index out of range
[2026-01-15 21:54:35,266][flwr][ERROR] - [36mray::launch_and_fit()[39m (pid=4244, ip=127.0.0.1)
  File "/Users/dinukaperera/opt/anaconda3/envs/flower_tutorial/lib/python3.10/site-packages/flwr/simulation/ray_transport/ray_client_proxy.py", line 147, in launch_and_fit
    client: Client = _create_client(client_fn, cid)
  File "/Users/dinukaperera/opt/anaconda3/envs/flower_tutorial/lib/python3.10/site-packages/flwr/simulation/ray_transport/ray_client_proxy.py", line 168, in _create_client
    client_like: ClientLike = client_fn(cid)
  File "/Users/dinukaperera/FLwithFlwr/flowertry/main.py", line 211, in client_fn
    trainloader=trainloaders[idx],
IndexError: list index out of range
[2026-01-15 21:54:35,267][flwr][ERROR] - [36mray::launch_and_fit()[39m (pid=4250, ip=127.0.0.1)
  File "/Users/dinukaperera/opt/anaconda3/envs/flower_tutorial/lib/python3.10/site-packages/flwr/simulation/ray_transport/ray_client_proxy.py", line 147, in launch_and_fit
    client: Client = _create_client(client_fn, cid)
  File "/Users/dinukaperera/opt/anaconda3/envs/flower_tutorial/lib/python3.10/site-packages/flwr/simulation/ray_transport/ray_client_proxy.py", line 168, in _create_client
    client_like: ClientLike = client_fn(cid)
  File "/Users/dinukaperera/FLwithFlwr/flowertry/main.py", line 211, in client_fn
    trainloader=trainloaders[idx],
IndexError: list index out of range
[2026-01-15 21:54:35,267][flwr][ERROR] - [36mray::launch_and_fit()[39m (pid=4252, ip=127.0.0.1)
  File "/Users/dinukaperera/opt/anaconda3/envs/flower_tutorial/lib/python3.10/site-packages/flwr/simulation/ray_transport/ray_client_proxy.py", line 147, in launch_and_fit
    client: Client = _create_client(client_fn, cid)
  File "/Users/dinukaperera/opt/anaconda3/envs/flower_tutorial/lib/python3.10/site-packages/flwr/simulation/ray_transport/ray_client_proxy.py", line 168, in _create_client
    client_like: ClientLike = client_fn(cid)
  File "/Users/dinukaperera/FLwithFlwr/flowertry/main.py", line 211, in client_fn
    trainloader=trainloaders[idx],
IndexError: list index out of range
[2026-01-15 21:54:56,742][flwr][DEBUG] - fit_round 6 received 3 results and 17 failures
[2026-01-15 21:54:57,238][flwr][INFO] - fit progress: (6, 0.865301699339374, {'rmse': 10921.054894102492, 'mae': 5627.81640625, 'r2': 0.04806603528151676}, 155.1080615829851)
[2026-01-15 21:54:57,238][flwr][DEBUG] - evaluate_round 6: strategy sampled 20 clients (out of 20)
[2026-01-15 21:54:57,271][flwr][ERROR] - [36mray::launch_and_evaluate()[39m (pid=4248, ip=127.0.0.1)
  File "/Users/dinukaperera/opt/anaconda3/envs/flower_tutorial/lib/python3.10/site-packages/flwr/simulation/ray_transport/ray_client_proxy.py", line 159, in launch_and_evaluate
    client: Client = _create_client(client_fn, cid)
  File "/Users/dinukaperera/opt/anaconda3/envs/flower_tutorial/lib/python3.10/site-packages/flwr/simulation/ray_transport/ray_client_proxy.py", line 168, in _create_client
    client_like: ClientLike = client_fn(cid)
  File "/Users/dinukaperera/FLwithFlwr/flowertry/main.py", line 211, in client_fn
    trainloader=trainloaders[idx],
IndexError: list index out of range
[2026-01-15 21:54:57,279][flwr][ERROR] - [36mray::launch_and_evaluate()[39m (pid=4249, ip=127.0.0.1)
  File "/Users/dinukaperera/opt/anaconda3/envs/flower_tutorial/lib/python3.10/site-packages/flwr/simulation/ray_transport/ray_client_proxy.py", line 159, in launch_and_evaluate
    client: Client = _create_client(client_fn, cid)
  File "/Users/dinukaperera/opt/anaconda3/envs/flower_tutorial/lib/python3.10/site-packages/flwr/simulation/ray_transport/ray_client_proxy.py", line 168, in _create_client
    client_like: ClientLike = client_fn(cid)
  File "/Users/dinukaperera/FLwithFlwr/flowertry/main.py", line 211, in client_fn
    trainloader=trainloaders[idx],
IndexError: list index out of range
[2026-01-15 21:54:57,283][flwr][ERROR] - [36mray::launch_and_evaluate()[39m (pid=4249, ip=127.0.0.1)
  File "/Users/dinukaperera/opt/anaconda3/envs/flower_tutorial/lib/python3.10/site-packages/flwr/simulation/ray_transport/ray_client_proxy.py", line 159, in launch_and_evaluate
    client: Client = _create_client(client_fn, cid)
  File "/Users/dinukaperera/opt/anaconda3/envs/flower_tutorial/lib/python3.10/site-packages/flwr/simulation/ray_transport/ray_client_proxy.py", line 168, in _create_client
    client_like: ClientLike = client_fn(cid)
  File "/Users/dinukaperera/FLwithFlwr/flowertry/main.py", line 211, in client_fn
    trainloader=trainloaders[idx],
IndexError: list index out of range
[2026-01-15 21:54:57,291][flwr][ERROR] - [36mray::launch_and_evaluate()[39m (pid=4248, ip=127.0.0.1)
  File "/Users/dinukaperera/opt/anaconda3/envs/flower_tutorial/lib/python3.10/site-packages/flwr/simulation/ray_transport/ray_client_proxy.py", line 159, in launch_and_evaluate
    client: Client = _create_client(client_fn, cid)
  File "/Users/dinukaperera/opt/anaconda3/envs/flower_tutorial/lib/python3.10/site-packages/flwr/simulation/ray_transport/ray_client_proxy.py", line 168, in _create_client
    client_like: ClientLike = client_fn(cid)
  File "/Users/dinukaperera/FLwithFlwr/flowertry/main.py", line 211, in client_fn
    trainloader=trainloaders[idx],
IndexError: list index out of range
[2026-01-15 21:54:57,295][flwr][ERROR] - [36mray::launch_and_evaluate()[39m (pid=4252, ip=127.0.0.1)
  File "/Users/dinukaperera/opt/anaconda3/envs/flower_tutorial/lib/python3.10/site-packages/flwr/simulation/ray_transport/ray_client_proxy.py", line 159, in launch_and_evaluate
    client: Client = _create_client(client_fn, cid)
  File "/Users/dinukaperera/opt/anaconda3/envs/flower_tutorial/lib/python3.10/site-packages/flwr/simulation/ray_transport/ray_client_proxy.py", line 168, in _create_client
    client_like: ClientLike = client_fn(cid)
  File "/Users/dinukaperera/FLwithFlwr/flowertry/main.py", line 211, in client_fn
    trainloader=trainloaders[idx],
IndexError: list index out of range
[2026-01-15 21:54:57,296][flwr][ERROR] - [36mray::launch_and_evaluate()[39m (pid=4248, ip=127.0.0.1)
  File "/Users/dinukaperera/opt/anaconda3/envs/flower_tutorial/lib/python3.10/site-packages/flwr/simulation/ray_transport/ray_client_proxy.py", line 159, in launch_and_evaluate
    client: Client = _create_client(client_fn, cid)
  File "/Users/dinukaperera/opt/anaconda3/envs/flower_tutorial/lib/python3.10/site-packages/flwr/simulation/ray_transport/ray_client_proxy.py", line 168, in _create_client
    client_like: ClientLike = client_fn(cid)
  File "/Users/dinukaperera/FLwithFlwr/flowertry/main.py", line 211, in client_fn
    trainloader=trainloaders[idx],
IndexError: list index out of range
[2026-01-15 21:54:57,306][flwr][ERROR] - [36mray::launch_and_evaluate()[39m (pid=4248, ip=127.0.0.1)
  File "/Users/dinukaperera/opt/anaconda3/envs/flower_tutorial/lib/python3.10/site-packages/flwr/simulation/ray_transport/ray_client_proxy.py", line 159, in launch_and_evaluate
    client: Client = _create_client(client_fn, cid)
  File "/Users/dinukaperera/opt/anaconda3/envs/flower_tutorial/lib/python3.10/site-packages/flwr/simulation/ray_transport/ray_client_proxy.py", line 168, in _create_client
    client_like: ClientLike = client_fn(cid)
  File "/Users/dinukaperera/FLwithFlwr/flowertry/main.py", line 211, in client_fn
    trainloader=trainloaders[idx],
IndexError: list index out of range
[2026-01-15 21:54:57,309][flwr][ERROR] - [36mray::launch_and_evaluate()[39m (pid=4248, ip=127.0.0.1)
  File "/Users/dinukaperera/opt/anaconda3/envs/flower_tutorial/lib/python3.10/site-packages/flwr/simulation/ray_transport/ray_client_proxy.py", line 159, in launch_and_evaluate
    client: Client = _create_client(client_fn, cid)
  File "/Users/dinukaperera/opt/anaconda3/envs/flower_tutorial/lib/python3.10/site-packages/flwr/simulation/ray_transport/ray_client_proxy.py", line 168, in _create_client
    client_like: ClientLike = client_fn(cid)
  File "/Users/dinukaperera/FLwithFlwr/flowertry/main.py", line 211, in client_fn
    trainloader=trainloaders[idx],
IndexError: list index out of range
[2026-01-15 21:54:57,312][flwr][ERROR] - [36mray::launch_and_evaluate()[39m (pid=4250, ip=127.0.0.1)
  File "/Users/dinukaperera/opt/anaconda3/envs/flower_tutorial/lib/python3.10/site-packages/flwr/simulation/ray_transport/ray_client_proxy.py", line 159, in launch_and_evaluate
    client: Client = _create_client(client_fn, cid)
  File "/Users/dinukaperera/opt/anaconda3/envs/flower_tutorial/lib/python3.10/site-packages/flwr/simulation/ray_transport/ray_client_proxy.py", line 168, in _create_client
    client_like: ClientLike = client_fn(cid)
  File "/Users/dinukaperera/FLwithFlwr/flowertry/main.py", line 211, in client_fn
    trainloader=trainloaders[idx],
IndexError: list index out of range
[2026-01-15 21:54:57,320][flwr][ERROR] - [36mray::launch_and_evaluate()[39m (pid=4252, ip=127.0.0.1)
  File "/Users/dinukaperera/opt/anaconda3/envs/flower_tutorial/lib/python3.10/site-packages/flwr/simulation/ray_transport/ray_client_proxy.py", line 159, in launch_and_evaluate
    client: Client = _create_client(client_fn, cid)
  File "/Users/dinukaperera/opt/anaconda3/envs/flower_tutorial/lib/python3.10/site-packages/flwr/simulation/ray_transport/ray_client_proxy.py", line 168, in _create_client
    client_like: ClientLike = client_fn(cid)
  File "/Users/dinukaperera/FLwithFlwr/flowertry/main.py", line 211, in client_fn
    trainloader=trainloaders[idx],
IndexError: list index out of range
[2026-01-15 21:54:57,325][flwr][ERROR] - [36mray::launch_and_evaluate()[39m (pid=4248, ip=127.0.0.1)
  File "/Users/dinukaperera/opt/anaconda3/envs/flower_tutorial/lib/python3.10/site-packages/flwr/simulation/ray_transport/ray_client_proxy.py", line 159, in launch_and_evaluate
    client: Client = _create_client(client_fn, cid)
  File "/Users/dinukaperera/opt/anaconda3/envs/flower_tutorial/lib/python3.10/site-packages/flwr/simulation/ray_transport/ray_client_proxy.py", line 168, in _create_client
    client_like: ClientLike = client_fn(cid)
  File "/Users/dinukaperera/FLwithFlwr/flowertry/main.py", line 211, in client_fn
    trainloader=trainloaders[idx],
IndexError: list index out of range
[2026-01-15 21:54:57,327][flwr][ERROR] - [36mray::launch_and_evaluate()[39m (pid=4250, ip=127.0.0.1)
  File "/Users/dinukaperera/opt/anaconda3/envs/flower_tutorial/lib/python3.10/site-packages/flwr/simulation/ray_transport/ray_client_proxy.py", line 159, in launch_and_evaluate
    client: Client = _create_client(client_fn, cid)
  File "/Users/dinukaperera/opt/anaconda3/envs/flower_tutorial/lib/python3.10/site-packages/flwr/simulation/ray_transport/ray_client_proxy.py", line 168, in _create_client
    client_like: ClientLike = client_fn(cid)
  File "/Users/dinukaperera/FLwithFlwr/flowertry/main.py", line 211, in client_fn
    trainloader=trainloaders[idx],
IndexError: list index out of range
[2026-01-15 21:54:57,338][flwr][ERROR] - [36mray::launch_and_evaluate()[39m (pid=4248, ip=127.0.0.1)
  File "/Users/dinukaperera/opt/anaconda3/envs/flower_tutorial/lib/python3.10/site-packages/flwr/simulation/ray_transport/ray_client_proxy.py", line 159, in launch_and_evaluate
    client: Client = _create_client(client_fn, cid)
  File "/Users/dinukaperera/opt/anaconda3/envs/flower_tutorial/lib/python3.10/site-packages/flwr/simulation/ray_transport/ray_client_proxy.py", line 168, in _create_client
    client_like: ClientLike = client_fn(cid)
  File "/Users/dinukaperera/FLwithFlwr/flowertry/main.py", line 211, in client_fn
    trainloader=trainloaders[idx],
IndexError: list index out of range
[2026-01-15 21:54:57,339][flwr][ERROR] - [36mray::launch_and_evaluate()[39m (pid=4250, ip=127.0.0.1)
  File "/Users/dinukaperera/opt/anaconda3/envs/flower_tutorial/lib/python3.10/site-packages/flwr/simulation/ray_transport/ray_client_proxy.py", line 159, in launch_and_evaluate
    client: Client = _create_client(client_fn, cid)
  File "/Users/dinukaperera/opt/anaconda3/envs/flower_tutorial/lib/python3.10/site-packages/flwr/simulation/ray_transport/ray_client_proxy.py", line 168, in _create_client
    client_like: ClientLike = client_fn(cid)
  File "/Users/dinukaperera/FLwithFlwr/flowertry/main.py", line 211, in client_fn
    trainloader=trainloaders[idx],
IndexError: list index out of range
[2026-01-15 21:54:57,344][flwr][ERROR] - [36mray::launch_and_evaluate()[39m (pid=4252, ip=127.0.0.1)
  File "/Users/dinukaperera/opt/anaconda3/envs/flower_tutorial/lib/python3.10/site-packages/flwr/simulation/ray_transport/ray_client_proxy.py", line 159, in launch_and_evaluate
    client: Client = _create_client(client_fn, cid)
  File "/Users/dinukaperera/opt/anaconda3/envs/flower_tutorial/lib/python3.10/site-packages/flwr/simulation/ray_transport/ray_client_proxy.py", line 168, in _create_client
    client_like: ClientLike = client_fn(cid)
  File "/Users/dinukaperera/FLwithFlwr/flowertry/main.py", line 211, in client_fn
    trainloader=trainloaders[idx],
IndexError: list index out of range
[2026-01-15 21:54:57,358][flwr][ERROR] - [36mray::launch_and_evaluate()[39m (pid=4243, ip=127.0.0.1)
  File "/Users/dinukaperera/opt/anaconda3/envs/flower_tutorial/lib/python3.10/site-packages/flwr/simulation/ray_transport/ray_client_proxy.py", line 159, in launch_and_evaluate
    client: Client = _create_client(client_fn, cid)
  File "/Users/dinukaperera/opt/anaconda3/envs/flower_tutorial/lib/python3.10/site-packages/flwr/simulation/ray_transport/ray_client_proxy.py", line 168, in _create_client
    client_like: ClientLike = client_fn(cid)
  File "/Users/dinukaperera/FLwithFlwr/flowertry/main.py", line 211, in client_fn
    trainloader=trainloaders[idx],
IndexError: list index out of range
[2026-01-15 21:54:57,366][flwr][ERROR] - [36mray::launch_and_evaluate()[39m (pid=4247, ip=127.0.0.1)
  File "/Users/dinukaperera/opt/anaconda3/envs/flower_tutorial/lib/python3.10/site-packages/flwr/simulation/ray_transport/ray_client_proxy.py", line 159, in launch_and_evaluate
    client: Client = _create_client(client_fn, cid)
  File "/Users/dinukaperera/opt/anaconda3/envs/flower_tutorial/lib/python3.10/site-packages/flwr/simulation/ray_transport/ray_client_proxy.py", line 168, in _create_client
    client_like: ClientLike = client_fn(cid)
  File "/Users/dinukaperera/FLwithFlwr/flowertry/main.py", line 211, in client_fn
    trainloader=trainloaders[idx],
IndexError: list index out of range
[2026-01-15 21:54:57,846][flwr][DEBUG] - evaluate_round 6 received 3 results and 17 failures
[2026-01-15 21:54:57,846][flwr][DEBUG] - fit_round 7: strategy sampled 20 clients (out of 20)
[2026-01-15 21:54:57,862][flwr][ERROR] - [36mray::launch_and_fit()[39m (pid=4249, ip=127.0.0.1)
  File "/Users/dinukaperera/opt/anaconda3/envs/flower_tutorial/lib/python3.10/site-packages/flwr/simulation/ray_transport/ray_client_proxy.py", line 147, in launch_and_fit
    client: Client = _create_client(client_fn, cid)
  File "/Users/dinukaperera/opt/anaconda3/envs/flower_tutorial/lib/python3.10/site-packages/flwr/simulation/ray_transport/ray_client_proxy.py", line 168, in _create_client
    client_like: ClientLike = client_fn(cid)
  File "/Users/dinukaperera/FLwithFlwr/flowertry/main.py", line 211, in client_fn
    trainloader=trainloaders[idx],
IndexError: list index out of range
[2026-01-15 21:54:57,867][flwr][ERROR] - [36mray::launch_and_fit()[39m (pid=4249, ip=127.0.0.1)
  File "/Users/dinukaperera/opt/anaconda3/envs/flower_tutorial/lib/python3.10/site-packages/flwr/simulation/ray_transport/ray_client_proxy.py", line 147, in launch_and_fit
    client: Client = _create_client(client_fn, cid)
  File "/Users/dinukaperera/opt/anaconda3/envs/flower_tutorial/lib/python3.10/site-packages/flwr/simulation/ray_transport/ray_client_proxy.py", line 168, in _create_client
    client_like: ClientLike = client_fn(cid)
  File "/Users/dinukaperera/FLwithFlwr/flowertry/main.py", line 211, in client_fn
    trainloader=trainloaders[idx],
IndexError: list index out of range
[2026-01-15 21:54:57,874][flwr][ERROR] - [36mray::launch_and_fit()[39m (pid=4245, ip=127.0.0.1)
  File "/Users/dinukaperera/opt/anaconda3/envs/flower_tutorial/lib/python3.10/site-packages/flwr/simulation/ray_transport/ray_client_proxy.py", line 147, in launch_and_fit
    client: Client = _create_client(client_fn, cid)
  File "/Users/dinukaperera/opt/anaconda3/envs/flower_tutorial/lib/python3.10/site-packages/flwr/simulation/ray_transport/ray_client_proxy.py", line 168, in _create_client
    client_like: ClientLike = client_fn(cid)
  File "/Users/dinukaperera/FLwithFlwr/flowertry/main.py", line 211, in client_fn
    trainloader=trainloaders[idx],
IndexError: list index out of range
[2026-01-15 21:54:57,874][flwr][ERROR] - [36mray::launch_and_fit()[39m (pid=4244, ip=127.0.0.1)
  File "/Users/dinukaperera/opt/anaconda3/envs/flower_tutorial/lib/python3.10/site-packages/flwr/simulation/ray_transport/ray_client_proxy.py", line 147, in launch_and_fit
    client: Client = _create_client(client_fn, cid)
  File "/Users/dinukaperera/opt/anaconda3/envs/flower_tutorial/lib/python3.10/site-packages/flwr/simulation/ray_transport/ray_client_proxy.py", line 168, in _create_client
    client_like: ClientLike = client_fn(cid)
  File "/Users/dinukaperera/FLwithFlwr/flowertry/main.py", line 211, in client_fn
    trainloader=trainloaders[idx],
IndexError: list index out of range
[2026-01-15 21:54:57,874][flwr][ERROR] - [36mray::launch_and_fit()[39m (pid=4249, ip=127.0.0.1)
  File "/Users/dinukaperera/opt/anaconda3/envs/flower_tutorial/lib/python3.10/site-packages/flwr/simulation/ray_transport/ray_client_proxy.py", line 147, in launch_and_fit
    client: Client = _create_client(client_fn, cid)
  File "/Users/dinukaperera/opt/anaconda3/envs/flower_tutorial/lib/python3.10/site-packages/flwr/simulation/ray_transport/ray_client_proxy.py", line 168, in _create_client
    client_like: ClientLike = client_fn(cid)
  File "/Users/dinukaperera/FLwithFlwr/flowertry/main.py", line 211, in client_fn
    trainloader=trainloaders[idx],
IndexError: list index out of range
[2026-01-15 21:54:57,875][flwr][ERROR] - [36mray::launch_and_fit()[39m (pid=4245, ip=127.0.0.1)
  File "/Users/dinukaperera/opt/anaconda3/envs/flower_tutorial/lib/python3.10/site-packages/flwr/simulation/ray_transport/ray_client_proxy.py", line 147, in launch_and_fit
    client: Client = _create_client(client_fn, cid)
  File "/Users/dinukaperera/opt/anaconda3/envs/flower_tutorial/lib/python3.10/site-packages/flwr/simulation/ray_transport/ray_client_proxy.py", line 168, in _create_client
    client_like: ClientLike = client_fn(cid)
  File "/Users/dinukaperera/FLwithFlwr/flowertry/main.py", line 211, in client_fn
    trainloader=trainloaders[idx],
IndexError: list index out of range
[2026-01-15 21:54:57,879][flwr][ERROR] - [36mray::launch_and_fit()[39m (pid=4249, ip=127.0.0.1)
  File "/Users/dinukaperera/opt/anaconda3/envs/flower_tutorial/lib/python3.10/site-packages/flwr/simulation/ray_transport/ray_client_proxy.py", line 147, in launch_and_fit
    client: Client = _create_client(client_fn, cid)
  File "/Users/dinukaperera/opt/anaconda3/envs/flower_tutorial/lib/python3.10/site-packages/flwr/simulation/ray_transport/ray_client_proxy.py", line 168, in _create_client
    client_like: ClientLike = client_fn(cid)
  File "/Users/dinukaperera/FLwithFlwr/flowertry/main.py", line 211, in client_fn
    trainloader=trainloaders[idx],
IndexError: list index out of range
[2026-01-15 21:54:57,890][flwr][ERROR] - [36mray::launch_and_fit()[39m (pid=4245, ip=127.0.0.1)
  File "/Users/dinukaperera/opt/anaconda3/envs/flower_tutorial/lib/python3.10/site-packages/flwr/simulation/ray_transport/ray_client_proxy.py", line 147, in launch_and_fit
    client: Client = _create_client(client_fn, cid)
  File "/Users/dinukaperera/opt/anaconda3/envs/flower_tutorial/lib/python3.10/site-packages/flwr/simulation/ray_transport/ray_client_proxy.py", line 168, in _create_client
    client_like: ClientLike = client_fn(cid)
  File "/Users/dinukaperera/FLwithFlwr/flowertry/main.py", line 211, in client_fn
    trainloader=trainloaders[idx],
IndexError: list index out of range
[2026-01-15 21:54:57,896][flwr][ERROR] - [36mray::launch_and_fit()[39m (pid=4249, ip=127.0.0.1)
  File "/Users/dinukaperera/opt/anaconda3/envs/flower_tutorial/lib/python3.10/site-packages/flwr/simulation/ray_transport/ray_client_proxy.py", line 147, in launch_and_fit
    client: Client = _create_client(client_fn, cid)
  File "/Users/dinukaperera/opt/anaconda3/envs/flower_tutorial/lib/python3.10/site-packages/flwr/simulation/ray_transport/ray_client_proxy.py", line 168, in _create_client
    client_like: ClientLike = client_fn(cid)
  File "/Users/dinukaperera/FLwithFlwr/flowertry/main.py", line 211, in client_fn
    trainloader=trainloaders[idx],
IndexError: list index out of range
[2026-01-15 21:54:57,899][flwr][ERROR] - [36mray::launch_and_fit()[39m (pid=4249, ip=127.0.0.1)
  File "/Users/dinukaperera/opt/anaconda3/envs/flower_tutorial/lib/python3.10/site-packages/flwr/simulation/ray_transport/ray_client_proxy.py", line 147, in launch_and_fit
    client: Client = _create_client(client_fn, cid)
  File "/Users/dinukaperera/opt/anaconda3/envs/flower_tutorial/lib/python3.10/site-packages/flwr/simulation/ray_transport/ray_client_proxy.py", line 168, in _create_client
    client_like: ClientLike = client_fn(cid)
  File "/Users/dinukaperera/FLwithFlwr/flowertry/main.py", line 211, in client_fn
    trainloader=trainloaders[idx],
IndexError: list index out of range
[2026-01-15 21:54:57,905][flwr][ERROR] - [36mray::launch_and_fit()[39m (pid=4249, ip=127.0.0.1)
  File "/Users/dinukaperera/opt/anaconda3/envs/flower_tutorial/lib/python3.10/site-packages/flwr/simulation/ray_transport/ray_client_proxy.py", line 147, in launch_and_fit
    client: Client = _create_client(client_fn, cid)
  File "/Users/dinukaperera/opt/anaconda3/envs/flower_tutorial/lib/python3.10/site-packages/flwr/simulation/ray_transport/ray_client_proxy.py", line 168, in _create_client
    client_like: ClientLike = client_fn(cid)
  File "/Users/dinukaperera/FLwithFlwr/flowertry/main.py", line 211, in client_fn
    trainloader=trainloaders[idx],
IndexError: list index out of range
[2026-01-15 21:54:57,906][flwr][ERROR] - [36mray::launch_and_fit()[39m (pid=4245, ip=127.0.0.1)
  File "/Users/dinukaperera/opt/anaconda3/envs/flower_tutorial/lib/python3.10/site-packages/flwr/simulation/ray_transport/ray_client_proxy.py", line 147, in launch_and_fit
    client: Client = _create_client(client_fn, cid)
  File "/Users/dinukaperera/opt/anaconda3/envs/flower_tutorial/lib/python3.10/site-packages/flwr/simulation/ray_transport/ray_client_proxy.py", line 168, in _create_client
    client_like: ClientLike = client_fn(cid)
  File "/Users/dinukaperera/FLwithFlwr/flowertry/main.py", line 211, in client_fn
    trainloader=trainloaders[idx],
IndexError: list index out of range
[2026-01-15 21:54:57,917][flwr][ERROR] - [36mray::launch_and_fit()[39m (pid=4245, ip=127.0.0.1)
  File "/Users/dinukaperera/opt/anaconda3/envs/flower_tutorial/lib/python3.10/site-packages/flwr/simulation/ray_transport/ray_client_proxy.py", line 147, in launch_and_fit
    client: Client = _create_client(client_fn, cid)
  File "/Users/dinukaperera/opt/anaconda3/envs/flower_tutorial/lib/python3.10/site-packages/flwr/simulation/ray_transport/ray_client_proxy.py", line 168, in _create_client
    client_like: ClientLike = client_fn(cid)
  File "/Users/dinukaperera/FLwithFlwr/flowertry/main.py", line 211, in client_fn
    trainloader=trainloaders[idx],
IndexError: list index out of range
[2026-01-15 21:54:57,917][flwr][ERROR] - [36mray::launch_and_fit()[39m (pid=4249, ip=127.0.0.1)
  File "/Users/dinukaperera/opt/anaconda3/envs/flower_tutorial/lib/python3.10/site-packages/flwr/simulation/ray_transport/ray_client_proxy.py", line 147, in launch_and_fit
    client: Client = _create_client(client_fn, cid)
  File "/Users/dinukaperera/opt/anaconda3/envs/flower_tutorial/lib/python3.10/site-packages/flwr/simulation/ray_transport/ray_client_proxy.py", line 168, in _create_client
    client_like: ClientLike = client_fn(cid)
  File "/Users/dinukaperera/FLwithFlwr/flowertry/main.py", line 211, in client_fn
    trainloader=trainloaders[idx],
IndexError: list index out of range
[2026-01-15 21:54:57,917][flwr][ERROR] - [36mray::launch_and_fit()[39m (pid=4243, ip=127.0.0.1)
  File "/Users/dinukaperera/opt/anaconda3/envs/flower_tutorial/lib/python3.10/site-packages/flwr/simulation/ray_transport/ray_client_proxy.py", line 147, in launch_and_fit
    client: Client = _create_client(client_fn, cid)
  File "/Users/dinukaperera/opt/anaconda3/envs/flower_tutorial/lib/python3.10/site-packages/flwr/simulation/ray_transport/ray_client_proxy.py", line 168, in _create_client
    client_like: ClientLike = client_fn(cid)
  File "/Users/dinukaperera/FLwithFlwr/flowertry/main.py", line 211, in client_fn
    trainloader=trainloaders[idx],
IndexError: list index out of range
[2026-01-15 21:54:57,918][flwr][ERROR] - [36mray::launch_and_fit()[39m (pid=4252, ip=127.0.0.1)
  File "/Users/dinukaperera/opt/anaconda3/envs/flower_tutorial/lib/python3.10/site-packages/flwr/simulation/ray_transport/ray_client_proxy.py", line 147, in launch_and_fit
    client: Client = _create_client(client_fn, cid)
  File "/Users/dinukaperera/opt/anaconda3/envs/flower_tutorial/lib/python3.10/site-packages/flwr/simulation/ray_transport/ray_client_proxy.py", line 168, in _create_client
    client_like: ClientLike = client_fn(cid)
  File "/Users/dinukaperera/FLwithFlwr/flowertry/main.py", line 211, in client_fn
    trainloader=trainloaders[idx],
IndexError: list index out of range
[2026-01-15 21:54:57,920][flwr][ERROR] - [36mray::launch_and_fit()[39m (pid=4248, ip=127.0.0.1)
  File "/Users/dinukaperera/opt/anaconda3/envs/flower_tutorial/lib/python3.10/site-packages/flwr/simulation/ray_transport/ray_client_proxy.py", line 147, in launch_and_fit
    client: Client = _create_client(client_fn, cid)
  File "/Users/dinukaperera/opt/anaconda3/envs/flower_tutorial/lib/python3.10/site-packages/flwr/simulation/ray_transport/ray_client_proxy.py", line 168, in _create_client
    client_like: ClientLike = client_fn(cid)
  File "/Users/dinukaperera/FLwithFlwr/flowertry/main.py", line 211, in client_fn
    trainloader=trainloaders[idx],
IndexError: list index out of range
[2026-01-15 21:55:19,788][flwr][DEBUG] - fit_round 7 received 3 results and 17 failures
[2026-01-15 21:55:20,286][flwr][INFO] - fit progress: (7, 0.9148098643872891, {'rmse': 11229.133181149826, 'mae': 5719.43212890625, 'r2': -0.006398738669575188}, 178.15648008300923)
[2026-01-15 21:55:20,287][flwr][DEBUG] - evaluate_round 7: strategy sampled 20 clients (out of 20)
[2026-01-15 21:55:20,315][flwr][ERROR] - [36mray::launch_and_evaluate()[39m (pid=4244, ip=127.0.0.1)
  File "/Users/dinukaperera/opt/anaconda3/envs/flower_tutorial/lib/python3.10/site-packages/flwr/simulation/ray_transport/ray_client_proxy.py", line 159, in launch_and_evaluate
    client: Client = _create_client(client_fn, cid)
  File "/Users/dinukaperera/opt/anaconda3/envs/flower_tutorial/lib/python3.10/site-packages/flwr/simulation/ray_transport/ray_client_proxy.py", line 168, in _create_client
    client_like: ClientLike = client_fn(cid)
  File "/Users/dinukaperera/FLwithFlwr/flowertry/main.py", line 211, in client_fn
    trainloader=trainloaders[idx],
IndexError: list index out of range
[2026-01-15 21:55:20,322][flwr][ERROR] - [36mray::launch_and_evaluate()[39m (pid=4244, ip=127.0.0.1)
  File "/Users/dinukaperera/opt/anaconda3/envs/flower_tutorial/lib/python3.10/site-packages/flwr/simulation/ray_transport/ray_client_proxy.py", line 159, in launch_and_evaluate
    client: Client = _create_client(client_fn, cid)
  File "/Users/dinukaperera/opt/anaconda3/envs/flower_tutorial/lib/python3.10/site-packages/flwr/simulation/ray_transport/ray_client_proxy.py", line 168, in _create_client
    client_like: ClientLike = client_fn(cid)
  File "/Users/dinukaperera/FLwithFlwr/flowertry/main.py", line 211, in client_fn
    trainloader=trainloaders[idx],
IndexError: list index out of range
[2026-01-15 21:55:20,325][flwr][ERROR] - [36mray::launch_and_evaluate()[39m (pid=4247, ip=127.0.0.1)
  File "/Users/dinukaperera/opt/anaconda3/envs/flower_tutorial/lib/python3.10/site-packages/flwr/simulation/ray_transport/ray_client_proxy.py", line 159, in launch_and_evaluate
    client: Client = _create_client(client_fn, cid)
  File "/Users/dinukaperera/opt/anaconda3/envs/flower_tutorial/lib/python3.10/site-packages/flwr/simulation/ray_transport/ray_client_proxy.py", line 168, in _create_client
    client_like: ClientLike = client_fn(cid)
  File "/Users/dinukaperera/FLwithFlwr/flowertry/main.py", line 211, in client_fn
    trainloader=trainloaders[idx],
IndexError: list index out of range
[2026-01-15 21:55:20,338][flwr][ERROR] - [36mray::launch_and_evaluate()[39m (pid=4247, ip=127.0.0.1)
  File "/Users/dinukaperera/opt/anaconda3/envs/flower_tutorial/lib/python3.10/site-packages/flwr/simulation/ray_transport/ray_client_proxy.py", line 159, in launch_and_evaluate
    client: Client = _create_client(client_fn, cid)
  File "/Users/dinukaperera/opt/anaconda3/envs/flower_tutorial/lib/python3.10/site-packages/flwr/simulation/ray_transport/ray_client_proxy.py", line 168, in _create_client
    client_like: ClientLike = client_fn(cid)
  File "/Users/dinukaperera/FLwithFlwr/flowertry/main.py", line 211, in client_fn
    trainloader=trainloaders[idx],
IndexError: list index out of range
[2026-01-15 21:55:20,342][flwr][ERROR] - [36mray::launch_and_evaluate()[39m (pid=4250, ip=127.0.0.1)
  File "/Users/dinukaperera/opt/anaconda3/envs/flower_tutorial/lib/python3.10/site-packages/flwr/simulation/ray_transport/ray_client_proxy.py", line 159, in launch_and_evaluate
    client: Client = _create_client(client_fn, cid)
  File "/Users/dinukaperera/opt/anaconda3/envs/flower_tutorial/lib/python3.10/site-packages/flwr/simulation/ray_transport/ray_client_proxy.py", line 168, in _create_client
    client_like: ClientLike = client_fn(cid)
  File "/Users/dinukaperera/FLwithFlwr/flowertry/main.py", line 211, in client_fn
    trainloader=trainloaders[idx],
IndexError: list index out of range
[2026-01-15 21:55:20,342][flwr][ERROR] - [36mray::launch_and_evaluate()[39m (pid=4244, ip=127.0.0.1)
  File "/Users/dinukaperera/opt/anaconda3/envs/flower_tutorial/lib/python3.10/site-packages/flwr/simulation/ray_transport/ray_client_proxy.py", line 159, in launch_and_evaluate
    client: Client = _create_client(client_fn, cid)
  File "/Users/dinukaperera/opt/anaconda3/envs/flower_tutorial/lib/python3.10/site-packages/flwr/simulation/ray_transport/ray_client_proxy.py", line 168, in _create_client
    client_like: ClientLike = client_fn(cid)
  File "/Users/dinukaperera/FLwithFlwr/flowertry/main.py", line 211, in client_fn
    trainloader=trainloaders[idx],
IndexError: list index out of range
[2026-01-15 21:55:20,354][flwr][ERROR] - [36mray::launch_and_evaluate()[39m (pid=4248, ip=127.0.0.1)
  File "/Users/dinukaperera/opt/anaconda3/envs/flower_tutorial/lib/python3.10/site-packages/flwr/simulation/ray_transport/ray_client_proxy.py", line 159, in launch_and_evaluate
    client: Client = _create_client(client_fn, cid)
  File "/Users/dinukaperera/opt/anaconda3/envs/flower_tutorial/lib/python3.10/site-packages/flwr/simulation/ray_transport/ray_client_proxy.py", line 168, in _create_client
    client_like: ClientLike = client_fn(cid)
  File "/Users/dinukaperera/FLwithFlwr/flowertry/main.py", line 211, in client_fn
    trainloader=trainloaders[idx],
IndexError: list index out of range
[2026-01-15 21:55:20,354][flwr][ERROR] - [36mray::launch_and_evaluate()[39m (pid=4244, ip=127.0.0.1)
  File "/Users/dinukaperera/opt/anaconda3/envs/flower_tutorial/lib/python3.10/site-packages/flwr/simulation/ray_transport/ray_client_proxy.py", line 159, in launch_and_evaluate
    client: Client = _create_client(client_fn, cid)
  File "/Users/dinukaperera/opt/anaconda3/envs/flower_tutorial/lib/python3.10/site-packages/flwr/simulation/ray_transport/ray_client_proxy.py", line 168, in _create_client
    client_like: ClientLike = client_fn(cid)
  File "/Users/dinukaperera/FLwithFlwr/flowertry/main.py", line 211, in client_fn
    trainloader=trainloaders[idx],
IndexError: list index out of range
[2026-01-15 21:55:20,357][flwr][ERROR] - [36mray::launch_and_evaluate()[39m (pid=4248, ip=127.0.0.1)
  File "/Users/dinukaperera/opt/anaconda3/envs/flower_tutorial/lib/python3.10/site-packages/flwr/simulation/ray_transport/ray_client_proxy.py", line 159, in launch_and_evaluate
    client: Client = _create_client(client_fn, cid)
  File "/Users/dinukaperera/opt/anaconda3/envs/flower_tutorial/lib/python3.10/site-packages/flwr/simulation/ray_transport/ray_client_proxy.py", line 168, in _create_client
    client_like: ClientLike = client_fn(cid)
  File "/Users/dinukaperera/FLwithFlwr/flowertry/main.py", line 211, in client_fn
    trainloader=trainloaders[idx],
IndexError: list index out of range
[2026-01-15 21:55:20,364][flwr][ERROR] - [36mray::launch_and_evaluate()[39m (pid=4250, ip=127.0.0.1)
  File "/Users/dinukaperera/opt/anaconda3/envs/flower_tutorial/lib/python3.10/site-packages/flwr/simulation/ray_transport/ray_client_proxy.py", line 159, in launch_and_evaluate
    client: Client = _create_client(client_fn, cid)
  File "/Users/dinukaperera/opt/anaconda3/envs/flower_tutorial/lib/python3.10/site-packages/flwr/simulation/ray_transport/ray_client_proxy.py", line 168, in _create_client
    client_like: ClientLike = client_fn(cid)
  File "/Users/dinukaperera/FLwithFlwr/flowertry/main.py", line 211, in client_fn
    trainloader=trainloaders[idx],
IndexError: list index out of range
[2026-01-15 21:55:20,366][flwr][ERROR] - [36mray::launch_and_evaluate()[39m (pid=4244, ip=127.0.0.1)
  File "/Users/dinukaperera/opt/anaconda3/envs/flower_tutorial/lib/python3.10/site-packages/flwr/simulation/ray_transport/ray_client_proxy.py", line 159, in launch_and_evaluate
    client: Client = _create_client(client_fn, cid)
  File "/Users/dinukaperera/opt/anaconda3/envs/flower_tutorial/lib/python3.10/site-packages/flwr/simulation/ray_transport/ray_client_proxy.py", line 168, in _create_client
    client_like: ClientLike = client_fn(cid)
  File "/Users/dinukaperera/FLwithFlwr/flowertry/main.py", line 211, in client_fn
    trainloader=trainloaders[idx],
IndexError: list index out of range
[2026-01-15 21:55:20,368][flwr][ERROR] - [36mray::launch_and_evaluate()[39m (pid=4250, ip=127.0.0.1)
  File "/Users/dinukaperera/opt/anaconda3/envs/flower_tutorial/lib/python3.10/site-packages/flwr/simulation/ray_transport/ray_client_proxy.py", line 159, in launch_and_evaluate
    client: Client = _create_client(client_fn, cid)
  File "/Users/dinukaperera/opt/anaconda3/envs/flower_tutorial/lib/python3.10/site-packages/flwr/simulation/ray_transport/ray_client_proxy.py", line 168, in _create_client
    client_like: ClientLike = client_fn(cid)
  File "/Users/dinukaperera/FLwithFlwr/flowertry/main.py", line 211, in client_fn
    trainloader=trainloaders[idx],
IndexError: list index out of range
[2026-01-15 21:55:20,369][flwr][ERROR] - [36mray::launch_and_evaluate()[39m (pid=4248, ip=127.0.0.1)
  File "/Users/dinukaperera/opt/anaconda3/envs/flower_tutorial/lib/python3.10/site-packages/flwr/simulation/ray_transport/ray_client_proxy.py", line 159, in launch_and_evaluate
    client: Client = _create_client(client_fn, cid)
  File "/Users/dinukaperera/opt/anaconda3/envs/flower_tutorial/lib/python3.10/site-packages/flwr/simulation/ray_transport/ray_client_proxy.py", line 168, in _create_client
    client_like: ClientLike = client_fn(cid)
  File "/Users/dinukaperera/FLwithFlwr/flowertry/main.py", line 211, in client_fn
    trainloader=trainloaders[idx],
IndexError: list index out of range
[2026-01-15 21:55:20,378][flwr][ERROR] - [36mray::launch_and_evaluate()[39m (pid=4247, ip=127.0.0.1)
  File "/Users/dinukaperera/opt/anaconda3/envs/flower_tutorial/lib/python3.10/site-packages/flwr/simulation/ray_transport/ray_client_proxy.py", line 159, in launch_and_evaluate
    client: Client = _create_client(client_fn, cid)
  File "/Users/dinukaperera/opt/anaconda3/envs/flower_tutorial/lib/python3.10/site-packages/flwr/simulation/ray_transport/ray_client_proxy.py", line 168, in _create_client
    client_like: ClientLike = client_fn(cid)
  File "/Users/dinukaperera/FLwithFlwr/flowertry/main.py", line 211, in client_fn
    trainloader=trainloaders[idx],
IndexError: list index out of range
[2026-01-15 21:55:20,388][flwr][ERROR] - [36mray::launch_and_evaluate()[39m (pid=4244, ip=127.0.0.1)
  File "/Users/dinukaperera/opt/anaconda3/envs/flower_tutorial/lib/python3.10/site-packages/flwr/simulation/ray_transport/ray_client_proxy.py", line 159, in launch_and_evaluate
    client: Client = _create_client(client_fn, cid)
  File "/Users/dinukaperera/opt/anaconda3/envs/flower_tutorial/lib/python3.10/site-packages/flwr/simulation/ray_transport/ray_client_proxy.py", line 168, in _create_client
    client_like: ClientLike = client_fn(cid)
  File "/Users/dinukaperera/FLwithFlwr/flowertry/main.py", line 211, in client_fn
    trainloader=trainloaders[idx],
IndexError: list index out of range
[2026-01-15 21:55:20,390][flwr][ERROR] - [36mray::launch_and_evaluate()[39m (pid=4248, ip=127.0.0.1)
  File "/Users/dinukaperera/opt/anaconda3/envs/flower_tutorial/lib/python3.10/site-packages/flwr/simulation/ray_transport/ray_client_proxy.py", line 159, in launch_and_evaluate
    client: Client = _create_client(client_fn, cid)
  File "/Users/dinukaperera/opt/anaconda3/envs/flower_tutorial/lib/python3.10/site-packages/flwr/simulation/ray_transport/ray_client_proxy.py", line 168, in _create_client
    client_like: ClientLike = client_fn(cid)
  File "/Users/dinukaperera/FLwithFlwr/flowertry/main.py", line 211, in client_fn
    trainloader=trainloaders[idx],
IndexError: list index out of range
[2026-01-15 21:55:20,410][flwr][ERROR] - [36mray::launch_and_evaluate()[39m (pid=4249, ip=127.0.0.1)
  File "/Users/dinukaperera/opt/anaconda3/envs/flower_tutorial/lib/python3.10/site-packages/flwr/simulation/ray_transport/ray_client_proxy.py", line 159, in launch_and_evaluate
    client: Client = _create_client(client_fn, cid)
  File "/Users/dinukaperera/opt/anaconda3/envs/flower_tutorial/lib/python3.10/site-packages/flwr/simulation/ray_transport/ray_client_proxy.py", line 168, in _create_client
    client_like: ClientLike = client_fn(cid)
  File "/Users/dinukaperera/FLwithFlwr/flowertry/main.py", line 211, in client_fn
    trainloader=trainloaders[idx],
IndexError: list index out of range
[2026-01-15 21:55:21,238][flwr][DEBUG] - evaluate_round 7 received 3 results and 17 failures
[2026-01-15 21:55:21,239][flwr][DEBUG] - fit_round 8: strategy sampled 20 clients (out of 20)
[2026-01-15 21:55:21,261][flwr][ERROR] - [36mray::launch_and_fit()[39m (pid=4252, ip=127.0.0.1)
  File "/Users/dinukaperera/opt/anaconda3/envs/flower_tutorial/lib/python3.10/site-packages/flwr/simulation/ray_transport/ray_client_proxy.py", line 147, in launch_and_fit
    client: Client = _create_client(client_fn, cid)
  File "/Users/dinukaperera/opt/anaconda3/envs/flower_tutorial/lib/python3.10/site-packages/flwr/simulation/ray_transport/ray_client_proxy.py", line 168, in _create_client
    client_like: ClientLike = client_fn(cid)
  File "/Users/dinukaperera/FLwithFlwr/flowertry/main.py", line 211, in client_fn
    trainloader=trainloaders[idx],
IndexError: list index out of range
[2026-01-15 21:55:21,262][flwr][ERROR] - [36mray::launch_and_fit()[39m (pid=4247, ip=127.0.0.1)
  File "/Users/dinukaperera/opt/anaconda3/envs/flower_tutorial/lib/python3.10/site-packages/flwr/simulation/ray_transport/ray_client_proxy.py", line 147, in launch_and_fit
    client: Client = _create_client(client_fn, cid)
  File "/Users/dinukaperera/opt/anaconda3/envs/flower_tutorial/lib/python3.10/site-packages/flwr/simulation/ray_transport/ray_client_proxy.py", line 168, in _create_client
    client_like: ClientLike = client_fn(cid)
  File "/Users/dinukaperera/FLwithFlwr/flowertry/main.py", line 211, in client_fn
    trainloader=trainloaders[idx],
IndexError: list index out of range
[2026-01-15 21:55:21,263][flwr][ERROR] - [36mray::launch_and_fit()[39m (pid=4248, ip=127.0.0.1)
  File "/Users/dinukaperera/opt/anaconda3/envs/flower_tutorial/lib/python3.10/site-packages/flwr/simulation/ray_transport/ray_client_proxy.py", line 147, in launch_and_fit
    client: Client = _create_client(client_fn, cid)
  File "/Users/dinukaperera/opt/anaconda3/envs/flower_tutorial/lib/python3.10/site-packages/flwr/simulation/ray_transport/ray_client_proxy.py", line 168, in _create_client
    client_like: ClientLike = client_fn(cid)
  File "/Users/dinukaperera/FLwithFlwr/flowertry/main.py", line 211, in client_fn
    trainloader=trainloaders[idx],
IndexError: list index out of range
[2026-01-15 21:55:21,266][flwr][ERROR] - [36mray::launch_and_fit()[39m (pid=4249, ip=127.0.0.1)
  File "/Users/dinukaperera/opt/anaconda3/envs/flower_tutorial/lib/python3.10/site-packages/flwr/simulation/ray_transport/ray_client_proxy.py", line 147, in launch_and_fit
    client: Client = _create_client(client_fn, cid)
  File "/Users/dinukaperera/opt/anaconda3/envs/flower_tutorial/lib/python3.10/site-packages/flwr/simulation/ray_transport/ray_client_proxy.py", line 168, in _create_client
    client_like: ClientLike = client_fn(cid)
  File "/Users/dinukaperera/FLwithFlwr/flowertry/main.py", line 211, in client_fn
    trainloader=trainloaders[idx],
IndexError: list index out of range
[2026-01-15 21:55:21,276][flwr][ERROR] - [36mray::launch_and_fit()[39m (pid=4247, ip=127.0.0.1)
  File "/Users/dinukaperera/opt/anaconda3/envs/flower_tutorial/lib/python3.10/site-packages/flwr/simulation/ray_transport/ray_client_proxy.py", line 147, in launch_and_fit
    client: Client = _create_client(client_fn, cid)
  File "/Users/dinukaperera/opt/anaconda3/envs/flower_tutorial/lib/python3.10/site-packages/flwr/simulation/ray_transport/ray_client_proxy.py", line 168, in _create_client
    client_like: ClientLike = client_fn(cid)
  File "/Users/dinukaperera/FLwithFlwr/flowertry/main.py", line 211, in client_fn
    trainloader=trainloaders[idx],
IndexError: list index out of range
[2026-01-15 21:55:21,279][flwr][ERROR] - [36mray::launch_and_fit()[39m (pid=4252, ip=127.0.0.1)
  File "/Users/dinukaperera/opt/anaconda3/envs/flower_tutorial/lib/python3.10/site-packages/flwr/simulation/ray_transport/ray_client_proxy.py", line 147, in launch_and_fit
    client: Client = _create_client(client_fn, cid)
  File "/Users/dinukaperera/opt/anaconda3/envs/flower_tutorial/lib/python3.10/site-packages/flwr/simulation/ray_transport/ray_client_proxy.py", line 168, in _create_client
    client_like: ClientLike = client_fn(cid)
  File "/Users/dinukaperera/FLwithFlwr/flowertry/main.py", line 211, in client_fn
    trainloader=trainloaders[idx],
IndexError: list index out of range
[2026-01-15 21:55:21,280][flwr][ERROR] - [36mray::launch_and_fit()[39m (pid=4249, ip=127.0.0.1)
  File "/Users/dinukaperera/opt/anaconda3/envs/flower_tutorial/lib/python3.10/site-packages/flwr/simulation/ray_transport/ray_client_proxy.py", line 147, in launch_and_fit
    client: Client = _create_client(client_fn, cid)
  File "/Users/dinukaperera/opt/anaconda3/envs/flower_tutorial/lib/python3.10/site-packages/flwr/simulation/ray_transport/ray_client_proxy.py", line 168, in _create_client
    client_like: ClientLike = client_fn(cid)
  File "/Users/dinukaperera/FLwithFlwr/flowertry/main.py", line 211, in client_fn
    trainloader=trainloaders[idx],
IndexError: list index out of range
[2026-01-15 21:55:21,284][flwr][ERROR] - [36mray::launch_and_fit()[39m (pid=4244, ip=127.0.0.1)
  File "/Users/dinukaperera/opt/anaconda3/envs/flower_tutorial/lib/python3.10/site-packages/flwr/simulation/ray_transport/ray_client_proxy.py", line 147, in launch_and_fit
    client: Client = _create_client(client_fn, cid)
  File "/Users/dinukaperera/opt/anaconda3/envs/flower_tutorial/lib/python3.10/site-packages/flwr/simulation/ray_transport/ray_client_proxy.py", line 168, in _create_client
    client_like: ClientLike = client_fn(cid)
  File "/Users/dinukaperera/FLwithFlwr/flowertry/main.py", line 211, in client_fn
    trainloader=trainloaders[idx],
IndexError: list index out of range
[2026-01-15 21:55:21,293][flwr][ERROR] - [36mray::launch_and_fit()[39m (pid=4247, ip=127.0.0.1)
  File "/Users/dinukaperera/opt/anaconda3/envs/flower_tutorial/lib/python3.10/site-packages/flwr/simulation/ray_transport/ray_client_proxy.py", line 147, in launch_and_fit
    client: Client = _create_client(client_fn, cid)
  File "/Users/dinukaperera/opt/anaconda3/envs/flower_tutorial/lib/python3.10/site-packages/flwr/simulation/ray_transport/ray_client_proxy.py", line 168, in _create_client
    client_like: ClientLike = client_fn(cid)
  File "/Users/dinukaperera/FLwithFlwr/flowertry/main.py", line 211, in client_fn
    trainloader=trainloaders[idx],
IndexError: list index out of range
[2026-01-15 21:55:21,300][flwr][ERROR] - [36mray::launch_and_fit()[39m (pid=4243, ip=127.0.0.1)
  File "/Users/dinukaperera/opt/anaconda3/envs/flower_tutorial/lib/python3.10/site-packages/flwr/simulation/ray_transport/ray_client_proxy.py", line 147, in launch_and_fit
    client: Client = _create_client(client_fn, cid)
  File "/Users/dinukaperera/opt/anaconda3/envs/flower_tutorial/lib/python3.10/site-packages/flwr/simulation/ray_transport/ray_client_proxy.py", line 168, in _create_client
    client_like: ClientLike = client_fn(cid)
  File "/Users/dinukaperera/FLwithFlwr/flowertry/main.py", line 211, in client_fn
    trainloader=trainloaders[idx],
IndexError: list index out of range
[2026-01-15 21:55:21,303][flwr][ERROR] - [36mray::launch_and_fit()[39m (pid=4247, ip=127.0.0.1)
  File "/Users/dinukaperera/opt/anaconda3/envs/flower_tutorial/lib/python3.10/site-packages/flwr/simulation/ray_transport/ray_client_proxy.py", line 147, in launch_and_fit
    client: Client = _create_client(client_fn, cid)
  File "/Users/dinukaperera/opt/anaconda3/envs/flower_tutorial/lib/python3.10/site-packages/flwr/simulation/ray_transport/ray_client_proxy.py", line 168, in _create_client
    client_like: ClientLike = client_fn(cid)
  File "/Users/dinukaperera/FLwithFlwr/flowertry/main.py", line 211, in client_fn
    trainloader=trainloaders[idx],
IndexError: list index out of range
[2026-01-15 21:55:21,306][flwr][ERROR] - [36mray::launch_and_fit()[39m (pid=4249, ip=127.0.0.1)
  File "/Users/dinukaperera/opt/anaconda3/envs/flower_tutorial/lib/python3.10/site-packages/flwr/simulation/ray_transport/ray_client_proxy.py", line 147, in launch_and_fit
    client: Client = _create_client(client_fn, cid)
  File "/Users/dinukaperera/opt/anaconda3/envs/flower_tutorial/lib/python3.10/site-packages/flwr/simulation/ray_transport/ray_client_proxy.py", line 168, in _create_client
    client_like: ClientLike = client_fn(cid)
  File "/Users/dinukaperera/FLwithFlwr/flowertry/main.py", line 211, in client_fn
    trainloader=trainloaders[idx],
IndexError: list index out of range
[2026-01-15 21:55:21,308][flwr][ERROR] - [36mray::launch_and_fit()[39m (pid=4252, ip=127.0.0.1)
  File "/Users/dinukaperera/opt/anaconda3/envs/flower_tutorial/lib/python3.10/site-packages/flwr/simulation/ray_transport/ray_client_proxy.py", line 147, in launch_and_fit
    client: Client = _create_client(client_fn, cid)
  File "/Users/dinukaperera/opt/anaconda3/envs/flower_tutorial/lib/python3.10/site-packages/flwr/simulation/ray_transport/ray_client_proxy.py", line 168, in _create_client
    client_like: ClientLike = client_fn(cid)
  File "/Users/dinukaperera/FLwithFlwr/flowertry/main.py", line 211, in client_fn
    trainloader=trainloaders[idx],
IndexError: list index out of range
[2026-01-15 21:55:21,313][flwr][ERROR] - [36mray::launch_and_fit()[39m (pid=4247, ip=127.0.0.1)
  File "/Users/dinukaperera/opt/anaconda3/envs/flower_tutorial/lib/python3.10/site-packages/flwr/simulation/ray_transport/ray_client_proxy.py", line 147, in launch_and_fit
    client: Client = _create_client(client_fn, cid)
  File "/Users/dinukaperera/opt/anaconda3/envs/flower_tutorial/lib/python3.10/site-packages/flwr/simulation/ray_transport/ray_client_proxy.py", line 168, in _create_client
    client_like: ClientLike = client_fn(cid)
  File "/Users/dinukaperera/FLwithFlwr/flowertry/main.py", line 211, in client_fn
    trainloader=trainloaders[idx],
IndexError: list index out of range
[2026-01-15 21:55:21,318][flwr][ERROR] - [36mray::launch_and_fit()[39m (pid=4243, ip=127.0.0.1)
  File "/Users/dinukaperera/opt/anaconda3/envs/flower_tutorial/lib/python3.10/site-packages/flwr/simulation/ray_transport/ray_client_proxy.py", line 147, in launch_and_fit
    client: Client = _create_client(client_fn, cid)
  File "/Users/dinukaperera/opt/anaconda3/envs/flower_tutorial/lib/python3.10/site-packages/flwr/simulation/ray_transport/ray_client_proxy.py", line 168, in _create_client
    client_like: ClientLike = client_fn(cid)
  File "/Users/dinukaperera/FLwithFlwr/flowertry/main.py", line 211, in client_fn
    trainloader=trainloaders[idx],
IndexError: list index out of range
[2026-01-15 21:55:21,344][flwr][ERROR] - [36mray::launch_and_fit()[39m (pid=4245, ip=127.0.0.1)
  File "/Users/dinukaperera/opt/anaconda3/envs/flower_tutorial/lib/python3.10/site-packages/flwr/simulation/ray_transport/ray_client_proxy.py", line 147, in launch_and_fit
    client: Client = _create_client(client_fn, cid)
  File "/Users/dinukaperera/opt/anaconda3/envs/flower_tutorial/lib/python3.10/site-packages/flwr/simulation/ray_transport/ray_client_proxy.py", line 168, in _create_client
    client_like: ClientLike = client_fn(cid)
  File "/Users/dinukaperera/FLwithFlwr/flowertry/main.py", line 211, in client_fn
    trainloader=trainloaders[idx],
IndexError: list index out of range
[2026-01-15 21:55:21,350][flwr][ERROR] - [36mray::launch_and_fit()[39m (pid=4246, ip=127.0.0.1)
  File "/Users/dinukaperera/opt/anaconda3/envs/flower_tutorial/lib/python3.10/site-packages/flwr/simulation/ray_transport/ray_client_proxy.py", line 147, in launch_and_fit
    client: Client = _create_client(client_fn, cid)
  File "/Users/dinukaperera/opt/anaconda3/envs/flower_tutorial/lib/python3.10/site-packages/flwr/simulation/ray_transport/ray_client_proxy.py", line 168, in _create_client
    client_like: ClientLike = client_fn(cid)
  File "/Users/dinukaperera/FLwithFlwr/flowertry/main.py", line 211, in client_fn
    trainloader=trainloaders[idx],
IndexError: list index out of range
[2026-01-15 21:55:42,647][flwr][DEBUG] - fit_round 8 received 3 results and 17 failures
[2026-01-15 21:55:43,121][flwr][INFO] - fit progress: (8, 0.9155384791871389, {'rmse': 11233.603874091341, 'mae': 5604.95068359375, 'r2': -0.007200290854732616}, 200.99126791598974)
[2026-01-15 21:55:43,122][flwr][DEBUG] - evaluate_round 8: strategy sampled 20 clients (out of 20)
[2026-01-15 21:55:43,157][flwr][ERROR] - [36mray::launch_and_evaluate()[39m (pid=4244, ip=127.0.0.1)
  File "/Users/dinukaperera/opt/anaconda3/envs/flower_tutorial/lib/python3.10/site-packages/flwr/simulation/ray_transport/ray_client_proxy.py", line 159, in launch_and_evaluate
    client: Client = _create_client(client_fn, cid)
  File "/Users/dinukaperera/opt/anaconda3/envs/flower_tutorial/lib/python3.10/site-packages/flwr/simulation/ray_transport/ray_client_proxy.py", line 168, in _create_client
    client_like: ClientLike = client_fn(cid)
  File "/Users/dinukaperera/FLwithFlwr/flowertry/main.py", line 211, in client_fn
    trainloader=trainloaders[idx],
IndexError: list index out of range
[2026-01-15 21:55:43,157][flwr][ERROR] - [36mray::launch_and_evaluate()[39m (pid=4250, ip=127.0.0.1)
  File "/Users/dinukaperera/opt/anaconda3/envs/flower_tutorial/lib/python3.10/site-packages/flwr/simulation/ray_transport/ray_client_proxy.py", line 159, in launch_and_evaluate
    client: Client = _create_client(client_fn, cid)
  File "/Users/dinukaperera/opt/anaconda3/envs/flower_tutorial/lib/python3.10/site-packages/flwr/simulation/ray_transport/ray_client_proxy.py", line 168, in _create_client
    client_like: ClientLike = client_fn(cid)
  File "/Users/dinukaperera/FLwithFlwr/flowertry/main.py", line 211, in client_fn
    trainloader=trainloaders[idx],
IndexError: list index out of range
[2026-01-15 21:55:43,158][flwr][ERROR] - [36mray::launch_and_evaluate()[39m (pid=4248, ip=127.0.0.1)
  File "/Users/dinukaperera/opt/anaconda3/envs/flower_tutorial/lib/python3.10/site-packages/flwr/simulation/ray_transport/ray_client_proxy.py", line 159, in launch_and_evaluate
    client: Client = _create_client(client_fn, cid)
  File "/Users/dinukaperera/opt/anaconda3/envs/flower_tutorial/lib/python3.10/site-packages/flwr/simulation/ray_transport/ray_client_proxy.py", line 168, in _create_client
    client_like: ClientLike = client_fn(cid)
  File "/Users/dinukaperera/FLwithFlwr/flowertry/main.py", line 211, in client_fn
    trainloader=trainloaders[idx],
IndexError: list index out of range
[2026-01-15 21:55:43,164][flwr][ERROR] - [36mray::launch_and_evaluate()[39m (pid=4246, ip=127.0.0.1)
  File "/Users/dinukaperera/opt/anaconda3/envs/flower_tutorial/lib/python3.10/site-packages/flwr/simulation/ray_transport/ray_client_proxy.py", line 159, in launch_and_evaluate
    client: Client = _create_client(client_fn, cid)
  File "/Users/dinukaperera/opt/anaconda3/envs/flower_tutorial/lib/python3.10/site-packages/flwr/simulation/ray_transport/ray_client_proxy.py", line 168, in _create_client
    client_like: ClientLike = client_fn(cid)
  File "/Users/dinukaperera/FLwithFlwr/flowertry/main.py", line 211, in client_fn
    trainloader=trainloaders[idx],
IndexError: list index out of range
[2026-01-15 21:55:43,165][flwr][ERROR] - [36mray::launch_and_evaluate()[39m (pid=4250, ip=127.0.0.1)
  File "/Users/dinukaperera/opt/anaconda3/envs/flower_tutorial/lib/python3.10/site-packages/flwr/simulation/ray_transport/ray_client_proxy.py", line 159, in launch_and_evaluate
    client: Client = _create_client(client_fn, cid)
  File "/Users/dinukaperera/opt/anaconda3/envs/flower_tutorial/lib/python3.10/site-packages/flwr/simulation/ray_transport/ray_client_proxy.py", line 168, in _create_client
    client_like: ClientLike = client_fn(cid)
  File "/Users/dinukaperera/FLwithFlwr/flowertry/main.py", line 211, in client_fn
    trainloader=trainloaders[idx],
IndexError: list index out of range
[2026-01-15 21:55:43,165][flwr][ERROR] - [36mray::launch_and_evaluate()[39m (pid=4248, ip=127.0.0.1)
  File "/Users/dinukaperera/opt/anaconda3/envs/flower_tutorial/lib/python3.10/site-packages/flwr/simulation/ray_transport/ray_client_proxy.py", line 159, in launch_and_evaluate
    client: Client = _create_client(client_fn, cid)
  File "/Users/dinukaperera/opt/anaconda3/envs/flower_tutorial/lib/python3.10/site-packages/flwr/simulation/ray_transport/ray_client_proxy.py", line 168, in _create_client
    client_like: ClientLike = client_fn(cid)
  File "/Users/dinukaperera/FLwithFlwr/flowertry/main.py", line 211, in client_fn
    trainloader=trainloaders[idx],
IndexError: list index out of range
[2026-01-15 21:55:43,166][flwr][ERROR] - [36mray::launch_and_evaluate()[39m (pid=4244, ip=127.0.0.1)
  File "/Users/dinukaperera/opt/anaconda3/envs/flower_tutorial/lib/python3.10/site-packages/flwr/simulation/ray_transport/ray_client_proxy.py", line 159, in launch_and_evaluate
    client: Client = _create_client(client_fn, cid)
  File "/Users/dinukaperera/opt/anaconda3/envs/flower_tutorial/lib/python3.10/site-packages/flwr/simulation/ray_transport/ray_client_proxy.py", line 168, in _create_client
    client_like: ClientLike = client_fn(cid)
  File "/Users/dinukaperera/FLwithFlwr/flowertry/main.py", line 211, in client_fn
    trainloader=trainloaders[idx],
IndexError: list index out of range
[2026-01-15 21:55:43,171][flwr][ERROR] - [36mray::launch_and_evaluate()[39m (pid=4245, ip=127.0.0.1)
  File "/Users/dinukaperera/opt/anaconda3/envs/flower_tutorial/lib/python3.10/site-packages/flwr/simulation/ray_transport/ray_client_proxy.py", line 159, in launch_and_evaluate
    client: Client = _create_client(client_fn, cid)
  File "/Users/dinukaperera/opt/anaconda3/envs/flower_tutorial/lib/python3.10/site-packages/flwr/simulation/ray_transport/ray_client_proxy.py", line 168, in _create_client
    client_like: ClientLike = client_fn(cid)
  File "/Users/dinukaperera/FLwithFlwr/flowertry/main.py", line 211, in client_fn
    trainloader=trainloaders[idx],
IndexError: list index out of range
[2026-01-15 21:55:43,187][flwr][ERROR] - [36mray::launch_and_evaluate()[39m (pid=4243, ip=127.0.0.1)
  File "/Users/dinukaperera/opt/anaconda3/envs/flower_tutorial/lib/python3.10/site-packages/flwr/simulation/ray_transport/ray_client_proxy.py", line 159, in launch_and_evaluate
    client: Client = _create_client(client_fn, cid)
  File "/Users/dinukaperera/opt/anaconda3/envs/flower_tutorial/lib/python3.10/site-packages/flwr/simulation/ray_transport/ray_client_proxy.py", line 168, in _create_client
    client_like: ClientLike = client_fn(cid)
  File "/Users/dinukaperera/FLwithFlwr/flowertry/main.py", line 211, in client_fn
    trainloader=trainloaders[idx],
IndexError: list index out of range
[2026-01-15 21:55:43,190][flwr][ERROR] - [36mray::launch_and_evaluate()[39m (pid=4245, ip=127.0.0.1)
  File "/Users/dinukaperera/opt/anaconda3/envs/flower_tutorial/lib/python3.10/site-packages/flwr/simulation/ray_transport/ray_client_proxy.py", line 159, in launch_and_evaluate
    client: Client = _create_client(client_fn, cid)
  File "/Users/dinukaperera/opt/anaconda3/envs/flower_tutorial/lib/python3.10/site-packages/flwr/simulation/ray_transport/ray_client_proxy.py", line 168, in _create_client
    client_like: ClientLike = client_fn(cid)
  File "/Users/dinukaperera/FLwithFlwr/flowertry/main.py", line 211, in client_fn
    trainloader=trainloaders[idx],
IndexError: list index out of range
[2026-01-15 21:55:43,204][flwr][ERROR] - [36mray::launch_and_evaluate()[39m (pid=4245, ip=127.0.0.1)
  File "/Users/dinukaperera/opt/anaconda3/envs/flower_tutorial/lib/python3.10/site-packages/flwr/simulation/ray_transport/ray_client_proxy.py", line 159, in launch_and_evaluate
    client: Client = _create_client(client_fn, cid)
  File "/Users/dinukaperera/opt/anaconda3/envs/flower_tutorial/lib/python3.10/site-packages/flwr/simulation/ray_transport/ray_client_proxy.py", line 168, in _create_client
    client_like: ClientLike = client_fn(cid)
  File "/Users/dinukaperera/FLwithFlwr/flowertry/main.py", line 211, in client_fn
    trainloader=trainloaders[idx],
IndexError: list index out of range
[2026-01-15 21:55:43,205][flwr][ERROR] - [36mray::launch_and_evaluate()[39m (pid=4250, ip=127.0.0.1)
  File "/Users/dinukaperera/opt/anaconda3/envs/flower_tutorial/lib/python3.10/site-packages/flwr/simulation/ray_transport/ray_client_proxy.py", line 159, in launch_and_evaluate
    client: Client = _create_client(client_fn, cid)
  File "/Users/dinukaperera/opt/anaconda3/envs/flower_tutorial/lib/python3.10/site-packages/flwr/simulation/ray_transport/ray_client_proxy.py", line 168, in _create_client
    client_like: ClientLike = client_fn(cid)
  File "/Users/dinukaperera/FLwithFlwr/flowertry/main.py", line 211, in client_fn
    trainloader=trainloaders[idx],
IndexError: list index out of range
[2026-01-15 21:55:43,205][flwr][ERROR] - [36mray::launch_and_evaluate()[39m (pid=4248, ip=127.0.0.1)
  File "/Users/dinukaperera/opt/anaconda3/envs/flower_tutorial/lib/python3.10/site-packages/flwr/simulation/ray_transport/ray_client_proxy.py", line 159, in launch_and_evaluate
    client: Client = _create_client(client_fn, cid)
  File "/Users/dinukaperera/opt/anaconda3/envs/flower_tutorial/lib/python3.10/site-packages/flwr/simulation/ray_transport/ray_client_proxy.py", line 168, in _create_client
    client_like: ClientLike = client_fn(cid)
  File "/Users/dinukaperera/FLwithFlwr/flowertry/main.py", line 211, in client_fn
    trainloader=trainloaders[idx],
IndexError: list index out of range
[2026-01-15 21:55:43,210][flwr][ERROR] - [36mray::launch_and_evaluate()[39m (pid=4246, ip=127.0.0.1)
  File "/Users/dinukaperera/opt/anaconda3/envs/flower_tutorial/lib/python3.10/site-packages/flwr/simulation/ray_transport/ray_client_proxy.py", line 159, in launch_and_evaluate
    client: Client = _create_client(client_fn, cid)
  File "/Users/dinukaperera/opt/anaconda3/envs/flower_tutorial/lib/python3.10/site-packages/flwr/simulation/ray_transport/ray_client_proxy.py", line 168, in _create_client
    client_like: ClientLike = client_fn(cid)
  File "/Users/dinukaperera/FLwithFlwr/flowertry/main.py", line 211, in client_fn
    trainloader=trainloaders[idx],
IndexError: list index out of range
[2026-01-15 21:55:43,211][flwr][ERROR] - [36mray::launch_and_evaluate()[39m (pid=4245, ip=127.0.0.1)
  File "/Users/dinukaperera/opt/anaconda3/envs/flower_tutorial/lib/python3.10/site-packages/flwr/simulation/ray_transport/ray_client_proxy.py", line 159, in launch_and_evaluate
    client: Client = _create_client(client_fn, cid)
  File "/Users/dinukaperera/opt/anaconda3/envs/flower_tutorial/lib/python3.10/site-packages/flwr/simulation/ray_transport/ray_client_proxy.py", line 168, in _create_client
    client_like: ClientLike = client_fn(cid)
  File "/Users/dinukaperera/FLwithFlwr/flowertry/main.py", line 211, in client_fn
    trainloader=trainloaders[idx],
IndexError: list index out of range
[2026-01-15 21:55:43,211][flwr][ERROR] - [36mray::launch_and_evaluate()[39m (pid=4248, ip=127.0.0.1)
  File "/Users/dinukaperera/opt/anaconda3/envs/flower_tutorial/lib/python3.10/site-packages/flwr/simulation/ray_transport/ray_client_proxy.py", line 159, in launch_and_evaluate
    client: Client = _create_client(client_fn, cid)
  File "/Users/dinukaperera/opt/anaconda3/envs/flower_tutorial/lib/python3.10/site-packages/flwr/simulation/ray_transport/ray_client_proxy.py", line 168, in _create_client
    client_like: ClientLike = client_fn(cid)
  File "/Users/dinukaperera/FLwithFlwr/flowertry/main.py", line 211, in client_fn
    trainloader=trainloaders[idx],
IndexError: list index out of range
[2026-01-15 21:55:43,217][flwr][ERROR] - [36mray::launch_and_evaluate()[39m (pid=4247, ip=127.0.0.1)
  File "/Users/dinukaperera/opt/anaconda3/envs/flower_tutorial/lib/python3.10/site-packages/flwr/simulation/ray_transport/ray_client_proxy.py", line 159, in launch_and_evaluate
    client: Client = _create_client(client_fn, cid)
  File "/Users/dinukaperera/opt/anaconda3/envs/flower_tutorial/lib/python3.10/site-packages/flwr/simulation/ray_transport/ray_client_proxy.py", line 168, in _create_client
    client_like: ClientLike = client_fn(cid)
  File "/Users/dinukaperera/FLwithFlwr/flowertry/main.py", line 211, in client_fn
    trainloader=trainloaders[idx],
IndexError: list index out of range
[2026-01-15 21:55:45,024][flwr][DEBUG] - evaluate_round 8 received 3 results and 17 failures
[2026-01-15 21:55:45,025][flwr][DEBUG] - fit_round 9: strategy sampled 20 clients (out of 20)
[2026-01-15 21:55:45,040][flwr][ERROR] - [36mray::launch_and_fit()[39m (pid=4243, ip=127.0.0.1)
  File "/Users/dinukaperera/opt/anaconda3/envs/flower_tutorial/lib/python3.10/site-packages/flwr/simulation/ray_transport/ray_client_proxy.py", line 147, in launch_and_fit
    client: Client = _create_client(client_fn, cid)
  File "/Users/dinukaperera/opt/anaconda3/envs/flower_tutorial/lib/python3.10/site-packages/flwr/simulation/ray_transport/ray_client_proxy.py", line 168, in _create_client
    client_like: ClientLike = client_fn(cid)
  File "/Users/dinukaperera/FLwithFlwr/flowertry/main.py", line 211, in client_fn
    trainloader=trainloaders[idx],
IndexError: list index out of range
[2026-01-15 21:55:45,041][flwr][ERROR] - [36mray::launch_and_fit()[39m (pid=4244, ip=127.0.0.1)
  File "/Users/dinukaperera/opt/anaconda3/envs/flower_tutorial/lib/python3.10/site-packages/flwr/simulation/ray_transport/ray_client_proxy.py", line 147, in launch_and_fit
    client: Client = _create_client(client_fn, cid)
  File "/Users/dinukaperera/opt/anaconda3/envs/flower_tutorial/lib/python3.10/site-packages/flwr/simulation/ray_transport/ray_client_proxy.py", line 168, in _create_client
    client_like: ClientLike = client_fn(cid)
  File "/Users/dinukaperera/FLwithFlwr/flowertry/main.py", line 211, in client_fn
    trainloader=trainloaders[idx],
IndexError: list index out of range
[2026-01-15 21:55:45,044][flwr][ERROR] - [36mray::launch_and_fit()[39m (pid=4243, ip=127.0.0.1)
  File "/Users/dinukaperera/opt/anaconda3/envs/flower_tutorial/lib/python3.10/site-packages/flwr/simulation/ray_transport/ray_client_proxy.py", line 147, in launch_and_fit
    client: Client = _create_client(client_fn, cid)
  File "/Users/dinukaperera/opt/anaconda3/envs/flower_tutorial/lib/python3.10/site-packages/flwr/simulation/ray_transport/ray_client_proxy.py", line 168, in _create_client
    client_like: ClientLike = client_fn(cid)
  File "/Users/dinukaperera/FLwithFlwr/flowertry/main.py", line 211, in client_fn
    trainloader=trainloaders[idx],
IndexError: list index out of range
[2026-01-15 21:55:45,046][flwr][ERROR] - [36mray::launch_and_fit()[39m (pid=4245, ip=127.0.0.1)
  File "/Users/dinukaperera/opt/anaconda3/envs/flower_tutorial/lib/python3.10/site-packages/flwr/simulation/ray_transport/ray_client_proxy.py", line 147, in launch_and_fit
    client: Client = _create_client(client_fn, cid)
  File "/Users/dinukaperera/opt/anaconda3/envs/flower_tutorial/lib/python3.10/site-packages/flwr/simulation/ray_transport/ray_client_proxy.py", line 168, in _create_client
    client_like: ClientLike = client_fn(cid)
  File "/Users/dinukaperera/FLwithFlwr/flowertry/main.py", line 211, in client_fn
    trainloader=trainloaders[idx],
IndexError: list index out of range
[2026-01-15 21:55:45,047][flwr][ERROR] - [36mray::launch_and_fit()[39m (pid=4244, ip=127.0.0.1)
  File "/Users/dinukaperera/opt/anaconda3/envs/flower_tutorial/lib/python3.10/site-packages/flwr/simulation/ray_transport/ray_client_proxy.py", line 147, in launch_and_fit
    client: Client = _create_client(client_fn, cid)
  File "/Users/dinukaperera/opt/anaconda3/envs/flower_tutorial/lib/python3.10/site-packages/flwr/simulation/ray_transport/ray_client_proxy.py", line 168, in _create_client
    client_like: ClientLike = client_fn(cid)
  File "/Users/dinukaperera/FLwithFlwr/flowertry/main.py", line 211, in client_fn
    trainloader=trainloaders[idx],
IndexError: list index out of range
[2026-01-15 21:55:45,050][flwr][ERROR] - [36mray::launch_and_fit()[39m (pid=4252, ip=127.0.0.1)
  File "/Users/dinukaperera/opt/anaconda3/envs/flower_tutorial/lib/python3.10/site-packages/flwr/simulation/ray_transport/ray_client_proxy.py", line 147, in launch_and_fit
    client: Client = _create_client(client_fn, cid)
  File "/Users/dinukaperera/opt/anaconda3/envs/flower_tutorial/lib/python3.10/site-packages/flwr/simulation/ray_transport/ray_client_proxy.py", line 168, in _create_client
    client_like: ClientLike = client_fn(cid)
  File "/Users/dinukaperera/FLwithFlwr/flowertry/main.py", line 211, in client_fn
    trainloader=trainloaders[idx],
IndexError: list index out of range
[2026-01-15 21:55:45,050][flwr][ERROR] - [36mray::launch_and_fit()[39m (pid=4247, ip=127.0.0.1)
  File "/Users/dinukaperera/opt/anaconda3/envs/flower_tutorial/lib/python3.10/site-packages/flwr/simulation/ray_transport/ray_client_proxy.py", line 147, in launch_and_fit
    client: Client = _create_client(client_fn, cid)
  File "/Users/dinukaperera/opt/anaconda3/envs/flower_tutorial/lib/python3.10/site-packages/flwr/simulation/ray_transport/ray_client_proxy.py", line 168, in _create_client
    client_like: ClientLike = client_fn(cid)
  File "/Users/dinukaperera/FLwithFlwr/flowertry/main.py", line 211, in client_fn
    trainloader=trainloaders[idx],
IndexError: list index out of range
[2026-01-15 21:55:45,052][flwr][ERROR] - [36mray::launch_and_fit()[39m (pid=4248, ip=127.0.0.1)
  File "/Users/dinukaperera/opt/anaconda3/envs/flower_tutorial/lib/python3.10/site-packages/flwr/simulation/ray_transport/ray_client_proxy.py", line 147, in launch_and_fit
    client: Client = _create_client(client_fn, cid)
  File "/Users/dinukaperera/opt/anaconda3/envs/flower_tutorial/lib/python3.10/site-packages/flwr/simulation/ray_transport/ray_client_proxy.py", line 168, in _create_client
    client_like: ClientLike = client_fn(cid)
  File "/Users/dinukaperera/FLwithFlwr/flowertry/main.py", line 211, in client_fn
    trainloader=trainloaders[idx],
IndexError: list index out of range
[2026-01-15 21:55:45,054][flwr][ERROR] - [36mray::launch_and_fit()[39m (pid=4252, ip=127.0.0.1)
  File "/Users/dinukaperera/opt/anaconda3/envs/flower_tutorial/lib/python3.10/site-packages/flwr/simulation/ray_transport/ray_client_proxy.py", line 147, in launch_and_fit
    client: Client = _create_client(client_fn, cid)
  File "/Users/dinukaperera/opt/anaconda3/envs/flower_tutorial/lib/python3.10/site-packages/flwr/simulation/ray_transport/ray_client_proxy.py", line 168, in _create_client
    client_like: ClientLike = client_fn(cid)
  File "/Users/dinukaperera/FLwithFlwr/flowertry/main.py", line 211, in client_fn
    trainloader=trainloaders[idx],
IndexError: list index out of range
[2026-01-15 21:55:45,061][flwr][ERROR] - [36mray::launch_and_fit()[39m (pid=4248, ip=127.0.0.1)
  File "/Users/dinukaperera/opt/anaconda3/envs/flower_tutorial/lib/python3.10/site-packages/flwr/simulation/ray_transport/ray_client_proxy.py", line 147, in launch_and_fit
    client: Client = _create_client(client_fn, cid)
  File "/Users/dinukaperera/opt/anaconda3/envs/flower_tutorial/lib/python3.10/site-packages/flwr/simulation/ray_transport/ray_client_proxy.py", line 168, in _create_client
    client_like: ClientLike = client_fn(cid)
  File "/Users/dinukaperera/FLwithFlwr/flowertry/main.py", line 211, in client_fn
    trainloader=trainloaders[idx],
IndexError: list index out of range
[2026-01-15 21:55:45,064][flwr][ERROR] - [36mray::launch_and_fit()[39m (pid=4252, ip=127.0.0.1)
  File "/Users/dinukaperera/opt/anaconda3/envs/flower_tutorial/lib/python3.10/site-packages/flwr/simulation/ray_transport/ray_client_proxy.py", line 147, in launch_and_fit
    client: Client = _create_client(client_fn, cid)
  File "/Users/dinukaperera/opt/anaconda3/envs/flower_tutorial/lib/python3.10/site-packages/flwr/simulation/ray_transport/ray_client_proxy.py", line 168, in _create_client
    client_like: ClientLike = client_fn(cid)
  File "/Users/dinukaperera/FLwithFlwr/flowertry/main.py", line 211, in client_fn
    trainloader=trainloaders[idx],
IndexError: list index out of range
[2026-01-15 21:55:45,065][flwr][ERROR] - [36mray::launch_and_fit()[39m (pid=4243, ip=127.0.0.1)
  File "/Users/dinukaperera/opt/anaconda3/envs/flower_tutorial/lib/python3.10/site-packages/flwr/simulation/ray_transport/ray_client_proxy.py", line 147, in launch_and_fit
    client: Client = _create_client(client_fn, cid)
  File "/Users/dinukaperera/opt/anaconda3/envs/flower_tutorial/lib/python3.10/site-packages/flwr/simulation/ray_transport/ray_client_proxy.py", line 168, in _create_client
    client_like: ClientLike = client_fn(cid)
  File "/Users/dinukaperera/FLwithFlwr/flowertry/main.py", line 211, in client_fn
    trainloader=trainloaders[idx],
IndexError: list index out of range
[2026-01-15 21:55:45,069][flwr][ERROR] - [36mray::launch_and_fit()[39m (pid=4243, ip=127.0.0.1)
  File "/Users/dinukaperera/opt/anaconda3/envs/flower_tutorial/lib/python3.10/site-packages/flwr/simulation/ray_transport/ray_client_proxy.py", line 147, in launch_and_fit
    client: Client = _create_client(client_fn, cid)
  File "/Users/dinukaperera/opt/anaconda3/envs/flower_tutorial/lib/python3.10/site-packages/flwr/simulation/ray_transport/ray_client_proxy.py", line 168, in _create_client
    client_like: ClientLike = client_fn(cid)
  File "/Users/dinukaperera/FLwithFlwr/flowertry/main.py", line 211, in client_fn
    trainloader=trainloaders[idx],
IndexError: list index out of range
[2026-01-15 21:55:45,070][flwr][ERROR] - [36mray::launch_and_fit()[39m (pid=4252, ip=127.0.0.1)
  File "/Users/dinukaperera/opt/anaconda3/envs/flower_tutorial/lib/python3.10/site-packages/flwr/simulation/ray_transport/ray_client_proxy.py", line 147, in launch_and_fit
    client: Client = _create_client(client_fn, cid)
  File "/Users/dinukaperera/opt/anaconda3/envs/flower_tutorial/lib/python3.10/site-packages/flwr/simulation/ray_transport/ray_client_proxy.py", line 168, in _create_client
    client_like: ClientLike = client_fn(cid)
  File "/Users/dinukaperera/FLwithFlwr/flowertry/main.py", line 211, in client_fn
    trainloader=trainloaders[idx],
IndexError: list index out of range
[2026-01-15 21:55:45,070][flwr][ERROR] - [36mray::launch_and_fit()[39m (pid=4248, ip=127.0.0.1)
  File "/Users/dinukaperera/opt/anaconda3/envs/flower_tutorial/lib/python3.10/site-packages/flwr/simulation/ray_transport/ray_client_proxy.py", line 147, in launch_and_fit
    client: Client = _create_client(client_fn, cid)
  File "/Users/dinukaperera/opt/anaconda3/envs/flower_tutorial/lib/python3.10/site-packages/flwr/simulation/ray_transport/ray_client_proxy.py", line 168, in _create_client
    client_like: ClientLike = client_fn(cid)
  File "/Users/dinukaperera/FLwithFlwr/flowertry/main.py", line 211, in client_fn
    trainloader=trainloaders[idx],
IndexError: list index out of range
[2026-01-15 21:55:45,073][flwr][ERROR] - [36mray::launch_and_fit()[39m (pid=4244, ip=127.0.0.1)
  File "/Users/dinukaperera/opt/anaconda3/envs/flower_tutorial/lib/python3.10/site-packages/flwr/simulation/ray_transport/ray_client_proxy.py", line 147, in launch_and_fit
    client: Client = _create_client(client_fn, cid)
  File "/Users/dinukaperera/opt/anaconda3/envs/flower_tutorial/lib/python3.10/site-packages/flwr/simulation/ray_transport/ray_client_proxy.py", line 168, in _create_client
    client_like: ClientLike = client_fn(cid)
  File "/Users/dinukaperera/FLwithFlwr/flowertry/main.py", line 211, in client_fn
    trainloader=trainloaders[idx],
IndexError: list index out of range
[2026-01-15 21:55:45,082][flwr][ERROR] - [36mray::launch_and_fit()[39m (pid=4252, ip=127.0.0.1)
  File "/Users/dinukaperera/opt/anaconda3/envs/flower_tutorial/lib/python3.10/site-packages/flwr/simulation/ray_transport/ray_client_proxy.py", line 147, in launch_and_fit
    client: Client = _create_client(client_fn, cid)
  File "/Users/dinukaperera/opt/anaconda3/envs/flower_tutorial/lib/python3.10/site-packages/flwr/simulation/ray_transport/ray_client_proxy.py", line 168, in _create_client
    client_like: ClientLike = client_fn(cid)
  File "/Users/dinukaperera/FLwithFlwr/flowertry/main.py", line 211, in client_fn
    trainloader=trainloaders[idx],
IndexError: list index out of range
[2026-01-15 21:56:08,492][flwr][DEBUG] - fit_round 9 received 3 results and 17 failures
[2026-01-15 21:56:08,959][flwr][INFO] - fit progress: (9, 0.9419275446206674, {'rmse': 11394.349827875218, 'mae': 5465.806640625, 'r2': -0.03623137611790739}, 226.82841916600592)
[2026-01-15 21:56:08,959][flwr][DEBUG] - evaluate_round 9: strategy sampled 20 clients (out of 20)
[2026-01-15 21:56:08,986][flwr][ERROR] - [36mray::launch_and_evaluate()[39m (pid=4243, ip=127.0.0.1)
  File "/Users/dinukaperera/opt/anaconda3/envs/flower_tutorial/lib/python3.10/site-packages/flwr/simulation/ray_transport/ray_client_proxy.py", line 159, in launch_and_evaluate
    client: Client = _create_client(client_fn, cid)
  File "/Users/dinukaperera/opt/anaconda3/envs/flower_tutorial/lib/python3.10/site-packages/flwr/simulation/ray_transport/ray_client_proxy.py", line 168, in _create_client
    client_like: ClientLike = client_fn(cid)
  File "/Users/dinukaperera/FLwithFlwr/flowertry/main.py", line 211, in client_fn
    trainloader=trainloaders[idx],
IndexError: list index out of range
[2026-01-15 21:56:09,001][flwr][ERROR] - [36mray::launch_and_evaluate()[39m (pid=4243, ip=127.0.0.1)
  File "/Users/dinukaperera/opt/anaconda3/envs/flower_tutorial/lib/python3.10/site-packages/flwr/simulation/ray_transport/ray_client_proxy.py", line 159, in launch_and_evaluate
    client: Client = _create_client(client_fn, cid)
  File "/Users/dinukaperera/opt/anaconda3/envs/flower_tutorial/lib/python3.10/site-packages/flwr/simulation/ray_transport/ray_client_proxy.py", line 168, in _create_client
    client_like: ClientLike = client_fn(cid)
  File "/Users/dinukaperera/FLwithFlwr/flowertry/main.py", line 211, in client_fn
    trainloader=trainloaders[idx],
IndexError: list index out of range
[2026-01-15 21:56:09,005][flwr][ERROR] - [36mray::launch_and_evaluate()[39m (pid=4243, ip=127.0.0.1)
  File "/Users/dinukaperera/opt/anaconda3/envs/flower_tutorial/lib/python3.10/site-packages/flwr/simulation/ray_transport/ray_client_proxy.py", line 159, in launch_and_evaluate
    client: Client = _create_client(client_fn, cid)
  File "/Users/dinukaperera/opt/anaconda3/envs/flower_tutorial/lib/python3.10/site-packages/flwr/simulation/ray_transport/ray_client_proxy.py", line 168, in _create_client
    client_like: ClientLike = client_fn(cid)
  File "/Users/dinukaperera/FLwithFlwr/flowertry/main.py", line 211, in client_fn
    trainloader=trainloaders[idx],
IndexError: list index out of range
[2026-01-15 21:56:09,006][flwr][ERROR] - [36mray::launch_and_evaluate()[39m (pid=4245, ip=127.0.0.1)
  File "/Users/dinukaperera/opt/anaconda3/envs/flower_tutorial/lib/python3.10/site-packages/flwr/simulation/ray_transport/ray_client_proxy.py", line 159, in launch_and_evaluate
    client: Client = _create_client(client_fn, cid)
  File "/Users/dinukaperera/opt/anaconda3/envs/flower_tutorial/lib/python3.10/site-packages/flwr/simulation/ray_transport/ray_client_proxy.py", line 168, in _create_client
    client_like: ClientLike = client_fn(cid)
  File "/Users/dinukaperera/FLwithFlwr/flowertry/main.py", line 211, in client_fn
    trainloader=trainloaders[idx],
IndexError: list index out of range
[2026-01-15 21:56:09,012][flwr][ERROR] - [36mray::launch_and_evaluate()[39m (pid=4243, ip=127.0.0.1)
  File "/Users/dinukaperera/opt/anaconda3/envs/flower_tutorial/lib/python3.10/site-packages/flwr/simulation/ray_transport/ray_client_proxy.py", line 159, in launch_and_evaluate
    client: Client = _create_client(client_fn, cid)
  File "/Users/dinukaperera/opt/anaconda3/envs/flower_tutorial/lib/python3.10/site-packages/flwr/simulation/ray_transport/ray_client_proxy.py", line 168, in _create_client
    client_like: ClientLike = client_fn(cid)
  File "/Users/dinukaperera/FLwithFlwr/flowertry/main.py", line 211, in client_fn
    trainloader=trainloaders[idx],
IndexError: list index out of range
[2026-01-15 21:56:09,021][flwr][ERROR] - [36mray::launch_and_evaluate()[39m (pid=4245, ip=127.0.0.1)
  File "/Users/dinukaperera/opt/anaconda3/envs/flower_tutorial/lib/python3.10/site-packages/flwr/simulation/ray_transport/ray_client_proxy.py", line 159, in launch_and_evaluate
    client: Client = _create_client(client_fn, cid)
  File "/Users/dinukaperera/opt/anaconda3/envs/flower_tutorial/lib/python3.10/site-packages/flwr/simulation/ray_transport/ray_client_proxy.py", line 168, in _create_client
    client_like: ClientLike = client_fn(cid)
  File "/Users/dinukaperera/FLwithFlwr/flowertry/main.py", line 211, in client_fn
    trainloader=trainloaders[idx],
IndexError: list index out of range
[2026-01-15 21:56:09,026][flwr][ERROR] - [36mray::launch_and_evaluate()[39m (pid=4247, ip=127.0.0.1)
  File "/Users/dinukaperera/opt/anaconda3/envs/flower_tutorial/lib/python3.10/site-packages/flwr/simulation/ray_transport/ray_client_proxy.py", line 159, in launch_and_evaluate
    client: Client = _create_client(client_fn, cid)
  File "/Users/dinukaperera/opt/anaconda3/envs/flower_tutorial/lib/python3.10/site-packages/flwr/simulation/ray_transport/ray_client_proxy.py", line 168, in _create_client
    client_like: ClientLike = client_fn(cid)
  File "/Users/dinukaperera/FLwithFlwr/flowertry/main.py", line 211, in client_fn
    trainloader=trainloaders[idx],
IndexError: list index out of range
[2026-01-15 21:56:09,034][flwr][ERROR] - [36mray::launch_and_evaluate()[39m (pid=4247, ip=127.0.0.1)
  File "/Users/dinukaperera/opt/anaconda3/envs/flower_tutorial/lib/python3.10/site-packages/flwr/simulation/ray_transport/ray_client_proxy.py", line 159, in launch_and_evaluate
    client: Client = _create_client(client_fn, cid)
  File "/Users/dinukaperera/opt/anaconda3/envs/flower_tutorial/lib/python3.10/site-packages/flwr/simulation/ray_transport/ray_client_proxy.py", line 168, in _create_client
    client_like: ClientLike = client_fn(cid)
  File "/Users/dinukaperera/FLwithFlwr/flowertry/main.py", line 211, in client_fn
    trainloader=trainloaders[idx],
IndexError: list index out of range
[2026-01-15 21:56:09,034][flwr][ERROR] - [36mray::launch_and_evaluate()[39m (pid=4245, ip=127.0.0.1)
  File "/Users/dinukaperera/opt/anaconda3/envs/flower_tutorial/lib/python3.10/site-packages/flwr/simulation/ray_transport/ray_client_proxy.py", line 159, in launch_and_evaluate
    client: Client = _create_client(client_fn, cid)
  File "/Users/dinukaperera/opt/anaconda3/envs/flower_tutorial/lib/python3.10/site-packages/flwr/simulation/ray_transport/ray_client_proxy.py", line 168, in _create_client
    client_like: ClientLike = client_fn(cid)
  File "/Users/dinukaperera/FLwithFlwr/flowertry/main.py", line 211, in client_fn
    trainloader=trainloaders[idx],
IndexError: list index out of range
[2026-01-15 21:56:09,034][flwr][ERROR] - [36mray::launch_and_evaluate()[39m (pid=4248, ip=127.0.0.1)
  File "/Users/dinukaperera/opt/anaconda3/envs/flower_tutorial/lib/python3.10/site-packages/flwr/simulation/ray_transport/ray_client_proxy.py", line 159, in launch_and_evaluate
    client: Client = _create_client(client_fn, cid)
  File "/Users/dinukaperera/opt/anaconda3/envs/flower_tutorial/lib/python3.10/site-packages/flwr/simulation/ray_transport/ray_client_proxy.py", line 168, in _create_client
    client_like: ClientLike = client_fn(cid)
  File "/Users/dinukaperera/FLwithFlwr/flowertry/main.py", line 211, in client_fn
    trainloader=trainloaders[idx],
IndexError: list index out of range
[2026-01-15 21:56:09,035][flwr][ERROR] - [36mray::launch_and_evaluate()[39m (pid=4243, ip=127.0.0.1)
  File "/Users/dinukaperera/opt/anaconda3/envs/flower_tutorial/lib/python3.10/site-packages/flwr/simulation/ray_transport/ray_client_proxy.py", line 159, in launch_and_evaluate
    client: Client = _create_client(client_fn, cid)
  File "/Users/dinukaperera/opt/anaconda3/envs/flower_tutorial/lib/python3.10/site-packages/flwr/simulation/ray_transport/ray_client_proxy.py", line 168, in _create_client
    client_like: ClientLike = client_fn(cid)
  File "/Users/dinukaperera/FLwithFlwr/flowertry/main.py", line 211, in client_fn
    trainloader=trainloaders[idx],
IndexError: list index out of range
[2026-01-15 21:56:09,035][flwr][ERROR] - [36mray::launch_and_evaluate()[39m (pid=4252, ip=127.0.0.1)
  File "/Users/dinukaperera/opt/anaconda3/envs/flower_tutorial/lib/python3.10/site-packages/flwr/simulation/ray_transport/ray_client_proxy.py", line 159, in launch_and_evaluate
    client: Client = _create_client(client_fn, cid)
  File "/Users/dinukaperera/opt/anaconda3/envs/flower_tutorial/lib/python3.10/site-packages/flwr/simulation/ray_transport/ray_client_proxy.py", line 168, in _create_client
    client_like: ClientLike = client_fn(cid)
  File "/Users/dinukaperera/FLwithFlwr/flowertry/main.py", line 211, in client_fn
    trainloader=trainloaders[idx],
IndexError: list index out of range
[2026-01-15 21:56:09,036][flwr][ERROR] - [36mray::launch_and_evaluate()[39m (pid=4244, ip=127.0.0.1)
  File "/Users/dinukaperera/opt/anaconda3/envs/flower_tutorial/lib/python3.10/site-packages/flwr/simulation/ray_transport/ray_client_proxy.py", line 159, in launch_and_evaluate
    client: Client = _create_client(client_fn, cid)
  File "/Users/dinukaperera/opt/anaconda3/envs/flower_tutorial/lib/python3.10/site-packages/flwr/simulation/ray_transport/ray_client_proxy.py", line 168, in _create_client
    client_like: ClientLike = client_fn(cid)
  File "/Users/dinukaperera/FLwithFlwr/flowertry/main.py", line 211, in client_fn
    trainloader=trainloaders[idx],
IndexError: list index out of range
[2026-01-15 21:56:09,042][flwr][ERROR] - [36mray::launch_and_evaluate()[39m (pid=4248, ip=127.0.0.1)
  File "/Users/dinukaperera/opt/anaconda3/envs/flower_tutorial/lib/python3.10/site-packages/flwr/simulation/ray_transport/ray_client_proxy.py", line 159, in launch_and_evaluate
    client: Client = _create_client(client_fn, cid)
  File "/Users/dinukaperera/opt/anaconda3/envs/flower_tutorial/lib/python3.10/site-packages/flwr/simulation/ray_transport/ray_client_proxy.py", line 168, in _create_client
    client_like: ClientLike = client_fn(cid)
  File "/Users/dinukaperera/FLwithFlwr/flowertry/main.py", line 211, in client_fn
    trainloader=trainloaders[idx],
IndexError: list index out of range
[2026-01-15 21:56:09,043][flwr][ERROR] - [36mray::launch_and_evaluate()[39m (pid=4243, ip=127.0.0.1)
  File "/Users/dinukaperera/opt/anaconda3/envs/flower_tutorial/lib/python3.10/site-packages/flwr/simulation/ray_transport/ray_client_proxy.py", line 159, in launch_and_evaluate
    client: Client = _create_client(client_fn, cid)
  File "/Users/dinukaperera/opt/anaconda3/envs/flower_tutorial/lib/python3.10/site-packages/flwr/simulation/ray_transport/ray_client_proxy.py", line 168, in _create_client
    client_like: ClientLike = client_fn(cid)
  File "/Users/dinukaperera/FLwithFlwr/flowertry/main.py", line 211, in client_fn
    trainloader=trainloaders[idx],
IndexError: list index out of range
[2026-01-15 21:56:09,044][flwr][ERROR] - [36mray::launch_and_evaluate()[39m (pid=4245, ip=127.0.0.1)
  File "/Users/dinukaperera/opt/anaconda3/envs/flower_tutorial/lib/python3.10/site-packages/flwr/simulation/ray_transport/ray_client_proxy.py", line 159, in launch_and_evaluate
    client: Client = _create_client(client_fn, cid)
  File "/Users/dinukaperera/opt/anaconda3/envs/flower_tutorial/lib/python3.10/site-packages/flwr/simulation/ray_transport/ray_client_proxy.py", line 168, in _create_client
    client_like: ClientLike = client_fn(cid)
  File "/Users/dinukaperera/FLwithFlwr/flowertry/main.py", line 211, in client_fn
    trainloader=trainloaders[idx],
IndexError: list index out of range
[2026-01-15 21:56:09,047][flwr][ERROR] - [36mray::launch_and_evaluate()[39m (pid=4244, ip=127.0.0.1)
  File "/Users/dinukaperera/opt/anaconda3/envs/flower_tutorial/lib/python3.10/site-packages/flwr/simulation/ray_transport/ray_client_proxy.py", line 159, in launch_and_evaluate
    client: Client = _create_client(client_fn, cid)
  File "/Users/dinukaperera/opt/anaconda3/envs/flower_tutorial/lib/python3.10/site-packages/flwr/simulation/ray_transport/ray_client_proxy.py", line 168, in _create_client
    client_like: ClientLike = client_fn(cid)
  File "/Users/dinukaperera/FLwithFlwr/flowertry/main.py", line 211, in client_fn
    trainloader=trainloaders[idx],
IndexError: list index out of range
[2026-01-15 21:56:09,302][flwr][DEBUG] - evaluate_round 9 received 3 results and 17 failures
[2026-01-15 21:56:09,303][flwr][DEBUG] - fit_round 10: strategy sampled 20 clients (out of 20)
[2026-01-15 21:56:09,319][flwr][ERROR] - [36mray::launch_and_fit()[39m (pid=4252, ip=127.0.0.1)
  File "/Users/dinukaperera/opt/anaconda3/envs/flower_tutorial/lib/python3.10/site-packages/flwr/simulation/ray_transport/ray_client_proxy.py", line 147, in launch_and_fit
    client: Client = _create_client(client_fn, cid)
  File "/Users/dinukaperera/opt/anaconda3/envs/flower_tutorial/lib/python3.10/site-packages/flwr/simulation/ray_transport/ray_client_proxy.py", line 168, in _create_client
    client_like: ClientLike = client_fn(cid)
  File "/Users/dinukaperera/FLwithFlwr/flowertry/main.py", line 211, in client_fn
    trainloader=trainloaders[idx],
IndexError: list index out of range
[2026-01-15 21:56:09,323][flwr][ERROR] - [36mray::launch_and_fit()[39m (pid=4248, ip=127.0.0.1)
  File "/Users/dinukaperera/opt/anaconda3/envs/flower_tutorial/lib/python3.10/site-packages/flwr/simulation/ray_transport/ray_client_proxy.py", line 147, in launch_and_fit
    client: Client = _create_client(client_fn, cid)
  File "/Users/dinukaperera/opt/anaconda3/envs/flower_tutorial/lib/python3.10/site-packages/flwr/simulation/ray_transport/ray_client_proxy.py", line 168, in _create_client
    client_like: ClientLike = client_fn(cid)
  File "/Users/dinukaperera/FLwithFlwr/flowertry/main.py", line 211, in client_fn
    trainloader=trainloaders[idx],
IndexError: list index out of range
[2026-01-15 21:56:09,327][flwr][ERROR] - [36mray::launch_and_fit()[39m (pid=4248, ip=127.0.0.1)
  File "/Users/dinukaperera/opt/anaconda3/envs/flower_tutorial/lib/python3.10/site-packages/flwr/simulation/ray_transport/ray_client_proxy.py", line 147, in launch_and_fit
    client: Client = _create_client(client_fn, cid)
  File "/Users/dinukaperera/opt/anaconda3/envs/flower_tutorial/lib/python3.10/site-packages/flwr/simulation/ray_transport/ray_client_proxy.py", line 168, in _create_client
    client_like: ClientLike = client_fn(cid)
  File "/Users/dinukaperera/FLwithFlwr/flowertry/main.py", line 211, in client_fn
    trainloader=trainloaders[idx],
IndexError: list index out of range
[2026-01-15 21:56:09,330][flwr][ERROR] - [36mray::launch_and_fit()[39m (pid=4252, ip=127.0.0.1)
  File "/Users/dinukaperera/opt/anaconda3/envs/flower_tutorial/lib/python3.10/site-packages/flwr/simulation/ray_transport/ray_client_proxy.py", line 147, in launch_and_fit
    client: Client = _create_client(client_fn, cid)
  File "/Users/dinukaperera/opt/anaconda3/envs/flower_tutorial/lib/python3.10/site-packages/flwr/simulation/ray_transport/ray_client_proxy.py", line 168, in _create_client
    client_like: ClientLike = client_fn(cid)
  File "/Users/dinukaperera/FLwithFlwr/flowertry/main.py", line 211, in client_fn
    trainloader=trainloaders[idx],
IndexError: list index out of range
[2026-01-15 21:56:09,340][flwr][ERROR] - [36mray::launch_and_fit()[39m (pid=4245, ip=127.0.0.1)
  File "/Users/dinukaperera/opt/anaconda3/envs/flower_tutorial/lib/python3.10/site-packages/flwr/simulation/ray_transport/ray_client_proxy.py", line 147, in launch_and_fit
    client: Client = _create_client(client_fn, cid)
  File "/Users/dinukaperera/opt/anaconda3/envs/flower_tutorial/lib/python3.10/site-packages/flwr/simulation/ray_transport/ray_client_proxy.py", line 168, in _create_client
    client_like: ClientLike = client_fn(cid)
  File "/Users/dinukaperera/FLwithFlwr/flowertry/main.py", line 211, in client_fn
    trainloader=trainloaders[idx],
IndexError: list index out of range
[2026-01-15 21:56:09,342][flwr][ERROR] - [36mray::launch_and_fit()[39m (pid=4252, ip=127.0.0.1)
  File "/Users/dinukaperera/opt/anaconda3/envs/flower_tutorial/lib/python3.10/site-packages/flwr/simulation/ray_transport/ray_client_proxy.py", line 147, in launch_and_fit
    client: Client = _create_client(client_fn, cid)
  File "/Users/dinukaperera/opt/anaconda3/envs/flower_tutorial/lib/python3.10/site-packages/flwr/simulation/ray_transport/ray_client_proxy.py", line 168, in _create_client
    client_like: ClientLike = client_fn(cid)
  File "/Users/dinukaperera/FLwithFlwr/flowertry/main.py", line 211, in client_fn
    trainloader=trainloaders[idx],
IndexError: list index out of range
[2026-01-15 21:56:09,342][flwr][ERROR] - [36mray::launch_and_fit()[39m (pid=4248, ip=127.0.0.1)
  File "/Users/dinukaperera/opt/anaconda3/envs/flower_tutorial/lib/python3.10/site-packages/flwr/simulation/ray_transport/ray_client_proxy.py", line 147, in launch_and_fit
    client: Client = _create_client(client_fn, cid)
  File "/Users/dinukaperera/opt/anaconda3/envs/flower_tutorial/lib/python3.10/site-packages/flwr/simulation/ray_transport/ray_client_proxy.py", line 168, in _create_client
    client_like: ClientLike = client_fn(cid)
  File "/Users/dinukaperera/FLwithFlwr/flowertry/main.py", line 211, in client_fn
    trainloader=trainloaders[idx],
IndexError: list index out of range
[2026-01-15 21:56:09,342][flwr][ERROR] - [36mray::launch_and_fit()[39m (pid=4243, ip=127.0.0.1)
  File "/Users/dinukaperera/opt/anaconda3/envs/flower_tutorial/lib/python3.10/site-packages/flwr/simulation/ray_transport/ray_client_proxy.py", line 147, in launch_and_fit
    client: Client = _create_client(client_fn, cid)
  File "/Users/dinukaperera/opt/anaconda3/envs/flower_tutorial/lib/python3.10/site-packages/flwr/simulation/ray_transport/ray_client_proxy.py", line 168, in _create_client
    client_like: ClientLike = client_fn(cid)
  File "/Users/dinukaperera/FLwithFlwr/flowertry/main.py", line 211, in client_fn
    trainloader=trainloaders[idx],
IndexError: list index out of range
[2026-01-15 21:56:09,344][flwr][ERROR] - [36mray::launch_and_fit()[39m (pid=4252, ip=127.0.0.1)
  File "/Users/dinukaperera/opt/anaconda3/envs/flower_tutorial/lib/python3.10/site-packages/flwr/simulation/ray_transport/ray_client_proxy.py", line 147, in launch_and_fit
    client: Client = _create_client(client_fn, cid)
  File "/Users/dinukaperera/opt/anaconda3/envs/flower_tutorial/lib/python3.10/site-packages/flwr/simulation/ray_transport/ray_client_proxy.py", line 168, in _create_client
    client_like: ClientLike = client_fn(cid)
  File "/Users/dinukaperera/FLwithFlwr/flowertry/main.py", line 211, in client_fn
    trainloader=trainloaders[idx],
IndexError: list index out of range
[2026-01-15 21:56:09,347][flwr][ERROR] - [36mray::launch_and_fit()[39m (pid=4244, ip=127.0.0.1)
  File "/Users/dinukaperera/opt/anaconda3/envs/flower_tutorial/lib/python3.10/site-packages/flwr/simulation/ray_transport/ray_client_proxy.py", line 147, in launch_and_fit
    client: Client = _create_client(client_fn, cid)
  File "/Users/dinukaperera/opt/anaconda3/envs/flower_tutorial/lib/python3.10/site-packages/flwr/simulation/ray_transport/ray_client_proxy.py", line 168, in _create_client
    client_like: ClientLike = client_fn(cid)
  File "/Users/dinukaperera/FLwithFlwr/flowertry/main.py", line 211, in client_fn
    trainloader=trainloaders[idx],
IndexError: list index out of range
[2026-01-15 21:56:09,354][flwr][ERROR] - [36mray::launch_and_fit()[39m (pid=4245, ip=127.0.0.1)
  File "/Users/dinukaperera/opt/anaconda3/envs/flower_tutorial/lib/python3.10/site-packages/flwr/simulation/ray_transport/ray_client_proxy.py", line 147, in launch_and_fit
    client: Client = _create_client(client_fn, cid)
  File "/Users/dinukaperera/opt/anaconda3/envs/flower_tutorial/lib/python3.10/site-packages/flwr/simulation/ray_transport/ray_client_proxy.py", line 168, in _create_client
    client_like: ClientLike = client_fn(cid)
  File "/Users/dinukaperera/FLwithFlwr/flowertry/main.py", line 211, in client_fn
    trainloader=trainloaders[idx],
IndexError: list index out of range
[2026-01-15 21:56:09,355][flwr][ERROR] - [36mray::launch_and_fit()[39m (pid=4252, ip=127.0.0.1)
  File "/Users/dinukaperera/opt/anaconda3/envs/flower_tutorial/lib/python3.10/site-packages/flwr/simulation/ray_transport/ray_client_proxy.py", line 147, in launch_and_fit
    client: Client = _create_client(client_fn, cid)
  File "/Users/dinukaperera/opt/anaconda3/envs/flower_tutorial/lib/python3.10/site-packages/flwr/simulation/ray_transport/ray_client_proxy.py", line 168, in _create_client
    client_like: ClientLike = client_fn(cid)
  File "/Users/dinukaperera/FLwithFlwr/flowertry/main.py", line 211, in client_fn
    trainloader=trainloaders[idx],
IndexError: list index out of range
[2026-01-15 21:56:09,356][flwr][ERROR] - [36mray::launch_and_fit()[39m (pid=4244, ip=127.0.0.1)
  File "/Users/dinukaperera/opt/anaconda3/envs/flower_tutorial/lib/python3.10/site-packages/flwr/simulation/ray_transport/ray_client_proxy.py", line 147, in launch_and_fit
    client: Client = _create_client(client_fn, cid)
  File "/Users/dinukaperera/opt/anaconda3/envs/flower_tutorial/lib/python3.10/site-packages/flwr/simulation/ray_transport/ray_client_proxy.py", line 168, in _create_client
    client_like: ClientLike = client_fn(cid)
  File "/Users/dinukaperera/FLwithFlwr/flowertry/main.py", line 211, in client_fn
    trainloader=trainloaders[idx],
IndexError: list index out of range
[2026-01-15 21:56:09,358][flwr][ERROR] - [36mray::launch_and_fit()[39m (pid=4248, ip=127.0.0.1)
  File "/Users/dinukaperera/opt/anaconda3/envs/flower_tutorial/lib/python3.10/site-packages/flwr/simulation/ray_transport/ray_client_proxy.py", line 147, in launch_and_fit
    client: Client = _create_client(client_fn, cid)
  File "/Users/dinukaperera/opt/anaconda3/envs/flower_tutorial/lib/python3.10/site-packages/flwr/simulation/ray_transport/ray_client_proxy.py", line 168, in _create_client
    client_like: ClientLike = client_fn(cid)
  File "/Users/dinukaperera/FLwithFlwr/flowertry/main.py", line 211, in client_fn
    trainloader=trainloaders[idx],
IndexError: list index out of range
[2026-01-15 21:56:09,363][flwr][ERROR] - [36mray::launch_and_fit()[39m (pid=4245, ip=127.0.0.1)
  File "/Users/dinukaperera/opt/anaconda3/envs/flower_tutorial/lib/python3.10/site-packages/flwr/simulation/ray_transport/ray_client_proxy.py", line 147, in launch_and_fit
    client: Client = _create_client(client_fn, cid)
  File "/Users/dinukaperera/opt/anaconda3/envs/flower_tutorial/lib/python3.10/site-packages/flwr/simulation/ray_transport/ray_client_proxy.py", line 168, in _create_client
    client_like: ClientLike = client_fn(cid)
  File "/Users/dinukaperera/FLwithFlwr/flowertry/main.py", line 211, in client_fn
    trainloader=trainloaders[idx],
IndexError: list index out of range
[2026-01-15 21:56:09,365][flwr][ERROR] - [36mray::launch_and_fit()[39m (pid=4252, ip=127.0.0.1)
  File "/Users/dinukaperera/opt/anaconda3/envs/flower_tutorial/lib/python3.10/site-packages/flwr/simulation/ray_transport/ray_client_proxy.py", line 147, in launch_and_fit
    client: Client = _create_client(client_fn, cid)
  File "/Users/dinukaperera/opt/anaconda3/envs/flower_tutorial/lib/python3.10/site-packages/flwr/simulation/ray_transport/ray_client_proxy.py", line 168, in _create_client
    client_like: ClientLike = client_fn(cid)
  File "/Users/dinukaperera/FLwithFlwr/flowertry/main.py", line 211, in client_fn
    trainloader=trainloaders[idx],
IndexError: list index out of range
[2026-01-15 21:56:09,378][flwr][ERROR] - [36mray::launch_and_fit()[39m (pid=4246, ip=127.0.0.1)
  File "/Users/dinukaperera/opt/anaconda3/envs/flower_tutorial/lib/python3.10/site-packages/flwr/simulation/ray_transport/ray_client_proxy.py", line 147, in launch_and_fit
    client: Client = _create_client(client_fn, cid)
  File "/Users/dinukaperera/opt/anaconda3/envs/flower_tutorial/lib/python3.10/site-packages/flwr/simulation/ray_transport/ray_client_proxy.py", line 168, in _create_client
    client_like: ClientLike = client_fn(cid)
  File "/Users/dinukaperera/FLwithFlwr/flowertry/main.py", line 211, in client_fn
    trainloader=trainloaders[idx],
IndexError: list index out of range
[2026-01-15 21:56:30,904][flwr][DEBUG] - fit_round 10 received 3 results and 17 failures
[2026-01-15 21:56:31,353][flwr][INFO] - fit progress: (10, 0.939700176466715, {'rmse': 11380.870616960725, 'mae': 5392.04150390625, 'r2': -0.03378110170720072}, 249.22264858300332)
[2026-01-15 21:56:31,353][flwr][DEBUG] - evaluate_round 10: strategy sampled 20 clients (out of 20)
[2026-01-15 21:56:31,369][flwr][ERROR] - [36mray::launch_and_evaluate()[39m (pid=4244, ip=127.0.0.1)
  File "/Users/dinukaperera/opt/anaconda3/envs/flower_tutorial/lib/python3.10/site-packages/flwr/simulation/ray_transport/ray_client_proxy.py", line 159, in launch_and_evaluate
    client: Client = _create_client(client_fn, cid)
  File "/Users/dinukaperera/opt/anaconda3/envs/flower_tutorial/lib/python3.10/site-packages/flwr/simulation/ray_transport/ray_client_proxy.py", line 168, in _create_client
    client_like: ClientLike = client_fn(cid)
  File "/Users/dinukaperera/FLwithFlwr/flowertry/main.py", line 211, in client_fn
    trainloader=trainloaders[idx],
IndexError: list index out of range
[2026-01-15 21:56:31,370][flwr][ERROR] - [36mray::launch_and_evaluate()[39m (pid=4247, ip=127.0.0.1)
  File "/Users/dinukaperera/opt/anaconda3/envs/flower_tutorial/lib/python3.10/site-packages/flwr/simulation/ray_transport/ray_client_proxy.py", line 159, in launch_and_evaluate
    client: Client = _create_client(client_fn, cid)
  File "/Users/dinukaperera/opt/anaconda3/envs/flower_tutorial/lib/python3.10/site-packages/flwr/simulation/ray_transport/ray_client_proxy.py", line 168, in _create_client
    client_like: ClientLike = client_fn(cid)
  File "/Users/dinukaperera/FLwithFlwr/flowertry/main.py", line 211, in client_fn
    trainloader=trainloaders[idx],
IndexError: list index out of range
[2026-01-15 21:56:31,375][flwr][ERROR] - [36mray::launch_and_evaluate()[39m (pid=4243, ip=127.0.0.1)
  File "/Users/dinukaperera/opt/anaconda3/envs/flower_tutorial/lib/python3.10/site-packages/flwr/simulation/ray_transport/ray_client_proxy.py", line 159, in launch_and_evaluate
    client: Client = _create_client(client_fn, cid)
  File "/Users/dinukaperera/opt/anaconda3/envs/flower_tutorial/lib/python3.10/site-packages/flwr/simulation/ray_transport/ray_client_proxy.py", line 168, in _create_client
    client_like: ClientLike = client_fn(cid)
  File "/Users/dinukaperera/FLwithFlwr/flowertry/main.py", line 211, in client_fn
    trainloader=trainloaders[idx],
IndexError: list index out of range
[2026-01-15 21:56:31,377][flwr][ERROR] - [36mray::launch_and_evaluate()[39m (pid=4244, ip=127.0.0.1)
  File "/Users/dinukaperera/opt/anaconda3/envs/flower_tutorial/lib/python3.10/site-packages/flwr/simulation/ray_transport/ray_client_proxy.py", line 159, in launch_and_evaluate
    client: Client = _create_client(client_fn, cid)
  File "/Users/dinukaperera/opt/anaconda3/envs/flower_tutorial/lib/python3.10/site-packages/flwr/simulation/ray_transport/ray_client_proxy.py", line 168, in _create_client
    client_like: ClientLike = client_fn(cid)
  File "/Users/dinukaperera/FLwithFlwr/flowertry/main.py", line 211, in client_fn
    trainloader=trainloaders[idx],
IndexError: list index out of range
[2026-01-15 21:56:31,378][flwr][ERROR] - [36mray::launch_and_evaluate()[39m (pid=4246, ip=127.0.0.1)
  File "/Users/dinukaperera/opt/anaconda3/envs/flower_tutorial/lib/python3.10/site-packages/flwr/simulation/ray_transport/ray_client_proxy.py", line 159, in launch_and_evaluate
    client: Client = _create_client(client_fn, cid)
  File "/Users/dinukaperera/opt/anaconda3/envs/flower_tutorial/lib/python3.10/site-packages/flwr/simulation/ray_transport/ray_client_proxy.py", line 168, in _create_client
    client_like: ClientLike = client_fn(cid)
  File "/Users/dinukaperera/FLwithFlwr/flowertry/main.py", line 211, in client_fn
    trainloader=trainloaders[idx],
IndexError: list index out of range
[2026-01-15 21:56:31,388][flwr][ERROR] - [36mray::launch_and_evaluate()[39m (pid=4246, ip=127.0.0.1)
  File "/Users/dinukaperera/opt/anaconda3/envs/flower_tutorial/lib/python3.10/site-packages/flwr/simulation/ray_transport/ray_client_proxy.py", line 159, in launch_and_evaluate
    client: Client = _create_client(client_fn, cid)
  File "/Users/dinukaperera/opt/anaconda3/envs/flower_tutorial/lib/python3.10/site-packages/flwr/simulation/ray_transport/ray_client_proxy.py", line 168, in _create_client
    client_like: ClientLike = client_fn(cid)
  File "/Users/dinukaperera/FLwithFlwr/flowertry/main.py", line 211, in client_fn
    trainloader=trainloaders[idx],
IndexError: list index out of range
[2026-01-15 21:56:31,388][flwr][ERROR] - [36mray::launch_and_evaluate()[39m (pid=4243, ip=127.0.0.1)
  File "/Users/dinukaperera/opt/anaconda3/envs/flower_tutorial/lib/python3.10/site-packages/flwr/simulation/ray_transport/ray_client_proxy.py", line 159, in launch_and_evaluate
    client: Client = _create_client(client_fn, cid)
  File "/Users/dinukaperera/opt/anaconda3/envs/flower_tutorial/lib/python3.10/site-packages/flwr/simulation/ray_transport/ray_client_proxy.py", line 168, in _create_client
    client_like: ClientLike = client_fn(cid)
  File "/Users/dinukaperera/FLwithFlwr/flowertry/main.py", line 211, in client_fn
    trainloader=trainloaders[idx],
IndexError: list index out of range
[2026-01-15 21:56:31,394][flwr][ERROR] - [36mray::launch_and_evaluate()[39m (pid=4247, ip=127.0.0.1)
  File "/Users/dinukaperera/opt/anaconda3/envs/flower_tutorial/lib/python3.10/site-packages/flwr/simulation/ray_transport/ray_client_proxy.py", line 159, in launch_and_evaluate
    client: Client = _create_client(client_fn, cid)
  File "/Users/dinukaperera/opt/anaconda3/envs/flower_tutorial/lib/python3.10/site-packages/flwr/simulation/ray_transport/ray_client_proxy.py", line 168, in _create_client
    client_like: ClientLike = client_fn(cid)
  File "/Users/dinukaperera/FLwithFlwr/flowertry/main.py", line 211, in client_fn
    trainloader=trainloaders[idx],
IndexError: list index out of range
[2026-01-15 21:56:31,397][flwr][ERROR] - [36mray::launch_and_evaluate()[39m (pid=4247, ip=127.0.0.1)
  File "/Users/dinukaperera/opt/anaconda3/envs/flower_tutorial/lib/python3.10/site-packages/flwr/simulation/ray_transport/ray_client_proxy.py", line 159, in launch_and_evaluate
    client: Client = _create_client(client_fn, cid)
  File "/Users/dinukaperera/opt/anaconda3/envs/flower_tutorial/lib/python3.10/site-packages/flwr/simulation/ray_transport/ray_client_proxy.py", line 168, in _create_client
    client_like: ClientLike = client_fn(cid)
  File "/Users/dinukaperera/FLwithFlwr/flowertry/main.py", line 211, in client_fn
    trainloader=trainloaders[idx],
IndexError: list index out of range
[2026-01-15 21:56:31,397][flwr][ERROR] - [36mray::launch_and_evaluate()[39m (pid=4245, ip=127.0.0.1)
  File "/Users/dinukaperera/opt/anaconda3/envs/flower_tutorial/lib/python3.10/site-packages/flwr/simulation/ray_transport/ray_client_proxy.py", line 159, in launch_and_evaluate
    client: Client = _create_client(client_fn, cid)
  File "/Users/dinukaperera/opt/anaconda3/envs/flower_tutorial/lib/python3.10/site-packages/flwr/simulation/ray_transport/ray_client_proxy.py", line 168, in _create_client
    client_like: ClientLike = client_fn(cid)
  File "/Users/dinukaperera/FLwithFlwr/flowertry/main.py", line 211, in client_fn
    trainloader=trainloaders[idx],
IndexError: list index out of range
[2026-01-15 21:56:31,400][flwr][ERROR] - [36mray::launch_and_evaluate()[39m (pid=4243, ip=127.0.0.1)
  File "/Users/dinukaperera/opt/anaconda3/envs/flower_tutorial/lib/python3.10/site-packages/flwr/simulation/ray_transport/ray_client_proxy.py", line 159, in launch_and_evaluate
    client: Client = _create_client(client_fn, cid)
  File "/Users/dinukaperera/opt/anaconda3/envs/flower_tutorial/lib/python3.10/site-packages/flwr/simulation/ray_transport/ray_client_proxy.py", line 168, in _create_client
    client_like: ClientLike = client_fn(cid)
  File "/Users/dinukaperera/FLwithFlwr/flowertry/main.py", line 211, in client_fn
    trainloader=trainloaders[idx],
IndexError: list index out of range
[2026-01-15 21:56:31,404][flwr][ERROR] - [36mray::launch_and_evaluate()[39m (pid=4248, ip=127.0.0.1)
  File "/Users/dinukaperera/opt/anaconda3/envs/flower_tutorial/lib/python3.10/site-packages/flwr/simulation/ray_transport/ray_client_proxy.py", line 159, in launch_and_evaluate
    client: Client = _create_client(client_fn, cid)
  File "/Users/dinukaperera/opt/anaconda3/envs/flower_tutorial/lib/python3.10/site-packages/flwr/simulation/ray_transport/ray_client_proxy.py", line 168, in _create_client
    client_like: ClientLike = client_fn(cid)
  File "/Users/dinukaperera/FLwithFlwr/flowertry/main.py", line 211, in client_fn
    trainloader=trainloaders[idx],
IndexError: list index out of range
[2026-01-15 21:56:31,409][flwr][ERROR] - [36mray::launch_and_evaluate()[39m (pid=4248, ip=127.0.0.1)
  File "/Users/dinukaperera/opt/anaconda3/envs/flower_tutorial/lib/python3.10/site-packages/flwr/simulation/ray_transport/ray_client_proxy.py", line 159, in launch_and_evaluate
    client: Client = _create_client(client_fn, cid)
  File "/Users/dinukaperera/opt/anaconda3/envs/flower_tutorial/lib/python3.10/site-packages/flwr/simulation/ray_transport/ray_client_proxy.py", line 168, in _create_client
    client_like: ClientLike = client_fn(cid)
  File "/Users/dinukaperera/FLwithFlwr/flowertry/main.py", line 211, in client_fn
    trainloader=trainloaders[idx],
IndexError: list index out of range
[2026-01-15 21:56:31,411][flwr][ERROR] - [36mray::launch_and_evaluate()[39m (pid=4243, ip=127.0.0.1)
  File "/Users/dinukaperera/opt/anaconda3/envs/flower_tutorial/lib/python3.10/site-packages/flwr/simulation/ray_transport/ray_client_proxy.py", line 159, in launch_and_evaluate
    client: Client = _create_client(client_fn, cid)
  File "/Users/dinukaperera/opt/anaconda3/envs/flower_tutorial/lib/python3.10/site-packages/flwr/simulation/ray_transport/ray_client_proxy.py", line 168, in _create_client
    client_like: ClientLike = client_fn(cid)
  File "/Users/dinukaperera/FLwithFlwr/flowertry/main.py", line 211, in client_fn
    trainloader=trainloaders[idx],
IndexError: list index out of range
[2026-01-15 21:56:31,412][flwr][ERROR] - [36mray::launch_and_evaluate()[39m (pid=4245, ip=127.0.0.1)
  File "/Users/dinukaperera/opt/anaconda3/envs/flower_tutorial/lib/python3.10/site-packages/flwr/simulation/ray_transport/ray_client_proxy.py", line 159, in launch_and_evaluate
    client: Client = _create_client(client_fn, cid)
  File "/Users/dinukaperera/opt/anaconda3/envs/flower_tutorial/lib/python3.10/site-packages/flwr/simulation/ray_transport/ray_client_proxy.py", line 168, in _create_client
    client_like: ClientLike = client_fn(cid)
  File "/Users/dinukaperera/FLwithFlwr/flowertry/main.py", line 211, in client_fn
    trainloader=trainloaders[idx],
IndexError: list index out of range
[2026-01-15 21:56:31,415][flwr][ERROR] - [36mray::launch_and_evaluate()[39m (pid=4247, ip=127.0.0.1)
  File "/Users/dinukaperera/opt/anaconda3/envs/flower_tutorial/lib/python3.10/site-packages/flwr/simulation/ray_transport/ray_client_proxy.py", line 159, in launch_and_evaluate
    client: Client = _create_client(client_fn, cid)
  File "/Users/dinukaperera/opt/anaconda3/envs/flower_tutorial/lib/python3.10/site-packages/flwr/simulation/ray_transport/ray_client_proxy.py", line 168, in _create_client
    client_like: ClientLike = client_fn(cid)
  File "/Users/dinukaperera/FLwithFlwr/flowertry/main.py", line 211, in client_fn
    trainloader=trainloaders[idx],
IndexError: list index out of range
[2026-01-15 21:56:31,446][flwr][ERROR] - [36mray::launch_and_evaluate()[39m (pid=4250, ip=127.0.0.1)
  File "/Users/dinukaperera/opt/anaconda3/envs/flower_tutorial/lib/python3.10/site-packages/flwr/simulation/ray_transport/ray_client_proxy.py", line 159, in launch_and_evaluate
    client: Client = _create_client(client_fn, cid)
  File "/Users/dinukaperera/opt/anaconda3/envs/flower_tutorial/lib/python3.10/site-packages/flwr/simulation/ray_transport/ray_client_proxy.py", line 168, in _create_client
    client_like: ClientLike = client_fn(cid)
  File "/Users/dinukaperera/FLwithFlwr/flowertry/main.py", line 211, in client_fn
    trainloader=trainloaders[idx],
IndexError: list index out of range
[2026-01-15 21:56:31,650][flwr][DEBUG] - evaluate_round 10 received 3 results and 17 failures
[2026-01-15 21:56:31,651][flwr][DEBUG] - fit_round 11: strategy sampled 20 clients (out of 20)
[2026-01-15 21:56:31,670][flwr][ERROR] - [36mray::launch_and_fit()[39m (pid=4252, ip=127.0.0.1)
  File "/Users/dinukaperera/opt/anaconda3/envs/flower_tutorial/lib/python3.10/site-packages/flwr/simulation/ray_transport/ray_client_proxy.py", line 147, in launch_and_fit
    client: Client = _create_client(client_fn, cid)
  File "/Users/dinukaperera/opt/anaconda3/envs/flower_tutorial/lib/python3.10/site-packages/flwr/simulation/ray_transport/ray_client_proxy.py", line 168, in _create_client
    client_like: ClientLike = client_fn(cid)
  File "/Users/dinukaperera/FLwithFlwr/flowertry/main.py", line 211, in client_fn
    trainloader=trainloaders[idx],
IndexError: list index out of range
[2026-01-15 21:56:31,671][flwr][ERROR] - [36mray::launch_and_fit()[39m (pid=4246, ip=127.0.0.1)
  File "/Users/dinukaperera/opt/anaconda3/envs/flower_tutorial/lib/python3.10/site-packages/flwr/simulation/ray_transport/ray_client_proxy.py", line 147, in launch_and_fit
    client: Client = _create_client(client_fn, cid)
  File "/Users/dinukaperera/opt/anaconda3/envs/flower_tutorial/lib/python3.10/site-packages/flwr/simulation/ray_transport/ray_client_proxy.py", line 168, in _create_client
    client_like: ClientLike = client_fn(cid)
  File "/Users/dinukaperera/FLwithFlwr/flowertry/main.py", line 211, in client_fn
    trainloader=trainloaders[idx],
IndexError: list index out of range
[2026-01-15 21:56:31,674][flwr][ERROR] - [36mray::launch_and_fit()[39m (pid=4244, ip=127.0.0.1)
  File "/Users/dinukaperera/opt/anaconda3/envs/flower_tutorial/lib/python3.10/site-packages/flwr/simulation/ray_transport/ray_client_proxy.py", line 147, in launch_and_fit
    client: Client = _create_client(client_fn, cid)
  File "/Users/dinukaperera/opt/anaconda3/envs/flower_tutorial/lib/python3.10/site-packages/flwr/simulation/ray_transport/ray_client_proxy.py", line 168, in _create_client
    client_like: ClientLike = client_fn(cid)
  File "/Users/dinukaperera/FLwithFlwr/flowertry/main.py", line 211, in client_fn
    trainloader=trainloaders[idx],
IndexError: list index out of range
[2026-01-15 21:56:31,677][flwr][ERROR] - [36mray::launch_and_fit()[39m (pid=4250, ip=127.0.0.1)
  File "/Users/dinukaperera/opt/anaconda3/envs/flower_tutorial/lib/python3.10/site-packages/flwr/simulation/ray_transport/ray_client_proxy.py", line 147, in launch_and_fit
    client: Client = _create_client(client_fn, cid)
  File "/Users/dinukaperera/opt/anaconda3/envs/flower_tutorial/lib/python3.10/site-packages/flwr/simulation/ray_transport/ray_client_proxy.py", line 168, in _create_client
    client_like: ClientLike = client_fn(cid)
  File "/Users/dinukaperera/FLwithFlwr/flowertry/main.py", line 211, in client_fn
    trainloader=trainloaders[idx],
IndexError: list index out of range
[2026-01-15 21:56:31,677][flwr][ERROR] - [36mray::launch_and_fit()[39m (pid=4252, ip=127.0.0.1)
  File "/Users/dinukaperera/opt/anaconda3/envs/flower_tutorial/lib/python3.10/site-packages/flwr/simulation/ray_transport/ray_client_proxy.py", line 147, in launch_and_fit
    client: Client = _create_client(client_fn, cid)
  File "/Users/dinukaperera/opt/anaconda3/envs/flower_tutorial/lib/python3.10/site-packages/flwr/simulation/ray_transport/ray_client_proxy.py", line 168, in _create_client
    client_like: ClientLike = client_fn(cid)
  File "/Users/dinukaperera/FLwithFlwr/flowertry/main.py", line 211, in client_fn
    trainloader=trainloaders[idx],
IndexError: list index out of range
[2026-01-15 21:56:31,678][flwr][ERROR] - [36mray::launch_and_fit()[39m (pid=4244, ip=127.0.0.1)
  File "/Users/dinukaperera/opt/anaconda3/envs/flower_tutorial/lib/python3.10/site-packages/flwr/simulation/ray_transport/ray_client_proxy.py", line 147, in launch_and_fit
    client: Client = _create_client(client_fn, cid)
  File "/Users/dinukaperera/opt/anaconda3/envs/flower_tutorial/lib/python3.10/site-packages/flwr/simulation/ray_transport/ray_client_proxy.py", line 168, in _create_client
    client_like: ClientLike = client_fn(cid)
  File "/Users/dinukaperera/FLwithFlwr/flowertry/main.py", line 211, in client_fn
    trainloader=trainloaders[idx],
IndexError: list index out of range
[2026-01-15 21:56:31,684][flwr][ERROR] - [36mray::launch_and_fit()[39m (pid=4246, ip=127.0.0.1)
  File "/Users/dinukaperera/opt/anaconda3/envs/flower_tutorial/lib/python3.10/site-packages/flwr/simulation/ray_transport/ray_client_proxy.py", line 147, in launch_and_fit
    client: Client = _create_client(client_fn, cid)
  File "/Users/dinukaperera/opt/anaconda3/envs/flower_tutorial/lib/python3.10/site-packages/flwr/simulation/ray_transport/ray_client_proxy.py", line 168, in _create_client
    client_like: ClientLike = client_fn(cid)
  File "/Users/dinukaperera/FLwithFlwr/flowertry/main.py", line 211, in client_fn
    trainloader=trainloaders[idx],
IndexError: list index out of range
[2026-01-15 21:56:31,685][flwr][ERROR] - [36mray::launch_and_fit()[39m (pid=4252, ip=127.0.0.1)
  File "/Users/dinukaperera/opt/anaconda3/envs/flower_tutorial/lib/python3.10/site-packages/flwr/simulation/ray_transport/ray_client_proxy.py", line 147, in launch_and_fit
    client: Client = _create_client(client_fn, cid)
  File "/Users/dinukaperera/opt/anaconda3/envs/flower_tutorial/lib/python3.10/site-packages/flwr/simulation/ray_transport/ray_client_proxy.py", line 168, in _create_client
    client_like: ClientLike = client_fn(cid)
  File "/Users/dinukaperera/FLwithFlwr/flowertry/main.py", line 211, in client_fn
    trainloader=trainloaders[idx],
IndexError: list index out of range
[2026-01-15 21:56:31,689][flwr][ERROR] - [36mray::launch_and_fit()[39m (pid=4246, ip=127.0.0.1)
  File "/Users/dinukaperera/opt/anaconda3/envs/flower_tutorial/lib/python3.10/site-packages/flwr/simulation/ray_transport/ray_client_proxy.py", line 147, in launch_and_fit
    client: Client = _create_client(client_fn, cid)
  File "/Users/dinukaperera/opt/anaconda3/envs/flower_tutorial/lib/python3.10/site-packages/flwr/simulation/ray_transport/ray_client_proxy.py", line 168, in _create_client
    client_like: ClientLike = client_fn(cid)
  File "/Users/dinukaperera/FLwithFlwr/flowertry/main.py", line 211, in client_fn
    trainloader=trainloaders[idx],
IndexError: list index out of range
[2026-01-15 21:56:31,690][flwr][ERROR] - [36mray::launch_and_fit()[39m (pid=4250, ip=127.0.0.1)
  File "/Users/dinukaperera/opt/anaconda3/envs/flower_tutorial/lib/python3.10/site-packages/flwr/simulation/ray_transport/ray_client_proxy.py", line 147, in launch_and_fit
    client: Client = _create_client(client_fn, cid)
  File "/Users/dinukaperera/opt/anaconda3/envs/flower_tutorial/lib/python3.10/site-packages/flwr/simulation/ray_transport/ray_client_proxy.py", line 168, in _create_client
    client_like: ClientLike = client_fn(cid)
  File "/Users/dinukaperera/FLwithFlwr/flowertry/main.py", line 211, in client_fn
    trainloader=trainloaders[idx],
IndexError: list index out of range
[2026-01-15 21:56:31,701][flwr][ERROR] - [36mray::launch_and_fit()[39m (pid=4244, ip=127.0.0.1)
  File "/Users/dinukaperera/opt/anaconda3/envs/flower_tutorial/lib/python3.10/site-packages/flwr/simulation/ray_transport/ray_client_proxy.py", line 147, in launch_and_fit
    client: Client = _create_client(client_fn, cid)
  File "/Users/dinukaperera/opt/anaconda3/envs/flower_tutorial/lib/python3.10/site-packages/flwr/simulation/ray_transport/ray_client_proxy.py", line 168, in _create_client
    client_like: ClientLike = client_fn(cid)
  File "/Users/dinukaperera/FLwithFlwr/flowertry/main.py", line 211, in client_fn
    trainloader=trainloaders[idx],
IndexError: list index out of range
[2026-01-15 21:56:31,701][flwr][ERROR] - [36mray::launch_and_fit()[39m (pid=4246, ip=127.0.0.1)
  File "/Users/dinukaperera/opt/anaconda3/envs/flower_tutorial/lib/python3.10/site-packages/flwr/simulation/ray_transport/ray_client_proxy.py", line 147, in launch_and_fit
    client: Client = _create_client(client_fn, cid)
  File "/Users/dinukaperera/opt/anaconda3/envs/flower_tutorial/lib/python3.10/site-packages/flwr/simulation/ray_transport/ray_client_proxy.py", line 168, in _create_client
    client_like: ClientLike = client_fn(cid)
  File "/Users/dinukaperera/FLwithFlwr/flowertry/main.py", line 211, in client_fn
    trainloader=trainloaders[idx],
IndexError: list index out of range
[2026-01-15 21:56:31,705][flwr][ERROR] - [36mray::launch_and_fit()[39m (pid=4247, ip=127.0.0.1)
  File "/Users/dinukaperera/opt/anaconda3/envs/flower_tutorial/lib/python3.10/site-packages/flwr/simulation/ray_transport/ray_client_proxy.py", line 147, in launch_and_fit
    client: Client = _create_client(client_fn, cid)
  File "/Users/dinukaperera/opt/anaconda3/envs/flower_tutorial/lib/python3.10/site-packages/flwr/simulation/ray_transport/ray_client_proxy.py", line 168, in _create_client
    client_like: ClientLike = client_fn(cid)
  File "/Users/dinukaperera/FLwithFlwr/flowertry/main.py", line 211, in client_fn
    trainloader=trainloaders[idx],
IndexError: list index out of range
[2026-01-15 21:56:31,706][flwr][ERROR] - [36mray::launch_and_fit()[39m (pid=4243, ip=127.0.0.1)
  File "/Users/dinukaperera/opt/anaconda3/envs/flower_tutorial/lib/python3.10/site-packages/flwr/simulation/ray_transport/ray_client_proxy.py", line 147, in launch_and_fit
    client: Client = _create_client(client_fn, cid)
  File "/Users/dinukaperera/opt/anaconda3/envs/flower_tutorial/lib/python3.10/site-packages/flwr/simulation/ray_transport/ray_client_proxy.py", line 168, in _create_client
    client_like: ClientLike = client_fn(cid)
  File "/Users/dinukaperera/FLwithFlwr/flowertry/main.py", line 211, in client_fn
    trainloader=trainloaders[idx],
IndexError: list index out of range
[2026-01-15 21:56:31,710][flwr][ERROR] - [36mray::launch_and_fit()[39m (pid=4245, ip=127.0.0.1)
  File "/Users/dinukaperera/opt/anaconda3/envs/flower_tutorial/lib/python3.10/site-packages/flwr/simulation/ray_transport/ray_client_proxy.py", line 147, in launch_and_fit
    client: Client = _create_client(client_fn, cid)
  File "/Users/dinukaperera/opt/anaconda3/envs/flower_tutorial/lib/python3.10/site-packages/flwr/simulation/ray_transport/ray_client_proxy.py", line 168, in _create_client
    client_like: ClientLike = client_fn(cid)
  File "/Users/dinukaperera/FLwithFlwr/flowertry/main.py", line 211, in client_fn
    trainloader=trainloaders[idx],
IndexError: list index out of range
[2026-01-15 21:56:31,715][flwr][ERROR] - [36mray::launch_and_fit()[39m (pid=4246, ip=127.0.0.1)
  File "/Users/dinukaperera/opt/anaconda3/envs/flower_tutorial/lib/python3.10/site-packages/flwr/simulation/ray_transport/ray_client_proxy.py", line 147, in launch_and_fit
    client: Client = _create_client(client_fn, cid)
  File "/Users/dinukaperera/opt/anaconda3/envs/flower_tutorial/lib/python3.10/site-packages/flwr/simulation/ray_transport/ray_client_proxy.py", line 168, in _create_client
    client_like: ClientLike = client_fn(cid)
  File "/Users/dinukaperera/FLwithFlwr/flowertry/main.py", line 211, in client_fn
    trainloader=trainloaders[idx],
IndexError: list index out of range
[2026-01-15 21:56:31,715][flwr][ERROR] - [36mray::launch_and_fit()[39m (pid=4244, ip=127.0.0.1)
  File "/Users/dinukaperera/opt/anaconda3/envs/flower_tutorial/lib/python3.10/site-packages/flwr/simulation/ray_transport/ray_client_proxy.py", line 147, in launch_and_fit
    client: Client = _create_client(client_fn, cid)
  File "/Users/dinukaperera/opt/anaconda3/envs/flower_tutorial/lib/python3.10/site-packages/flwr/simulation/ray_transport/ray_client_proxy.py", line 168, in _create_client
    client_like: ClientLike = client_fn(cid)
  File "/Users/dinukaperera/FLwithFlwr/flowertry/main.py", line 211, in client_fn
    trainloader=trainloaders[idx],
IndexError: list index out of range
[2026-01-15 21:56:52,698][flwr][DEBUG] - fit_round 11 received 3 results and 17 failures
[2026-01-15 21:56:53,246][flwr][INFO] - fit progress: (11, 0.9191706892204573, {'rmse': 11255.865670840249, 'mae': 5249.06005859375, 'r2': -0.011196205536908144}, 271.1159986660059)
[2026-01-15 21:56:53,247][flwr][DEBUG] - evaluate_round 11: strategy sampled 20 clients (out of 20)
[2026-01-15 21:56:53,268][flwr][ERROR] - [36mray::launch_and_evaluate()[39m (pid=4250, ip=127.0.0.1)
  File "/Users/dinukaperera/opt/anaconda3/envs/flower_tutorial/lib/python3.10/site-packages/flwr/simulation/ray_transport/ray_client_proxy.py", line 159, in launch_and_evaluate
    client: Client = _create_client(client_fn, cid)
  File "/Users/dinukaperera/opt/anaconda3/envs/flower_tutorial/lib/python3.10/site-packages/flwr/simulation/ray_transport/ray_client_proxy.py", line 168, in _create_client
    client_like: ClientLike = client_fn(cid)
  File "/Users/dinukaperera/FLwithFlwr/flowertry/main.py", line 211, in client_fn
    trainloader=trainloaders[idx],
IndexError: list index out of range
[2026-01-15 21:56:53,270][flwr][ERROR] - [36mray::launch_and_evaluate()[39m (pid=4252, ip=127.0.0.1)
  File "/Users/dinukaperera/opt/anaconda3/envs/flower_tutorial/lib/python3.10/site-packages/flwr/simulation/ray_transport/ray_client_proxy.py", line 159, in launch_and_evaluate
    client: Client = _create_client(client_fn, cid)
  File "/Users/dinukaperera/opt/anaconda3/envs/flower_tutorial/lib/python3.10/site-packages/flwr/simulation/ray_transport/ray_client_proxy.py", line 168, in _create_client
    client_like: ClientLike = client_fn(cid)
  File "/Users/dinukaperera/FLwithFlwr/flowertry/main.py", line 211, in client_fn
    trainloader=trainloaders[idx],
IndexError: list index out of range
[2026-01-15 21:56:53,282][flwr][ERROR] - [36mray::launch_and_evaluate()[39m (pid=4246, ip=127.0.0.1)
  File "/Users/dinukaperera/opt/anaconda3/envs/flower_tutorial/lib/python3.10/site-packages/flwr/simulation/ray_transport/ray_client_proxy.py", line 159, in launch_and_evaluate
    client: Client = _create_client(client_fn, cid)
  File "/Users/dinukaperera/opt/anaconda3/envs/flower_tutorial/lib/python3.10/site-packages/flwr/simulation/ray_transport/ray_client_proxy.py", line 168, in _create_client
    client_like: ClientLike = client_fn(cid)
  File "/Users/dinukaperera/FLwithFlwr/flowertry/main.py", line 211, in client_fn
    trainloader=trainloaders[idx],
IndexError: list index out of range
[2026-01-15 21:56:53,282][flwr][ERROR] - [36mray::launch_and_evaluate()[39m (pid=4244, ip=127.0.0.1)
  File "/Users/dinukaperera/opt/anaconda3/envs/flower_tutorial/lib/python3.10/site-packages/flwr/simulation/ray_transport/ray_client_proxy.py", line 159, in launch_and_evaluate
    client: Client = _create_client(client_fn, cid)
  File "/Users/dinukaperera/opt/anaconda3/envs/flower_tutorial/lib/python3.10/site-packages/flwr/simulation/ray_transport/ray_client_proxy.py", line 168, in _create_client
    client_like: ClientLike = client_fn(cid)
  File "/Users/dinukaperera/FLwithFlwr/flowertry/main.py", line 211, in client_fn
    trainloader=trainloaders[idx],
IndexError: list index out of range
[2026-01-15 21:56:53,289][flwr][ERROR] - [36mray::launch_and_evaluate()[39m (pid=4250, ip=127.0.0.1)
  File "/Users/dinukaperera/opt/anaconda3/envs/flower_tutorial/lib/python3.10/site-packages/flwr/simulation/ray_transport/ray_client_proxy.py", line 159, in launch_and_evaluate
    client: Client = _create_client(client_fn, cid)
  File "/Users/dinukaperera/opt/anaconda3/envs/flower_tutorial/lib/python3.10/site-packages/flwr/simulation/ray_transport/ray_client_proxy.py", line 168, in _create_client
    client_like: ClientLike = client_fn(cid)
  File "/Users/dinukaperera/FLwithFlwr/flowertry/main.py", line 211, in client_fn
    trainloader=trainloaders[idx],
IndexError: list index out of range
[2026-01-15 21:56:53,291][flwr][ERROR] - [36mray::launch_and_evaluate()[39m (pid=4246, ip=127.0.0.1)
  File "/Users/dinukaperera/opt/anaconda3/envs/flower_tutorial/lib/python3.10/site-packages/flwr/simulation/ray_transport/ray_client_proxy.py", line 159, in launch_and_evaluate
    client: Client = _create_client(client_fn, cid)
  File "/Users/dinukaperera/opt/anaconda3/envs/flower_tutorial/lib/python3.10/site-packages/flwr/simulation/ray_transport/ray_client_proxy.py", line 168, in _create_client
    client_like: ClientLike = client_fn(cid)
  File "/Users/dinukaperera/FLwithFlwr/flowertry/main.py", line 211, in client_fn
    trainloader=trainloaders[idx],
IndexError: list index out of range
[2026-01-15 21:56:53,295][flwr][ERROR] - [36mray::launch_and_evaluate()[39m (pid=4244, ip=127.0.0.1)
  File "/Users/dinukaperera/opt/anaconda3/envs/flower_tutorial/lib/python3.10/site-packages/flwr/simulation/ray_transport/ray_client_proxy.py", line 159, in launch_and_evaluate
    client: Client = _create_client(client_fn, cid)
  File "/Users/dinukaperera/opt/anaconda3/envs/flower_tutorial/lib/python3.10/site-packages/flwr/simulation/ray_transport/ray_client_proxy.py", line 168, in _create_client
    client_like: ClientLike = client_fn(cid)
  File "/Users/dinukaperera/FLwithFlwr/flowertry/main.py", line 211, in client_fn
    trainloader=trainloaders[idx],
IndexError: list index out of range
[2026-01-15 21:56:53,300][flwr][ERROR] - [36mray::launch_and_evaluate()[39m (pid=4245, ip=127.0.0.1)
  File "/Users/dinukaperera/opt/anaconda3/envs/flower_tutorial/lib/python3.10/site-packages/flwr/simulation/ray_transport/ray_client_proxy.py", line 159, in launch_and_evaluate
    client: Client = _create_client(client_fn, cid)
  File "/Users/dinukaperera/opt/anaconda3/envs/flower_tutorial/lib/python3.10/site-packages/flwr/simulation/ray_transport/ray_client_proxy.py", line 168, in _create_client
    client_like: ClientLike = client_fn(cid)
  File "/Users/dinukaperera/FLwithFlwr/flowertry/main.py", line 211, in client_fn
    trainloader=trainloaders[idx],
IndexError: list index out of range
[2026-01-15 21:56:53,300][flwr][ERROR] - [36mray::launch_and_evaluate()[39m (pid=4250, ip=127.0.0.1)
  File "/Users/dinukaperera/opt/anaconda3/envs/flower_tutorial/lib/python3.10/site-packages/flwr/simulation/ray_transport/ray_client_proxy.py", line 159, in launch_and_evaluate
    client: Client = _create_client(client_fn, cid)
  File "/Users/dinukaperera/opt/anaconda3/envs/flower_tutorial/lib/python3.10/site-packages/flwr/simulation/ray_transport/ray_client_proxy.py", line 168, in _create_client
    client_like: ClientLike = client_fn(cid)
  File "/Users/dinukaperera/FLwithFlwr/flowertry/main.py", line 211, in client_fn
    trainloader=trainloaders[idx],
IndexError: list index out of range
[2026-01-15 21:56:53,305][flwr][ERROR] - [36mray::launch_and_evaluate()[39m (pid=4246, ip=127.0.0.1)
  File "/Users/dinukaperera/opt/anaconda3/envs/flower_tutorial/lib/python3.10/site-packages/flwr/simulation/ray_transport/ray_client_proxy.py", line 159, in launch_and_evaluate
    client: Client = _create_client(client_fn, cid)
  File "/Users/dinukaperera/opt/anaconda3/envs/flower_tutorial/lib/python3.10/site-packages/flwr/simulation/ray_transport/ray_client_proxy.py", line 168, in _create_client
    client_like: ClientLike = client_fn(cid)
  File "/Users/dinukaperera/FLwithFlwr/flowertry/main.py", line 211, in client_fn
    trainloader=trainloaders[idx],
IndexError: list index out of range
[2026-01-15 21:56:53,305][flwr][ERROR] - [36mray::launch_and_evaluate()[39m (pid=4243, ip=127.0.0.1)
  File "/Users/dinukaperera/opt/anaconda3/envs/flower_tutorial/lib/python3.10/site-packages/flwr/simulation/ray_transport/ray_client_proxy.py", line 159, in launch_and_evaluate
    client: Client = _create_client(client_fn, cid)
  File "/Users/dinukaperera/opt/anaconda3/envs/flower_tutorial/lib/python3.10/site-packages/flwr/simulation/ray_transport/ray_client_proxy.py", line 168, in _create_client
    client_like: ClientLike = client_fn(cid)
  File "/Users/dinukaperera/FLwithFlwr/flowertry/main.py", line 211, in client_fn
    trainloader=trainloaders[idx],
IndexError: list index out of range
[2026-01-15 21:56:53,309][flwr][ERROR] - [36mray::launch_and_evaluate()[39m (pid=4252, ip=127.0.0.1)
  File "/Users/dinukaperera/opt/anaconda3/envs/flower_tutorial/lib/python3.10/site-packages/flwr/simulation/ray_transport/ray_client_proxy.py", line 159, in launch_and_evaluate
    client: Client = _create_client(client_fn, cid)
  File "/Users/dinukaperera/opt/anaconda3/envs/flower_tutorial/lib/python3.10/site-packages/flwr/simulation/ray_transport/ray_client_proxy.py", line 168, in _create_client
    client_like: ClientLike = client_fn(cid)
  File "/Users/dinukaperera/FLwithFlwr/flowertry/main.py", line 211, in client_fn
    trainloader=trainloaders[idx],
IndexError: list index out of range
[2026-01-15 21:56:53,310][flwr][ERROR] - [36mray::launch_and_evaluate()[39m (pid=4252, ip=127.0.0.1)
  File "/Users/dinukaperera/opt/anaconda3/envs/flower_tutorial/lib/python3.10/site-packages/flwr/simulation/ray_transport/ray_client_proxy.py", line 159, in launch_and_evaluate
    client: Client = _create_client(client_fn, cid)
  File "/Users/dinukaperera/opt/anaconda3/envs/flower_tutorial/lib/python3.10/site-packages/flwr/simulation/ray_transport/ray_client_proxy.py", line 168, in _create_client
    client_like: ClientLike = client_fn(cid)
  File "/Users/dinukaperera/FLwithFlwr/flowertry/main.py", line 211, in client_fn
    trainloader=trainloaders[idx],
IndexError: list index out of range
[2026-01-15 21:56:53,321][flwr][ERROR] - [36mray::launch_and_evaluate()[39m (pid=4252, ip=127.0.0.1)
  File "/Users/dinukaperera/opt/anaconda3/envs/flower_tutorial/lib/python3.10/site-packages/flwr/simulation/ray_transport/ray_client_proxy.py", line 159, in launch_and_evaluate
    client: Client = _create_client(client_fn, cid)
  File "/Users/dinukaperera/opt/anaconda3/envs/flower_tutorial/lib/python3.10/site-packages/flwr/simulation/ray_transport/ray_client_proxy.py", line 168, in _create_client
    client_like: ClientLike = client_fn(cid)
  File "/Users/dinukaperera/FLwithFlwr/flowertry/main.py", line 211, in client_fn
    trainloader=trainloaders[idx],
IndexError: list index out of range
[2026-01-15 21:56:53,321][flwr][ERROR] - [36mray::launch_and_evaluate()[39m (pid=4250, ip=127.0.0.1)
  File "/Users/dinukaperera/opt/anaconda3/envs/flower_tutorial/lib/python3.10/site-packages/flwr/simulation/ray_transport/ray_client_proxy.py", line 159, in launch_and_evaluate
    client: Client = _create_client(client_fn, cid)
  File "/Users/dinukaperera/opt/anaconda3/envs/flower_tutorial/lib/python3.10/site-packages/flwr/simulation/ray_transport/ray_client_proxy.py", line 168, in _create_client
    client_like: ClientLike = client_fn(cid)
  File "/Users/dinukaperera/FLwithFlwr/flowertry/main.py", line 211, in client_fn
    trainloader=trainloaders[idx],
IndexError: list index out of range
[2026-01-15 21:56:53,322][flwr][ERROR] - [36mray::launch_and_evaluate()[39m (pid=4245, ip=127.0.0.1)
  File "/Users/dinukaperera/opt/anaconda3/envs/flower_tutorial/lib/python3.10/site-packages/flwr/simulation/ray_transport/ray_client_proxy.py", line 159, in launch_and_evaluate
    client: Client = _create_client(client_fn, cid)
  File "/Users/dinukaperera/opt/anaconda3/envs/flower_tutorial/lib/python3.10/site-packages/flwr/simulation/ray_transport/ray_client_proxy.py", line 168, in _create_client
    client_like: ClientLike = client_fn(cid)
  File "/Users/dinukaperera/FLwithFlwr/flowertry/main.py", line 211, in client_fn
    trainloader=trainloaders[idx],
IndexError: list index out of range
[2026-01-15 21:56:53,323][flwr][ERROR] - [36mray::launch_and_evaluate()[39m (pid=4244, ip=127.0.0.1)
  File "/Users/dinukaperera/opt/anaconda3/envs/flower_tutorial/lib/python3.10/site-packages/flwr/simulation/ray_transport/ray_client_proxy.py", line 159, in launch_and_evaluate
    client: Client = _create_client(client_fn, cid)
  File "/Users/dinukaperera/opt/anaconda3/envs/flower_tutorial/lib/python3.10/site-packages/flwr/simulation/ray_transport/ray_client_proxy.py", line 168, in _create_client
    client_like: ClientLike = client_fn(cid)
  File "/Users/dinukaperera/FLwithFlwr/flowertry/main.py", line 211, in client_fn
    trainloader=trainloaders[idx],
IndexError: list index out of range
[2026-01-15 21:56:53,564][flwr][DEBUG] - evaluate_round 11 received 3 results and 17 failures
[2026-01-15 21:56:53,565][flwr][DEBUG] - fit_round 12: strategy sampled 20 clients (out of 20)
[2026-01-15 21:56:53,580][flwr][ERROR] - [36mray::launch_and_fit()[39m (pid=4248, ip=127.0.0.1)
  File "/Users/dinukaperera/opt/anaconda3/envs/flower_tutorial/lib/python3.10/site-packages/flwr/simulation/ray_transport/ray_client_proxy.py", line 147, in launch_and_fit
    client: Client = _create_client(client_fn, cid)
  File "/Users/dinukaperera/opt/anaconda3/envs/flower_tutorial/lib/python3.10/site-packages/flwr/simulation/ray_transport/ray_client_proxy.py", line 168, in _create_client
    client_like: ClientLike = client_fn(cid)
  File "/Users/dinukaperera/FLwithFlwr/flowertry/main.py", line 211, in client_fn
    trainloader=trainloaders[idx],
IndexError: list index out of range
[2026-01-15 21:56:53,580][flwr][ERROR] - [36mray::launch_and_fit()[39m (pid=4244, ip=127.0.0.1)
  File "/Users/dinukaperera/opt/anaconda3/envs/flower_tutorial/lib/python3.10/site-packages/flwr/simulation/ray_transport/ray_client_proxy.py", line 147, in launch_and_fit
    client: Client = _create_client(client_fn, cid)
  File "/Users/dinukaperera/opt/anaconda3/envs/flower_tutorial/lib/python3.10/site-packages/flwr/simulation/ray_transport/ray_client_proxy.py", line 168, in _create_client
    client_like: ClientLike = client_fn(cid)
  File "/Users/dinukaperera/FLwithFlwr/flowertry/main.py", line 211, in client_fn
    trainloader=trainloaders[idx],
IndexError: list index out of range
[2026-01-15 21:56:53,581][flwr][ERROR] - [36mray::launch_and_fit()[39m (pid=4247, ip=127.0.0.1)
  File "/Users/dinukaperera/opt/anaconda3/envs/flower_tutorial/lib/python3.10/site-packages/flwr/simulation/ray_transport/ray_client_proxy.py", line 147, in launch_and_fit
    client: Client = _create_client(client_fn, cid)
  File "/Users/dinukaperera/opt/anaconda3/envs/flower_tutorial/lib/python3.10/site-packages/flwr/simulation/ray_transport/ray_client_proxy.py", line 168, in _create_client
    client_like: ClientLike = client_fn(cid)
  File "/Users/dinukaperera/FLwithFlwr/flowertry/main.py", line 211, in client_fn
    trainloader=trainloaders[idx],
IndexError: list index out of range
[2026-01-15 21:56:53,594][flwr][ERROR] - [36mray::launch_and_fit()[39m (pid=4247, ip=127.0.0.1)
  File "/Users/dinukaperera/opt/anaconda3/envs/flower_tutorial/lib/python3.10/site-packages/flwr/simulation/ray_transport/ray_client_proxy.py", line 147, in launch_and_fit
    client: Client = _create_client(client_fn, cid)
  File "/Users/dinukaperera/opt/anaconda3/envs/flower_tutorial/lib/python3.10/site-packages/flwr/simulation/ray_transport/ray_client_proxy.py", line 168, in _create_client
    client_like: ClientLike = client_fn(cid)
  File "/Users/dinukaperera/FLwithFlwr/flowertry/main.py", line 211, in client_fn
    trainloader=trainloaders[idx],
IndexError: list index out of range
[2026-01-15 21:56:53,597][flwr][ERROR] - [36mray::launch_and_fit()[39m (pid=4244, ip=127.0.0.1)
  File "/Users/dinukaperera/opt/anaconda3/envs/flower_tutorial/lib/python3.10/site-packages/flwr/simulation/ray_transport/ray_client_proxy.py", line 147, in launch_and_fit
    client: Client = _create_client(client_fn, cid)
  File "/Users/dinukaperera/opt/anaconda3/envs/flower_tutorial/lib/python3.10/site-packages/flwr/simulation/ray_transport/ray_client_proxy.py", line 168, in _create_client
    client_like: ClientLike = client_fn(cid)
  File "/Users/dinukaperera/FLwithFlwr/flowertry/main.py", line 211, in client_fn
    trainloader=trainloaders[idx],
IndexError: list index out of range
[2026-01-15 21:56:53,606][flwr][ERROR] - [36mray::launch_and_fit()[39m (pid=4244, ip=127.0.0.1)
  File "/Users/dinukaperera/opt/anaconda3/envs/flower_tutorial/lib/python3.10/site-packages/flwr/simulation/ray_transport/ray_client_proxy.py", line 147, in launch_and_fit
    client: Client = _create_client(client_fn, cid)
  File "/Users/dinukaperera/opt/anaconda3/envs/flower_tutorial/lib/python3.10/site-packages/flwr/simulation/ray_transport/ray_client_proxy.py", line 168, in _create_client
    client_like: ClientLike = client_fn(cid)
  File "/Users/dinukaperera/FLwithFlwr/flowertry/main.py", line 211, in client_fn
    trainloader=trainloaders[idx],
IndexError: list index out of range
[2026-01-15 21:56:53,606][flwr][ERROR] - [36mray::launch_and_fit()[39m (pid=4248, ip=127.0.0.1)
  File "/Users/dinukaperera/opt/anaconda3/envs/flower_tutorial/lib/python3.10/site-packages/flwr/simulation/ray_transport/ray_client_proxy.py", line 147, in launch_and_fit
    client: Client = _create_client(client_fn, cid)
  File "/Users/dinukaperera/opt/anaconda3/envs/flower_tutorial/lib/python3.10/site-packages/flwr/simulation/ray_transport/ray_client_proxy.py", line 168, in _create_client
    client_like: ClientLike = client_fn(cid)
  File "/Users/dinukaperera/FLwithFlwr/flowertry/main.py", line 211, in client_fn
    trainloader=trainloaders[idx],
IndexError: list index out of range
[2026-01-15 21:56:53,606][flwr][ERROR] - [36mray::launch_and_fit()[39m (pid=4248, ip=127.0.0.1)
  File "/Users/dinukaperera/opt/anaconda3/envs/flower_tutorial/lib/python3.10/site-packages/flwr/simulation/ray_transport/ray_client_proxy.py", line 147, in launch_and_fit
    client: Client = _create_client(client_fn, cid)
  File "/Users/dinukaperera/opt/anaconda3/envs/flower_tutorial/lib/python3.10/site-packages/flwr/simulation/ray_transport/ray_client_proxy.py", line 168, in _create_client
    client_like: ClientLike = client_fn(cid)
  File "/Users/dinukaperera/FLwithFlwr/flowertry/main.py", line 211, in client_fn
    trainloader=trainloaders[idx],
IndexError: list index out of range
[2026-01-15 21:56:53,615][flwr][ERROR] - [36mray::launch_and_fit()[39m (pid=4248, ip=127.0.0.1)
  File "/Users/dinukaperera/opt/anaconda3/envs/flower_tutorial/lib/python3.10/site-packages/flwr/simulation/ray_transport/ray_client_proxy.py", line 147, in launch_and_fit
    client: Client = _create_client(client_fn, cid)
  File "/Users/dinukaperera/opt/anaconda3/envs/flower_tutorial/lib/python3.10/site-packages/flwr/simulation/ray_transport/ray_client_proxy.py", line 168, in _create_client
    client_like: ClientLike = client_fn(cid)
  File "/Users/dinukaperera/FLwithFlwr/flowertry/main.py", line 211, in client_fn
    trainloader=trainloaders[idx],
IndexError: list index out of range
[2026-01-15 21:56:53,622][flwr][ERROR] - [36mray::launch_and_fit()[39m (pid=4245, ip=127.0.0.1)
  File "/Users/dinukaperera/opt/anaconda3/envs/flower_tutorial/lib/python3.10/site-packages/flwr/simulation/ray_transport/ray_client_proxy.py", line 147, in launch_and_fit
    client: Client = _create_client(client_fn, cid)
  File "/Users/dinukaperera/opt/anaconda3/envs/flower_tutorial/lib/python3.10/site-packages/flwr/simulation/ray_transport/ray_client_proxy.py", line 168, in _create_client
    client_like: ClientLike = client_fn(cid)
  File "/Users/dinukaperera/FLwithFlwr/flowertry/main.py", line 211, in client_fn
    trainloader=trainloaders[idx],
IndexError: list index out of range
[2026-01-15 21:56:53,623][flwr][ERROR] - [36mray::launch_and_fit()[39m (pid=4250, ip=127.0.0.1)
  File "/Users/dinukaperera/opt/anaconda3/envs/flower_tutorial/lib/python3.10/site-packages/flwr/simulation/ray_transport/ray_client_proxy.py", line 147, in launch_and_fit
    client: Client = _create_client(client_fn, cid)
  File "/Users/dinukaperera/opt/anaconda3/envs/flower_tutorial/lib/python3.10/site-packages/flwr/simulation/ray_transport/ray_client_proxy.py", line 168, in _create_client
    client_like: ClientLike = client_fn(cid)
  File "/Users/dinukaperera/FLwithFlwr/flowertry/main.py", line 211, in client_fn
    trainloader=trainloaders[idx],
IndexError: list index out of range
[2026-01-15 21:56:53,626][flwr][ERROR] - [36mray::launch_and_fit()[39m (pid=4252, ip=127.0.0.1)
  File "/Users/dinukaperera/opt/anaconda3/envs/flower_tutorial/lib/python3.10/site-packages/flwr/simulation/ray_transport/ray_client_proxy.py", line 147, in launch_and_fit
    client: Client = _create_client(client_fn, cid)
  File "/Users/dinukaperera/opt/anaconda3/envs/flower_tutorial/lib/python3.10/site-packages/flwr/simulation/ray_transport/ray_client_proxy.py", line 168, in _create_client
    client_like: ClientLike = client_fn(cid)
  File "/Users/dinukaperera/FLwithFlwr/flowertry/main.py", line 211, in client_fn
    trainloader=trainloaders[idx],
IndexError: list index out of range
[2026-01-15 21:56:53,626][flwr][ERROR] - [36mray::launch_and_fit()[39m (pid=4248, ip=127.0.0.1)
  File "/Users/dinukaperera/opt/anaconda3/envs/flower_tutorial/lib/python3.10/site-packages/flwr/simulation/ray_transport/ray_client_proxy.py", line 147, in launch_and_fit
    client: Client = _create_client(client_fn, cid)
  File "/Users/dinukaperera/opt/anaconda3/envs/flower_tutorial/lib/python3.10/site-packages/flwr/simulation/ray_transport/ray_client_proxy.py", line 168, in _create_client
    client_like: ClientLike = client_fn(cid)
  File "/Users/dinukaperera/FLwithFlwr/flowertry/main.py", line 211, in client_fn
    trainloader=trainloaders[idx],
IndexError: list index out of range
[2026-01-15 21:56:53,632][flwr][ERROR] - [36mray::launch_and_fit()[39m (pid=4250, ip=127.0.0.1)
  File "/Users/dinukaperera/opt/anaconda3/envs/flower_tutorial/lib/python3.10/site-packages/flwr/simulation/ray_transport/ray_client_proxy.py", line 147, in launch_and_fit
    client: Client = _create_client(client_fn, cid)
  File "/Users/dinukaperera/opt/anaconda3/envs/flower_tutorial/lib/python3.10/site-packages/flwr/simulation/ray_transport/ray_client_proxy.py", line 168, in _create_client
    client_like: ClientLike = client_fn(cid)
  File "/Users/dinukaperera/FLwithFlwr/flowertry/main.py", line 211, in client_fn
    trainloader=trainloaders[idx],
IndexError: list index out of range
[2026-01-15 21:56:53,634][flwr][ERROR] - [36mray::launch_and_fit()[39m (pid=4245, ip=127.0.0.1)
  File "/Users/dinukaperera/opt/anaconda3/envs/flower_tutorial/lib/python3.10/site-packages/flwr/simulation/ray_transport/ray_client_proxy.py", line 147, in launch_and_fit
    client: Client = _create_client(client_fn, cid)
  File "/Users/dinukaperera/opt/anaconda3/envs/flower_tutorial/lib/python3.10/site-packages/flwr/simulation/ray_transport/ray_client_proxy.py", line 168, in _create_client
    client_like: ClientLike = client_fn(cid)
  File "/Users/dinukaperera/FLwithFlwr/flowertry/main.py", line 211, in client_fn
    trainloader=trainloaders[idx],
IndexError: list index out of range
[2026-01-15 21:56:53,638][flwr][ERROR] - [36mray::launch_and_fit()[39m (pid=4248, ip=127.0.0.1)
  File "/Users/dinukaperera/opt/anaconda3/envs/flower_tutorial/lib/python3.10/site-packages/flwr/simulation/ray_transport/ray_client_proxy.py", line 147, in launch_and_fit
    client: Client = _create_client(client_fn, cid)
  File "/Users/dinukaperera/opt/anaconda3/envs/flower_tutorial/lib/python3.10/site-packages/flwr/simulation/ray_transport/ray_client_proxy.py", line 168, in _create_client
    client_like: ClientLike = client_fn(cid)
  File "/Users/dinukaperera/FLwithFlwr/flowertry/main.py", line 211, in client_fn
    trainloader=trainloaders[idx],
IndexError: list index out of range
[2026-01-15 21:56:53,639][flwr][ERROR] - [36mray::launch_and_fit()[39m (pid=4252, ip=127.0.0.1)
  File "/Users/dinukaperera/opt/anaconda3/envs/flower_tutorial/lib/python3.10/site-packages/flwr/simulation/ray_transport/ray_client_proxy.py", line 147, in launch_and_fit
    client: Client = _create_client(client_fn, cid)
  File "/Users/dinukaperera/opt/anaconda3/envs/flower_tutorial/lib/python3.10/site-packages/flwr/simulation/ray_transport/ray_client_proxy.py", line 168, in _create_client
    client_like: ClientLike = client_fn(cid)
  File "/Users/dinukaperera/FLwithFlwr/flowertry/main.py", line 211, in client_fn
    trainloader=trainloaders[idx],
IndexError: list index out of range
